{
  "name": "Complementary and Alternative Medicine",
  "title": "Acupuncture for chronic constipation (Cochrane protocol)",
  "rootDirectory": "/cam",
  "topics": "ACUPUNCTURE,COMPLEMENTARY AND ALTERNATIVE MEDICINE,COMPLEMENTARY & ALTERNATIVE THERAPIES,PALLIATIVE AND SUPPORTIVE CARE,SYMPTOM MANAGEMENT,CONDITIONS A-Z,CONSTIPATION,CONDITIONS C,CONSTIPATION AND OTHER BOWEL PROBLEMS,CAM GENERAL,RESEARCH",
  "publicationDate": "2003-04-22T00:00:00",
  "url": "http://www.mrw.interscience.wiley.com/cochrane/clsysrev/articles/CD004117/frame.html",
  "id": "103310",
  "publicationType": "Systematic Review",
  "publisher": "John Wiley & Sons, Ltd",
  "description": "<i>\n<p>This is the protocol for a Cochrane systematic review. This record will be updated when the review has been completed.</p></i>\n<p><strong>Citation</strong></p>\n<p>Zhao H, Liu JP, Liu ZS, Peng WN. Acupuncture for chronic constipation. (Protocol) The Cochrane Database of Systematic Reviews 2003, Issue 2. Art. No.: CD004117. DOI: 10.1002/14651858.CD004117.</p>\n<p><strong><strong>Authors'</strong> objectives</strong></p>\n<p>To assess the beneficial and harmful effects of acupuncture therapy for chronic constipation.</p>",
  "resourceType": "CARDEX"
}