{
  "name": "Complementary and Alternative Medicine",
  "title": "Acupuncture for chronic hepatitis B virus infection (Cochrane protocol)",
  "rootDirectory": "/cam",
  "topics": "COMPLEMENTARY AND ALTERNATIVE MEDICINE,ACUPUNCTURE,CAM GENERAL,HEPATITIS,CONDITIONS F-H,CONDITIONS A-Z,RESEARCH",
  "publicationDate": "2005-01-24T00:00:00",
  "url": "http://www.mrw.interscience.wiley.com/cochrane/clsysrev/articles/CD005163/frame.html",
  "id": "103311",
  "publicationType": "Systematic Review",
  "publisher": "John Wiley & Sons, Ltd",
  "description": "<i>\n<p>This is the protocol for a Cochrane systematic review. This record will be updated when the review has been completed.</p></i>\n<p><strong>Citation</strong></p>\n<p>Liu J, Wang J. Acupuncture for chronic hepatitis B virus infection. (Protocol) The Cochrane Database of Systematic Reviews 2005, Issue 1. Art. No.: CD005163. DOI: 10.1002/14651858.CD005163. </p>\n<p><strong><strong>Authors'</strong> objectives</strong></p>\n<p>To assess the beneficial and harmful effects of acupuncture for patients with chronic HBV infection.</p>",
  "resourceType": "CARDEX"
}