{
  "name": "Complementary and Alternative Medicine",
  "title": "Acupuncture for premenstrual syndrome (Cochrane protocol)",
  "rootDirectory": "/cam",
  "topics": "ACUPUNCTURE,COMPLEMENTARY AND ALTERNATIVE MEDICINE,CONDITIONS A-Z,PREMENSTRUAL SYNDROME,CONDITIONS P-R,CAM GENERAL,RESEARCH",
  "publicationDate": "2005-04-20T00:00:00",
  "url": "http://www.mrw.interscience.wiley.com/cochrane/clsysrev/articles/CD005290/frame.html",
  "id": "105261",
  "publicationType": "Systematic Review",
  "publisher": "John Wiley & Sons, Ltd",
  "description": "<i>\n<p>This is the protocol for a Cochrane systematic review. This record will be updated when the review has been completed.</p></i>\n<p><strong>Citation</strong></p>\n<p>Yu J, Robinson VA, Liu B, Liu Z, Wu T. Acupuncture for premenstrual syndrome. (Protocol) The Cochrane Database of Systematic Reviews 2005, Issue 2. Art. No.: CD005290. DOI: 10.1002/14651858.CD005290. </p>\n<p><strong><strong>Authors'</strong> objectives</strong></p>\n<p>To evaluate the effectiveness and safety of acupuncture or electroacupuncture in the treatment of women with premenstrual syndrome.<br /><br />Comparisons between groups intended for treatment with any type of acupuncture and groups allocated to 'sham' acupuncture, no treatment, Chinese medicine, Western medicine or other treatments. The following hypotheses will be tested: <br />(1) acupuncture is superior to 'sham' acupuncture or no treatment in treating PMS; <br />(2) acupuncture is superior to other treatments or Western medicine or Chinese medicine in treating PMS; <br />(3) there are less adverse events in the acupuncture group than in the Chinese medicine or Western medicine groups.</p>",
  "resourceType": "CARDEX"
}