{
  "name": "Complementary and Alternative Medicine",
  "title": "Chinese medicinal herbs for female subfertility (Cochrane protocol)",
  "rootDirectory": "/cam",
  "topics": "COMPLEMENTARY AND ALTERNATIVE MEDICINE,CAM GENERAL,CONDITIONS I-L,INFERTILITY,TRADITIONAL CHINESE MEDICINE (TCM),CONDITIONS A-Z,OTHER THERAPIES OR MEDICAL SYSTEMS,HERBAL MEDICINE,RESEARCH",
  "publicationDate": "2004-01-26T00:00:00",
  "url": "http://www.mrw.interscience.wiley.com/cochrane/clsysrev/articles/CD004636/frame.html",
  "id": "105330",
  "publicationType": "Systematic Review",
  "publisher": "John Wiley & Sons, Ltd",
  "description": "<i>\n<p>This is the protocol for a Cochrane systematic review. This record will be updated when the review has been completed.</p></i>\n<p><strong>Citation</strong></p>\n<p>He H, Li S, Border C. Chinese medicinal herbs for female subfertility. (Protocol) <i>The Cochrane Database of Systematic Reviews</i> 2004, Issue 1. Art. No.: CD004636. DOI: 10.1002/14651858.CD004636. </p>\n<p><strong><strong>Authors'</strong> objectives</strong></p>\n<p>The primary objective of this review is to assess the effectiveness and safety of traditional Chinese medicinal plants (single herb or compound of herbs) compared with other therapies for the treatment of female infertility.</p>",
  "resourceType": "CARDEX"
}