{
  "name": "Complementary and Alternative Medicine",
  "title": "Comparison of medicinal herbs for chronic hepatitis B virus infection (Cochrane protocol)",
  "rootDirectory": "/cam",
  "topics": "COMPLEMENTARY AND ALTERNATIVE MEDICINE,HERBAL MEDICINE,OTHER THERAPIES OR MEDICAL SYSTEMS,CONDITIONS A-Z,TRADITIONAL CHINESE MEDICINE (TCM),CONDITIONS F-H,HEPATITIS,CAM GENERAL,RESEARCH",
  "publicationDate": "2001-01-22T00:00:00",
  "url": "http://www.mrw.interscience.wiley.com/cochrane/clsysrev/articles/CD003182/frame.html",
  "id": "105331",
  "publicationType": "Systematic Review",
  "publisher": "John Wiley & Sons, Ltd",
  "description": "<i>\n<p>This is the protocol for a Cochrane systematic review. This record will be updated when the review has been completed.</p></i>\n<p><strong>Citation</strong></p>\n<p>Liu JP, Lin H, Gluud C. Comparison of medicinal herbs for chronic hepatitis B virus infection. (Protocol) <i>The Cochrane Database of Systematic Reviews</i> 2001, Issue 1. Art. No.: CD003182. DOI: 10.1002/14651858.CD003182.</p>\n<p><strong><strong>Authors'</strong> objectives</strong></p>\n<p>The primary objective of this review was to assess the efficacy and safety of a medicinal herb (single herb or compound of herbs) compared with another medicinal herb for chronic HBV infection.</p>",
  "resourceType": "CARDEX"
}