{
  "name": "Complementary and Alternative Medicine",
  "title": "Mind and body therapy for fibromyalgia (Cochrane protocol)",
  "rootDirectory": "/cam",
  "topics": "COMPLEMENTARY AND ALTERNATIVE MEDICINE,AUTOGENIC TRAINING,CAM GENERAL,TAI CHI,RELAXATION TECHNIQUES,FIBROMYALGIA,CONDITIONS F-H,CONDITIONS A-Z,OTHER THERAPIES OR MEDICAL SYSTEMS,YOGA,MEDITATION,RESEARCH",
  "publicationDate": "1999-10-25T00:00:00",
  "url": "http://www.mrw.interscience.wiley.com/cochrane/clsysrev/articles/CD001980/frame.html",
  "id": "112133",
  "publicationType": "Systematic Review",
  "publisher": "John Wiley & Sons, Ltd",
  "description": "<i>\n<p>This is the protocol for a Cochrane systematic review. This record will be updated when the review has been completed.</p></i>\n<p><strong>Citation</strong></p>\n<p>Hadhazy VA, Bausell B, Berman B, Creamer P, Ezzo J. Mind and body therapy for fibromyalgia. (Protocol) The Cochrane Database of Systematic Reviews 1999, Issue 4. Art. No.: CD001980. DOI: 10.1002/14651858.CD001980.</p>\n<p><strong><strong>Authors'</strong> objectives</strong></p>\n<p>The objectives are to systematically review all randomized and quasi-randomized (not strictly randomized methods of allocation (e.g., by date of birth, hospital record number or alternation) controlled trials of mind/body therapy for adults with FM syndrome. Multi component as well as single component mind/body protocols will be assessed. To review the effectiveness of mind/body treatments compared to: standard care/medication, non-intervention, attention/control, exercise alone.</p>",
  "resourceType": "CARDEX"
}