{
  "name": "Complementary and Alternative Medicine",
  "title": "Chiropractic interventions for low-back pain (Cochrane protocol)",
  "rootDirectory": "/cam",
  "topics": "COMPLEMENTARY AND ALTERNATIVE MEDICINE,CAM GENERAL,CONDITIONS A-B,BACK PAIN,CONDITIONS A-Z,CHIROPRACTIC,RESEARCH",
  "publicationDate": "2005-07-20T00:00:00",
  "url": "http://www.mrw.interscience.wiley.com/cochrane/clsysrev/articles/CD005427/frame.html",
  "id": "112295",
  "publicationType": "Systematic Review",
  "publisher": "John Wiley & Sons, Ltd",
  "description": "<i>\n<p>This is the protocol for a Cochrane systematic review. This record will be updated when the review has been completed.</p></i>\n<p><strong>Citation</strong></p>\n<p>French SD, Grant WD, Green S, Walker B. Chiropractic interventions for low-back pain. (Protocol) The Cochrane Database of Systematic Reviews 2005, Issue 3. Art. No.: CD005427. DOI: 10.1002/14651858.CD005427.</p>\n<p><strong><strong>Authors'</strong> objectives</strong></p>\n<p>The objective of this review is to determine the effects of chiropractic interventions on pain and disability in adults with low-back pain, aged 18 and older.</p>",
  "resourceType": "CARDEX"
}