{
  "name": "Complementary and Alternative Medicine",
  "title": "Chiropractic for infantile colic (Cochrane protocol)",
  "rootDirectory": "/cam",
  "topics": "COMPLEMENTARY AND ALTERNATIVE MEDICINE,CHIROPRACTIC,CONDITIONS A-Z,CONDITIONS C,CAM GENERAL,COLIC,RESEARCH",
  "publicationDate": "2003-10-20T00:00:00",
  "url": "http://www.mrw.interscience.wiley.com/cochrane/clsysrev/articles/CD004796/frame.html",
  "id": "112294",
  "publicationType": "Systematic Review",
  "publisher": "John Wiley & Sons, Ltd",
  "description": "<i>\n<p>This is the protocol for a Cochrane systematic review. This record will be updated when the review has been completed.</p></i>\n<p><strong>Citation</strong></p>\n<p>Sampler S, Lucassen P. Chiropractic for infantile colic. (Protocol) The Cochrane Database of Systematic Reviews 2003, Issue 4. Art. No.: CD004796. DOI: 10.1002/14651858.CD004796.</p>\n<p><strong><strong>Authors'</strong> objectives</strong></p>\n<p>The aim of this review is to assess the efficacy of chiropractic in the treatment of infantile colic, crying and subsequent impact on family quality of life.</p>",
  "resourceType": "CARDEX"
}