{
  "name": "Complementary and Alternative Medicine",
  "title": "Complete decongestive therapy for lymphedema following breast cancer treatment (Cochrane protocol)",
  "rootDirectory": "/cam",
  "topics": "COMPLEMENTARY AND ALTERNATIVE MEDICINE,BREAST CANCER,LYMPHOEDEMA,CONDITIONS I-L,CAM GENERAL,CANCER,CONDITIONS A-B,CONDITIONS C,CONDITIONS A-Z,MASSAGE,RESEARCH",
  "publicationDate": "2002-01-21T00:00:00",
  "url": "http://www.mrw.interscience.wiley.com/cochrane/clsysrev/articles/CD003475/frame.html",
  "id": "112590",
  "publicationType": "Systematic Review",
  "publisher": "John Wiley & Sons, Ltd",
  "description": "<i>\n<p>This is the protocol for a Cochrane systematic review. This record will be updated when the review has been completed.</p></i>\n<p><strong>Citation</strong></p>\n<p>Howell D, Ezzo J, Tuppo K, Bily L, Johannson K. Complete decongestive therapy for lymphedema following breast cancer treatment. (Protocol) <em>The Cochrane Database of Systematic Reviews</em> 2002, Issue 1. Art. No.: CD003475. DOI: 10.1002/14651858.CD003475. </p>\n<p><strong><strong>Authors'</strong> objectives</strong></p>\n<p>The primary objective of this review is to assess the effects of complete decongestive physiotherapy or manual lymphatic drainage alone on the primary outcome of arm volume reduction or the secondary outcomes of chest wall volume reduction, functional improvement, and pain reduction for women with secondary lymphedema as a result of treatment of breast cancer.</p>",
  "resourceType": "CARDEX"
}