{
  "name": "Complementary and Alternative Medicine",
  "title": "Oral evening primrose oil and borage oil for atopic eczema (Cochrane protocol)",
  "rootDirectory": "/cam",
  "topics": "COMPLEMENTARY AND ALTERNATIVE MEDICINE,HERBAL MEDICINE,CONDITIONS A-Z,CONDITIONS D-E,ECZEMA,CAM GENERAL,HERBS D-G,HERBS A-C,EVENING PRIMROSE (OENOTHERA BIENNIS),BORAGE (BORAGO OFFICINALIS),RESEARCH",
  "publicationDate": "2003-04-22T00:00:00",
  "url": "http://www.mrw.interscience.wiley.com/cochrane/clsysrev/articles/CD004416/frame.html",
  "id": "112559",
  "publicationType": "Systematic Review",
  "publisher": "John Wiley & Sons, Ltd",
  "description": "<i>\n<p>This is the protocol for a Cochrane systematic review. This record will be updated when the review has been completed.</p></i>\n<p><strong>Citation</strong></p>\n<p>Schmidt K, Pittler MH, Wilson N, van Gool C, Humphreys R, Ernst E. Oral evening primrose oil and borage oil for atopic eczema. (Protocol) <em>The Cochrane Database of Systematic Reviews</em> 2003, Issue 2. Art. No.: CD004416. DOI: 10.1002/14651858.CD004416.</p>\n<p><strong><strong>Authors'</strong> objectives</strong></p>\n<p>To assess the effects of oral evening primrose oil and borage oil for treating the symptoms of atopic eczema.</p>",
  "resourceType": "CARDEX"
}