{
  "name": "Complementary and Alternative Medicine",
  "title": "Vitex agnus castus for premenstrual syndrome (Cochrane protocol)",
  "rootDirectory": "/cam",
  "topics": "COMPLEMENTARY AND ALTERNATIVE MEDICINE,HERBAL MEDICINE,CONDITIONS A-Z,CONDITIONS P-R,PREMENSTRUAL SYNDROME,CAM GENERAL,HERBS A-C,CHASTE TREE (VITEX AGNUS CASTUS),RESEARCH",
  "publicationDate": "2003-10-20T00:00:00",
  "url": "http://www.mrw.interscience.wiley.com/cochrane/clsysrev/articles/CD004632/frame.html",
  "id": "112561",
  "publicationType": "Systematic Review",
  "publisher": "John Wiley & Sons, Ltd",
  "description": "<i>\n<p>This is the protocol for a Cochrane systematic review. This record will be updated when the review has been completed.</p></i>\n<p><strong>Citation</strong></p>\n<p>Shaw S, Wyatt K, Thompson Coon J, Campbell J, Ernst E. Vitex agnus castus for premenstrual syndrome. (Protocol) <em>The Cochrane Database of Systematic Reviews</em> 2003, Issue 4. Art. No.: CD004632. DOI: 10.1002/14651858.CD004632.</p>\n<p><strong><strong>Authors'</strong> objectives</strong></p>\n<p>To determine the effectiveness of <i>Vitex agnus castus</i> for the treatment of PMS symptoms.<br /><br />The authors wish to examine the following:<br />(1) The effect of <i>Vitex agnus castus</i> on combined symptoms or global scores associated with PMS versus placebo. <br />(2) The effect of <i>Vitex agnus castus</i> on combined symptoms or global scores associated with PMS versus another treatment. <br />(3) The effect of <i>Vitex agnus castus</i> on patient satisfaction versus placebo.<br />(4) The effect of <i>Vitex agnus castus</i> on patient satisfaction versus another treatment. <br />(5) The effect of <i>Vitex agnus castus</i> on specific symptoms associated with PMS versus placebo.<br />(6) The effect of <i>Vitex agnus castus </i>on specific symptoms associated with PMS versus another treatment.<br />(7) The adverse effects of <i>Vitex agnus castus</i>. <br /></p>",
  "resourceType": "CARDEX"
}