{
  "name": "Complementary and Alternative Medicine",
  "title": "Traditional Chinese herbs for psoriasis (Cochrane protocol)",
  "rootDirectory": "/cam",
  "topics": "COMPLEMENTARY AND ALTERNATIVE MEDICINE,PSORIASIS,CAM GENERAL,TRADITIONAL CHINESE MEDICINE (TCM),CONDITIONS P-R,CONDITIONS A-Z,HERBAL MEDICINE,OTHER THERAPIES OR MEDICAL SYSTEMS,RESEARCH",
  "publicationDate": "2005-07-20T00:00:00",
  "url": "http://www.mrw.interscience.wiley.com/cochrane/clsysrev/articles/CD005412/frame.html",
  "id": "112560",
  "publicationType": "Systematic Review",
  "publisher": "John Wiley & Sons, Ltd",
  "description": "<i>\n<p>This is the protocol for a Cochrane systematic review. This record will be updated when the review has been completed.</p></i>\n<p><strong>Citation</strong></p>\n<p>Taixiang W, Na Z, Jin X, Mingming Z, Juan N, Wei J, Na Y. Traditional Chinese herbs for psoriasis. (Protocol) <em>The Cochrane Database of Systematic Reviews</em> 2005, Issue 3. Art. No.: CD005412. DOI: 10.1002/14651858.CD005412. </p>\n<p><strong><strong>Authors'</strong> objectives</strong></p>\n<p>To assess the effects of traditional Chinese herbs for the treatment of psoriasis.<br /></p>",
  "resourceType": "CARDEX"
}