{
  "name": "Complementary and Alternative Medicine",
  "title": "Chinese medicinal herbs for urinary calculi (Cochrane protocol)",
  "rootDirectory": "/cam",
  "topics": "COMPLEMENTARY AND ALTERNATIVE MEDICINE,CAM GENERAL,TRADITIONAL CHINESE MEDICINE (TCM),CONDITIONS T-Z,URINARY TRACT STONES,CONDITIONS A-Z,OTHER THERAPIES OR MEDICAL SYSTEMS,HERBAL MEDICINE,RESEARCH",
  "publicationDate": "2005-07-20T00:00:00",
  "url": "http://www.mrw.interscience.wiley.com/cochrane/clsysrev/articles/CD005423/frame.html",
  "id": "121851",
  "publicationType": "Systematic Review",
  "publisher": "John Wiley & Sons, Ltd",
  "description": "<i>\n<p>This is the protocol for a Cochrane systematic review. This record will be updated when the review has been completed.</p></i>\n<p><strong>Citation</strong></p>\n<p>Du L, Huang J, Liu X. Chinese medicinal herbs for urinary calculi. (Protocol) The Cochrane Database of Systematic Reviews 2005, Issue 3. Art. No.: CD005423. DOI: 10.1002/14651858.CD005423.</p>\n<p><strong><strong>Authors'</strong> objectives</strong></p>\n<p>This review aims to evaluate the efficacy and safety of Chinese medicinal herbs for urinary calculi, and to compare the Chinese medicinal herbs effectiveness with other therapies including western therapy, surgery and extracorporeal shock wave lithotripsy (ESWL), in patients with urinary calculi of all types and etiologies.<br /></p>",
  "resourceType": "CARDEX"
}