{
  "name": "Complementary and Alternative Medicine",
  "title": "Herbal medicines for advanced colorectal cancer (Cochrane protocol)",
  "rootDirectory": "/cam",
  "topics": "COMPLEMENTARY AND ALTERNATIVE MEDICINE,PALLIATIVE AND SUPPORTIVE CARE,SYMPTOM MANAGEMENT,CANCER,CONDITIONS,COMPLEMENTARY & ALTERNATIVE THERAPIES,CAM GENERAL,COLORECTAL CANCER,TRADITIONAL CHINESE MEDICINE (TCM),CANCER,CONDITIONS C,OTHER THERAPIES OR MEDICAL SYSTEMS,HERBAL MEDICINE,CONDITIONS A-Z,RESEARCH",
  "publicationDate": "2003-10-20T00:00:00",
  "url": "http://www.mrw.interscience.wiley.com/cochrane/clsysrev/articles/CD004653/frame.html",
  "id": "121893",
  "publicationType": "Systematic Review",
  "publisher": "John Wiley & Sons, Ltd",
  "description": "<i>\n<p>This is the protocol for a Cochrane systematic review. This record will be updated when the review has been completed.</p></i>\n<p><strong>Citation</strong></p>\n<p>Yang Y, Chen Z, Liu Y, Luo L, Ping Liu J, Wu Y, Xu Y. Herbal medicines for advanced colorectal cancer. (Protocol) The Cochrane Database of Systematic Reviews 2003, Issue 4. Art. No.: CD004653. DOI: 10.1002/14651858.CD004653.</p>\n<p><strong><strong>Authors'</strong> objectives</strong></p>\n<p>The primary objective of this review is to assess efficacy of herbal medicines as a treatment for advanced colorectal cancer compared with placebo, no intervention or chemotherapy (including herbal medicines combined with chemotherapy). The secondary objective is to assess the safety of the use of herbal medicines and effects on quality of life.<br /></p>",
  "resourceType": "CARDEX"
}