{
  "name": "Complementary and Alternative Medicine",
  "title": "Ginkgo biloba for cognitive improvement in healthy individuals (Cochrane protocol)",
  "rootDirectory": "/cam",
  "topics": "COMPLEMENTARY AND ALTERNATIVE MEDICINE,HERBAL MEDICINE,OTHER THERAPIES OR MEDICAL SYSTEMS,GINKGO (GINKGO BILOBA),TRADITIONAL CHINESE MEDICINE (TCM),HERBS D-G",
  "publicationDate": "2004-01-26T00:00:00",
  "url": "http://www.mrw.interscience.wiley.com/cochrane/clsysrev/articles/CD004671/frame.html",
  "id": "121880",
  "publicationType": "Systematic Review",
  "publisher": "John Wiley & Sons, Ltd",
  "description": "<i>\n<p>This is the protocol for a Cochrane systematic review. This record will be updated when the review has been completed.</p></i>\n<p><strong>Citation</strong></p>\n<p>Lee H, Birks J. Ginkgo biloba for cognitive improvement in healthy individuals. (Protocol) The Cochrane Database of Systematic Reviews 2004, Issue 1. Art. No.: CD004671. DOI: 10.1002/14651858.CD004671.</p>\n<p><strong><strong>Authors'</strong> objectives</strong></p>\n<p>The aim of this review is to assess the safety and efficacy of Ginkgo biloba for cognitive improvement in healthy individuals who show no sign of cognitive decline.<br /></p>",
  "resourceType": "CARDEX"
}