{
  "name": "Complementary and Alternative Medicine",
  "title": "Herbal medicines for treating osteoporosis (Cochrane protocol)",
  "rootDirectory": "/cam",
  "topics": "COMPLEMENTARY AND ALTERNATIVE MEDICINE,OSTEOPOROSIS,CAM GENERAL,TRADITIONAL CHINESE MEDICINE (TCM),CONDITIONS M-O,OTHER THERAPIES OR MEDICAL SYSTEMS,HERBAL MEDICINE,CONDITIONS A-Z,RESEARCH",
  "publicationDate": "2005-07-20T00:00:00",
  "url": "http://www.mrw.interscience.wiley.com/cochrane/clsysrev/articles/CD005467/frame.html",
  "id": "121902",
  "publicationType": "Systematic Review",
  "publisher": "John Wiley & Sons, Ltd",
  "description": "<i>\n<p>This is the protocol for a Cochrane systematic review. This record will be updated when the review has been completed.</p></i>\n<p><strong>Citation</strong></p>\n<p>Liu YX, Liu JP. Herbal medicines for treating osteoporosis. (Protocol) The Cochrane Database of Systematic Reviews 2005, Issue 3. Art. No.: CD005467. DOI: 10.1002/14651858.CD005467. </p>\n<p><strong><strong>Authors'</strong> objectives</strong></p>\n<p>The objective of this review is to assess the beneficial effects and risks of herbal medicine as a general experimental intervention for treating primary osteoporosis by comparing with placebo, no intervention, and conventional medicine.<br /></p>",
  "resourceType": "CARDEX"
}