{
  "name": "Complementary and Alternative Medicine",
  "title": "Herbal medicines for systemic lupus erythematosus (Cochrane protocol)",
  "rootDirectory": "/cam",
  "topics": "COMPLEMENTARY AND ALTERNATIVE MEDICINE,CONDITIONS A-Z,HERBAL MEDICINE,OTHER THERAPIES OR MEDICAL SYSTEMS,TRADITIONAL CHINESE MEDICINE (TCM),CONDITIONS I-L,LUPUS",
  "publicationDate": "2005-07-20T00:00:00",
  "url": "http://www.mrw.interscience.wiley.com/cochrane/clsysrev/articles/CD005469/frame.html",
  "id": "121900",
  "publicationType": "Systematic Review",
  "publisher": "John Wiley & Sons, Ltd",
  "description": "<i>\n<p>This is the protocol for a Cochrane systematic review. This record will be updated when the review has been completed.</p></i>\n<p><strong>Citation</strong></p>\n<p>Yang M, Zhang H, Liu JP. Herbal medicines for systemic lupus erythematosus. (Protocol) The Cochrane Database of Systematic Reviews 2005, Issue 3. Art. No.: CD005469. DOI: 10.1002/14651858.CD005</p>\n<p><strong><strong>Authors'</strong> objectives</strong></p>\n<p>The objective of this review is to assess the beneficial effects and potential risks of treating systemic lupus erythematosus (SLE) with herbal medicines.<br /></p>",
  "resourceType": "CARDEX"
}