{
  "name": "Complementary and Alternative Medicine",
  "title": "Medicinal herbs for cholelithiasis (Cochrane protocol)",
  "rootDirectory": "/cam",
  "topics": "COMPLEMENTARY AND ALTERNATIVE MEDICINE,CONDITIONS A-Z,HERBAL MEDICINE,OTHER THERAPIES OR MEDICAL SYSTEMS,CONDITIONS F-H,TRADITIONAL CHINESE MEDICINE (TCM),GALLSTONES,CAM GENERAL,RESEARCH",
  "publicationDate": "2004-01-26T00:00:00",
  "url": "http://www.mrw.interscience.wiley.com/cochrane/clsysrev/articles/CD004547/frame.html",
  "id": "122002",
  "publicationType": "Systematic Review",
  "publisher": "John Wiley & Sons, Ltd",
  "description": "<i>\n<p>This is the protocol for a Cochrane systematic review. This record will be updated when the review has been completed.</p></i>\n<p><strong>Citation</strong></p>\n<p>Gan T, Jin SJ, Tian L, Wang Y. Medicinal herbs for cholelithiasis. (Protocol) The Cochrane Database of Systematic Reviews 2004, Issue 1. Art. No.: CD004547. DOI: 10.1002/14651858.CD004547. </p>\n<p><strong><strong>Authors'</strong> objectives</strong></p>\n<p>The aims of this review are to assess the beneficial and harmful effects of medicinal herbs versus placebo/no intervention as well as other therapeutic interventions, such as ursodeoxycholic acid and other oral medications, and operation.<br /></p>",
  "resourceType": "CARDEX"
}