{
  "name": "Complementary and Alternative Medicine",
  "title": "Traditional Chinese medicinal herbs for induction of remission in ulcerative colitis (Cochrane protocol)",
  "rootDirectory": "/cam",
  "topics": "COMPLEMENTARY AND ALTERNATIVE MEDICINE,CONDITIONS A-Z,HERBAL MEDICINE,OTHER THERAPIES OR MEDICAL SYSTEMS,TRADITIONAL CHINESE MEDICINE (TCM),CONDITIONS C,COLITIS",
  "publicationDate": "2002-10-21T00:00:00",
  "url": "http://www.mrw.interscience.wiley.com/cochrane/clsysrev/articles/CD003874/frame.html",
  "id": "122049",
  "publicationType": "Systematic Review",
  "publisher": "John Wiley & Sons, Ltd",
  "description": "<i>\n<p>This is the protocol for a Cochrane systematic review. This record will be updated when the review has been completed.</p></i>\n<p><strong>Citation</strong></p>\n<p>Gan T, Wang Y, Jin S, Tian L. Traditional Chinese medicinal herbs for induction of remission in ulcerative colitis. (Protocol) The Cochrane Database of Systematic Reviews 2002, Issue 4. Art. No.: CD003874. DOI: 10.1002/14651858.CD003874.</p>\n<p><strong><strong>Authors'</strong> objectives</strong></p>\n<p>1. To appraise the effectiveness of traditional Chinese medicinal herbs (TCMH) for induction of remission in idiopathic ulcerative colitis. <br />2. To determine adverse events associated with TCMH treatment in ulcerative colitis.</p>",
  "resourceType": "CARDEX"
}