{
  "name": "Complementary and Alternative Medicine",
  "title": "Medicinal herbs for acute hepatitis B (Cochrane protocol)",
  "rootDirectory": "/cam",
  "topics": "COMPLEMENTARY AND ALTERNATIVE MEDICINE,CAM GENERAL,HEPATITIS,TRADITIONAL CHINESE MEDICINE (TCM),CONDITIONS F-H,OTHER THERAPIES OR MEDICAL SYSTEMS,HERBAL MEDICINE,CONDITIONS A-Z,RESEARCH",
  "publicationDate": "2004-01-26T00:00:00",
  "url": "http://www.mrw.interscience.wiley.com/cochrane/clsysrev/articles/CD004548/frame.html",
  "id": "122001",
  "publicationType": "Systematic Review",
  "publisher": "John Wiley & Sons, Ltd",
  "description": "<i>\n<p>This is the protocol for a Cochrane systematic review. This record will be updated when the review has been completed.</p></i>\n<p><strong>Citation</strong></p>\n<p>Liu YX, Pang CK, Liu JP. Medicinal herbs for acute hepatitis B. (Protocol) The Cochrane Database of Systematic Reviews 2004, Issue 1. Art. No.: CD004548. DOI: 10.1002/14651858.CD004548. </p>\n<p><strong><strong>Authors'</strong> objectives</strong></p>\n<p>The objective of this review is to assess the beneficial and harmful effects of medicinal herbs for acute hepatitis B.<br /></p>",
  "resourceType": "CARDEX"
}