{
  "name": "Complementary and Alternative Medicine",
  "title": "Phytoestrogens in the treatment of postmenopausal osteoporosis (Cochrane protocol)",
  "rootDirectory": "/cam",
  "topics": "COMPLEMENTARY AND ALTERNATIVE MEDICINE,CAM GENERAL,OSTEOPOROSIS,CONDITIONS M-O,HERBAL MEDICINE,CONDITIONS A-Z,RESEARCH",
  "publicationDate": "2001-07-23T00:00:00",
  "url": "http://www.mrw.interscience.wiley.com/cochrane/clsysrev/articles/CD003131/frame.html",
  "id": "122012",
  "publicationType": "Systematic Review",
  "publisher": "John Wiley & Sons, Ltd",
  "description": "<i>\n<p>This is the protocol for a Cochrane systematic review. This record will be updated when the review has been completed.</p></i>\n<p><strong>Citation</strong></p>\n<p>Ardila E, Echevery J, Sanchez R. Phytoestrogens in the treatment of postmenopausal osteoporosis. (Protocol) The Cochrane Database of Systematic Reviews 2001, Issue 3. Art. No.: CD003131. DOI: 10.1002/14651858.CD003131. </p>\n<p><strong><strong>Authors'</strong> objectives</strong></p>\n<p>To determine the efficacy and safety of phytoestrogens for the treatment of osteoporosis in postmenopausal women.</p>\n<p>In particular, the principal objective of this review is to reliably answer the two following questions:</p>\n<p>1) Are phytoestrogens effective in preventing bone fractures when administered in postmenopausal women?<br />2) Are phytoestrogens safe in terms of adverse events for the treatment of osteoporosis in postmenopausal women?</p>\n<p>Secondary objectives are to determine the efficacy and safety of phytoestrogens in the following subgroups:</p>\n<p>1) Early postmenopausal women (less than 35 years old)<br />2) Women who have sustained a fracture.</p>",
  "resourceType": "CARDEX"
}