{
  "name": "Complementary and Alternative Medicine",
  "title": "WHO guidelines on basic training and safety in chiropractic",
  "rootDirectory": "/cam",
  "topics": "COMPLEMENTARY AND ALTERNATIVE MEDICINE,CAM GENERAL,CHIROPRACTIC,EDUCATION/CPD,SAFETY",
  "publicationDate": "2005-01-01T00:00:00",
  "url": "http://www.who.int/medicines/areas/traditional/Chiro-Guidelines.pdf",
  "id": "124349",
  "publicationType": "Care Guideline",
  "publisher": "World Health Organization",
  "description": "<p> </p>\n<p>The objectives of these guidelines are to outline minimum requirements for chiropractic education and to review contraindications in order to minimize the risk of accidents and to advise on the management of complications occurring during treatment and to promote the safe practice of chiropractic.<br /></p>",
  "resourceType": "CARDEX"
}