{
  "name": "Complementary and Alternative Medicine",
  "title": "About Herbs, Botanicals & Other Products",
  "rootDirectory": "/cam",
  "topics": "COMPLEMENTARY AND ALTERNATIVE MEDICINE,DIETARY AND NUTRITIONAL THERAPIES,HERBAL MEDICINE,CONDITIONS A-Z,CONDITIONS C,CANCER,NUTRITIONAL SUPPLEMENTS",
  "publicationDate": "2006-04-01T00:00:00",
  "url": "http://www.mskcc.org/mskcc/html/11570.cfm",
  "id": "124784",
  "publicationType": "Reference Material",
  "publisher": "Memorial Sloan-Kettering Cancer Center",
  "description": "This resource has been developed by the Integrative Medicine Service staff of the <a href=\"http://www.mskcc.org/mskcc/html/44.cfm\">Memorial Sloan-Kettering Cancer Center </a>(New York, US). It provides information for oncologists and healthcare professionals, including a clinical summary for each agent and details about constituents, adverse effects, interactions, and potential benefits or problems. Each monograph is also available in a version for patients.",
  "resourceType": "CARDEX"
}