{
  "name": "Complementary and Alternative Medicine",
  "title": "Herbal medicines safety information",
  "rootDirectory": "/cam",
  "topics": "COMPLEMENTARY AND ALTERNATIVE MEDICINE,SKIN DISORDERS,COMPLEMENTARY & ALTERNATIVE TREATMENTS,PROFESSIONS & SPECIALTIES,DRUG ERUPTIONS & REACTIONS,TREATMENT & MANAGEMENT,DRUG & TREATMENT COMPLICATIONS,DISORDERS,PHARMACY,CAM GENERAL,AYURVEDIC MEDICINE,HERBAL MEDICINE,OTHER THERAPIES OR MEDICAL SYSTEMS,TRADITIONAL CHINESE MEDICINE (TCM),SAFETY",
  "publicationDate": "2006-04-05T00:00:00",
  "url": "http://www.mhra.gov.uk/Safetyinformation/Generalsafetyinformationandadvice/Product-specificinformationandadvice/Herbalmedicines/index.htm",
  "id": "124795",
  "publicationType": "Reference Material",
  "publisher": "Medicines and Healthcare products Regulatory Agency (MHRA)",
  "description": "<p><em>The <a href=\"http://www.mhra.gov.uk/\">Medicines and Healthcare products Regulatory Agency (MHRA) </a>is the government agency which is responsible for ensuring that medicines and medical devices work, and are acceptably safe.</em></p>\n<p>This web page is dedicated to safety issues associated with herbal medicines and is regularly updated.</p>\n<p><br />It provides useful safety information for anyone using herbal medicines and anyone operating in the herbal medicines sector, including manufacturers, herbal practitioners, suppliers and retailers.</p>\n<p><br />The MHRA has produced a <a href=\"http://www.mhra.gov.uk/home/idcplg?IdcService=GET_FILE&amp;dDocName=con009293&amp;RevisionSelectionMethod=Latest\">report</a> on the safety of herbal medicinal products which gives an overview of the safety problems arising with herbal medicines such as quality related issues, herb-drug interactions and intrinsically toxic constituents of herbal ingredients.</p>\n<p> </p>",
  "resourceType": "CARDEX"
}