{
  "name": "Complementary and Alternative Medicine",
  "title": "Acupuncture in medicine",
  "rootDirectory": "/cam",
  "topics": "ACUPUNCTURE,COMPLEMENTARY AND ALTERNATIVE MEDICINE",
  "publicationDate": "2005-12-01T00:00:00",
  "url": "http://aim.bmj.com/",
  "id": "125162",
  "publicationType": "Reference Material",
  "publisher": "BMJ Publishing Group",
  "description": "<p><strong>Acupuncture in Medicine</strong> is a quarterly scientific and clinical journal aimed at Western-trained physicians and other health professionals, and uses the prevailing understanding of neurophysiology and anatomy to interpret the effects of acupuncture. The Journal largely restricts its published articles to this western approach. Clinical reports of the effects of traditional acupuncture will be considered, and theoretical aspects that are evidence-based. </p>\n<p>Website provides index to previous issues. Non-subscribers who register have free access to all articles published before 2006 right back to volume 1 issue 1. </p>",
  "resourceType": "CARDEX"
}