{
  "name": "Complementary and Alternative Medicine",
  "title": "Homeopathy: the journal of the Faculty of Homeopathy",
  "rootDirectory": "/cam",
  "topics": "COMPLEMENTARY AND ALTERNATIVE MEDICINE,HOMEOPATHY",
  "publicationDate": "2006-04-01T00:00:00",
  "url": "http://www.sciencedirect.com/science/journal/14754916",
  "id": "125744",
  "publicationType": "Reference Material",
  "publisher": "Elsevier",
  "description": "<p> </p>\n<p><em>Homeopathy: the journal of the Faculty of Homeopathy</em> (ISSN 1475-4916) is an international journal aimed at improving the understanding and clinical practice of homeopathy by publishing articles on clinical and basic research, clinical audit and evidence-based practice of homeopathy. </p>\n<p>Latest issue, contents and abstracts are available on <a href=\"http://www.sciencedirect.com/science/journal/14754916\">Science Direct</a>.</p>",
  "resourceType": "CARDEX"
}