{
  "name": "Complementary and Alternative Medicine",
  "title": "Journal of Manipulative and Physiological Therapeutics (JMPT)",
  "rootDirectory": "/cam",
  "topics": "COMPLEMENTARY AND ALTERNATIVE MEDICINE,CHIROPRACTIC",
  "publicationDate": "",
  "url": "http://journals.elsevierhealth.com/periodicals/ymmt",
  "id": "125896",
  "publicationType": "Reference Material",
  "publisher": "Elsevier",
  "description": "<p><em>Journal of Manipulative and Physiological Therapeutics</em> (ISSN: 0161 4754) provides the latest information on current developments in therapeutics, as well as reviews of clinically oriented research and practical information for use in clinical settings.</p><br /><p>The Journal of Manipulative and Physiological Therapeutics is the official journal of the <a href=\"http://www.amerchiro.org/\">American Chiropractic Association</a>.</p><br /><p>Website provides free access to tables of contents and abstracts.</p><br />",
  "resourceType": "CARDEX"
}