{
  "name": "Complementary and Alternative Medicine",
  "title": "Phytotherapy Research",
  "rootDirectory": "/cam",
  "topics": "COMPLEMENTARY AND ALTERNATIVE MEDICINE,HERBAL MEDICINE",
  "publicationDate": "",
  "url": "http://www3.interscience.wiley.com/cgi-bin/jhome/12567",
  "id": "125900",
  "publicationType": "Reference Material",
  "publisher": "John Wiley & Sons, Ltd",
  "description": "<p><em>Phytotherapy Research</em> is a monthly, international journal for the publication of original research papers, short communications, reviews and letters on medicinal plant research. Key areas of interest are pharmacology, toxicology, and the clinical applications of herbs and natural products in medicine, from case histories to full clinical trials, including studies of herb-drug interactions and other aspects of the safety of herbal medicines.</p>\n<p>Latest issue, contents and abstracts are available via <a href=\"http://www3.interscience.wiley.com/cgi-bin/jtoc/12567/\">publisher's website</a>. Full text online access is available only for subscribers.</p>\n<p> </p>",
  "resourceType": "CARDEX"
}