{
  "name": "Complementary and Alternative Medicine",
  "title": "Andrographis paniculata in the symptomatic treatment of uncomplicated upper respiratory tract infection: systematic review of randomized controlled trials",
  "rootDirectory": "/cam",
  "topics": "COMPLEMENTARY AND ALTERNATIVE MEDICINE,CONDITIONS A-Z,OTHER THERAPIES OR MEDICAL SYSTEMS,HERBAL MEDICINE,CONDITIONS P-R,ANDROGRAPHIS PANICULATA,RESPIRATORY TRACT INFECTIONS,AYURVEDIC MEDICINE,HERBS A-C",
  "publicationDate": "2004-02-01T00:00:00",
  "url": "http://www.ncbi.nlm.nih.gov/entrez/query.fcgi?cmd=Retrieve&db=pubmed&dopt=Abstract&list_uids=14748896&query_hl=27&itool=pubmed_DocSum",
  "id": "143293",
  "publicationType": "Systematic Review",
  "publisher": "Blackwell",
  "description": "<p><em>This review has been evaluated by a CRD Reviewer as potentially meeting the <a href=\"http://www.york.ac.uk/inst/crd/faq4.htm\">CRD quality criteria</a> and a structured abstract is in the process of being written. This <a href=\"http://www.crd.york.ac.uk/CRDWeb/ShowRecord.asp?View=Full&amp;ID=12004000280\">provisional record</a> is for information, please note that the review has not been appraised yet. </em></p>\n<p><strong>Citation</strong></p>\n<p>Poolsup N, Suthisisang C, Prathanturarug S, Asawamekin A, Chanchareon U. Andrographis paniculata in the symptomatic treatment of uncomplicated upper respiratory tract infection: systematic review of randomized controlled trials. <em>Journal of Clinical Pharmacy and Therapeutics</em>. 2004, 29(1): 37-45.</p>\n<p><strong>Authors' objectives</strong></p>\n<p>To assess the efficacy of Andrographis paniculata in the symptomatic treatment of uncomplicated upper respiratory tract infection.</p>\n<p><strong>Authors' conclusions</strong></p>\n<p>Current evidence suggests that A. paniculata extract alone or in combination with A. senticosus extract may be more effective than placebo and may be an appropriate alternative treatment of uncomplicated acute upper respiratory tract infection.<br /></p>\n<p><strong></strong> </p>",
  "resourceType": "CARDEX"
}