{
  "name": "Complementary and Alternative Medicine",
  "title": "Acupuncture for the alleviation of lateral epicondyle pain: a systematic review",
  "rootDirectory": "/cam",
  "topics": "COMPLEMENTARY AND ALTERNATIVE MEDICINE,ACUPUNCTURE,TENNIS ELBOW,CONDITIONS T-Z,CONDITIONS P-R,PAIN,CONDITIONS A-Z",
  "publicationDate": "2004-09-01T00:00:00",
  "url": "http://www.ncbi.nlm.nih.gov/entrez/query.fcgi?cmd=Retrieve&db=pubmed&dopt=Abstract&list_uids=15213328&query_hl=17&itool=pubmed_docsum",
  "id": "143282",
  "publicationType": "Systematic Review",
  "publisher": "Oxford University Press",
  "description": "<p><em>This review has been evaluated by a CRD Reviewer as potentially meeting the <a href=\"http://www.york.ac.uk/inst/crd/darefaq.htm\">CRD quality criteria</a> and a structured abstract is in the process of being written. This <a href=\"http://www.crd.york.ac.uk/CRDWeb/ShowRecord.asp?View=Full&amp;ID=12004001541\">provisional record</a> is for information, please note that the review has not been appraised yet. </em></p>\n<p><strong>Citation</strong></p>\n<p>Trinh K V, Phillips S D, Ho E, Damsma K. Acupuncture for the alleviation of lateral epicondyle pain: a systematic review. Rheumatology. 2004, 43(9): 1085-1090.</p>\n<p><a href=\"http://www.nelh.nhs.uk/core_journals.asp\">Full-text online access</a> to this journal is available to NHS staff via ATHENS passwords.</p>\n<p><strong>Authors' objectives</strong></p>\n<p>This review evaluates the effectiveness of acupuncture as a treatment for lateral epicondylitis.</p>\n<p><strong>Authors' conclusions</strong></p>\n<p>There is strong evidence suggesting that acupuncture is effective in the short-term relief of lateral epicondyle pain.<br /></p>",
  "resourceType": "CARDEX"
}