{
  "name": "Complementary and Alternative Medicine",
  "title": "Complementary and alternative medicine for labor pain: a systematic review",
  "rootDirectory": "/cam",
  "topics": "COMPLEMENTARY AND ALTERNATIVE MEDICINE,ACUPUNCTURE,AUTOGENIC TRAINING,CONDITIONS I-L,CONDITIONS P-R,BIOFEEDBACK,PREGNANCY,OTHER THERAPIES OR MEDICAL SYSTEMS,HYPNOSIS,MASSAGE,PAIN,LABOUR,CONDITIONS A-Z",
  "publicationDate": "2004-07-01T00:00:00",
  "url": "http://www.ncbi.nlm.nih.gov/entrez/query.fcgi?cmd=Retrieve&db=pubmed&dopt=Abstract&list_uids=15295342&query_hl=19&itool=pubmed_docsum",
  "id": "143418",
  "publicationType": "Systematic Review",
  "publisher": "Elsevier",
  "description": "<p><em>This review has been evaluated by a CRD Reviewer as potentially meeting the <a href=\"http://www.york.ac.uk/inst/crd/faq4.htm\">CRD quality criteria</a> and a structured abstract is in the process of being written. This <a href=\"http://www.crd.york.ac.uk/CRDWeb/ShowRecord.asp?View=Full&amp;ID=12004001510\">provisional record</a> is for information, please note that the review has not been appraised yet. </em></p>\n<p><strong>Citation</strong></p>\n<p>Huntley AL, Thompson J, Ernst E. Complementary and alternative medicine for labor pain: a systematic review. American Journal of Obstetrics and Gynecology. 2004, 191(1): 36-44.</p>\n<p><strong>Authors' objectives</strong></p>\n<p>The purpose of this study was to systematically review the literature for, and critically appraise, randomized controlled trials of any type of complementary and alternative therapies for labor pain. </p>\n<p><strong>Authors' conclusions</strong></p>\n<p>There is insufficient evidence for the efficacy of any of the complementary and alternative therapies for labor pain, with the exception of intracutaneous sterile water injections. </p>",
  "resourceType": "CARDEX"
}