{
  "name": "Complementary and Alternative Medicine",
  "title": "Chiropractic spinal manipulation for neck pain: a systematic review",
  "rootDirectory": "/cam",
  "topics": "COMPLEMENTARY AND ALTERNATIVE MEDICINE,CONDITIONS A-Z,PAIN,CHIROPRACTIC,CONDITIONS M-O,CONDITIONS P-R,NECK PAIN",
  "publicationDate": "2003-10-01T00:00:00",
  "url": "http://www.ncbi.nlm.nih.gov/entrez/query.fcgi?cmd=Retrieve&db=pubmed&dopt=Abstract&list_uids=14622659&query_hl=14&itool=pubmed_DocSum",
  "id": "143416",
  "publicationType": "Systematic Review",
  "publisher": "Elsevier",
  "description": "<p><em>This review has been evaluated by a CRD Reviewer as potentially meeting the <a href=\"http://www.york.ac.uk/inst/crd/faq4.htm\">CRD quality criteria</a> and a structured abstract is in the process of being written. This <a href=\"http://www.crd.york.ac.uk/CRDWeb/ShowRecord.asp?View=Full&amp;ID=12003006787\">provisional record</a> is for information, please note that the review has not been appraised yet. </em></p>\n<p><strong>Citation</strong></p>\n<p>Ernst E. Chiropractic spinal manipulation for neck pain: a systematic review. Journal of Pain. 2003; 4(8): 417-421.</p>\n<p><strong>Author's objectives</strong></p>\n<p>To evaluate systematically and critically the effectiveness of chiropractic spinal manipulation (CSM) for neck pain.</p>\n<p><strong>Author's conclusions</strong></p>\n<p>The notion that CSM is more effective than conventional exercise treatment in the treatment of neck pain was not supported by rigorous trial data.<br /></p>\n<p> </p>\n<p><strong></strong> </p>",
  "resourceType": "CARDEX"
}