{
  "name": "Complementary and Alternative Medicine",
  "title": "Efficacy, routine effectiveness, and safety of horsechestnut seed extract in the treatment of chronic venous insufficiency: a meta-analysis of randomized controlled trials and large observational studies",
  "rootDirectory": "/cam",
  "topics": "COMPLEMENTARY AND ALTERNATIVE MEDICINE,CONDITIONS A-Z,HERBAL MEDICINE,HORSE CHESTNUT (AESCULUS HIPPOCASTANUM),CONDITIONS T-Z,VENOUS INSUFFICIENCY,HERBS H-P",
  "publicationDate": "2002-12-01T00:00:00",
  "url": "http://www.ncbi.nlm.nih.gov/entrez/query.fcgi?db=pubmed&cmd=Retrieve&dopt=abstract&list_uids=12518108&query_hl=13&itool=pubmed_docsum",
  "id": "143569",
  "publicationType": "Systematic Review",
  "publisher": "Minerva Medica",
  "description": "<p><em>This review has been evaluated by a CRD Reviewer as potentially meeting the <a href=\"http://www.york.ac.uk/inst/crd/faq4.htm\">CRD quality criteria</a> and a structured abstract is in the process of being written. This <a href=\"http://www.crd.york.ac.uk/CRDWeb/ShowRecord.asp?View=Full&amp;ID=12003009233\">provisional record</a> is for information, please note that the review has not been appraised yet. </em></p>\n<p><strong>Citation</strong></p>\n<p>Siebert U, Brach M, Sroczynski G, Uberla K. Efficacy, routine effectiveness, and safety of horsechestnut seed extract in the treatment of chronic venous insufficiency: a meta-analysis of randomized controlled trials and large observational studies. International Angiology. 2002, 21(4): 305-315.</p>\n<p><strong>Authors' objectives</strong></p>\n<p>To investigate the efficacy, effectiveness, and safety of horsechestnut seed extract in the treatment of chronic venous insufficiency.</p>\n<p><strong>Authors' conclusions</strong></p>\n<p>Based on meta-analyses of RCTs and observational studies, horsechestnut seed extract (HCSE) appears to be an effective and safe treatment for CVI. Further RCTs and carefully conducted large-scale observational studies are required to evaluate the long-term effectiveness and safety of HCSE in routine settings.</p>\n<p> </p>\n<p><strong></strong> </p>",
  "resourceType": "CARDEX"
}