{
  "name": "Complementary and Alternative Medicine",
  "title": "The effects of Cardiodoron on cardio-respiratory coordination: a literature review",
  "rootDirectory": "/cam",
  "topics": "COMPLEMENTARY AND ALTERNATIVE MEDICINE,CONDITIONS C,HERBAL MEDICINE,CONDITIONS A-Z,CARDIOVASCULAR DISEASES",
  "publicationDate": "2002-10-01T00:00:00",
  "url": "http://www.ncbi.nlm.nih.gov/entrez/query.fcgi?db=pubmed&cmd=Retrieve&dopt=Abstract&list_uids=12417806&query_hl=1&itool=pubmed_docsum",
  "id": "143557",
  "publicationType": "Review",
  "publisher": "Karger",
  "description": "<p><strong>Citation</strong></p>\n<p>Cysarz D, Heckmann C, Kummell HC. The effects of Cardiodoron on cardio-respiratory coordination: a literature review. Forschende Komplementarmedizin und Klassische Naturheilkunde. 2002, 9(5): 292-297..</p>\n<p><strong>Authors' objectives</strong></p>\n<p>To investigate whether \"the medicament Cardiodoron stimulates self-regulation in order to normalise the cardio-respiratory coordination\".</p>\n<p><strong>Authors' conclusions</strong></p>\n<p>The studies show that the use of Cardiodoron results in a normalisation of the cardiorespiratory coordination. By stimulating the self-regulation the medicament leads to an improvement of the order of rhythmical functions in the human organism.</p>",
  "resourceType": "CARDEX"
}