{
  "name": "Complementary and Alternative Medicine",
  "title": "The efficacy of hypnosis in the reduction of procedural pain and distress in pediatric oncology: a systematic review",
  "rootDirectory": "/cam",
  "topics": "COMPLEMENTARY AND ALTERNATIVE MEDICINE,SERVICE TYPE,CHILDREN’S SERVICES,PALLIATIVE AND SUPPORTIVE CARE,CONDITIONS,CHILDREN'S CONDITIONS,CANCER,CHILDREN & YOUNG PEOPLE,AGE-RELATED ISSUES,PAIN MANAGEMENT,BONE PAIN,NEUROPATHIC PAIN,VISCERAL PAIN,SYMPTOM MANAGEMENT,POPULATIONS AND SETTINGS,SERVICE PROVISION,PALLIATIVE CARE,SPECIALTIES,PAIN,MANAGEMENT OF PROCEDURAL PAIN,ONCOLOGY,CHILD HEALTH,CANCER PAIN,CONDITIONS A-Z,PAIN,HYPNOSIS,CONDITIONS C,CANCER,CONDITIONS P-R",
  "publicationDate": "2004-06-01T00:00:00",
  "url": "http://www.ncbi.nlm.nih.gov/entrez/query.fcgi?db=pubmed&cmd=Retrieve&list_uids=15194906&itool=pubmed_abstractplus&dopt=abstract&dr=abstract",
  "id": "143562",
  "publicationType": "Systematic Review",
  "publisher": "Lippincott Williams & Wilkins",
  "description": "<p><em>This review has been evaluated by a CRD Reviewer as potentially meeting the <a href=\"http://www.york.ac.uk/inst/crd/faq4.htm\">CRD quality criteria</a> and a structured abstract is in the process of being written. This <a href=\"http://www.crd.york.ac.uk/CRDWeb/ShowRecord.asp?View=Full&amp;ID=12004001201\">provisional record</a> is for information, please note that the review has not been appraised yet. </em></p>\n<p><strong>Citation</strong></p>\n<p>Wild MR, Espie CA. The efficacy of hypnosis in the reduction of procedural pain and distress in pediatric oncology: a systematic review. Journal of Developmental and Behavioral Pediatrics. 2004, 25(3): 207-213.</p>\n<p><strong>Authors' objectives</strong></p>\n<p>To evaluate systematically the research conducted in the field of procedure-related pain management in pediatric oncology within the context of a nationally agreed framework for the assessment of research evidence.</p>\n<p><strong>Authors' conclusions</strong></p>\n<p>There is not currently enough robust research evidence to recommend that hypnosis should form part of best practice guidelines for the management of procedure-related pain in pediatric oncology. However, there is sufficient evidence to justify larger-scale, appropriately controlled studies.</p>\n<p><strong></strong> </p>",
  "resourceType": "CARDEX"
}