{
  "name": "Complementary and Alternative Medicine",
  "title": "Homeopathic aggravations: a systematic review of randomised, placebo-controlled clinical trials",
  "rootDirectory": "/cam",
  "topics": "COMPLEMENTARY AND ALTERNATIVE MEDICINE,HOMEOPATHY,CAM GENERAL,SAFETY",
  "publicationDate": "2003-04-01T00:00:00",
  "url": "http://www.ncbi.nlm.nih.gov/entrez/query.fcgi?db=pubmed&cmd=Retrieve&dopt=abstract&list_uids=12725251&query_hl=32&itool=pubmed_docsum",
  "id": "143602",
  "publicationType": "Systematic Review",
  "publisher": "Elsevier",
  "description": "<p><em>This review has been evaluated by a CRD Reviewer as potentially meeting the <a href=\"http://www.york.ac.uk/inst/crd/faq4.htm\">CRD quality criteria</a> and a structured abstract is in the process of being written. This <a href=\"http://www.crd.york.ac.uk/CRDWeb/ShowRecord.asp?View=Full&amp;ID=12003009646\">provisional record</a> is for information, please note that the review has not been appraised yet. </em></p>\n<p><strong>Citation</strong></p>\n<p>Grabia S, Ernst E. Homeopathic aggravations: a systematic review of randomised, placebo-controlled clinical trials. Homeopathy. 2003, 92(2): 92-98.</p>\n<p><strong>Authors' objectives</strong></p>\n<p>This systematic review aimed at comparing the frequency of homeopathic aggravations in the placebo and verum groups of double-blind, randomised clinical trials.</p>\n<p><strong>Authors' conclusions</strong></p>\n<p>This systematic review does not provide clear evidence that the phenomenon of homeopathic aggravations exists.<br /></p>\n<p><strong></strong> </p>",
  "resourceType": "CARDEX"
}