{
  "name": "Complementary and Alternative Medicine",
  "title": "Hypnosis for pain relief in labour and childbirth: a systematic review",
  "rootDirectory": "/cam",
  "topics": "COMPLEMENTARY AND ALTERNATIVE MEDICINE,PAIN,LABOUR,CONDITIONS A-Z,HYPNOSIS,CONDITIONS P-R,PREGNANCY,CONDITIONS I-L",
  "publicationDate": "2004-10-01T00:00:00",
  "url": "http://bja.oxfordjournals.org/cgi/content/full/93/4/505",
  "id": "143671",
  "publicationType": "Systematic Review",
  "publisher": "Oxford University Press",
  "description": "<p><em>This review has been evaluated by a CRD Reviewer as potentially meeting the <a href=\"http://www.york.ac.uk/inst/crd/faq4.htm\">CRD quality criteria</a> and a structured abstract is in the process of being written. This <a href=\"http://www.crd.york.ac.uk/CRDWeb/ShowRecord.asp?View=Full&amp;ID=12004001696\">provisional record</a> is for information, please note that the review has not been appraised yet. </em></p>\n<p><strong>Citation</strong></p>\n<p>Cyna AM, McAuliffe GL, Andrew MI. Hypnosis for pain relief in labour and childbirth: a systematic review. British Journal of Anaesthesia. 2004, 93(4): 505-511.</p>\n<p><strong>Authors' objectives</strong></p>\n<p>To examine the evidence regarding the effects of hypnosis for pain relief during childbirth.</p>\n<p><strong>Authors' conclusions</strong></p>\n<p>The risk/benefit profile of hypnosis demonstrates a need for well-designed trials to confirm the effects of hypnosis in childbirth.<br /></p>\n<p><strong></strong> </p>",
  "resourceType": "CARDEX"
}