{
  "name": "Complementary and Alternative Medicine",
  "title": "How effective is St. John's wort: the evidence revisited",
  "rootDirectory": "/cam",
  "topics": "COMPLEMENTARY AND ALTERNATIVE MEDICINE,HERBS R-Z,CONDITIONS D-E,HERBAL MEDICINE,ST JOHN'S WORT (HYPERICUM PERFORATUM),CONDITIONS A-Z,DEPRESSION",
  "publicationDate": "2004-05-01T00:00:00",
  "url": "http://www.ncbi.nlm.nih.gov/entrez/query.fcgi?db=pubmed&cmd=Retrieve&dopt=abstract&list_uids=15163246&query_hl=39&itool=pubmed_docsum",
  "id": "143657",
  "publicationType": "Systematic Review",
  "publisher": "Physicians Postgraduate Press",
  "description": "<p><em>This review has been evaluated by a CRD Reviewer as potentially meeting the <a href=\"http://www.york.ac.uk/inst/crd/faq4.htm\">CRD quality criteria</a> and a structured abstract is in the process of being written. This <a href=\"http://www.crd.york.ac.uk/CRDWeb/ShowRecord.asp?View=Full&amp;ID=12004001180\">provisional record</a> is for information, please note that the review has not been appraised yet. </em></p>\n<p><strong>Citation</strong></p>\n<p>Werneke U, Horn O, Taylor DM. How effective is St. John's wort: the evidence revisited. Journal of Clinical Psychiatry. 2004, 65(5): 611-617.</p>\n<p><strong>Authors' objectives</strong></p>\n<p>To determine the true effect of St. John's wort.</p>\n<p><strong>Authors' conclusions</strong></p>St. John's wort may be less effective in the treatment of depression than previously assumed and may finally be shown to be ineffective if future trials confirm this trend.<br /><p></p>",
  "resourceType": "CARDEX"
}