{
  "name": "Complementary and Alternative Medicine",
  "title": "Mindfulness training as a clinical intervention: a conceptual and empirical review",
  "rootDirectory": "/cam",
  "topics": "COMPLEMENTARY AND ALTERNATIVE MEDICINE,DEPRESSION,PAIN,CONDITIONS A-Z,OTHER THERAPIES OR MEDICAL SYSTEMS,CONDITIONS F-H,CONDITIONS D-E,CONDITIONS P-R,FIBROMYALGIA,ANXIETY,CANCER,CONDITIONS C,CONDITIONS A-B,MINDFULNESS-BASED STRESS REDUCTION (MBSR),PSORIASIS,ANXIETY DISORDERS,EATING DISORDERS",
  "publicationDate": "2003-06-01T00:00:00",
  "url": "http://www3.interscience.wiley.com/journal/118891545/abstract",
  "id": "143780",
  "publicationType": "Systematic Review",
  "publisher": "Blackwell",
  "description": "<p><em>This review has been evaluated by a CRD Reviewer as potentially meeting the <a href=\"http://www.york.ac.uk/inst/crd/faq4.htm\">CRD quality criteria</a> and a structured abstract is in the process of being written. This <a href=\"http://www.crd.york.ac.uk/CRDWeb/ShowRecord.asp?View=Full&amp;ID=12003006258\">provisional record</a> is for information, please note that the review has not been appraised yet. </em></p>\n<p><strong>Citation</strong></p>\n<p>Baer RA. Mindfulness training as a clinical intervention: a conceptual and empirical review. Clinical Psychology Science and Practice. 2003, 10(2): 125-143.</p>\n<p><a href=\"http://www.nelh.nhs.uk/core_journals.asp\">Full-text online access</a> is available to NHS staff via ATHENS passwords.</p>\n<p><strong>Authors' objectives</strong></p>\n<p>To summarize conceptual approaches to mindfulness and empirical research on the utility of mindfulness-based interventions.</p>\n<p><strong>Authors' conclusions</strong></p>\n<p>Although the current empirical literature includes many methodological flaws, findings suggest that mindfulness-based interventions may be helpful in the treatment of several disorders. Methodologically sound investigations are recommended in order to clarify the utility of these interventions.</p>\n<p><strong></strong> </p>",
  "resourceType": "CARDEX"
}