{
  "name": "Complementary and Alternative Medicine",
  "title": "Is acupuncture a risk factor for hepatitis: systematic review of epidemiological studies",
  "rootDirectory": "/cam",
  "topics": "COMPLEMENTARY AND ALTERNATIVE MEDICINE,ACUPUNCTURE,CAM GENERAL,SAFETY",
  "publicationDate": "2003-11-01T00:00:00",
  "url": "http://www.ncbi.nlm.nih.gov/entrez/query.fcgi?db=pubmed&cmd=Retrieve&dopt=Abstract&list_uids=14535978&query_hl=2&itool=pubmed_docsum",
  "id": "143705",
  "publicationType": "Systematic Review",
  "publisher": "Blackwell",
  "description": "<p><em>This review has been evaluated by a CRD Reviewer as potentially meeting the <a href=\"http://www.york.ac.uk/inst/crd/faq4.htm\">CRD quality criteria</a> and a structured abstract is in the process of being written. This <a href=\"http://www.crd.york.ac.uk/CRDWeb/ShowRecord.asp?View=Full&amp;ID=12003002248\">provisional record</a> is for information, please note that the review has not been appraised yet. </em></p>\n<p><strong>Citation</strong></p>\n<p>Ernst E, Sherman KJ. Is acupuncture a risk factor for hepatitis: systematic review of epidemiological studies. Journal of Gastroenterology and Hepatology. 2003, 18(11): 1231-1236.</p>\n<p><strong>Authors' objectives</strong></p>\n<p>Acupuncture has been repeatedly associated with infectious hepatitis. The aim of the present systematic review was therefore to critically evaluate such data from epidemiological investigations. </p>\n<p><strong>Authors' conclusions</strong></p>\n<p>A modest association between hepatitis C and acupuncture has been reported in some countries. This emphasizes the importance of exclusively using disposable acupuncture needles.<br /></p>\n<p> </p>\n<p><strong></strong> </p>",
  "resourceType": "CARDEX"
}