{
  "name": "Complementary and Alternative Medicine",
  "title": "Mistletoe for cancer? A systematic review of randomised clinical trials",
  "rootDirectory": "/cam",
  "topics": "PALLIATIVE AND SUPPORTIVE CARE,SYMPTOM MANAGEMENT,CANCER,CONDITIONS,COMPLEMENTARY & ALTERNATIVE THERAPIES,COMPLEMENTARY AND ALTERNATIVE MEDICINE,MISTLETOE (VISCUM ALBUM),HERBS H-P,CONDITIONS C,CANCER,HERBAL MEDICINE,CONDITIONS A-Z",
  "publicationDate": "2003-11-01T00:00:00",
  "url": "http://www.ncbi.nlm.nih.gov/entrez/query.fcgi?db=pubmed&cmd=Retrieve&dopt=Abstract&list_uids=12949804&query_hl=30&itool=pubmed_docsum",
  "id": "143784",
  "publicationType": "Systematic Review",
  "publisher": "John Wiley & Sons, Ltd",
  "description": "<p><em>This review has been evaluated by a CRD Reviewer as potentially meeting the <a href=\"http://www.york.ac.uk/inst/crd/faq4.htm\">CRD quality criteria</a> and a structured abstract is in the process of being written. This <a href=\"http://www.crd.york.ac.uk/CRDWeb/ShowRecord.asp?View=Full&amp;ID=12003004228\">provisional record</a> is for information, please note that the review has not been appraised yet. </em></p>\n<p><strong>Citation</strong></p>\n<p>Ernst E, Schmidt K, Steuer-Vogt MK. Mistletoe for cancer? A systematic review of randomised clinical trials. International Journal of Cancer. 2003, 107(2): 262-7.</p>\n<p><strong>Authors' objectives</strong></p>\n<p>To conduct a systematic review of all randomised clinical trials of this unconventional therapy.</p>\n<p><strong>Authors' conclusions</strong></p>\n<p>Rigorous trials of mistletoe extracts fail to demonstrate efficacy of this therapy.</p>\n<p><strong></strong> </p>",
  "resourceType": "CARDEX"
}