{
  "name": "Complementary and Alternative Medicine",
  "title": "The quality of clinical trials with Harpagophytum procumbens",
  "rootDirectory": "/cam",
  "topics": "COMPLEMENTARY AND ALTERNATIVE MEDICINE,MUSCULOSKELETAL DISEASES,DEVILS CLAW (HARPAGOPHYTUM PROCUMBENS),HERBS D-G,CONDITIONS M-O,CONDITIONS P-R,HERBAL MEDICINE,PAIN,CONDITIONS A-Z",
  "publicationDate": "2003-09-18T00:00:00",
  "url": "http://www.ncbi.nlm.nih.gov/entrez/query.fcgi?db=pubmed&cmd=Retrieve&dopt=Abstract&list_uids=13678253&query_hl=48&itool=pubmed_docsum",
  "id": "143805",
  "publicationType": "Systematic Review",
  "publisher": "Elsevier",
  "description": "<p><em>This review has been evaluated by a CRD Reviewer as potentially meeting the <a href=\"http://www.york.ac.uk/inst/crd/faq4.htm\">CRD quality criteria</a> and a structured abstract is in the process of being written. This <a href=\"http://www.crd.york.ac.uk/CRDWeb/ShowRecord.asp?View=Full&amp;ID=12004003136\">provisional record</a> is for information, please note that the review has not been appraised yet. </em></p>\n<p><strong>Citation</strong></p>\n<p>Chrubasik S, Conradt C, Black A. The quality of clinical trials with Harpagophytum procumbens. Phytomedicine. 2003, 10(6-7): 613-623.</p>\n<p><a href=\"http://www.nelh.nhs.uk/core_journals.asp\">Full-text online access</a> is available to NHS staff via ATHENS passwords.</p>\n<p><strong>Authors' objectives</strong></p>\n<p>To examine systematically the quality of the clinical trials investigating the effectiveness of Harpagophytum products.</p>\n<p><strong>Authors' conclusions</strong></p>\n<p>Evidence of effectiveness of Harpagophytum products is not transferrable from product to product. The results of some studies suggest some effectiveness for some products, but for none of the clinically available products is the quality of evidence totally satisfactory. It is better so far with products that contain at least 50 mg of harpagoside in the daily dosage than with products (which happen to be of ethanolic extraction) that contain less.<br /></p>",
  "resourceType": "CARDEX"
}