{
  "name": "Complementary and Alternative Medicine",
  "title": "Safety of spinal manipulation in the treatment of lumbar disk herniations: a systematic review and risk assessment",
  "rootDirectory": "/cam",
  "topics": "COMPLEMENTARY AND ALTERNATIVE MEDICINE,HERNIATED DISC,CAM GENERAL,CONDITIONS A-Z,OSTEOPATHY,CHIROPRACTIC,CONDITIONS F-H,CONDITIONS A-B,BACK PAIN,SAFETY",
  "publicationDate": "2004-03-01T00:00:00",
  "url": "http://www.ncbi.nlm.nih.gov/entrez/query.fcgi?db=pubmed&cmd=Retrieve&dopt=Abstract&list_uids=15129202&query_hl=10&itool=pubmed_docsum",
  "id": "143866",
  "publicationType": "Systematic Review",
  "publisher": "Elsevier",
  "description": "<p><em>This review has been evaluated by a CRD Reviewer as potentially meeting the <a href=\"http://www.york.ac.uk/inst/crd/faq4.htm\">CRD quality criteria</a> and a structured abstract is in the process of being written. This <a href=\"http://www.crd.york.ac.uk/CRDWeb/ShowRecord.asp?View=Full&amp;ID=12004001048\">provisional record</a> is for information, please note that the review has not been appraised yet. </em></p>\n<p><strong>Citation</strong></p>\n<p>Oliphant D. Safety of spinal manipulation in the treatment of lumbar disk herniations: a systematic review and risk assessment. Journal of Manipulative and Physiological Therapeutics. 2004, 27(3): 197-210.</p>\n<p><a href=\"http://www.sciencedirect.com/science?_ob=ArticleURL&amp;_udi=B6WK1-4C9RGV7-7&amp;_coverDate=04%2F30%2F2004&amp;_alid=417481423&amp;_rdoc=1&amp;_fmt=&amp;_orig=search&amp;_qd=1&amp;_cdi=6893&amp;_sort=d&amp;view=c&amp;_acct=C000059419&amp;_version=1&amp;_urlVersion=0&amp;_userid=3010452&amp;md5=2eb240853a71e5477dd1ad70328f6f62\">Link to the full text of the systematic review</a></p>\n<p><strong>Authors' objectives</strong></p>\n<p>To provide a qualitative systematic review of the risk of spinal manipulation in the treatment of lumbar disk herniations (LDH) and to estimate the risk of spinal manipulation causing a severe adverse reaction in a patient presenting with LDH. </p>\n<p><strong>Authors' conclusions</strong></p>\n<p>The apparent safety of spinal manipulation, especially when compared with other \"medically accepted\" treatments for LDH, should stimulate its use in the conservative treatment plan of LDH.<br /></p>\n<p><strong></strong> </p>",
  "resourceType": "CARDEX"
}