{
  "name": "Complementary and Alternative Medicine",
  "title": "Practice parameter: treatment of postherpetic neuralgia. An evidence-based report of the Quality Standards Subcommittee of the American Academy of Neurology",
  "rootDirectory": "/cam",
  "topics": "COMPLEMENTARY AND ALTERNATIVE MEDICINE,ACUPUNCTURE,CONDITIONS A-Z,PAIN,OTHER THERAPIES OR MEDICAL SYSTEMS,TRADITIONAL CHINESE MEDICINE (TCM),CONDITIONS P-R,CONDITIONS F-H,HERPES SIMPLEX VIRUS",
  "publicationDate": "2004-09-28T00:00:00",
  "url": "http://www.neurology.org/cgi/content/full/63/6/959",
  "id": "143802",
  "publicationType": "Systematic Review",
  "publisher": "Lippincott Williams & Wilkins",
  "description": "<p><em>This review has been evaluated by a CRD Reviewer as potentially meeting the <a href=\"http://www.york.ac.uk/inst/crd/faq4.htm\">CRD quality criteria</a> and a structured abstract is in the process of being written. This <a href=\"http://www.crd.york.ac.uk/CRDWeb/ShowRecord.asp?View=Full&amp;ID=12004001712\">provisional record</a> is for information, please note that the review has not been appraised yet. </em></p>\n<p><strong>Citation</strong></p>\n<p>Dubinsky RM, Kabbani H, El-Chami Z, Boutwell C, Ali H. Practice parameter: treatment of postherpetic neuralgia. An evidence-based report of the Quality Standards Subcommittee of the American Academy of Neurology. Neurology. 2004, 63(6): 959-965.</p>\n<p><strong>Authors' objectives</strong></p>\n<p>This practice parameter was developed to answer the following clinical question: In patients with postherpetic neuralgia, which treatments provide benefit in terms of decreased pain and improved quality of life? </p>\n<p><strong>Authors' conclusions</strong></p>\n<p>Tricyclic antidepressants, gabapentin, pregabalin, opioids, and lidocaine patch were found to be effective in reducing the pain of postherpetic neuralgia.<br />Acupuncture, benzydamine cream, dextromethorphan, indomethacin, epidural methylprednisolone, epidural morphine sulfate, iontophoresis of vincristine, lorazepam, vitamin E, and zimelidine are not of benefit. <br />The effectiveness of carbamazepine, nicardipine, biperiden, chlorprothixene, ketamine, He:Ne laser irradiation, intralesional triamcinolone, cryocautery, topical piroxicam, extract of Ganoderma lucidum, dorsal root entry zone lesions, and stellate ganglion block are unproven in the treatment of postherpetic neuralgia. </p>\n<p> </p>",
  "resourceType": "CARDEX"
}