{
  "name": "Complementary and Alternative Medicine",
  "title": "A Modern Herbal",
  "rootDirectory": "/cam",
  "topics": "COMPLEMENTARY AND ALTERNATIVE MEDICINE,JULY 2006,HERBAL MEDICINE,DATE ADDED",
  "publicationDate": "",
  "url": "http://www.botanical.com/botanical/mgmh/mgmh.html",
  "id": "148978",
  "publicationType": "Reference Material",
  "publisher": "Botanical.com",
  "description": "The hyper-text version of <em>A Modern Herbal</em>, first published in 1931, by Mrs. M. Grieve, contains information on the \"medicinal, culinary, cosmetic and economic properties, cultivation and folklore of herbs\". It consists of three indexes: the Plant &amp; Herb Index covering more than 800 varieties of herbs and plants, the Index of Recipes and the Index of Poisons with information on 44 plants that are listed as poisonous.",
  "resourceType": "CARDEX"
}