{
  "name": "Complementary and Alternative Medicine",
  "title": "Complementary medicine: information pack for primary care groups",
  "rootDirectory": "/cam",
  "topics": "COMPLEMENTARY AND ALTERNATIVE MEDICINE,CAM GENERAL,JULY 2006,DATE ADDED,2006",
  "publicationDate": "2000-06-01T00:00:00",
  "url": "http://www.dh.gov.uk/dr_consum_dh/groups/dh_digitalassets/@dh/@en/documents/digitalasset/dh_4014424.pdf",
  "id": "149055",
  "publicationType": "Reference Material",
  "publisher": "Department of Health",
  "description": "<p>This information pack produced collaboratively between the Department of Health (DH), Foundation for Integrated Medicine, NHS Alliance and National Association of Primary Care in June 2000, is designed to give primary care groups (PCGs) and clinicians a basic source of reference on the complementary and alternative therapies most commonly provided by PCGs.</p>\n<p>See also: <a href=\"http://www.dh.gov.uk/dr_consum_dh/groups/dh_digitalassets/@dh/@en/documents/digitalasset/dh_4014515.pdf\">Complementary medicine: information for primary care clinicians</a>.</p>",
  "resourceType": "CARDEX"
}