{
  "name": "Complementary and Alternative Medicine",
  "title": "Complementary medicine: information for primary care clinicians",
  "rootDirectory": "/cam",
  "topics": "COMPLEMENTARY AND ALTERNATIVE MEDICINE,JULY 2006,CAM GENERAL,2006,DATE ADDED",
  "publicationDate": "2000-06-01T00:00:00",
  "url": "http://www.dh.gov.uk/dr_consum_dh/groups/dh_digitalassets/@dh/@en/documents/digitalasset/dh_4014515.pdf",
  "id": "149058",
  "publicationType": "Reference Material",
  "publisher": "Department of Health",
  "description": "This leaflet is intended to give clinicians working in primary care a basic source of reference on complementary and alternative medicine (CAM). Information given is based on a <a href=\"http://www.dh.gov.uk/dr_consum_dh/groups/dh_digitalassets/@dh/@en/documents/digitalasset/dh_4014424.pdf\">companion document</a> produced collaboratively between the Department of Health, Foundation for Integrated Medicine, NHS Alliance and National Association of Primary Care.<br />",
  "resourceType": "CARDEX"
}