{
  "name": "Complementary and Alternative Medicine",
  "title": "Traditional Chinese medicine for opioid withdrawal syndrome (Cochrane protocol)",
  "rootDirectory": "/cam",
  "topics": "COMPLEMENTARY AND ALTERNATIVE MEDICINE,JULY 2006,CONDITIONS A-Z,OTHER THERAPIES OR MEDICAL SYSTEMS,TRADITIONAL CHINESE MEDICINE (TCM),CONDITIONS D-E,DRUG USE DISORDERS,DATE ADDED",
  "publicationDate": "2006-04-19T00:00:00",
  "url": "http://www.mrw.interscience.wiley.com/cochrane/clsysrev/articles/CD006038/frame.html",
  "id": "154887",
  "publicationType": "Systematic Review",
  "publisher": "John Wiley & Sons, Ltd",
  "description": "<i>\n<p>This is the protocol for a Cochrane systematic review. This record will be updated when the review has been completed.</p></i>\n<p><strong>Citation</strong></p>\n<p>Li B, Jia WN, Li F, Wu T. Traditional chinese medicine for opioid withdrawal syndrome. (Protocol) Cochrane Database of Systematic Reviews 2006, Issue 2. Art. No.: CD006038. DOI: 10.1002/14651858.CD006038. </p>\n<p><strong><strong>Authors'</strong> objectives</strong></p>\n<p>The objective of this review is to determine the effectiveness and safety of traditional Chinese medicine in treatment of acute and prolonged opioid withdrawal syndrome in comparison with placebo or conventional interventions for example clonidine, methadone and buprenorphine, etc.</p>",
  "resourceType": "CARDEX"
}