{
  "name": "Complementary and Alternative Medicine",
  "title": "Homeopathic remedies for acute respiratory tract infections in children (Cochrane protocol)",
  "rootDirectory": "/cam",
  "topics": "COMPLEMENTARY AND ALTERNATIVE MEDICINE,HOMEOPATHY,CONDITIONS P-R,CONDITIONS A-Z,JULY 2006,RESPIRATORY TRACT INFECTIONS,DATE ADDED",
  "publicationDate": "2006-04-19T00:00:00",
  "url": "http://www.mrw.interscience.wiley.com/cochrane/clsysrev/articles/CD005974/frame.html",
  "id": "154890",
  "publicationType": "Systematic Review",
  "publisher": "John Wiley & Sons, Ltd",
  "description": "<i>\n<p>This is the protocol for a Cochrane systematic review. This record will be updated when the review has been completed.</p></i>\n<p><strong>Citation</strong></p>\n<p>Becker C, Gottschling S, Graf N, Lüdtke R. Homeopathic remedies for acute respiratory tract infections in children. (Protocol) Cochrane Database of Systematic Reviews 2006, Issue 2. Art. No.: CD005974. DOI: 10.1002/14651858.CD005974. </p>\n<p><strong><strong>Authors'</strong> objectives</strong></p>\n<p>The objective of this review will be to assess the effects of homeopathic medicines in children with acute respiratory tract infections  (RTIs).<br /></p>",
  "resourceType": "CARDEX"
}