{
  "name": "Complementary and Alternative Medicine",
  "title": "Acupuncture for chronic fatigue syndrome (Cochrane protocol)",
  "rootDirectory": "/cam",
  "topics": "ACUPUNCTURE,COMPLEMENTARY AND ALTERNATIVE MEDICINE,FATIGUE & ASTHENIA,SYMPTOM MANAGEMENT,PALLIATIVE AND SUPPORTIVE CARE,CAM GENERAL,JULY 2006,CHRONIC FATIGUE SYNDROME,CONDITIONS A-Z,CONDITIONS C,DATE ADDED,RESEARCH",
  "publicationDate": "2006-04-19T00:00:00",
  "url": "http://www.mrw.interscience.wiley.com/cochrane/clsysrev/articles/CD006010/frame.html",
  "id": "154869",
  "publicationType": "Systematic Review",
  "publisher": "John Wiley & Sons, Ltd",
  "description": "<i>\n<p>This is the protocol for a Cochrane systematic review. This record will be updated when the review has been completed.</p></i>\n<p><strong>Citation</strong></p>\n<p>Zhang W, Liu ZS, Wu Taixiang, Peng WN. Acupuncture for Chronic Fatigue Syndrome. (Protocol) Cochrane Database of Systematic Reviews 2006, Issue 2. Art. No.: CD006010. DOI: 10.1002/14651858.CD006010. </p>\n<p><strong><strong>Authors'</strong> objectives</strong></p>\n<p>The authors' objective is to conduct a systematic review and if possible, a quantitative meta-analysis, with any evidence collected from randomised controlled trials and quasi-randomised trials of acupuncture for adults and children with chronic fatigue syndrome (CFS) in order to assess the efficacy and safety of acupuncture therapy for CFS.<br /></p>",
  "resourceType": "CARDEX"
}