{
  "name": "Complementary and Alternative Medicine",
  "title": "Chinese herbal medicines for treating diabetic foot ulcers (Cochrane protocol)",
  "rootDirectory": "/cam",
  "topics": "COMPLEMENTARY AND ALTERNATIVE MEDICINE,JULY 2006,CONDITIONS A-Z,OTHER THERAPIES OR MEDICAL SYSTEMS,HERBAL MEDICINE,TRADITIONAL CHINESE MEDICINE (TCM),DIABETES MELLITUS,CONDITIONS D-E,DATE ADDED",
  "publicationDate": "2006-07-19T00:00:00",
  "url": "http://www.mrw.interscience.wiley.com/cochrane/clsysrev/articles/CD006098/frame.html",
  "id": "154914",
  "publicationType": "Systematic Review",
  "publisher": "John Wiley & Sons, Ltd",
  "description": "<i>\n<p>This is the protocol for a Cochrane systematic review. This record will be updated when the review has been completed.</p></i>\n<p><strong>Citation</strong></p>\n<p>Liu JP, Zhang J, Lu H, Bell-Syer SEM. Chinese herbal medicines for treating diabetic foot ulcers. (Protocol) Cochrane Database of Systematic Reviews 2006, Issue 3. Art. No.: CD006098. DOI: 10.1002/14651858.CD006098. </p>\n<p><strong><strong>Authors'</strong> objectives</strong></p>\n<p>To determine the effects of Chinese herbal medicines on the healing of foot ulcers in people with diabetes.</p>",
  "resourceType": "CARDEX"
}