{
  "name": "Complementary and Alternative Medicine",
  "title": "The effectiveness of acupuncture for depression: a systematic review of randomised controlled trials",
  "rootDirectory": "/cam",
  "topics": "ACUPUNCTURE,COMPLEMENTARY AND ALTERNATIVE MEDICINE,JULY 2006,DEPRESSION,CONDITIONS A-Z,CONDITIONS D-E,DATE ADDED",
  "publicationDate": "2005-06-01T00:00:00",
  "url": "http://aim.bmj.com/cgi/content/abstract/23/2/70",
  "id": "155025",
  "publicationType": "Systematic Review",
  "publisher": "British Medical Acupuncture Society",
  "description": "<p><em>This review has been evaluated by a CRD Reviewer as potentially meeting the <a href=\"http://www.york.ac.uk/inst/crd/faq4.htm\">CRD quality criteria</a> and a structured abstract is in the process of being written. This <a href=\"http://www.crd.york.ac.uk/CRDWeb/ShowRecord.asp?View=Full&amp;ID=12005000902\">provisional record</a> is for information, please note that the review has not been appraised yet. </em></p>\n<p></p>\n<p><strong>Citation</strong></p>\n<p>Mukaino Y, Park J, White A, Ernst E. The effectiveness of acupuncture for depression: a systematic review of randomised controlled trials. Acupuncture in Medicine. 2005, 23(2): 70-76.</p>\n<p><strong>Authors' objectives</strong></p>\n<p>To summarise the existing evidence on acupuncture as a therapy for depression. </p>\n<p><strong>Authors' conclusions</strong></p>\n<p>The evidence from controlled trials is insufficient to conclude whether acupuncture is an effective treatment for depression, but justifies further trials of electroacupuncture.</p>",
  "resourceType": "CARDEX"
}