{
  "name": "Complementary and Alternative Medicine",
  "title": "Ukrain: a new cancer cure? A systematic review of randomised clinical trials",
  "rootDirectory": "/cam",
  "topics": "COMPLEMENTARY AND ALTERNATIVE MEDICINE,COMPLEMENTARY & ALTERNATIVE THERAPIES,PALLIATIVE AND SUPPORTIVE CARE,SYMPTOM MANAGEMENT,CONDITIONS,CANCER,CONDITIONS C,CANCER,CONDITIONS A-Z,HERBAL MEDICINE,CELANDINE (CHELIDONIUM MAJUS),JULY 2006,DATE ADDED",
  "publicationDate": "2005-07-01T00:00:00",
  "url": "http://www.biomedcentral.com/1471-2407/5/69",
  "id": "155063",
  "publicationType": "Systematic Review",
  "publisher": "BioMed Central",
  "description": "<p><em>This review has been evaluated by a CRD Reviewer as potentially meeting the <a href=\"http://www.york.ac.uk/inst/crd/faq4.htm\">CRD quality criteria</a> and a structured abstract is in the process of being written. This <a href=\"http://www.crd.york.ac.uk/CRDWeb/ShowRecord.asp?View=Full&amp;ID=12005001538\">provisional record</a> is for information, please note that the review has not been appraised yet. </em></p>\n<p><strong>Citation</strong></p>\n<p>Ernst E, Schmidt K. Ukrain: a new cancer cure? A systematic review of randomised clinical trials. BMC Cancer. 2005, 5: 69.</p>\n<p><strong>Authors' objectives</strong></p>\n<p>Ukrain is an anticancer drug based on the extract of the plant Chelidonium majus L. Numerous pre-clinical and clinical investigations seem to suggest that Ukrain is pharmacologically active and clinically effective. The authors's aim was to critically evaluate the clinical trial data in the form of a systematic review.</p>\n<p><strong>Authors' conclusions</strong></p>\n<p>The data from randomised clinical trials suggest Ukrain to have potential as an anticancer drug. However, numerous caveats prevent a positive conclusion, and independent rigorous studies are urgently needed.</p>\n<p><strong></strong> </p>",
  "resourceType": "CARDEX"
}