{
  "name": "Complementary and Alternative Medicine",
  "title": "Bandolier: Complementary and Alternative Therapies",
  "rootDirectory": "/cam",
  "topics": "COMPLEMENTARY AND ALTERNATIVE MEDICINE,CAM GENERAL,AUGUST 2006,DATE ADDED",
  "publicationDate": "",
  "url": "http://www.medicine.ox.ac.uk/bandolier/booth/booths/altmed.html",
  "id": "155520",
  "publicationType": "Reference Material",
  "publisher": "Bandolier",
  "description": "<p>The electronic version of <a href=\"http://www.jr2.ox.ac.uk/bandolier/journal.html\">Bandolier</a>, a journal about evidence-based healthcare, provides access to material from the printed version (with a delay of 6 months) as well as additional content for the specialist resource areas one of which is complementary and alternative medicine.</p>\n<p>The website includes abstracts of systematic reviews and meta-analyses of complementary and alternative therapies (CAT), or other studies about CAT.</p>",
  "resourceType": "CARDEX"
}