{
  "name": "Complementary and Alternative Medicine",
  "title": "Intute: Health and Life Sciences - Complementary Therapies",
  "rootDirectory": "/cam",
  "topics": "COMPLEMENTARY AND ALTERNATIVE MEDICINE,AUGUST 2006,CAM GENERAL,DATE ADDED",
  "publicationDate": "",
  "url": "http://www.intute.ac.uk/cgi-bin/browse-keyword.pl?jacs=omni&id=91822",
  "id": "155508",
  "publicationType": "Reference Material",
  "publisher": "Intute",
  "description": "<p><a href=\"http://www.intute.ac.uk/\">Intute</a> is a free online service providing access to high quality web resources for education and research. The service is created by a network of UK universities and partners. Resources are selected and evaluated by subject specialists.</p>\n<p>This page provides access to a small collection of resources in the field of complementary medicine. </p>",
  "resourceType": "CARDEX"
}