{
  "name": "Complementary and Alternative Medicine",
  "title": "ABC of complementary medicine. Massage therapies",
  "rootDirectory": "/cam",
  "topics": "COMPLEMENTARY AND ALTERNATIVE MEDICINE,AROMATHERAPY,MASSAGE,REFLEXOLOGY,AUGUST 2006,CAM GENERAL,DATE ADDED,PATIENT INFORMATION",
  "publicationDate": "1999-11-06T00:00:00",
  "url": "http://bmj.bmjjournals.com/cgi/content/full/319/7219/1254",
  "id": "156498",
  "publicationType": "Reference Material",
  "publisher": "BMJ Publishing Group",
  "description": "<p>This article provides a brief overview of massage and some related therapies such as aromatherapy and reflexology.</p>\n<p><strong>Citation:</strong></p>\n<p>Vickers A, Zollman C. ABC of complementary medicine. Massage therapies. BMJ. 1999 Nov 6;319(7219):1254-7.</p>",
  "resourceType": "CARDEX"
}