{
  "name": "Complementary and Alternative Medicine",
  "title": "ABC of complementary medicine: complementary medicine and the doctor",
  "rootDirectory": "/cam",
  "topics": "COMPLEMENTARY AND ALTERNATIVE MEDICINE,DATE ADDED,CAM GENERAL,AUGUST 2006,PATIENT INFORMATION",
  "publicationDate": "1999-12-11T00:00:00",
  "url": "http://bmj.bmjjournals.com/cgi/content/full/319/7224/1558",
  "id": "156434",
  "publicationType": "Reference Material",
  "publisher": "BMJ Publishing Group",
  "description": "<p>This article discusses a variety of situations where doctors deal with complementary medicine, ranging from patients' requests for referral to concerns about possible interactions between prescription drugs and complementary therapies.</p>\n<p><strong>Citation:</strong></p>\n<p>Zollman C, Vickers A. ABC of complementary medicine: complementary medicine and the doctor. BMJ. 1999 Dec 11; 319(7224):1558-61. </p>",
  "resourceType": "CARDEX"
}