{
  "name": "Complementary and Alternative Medicine",
  "title": "ABC of complementary medicine. Complementary medicine and the patient",
  "rootDirectory": "/cam",
  "topics": "COMPLEMENTARY AND ALTERNATIVE MEDICINE,AUGUST 2006,CAM GENERAL,PATIENT INFORMATION,USE OF CAM,DATE ADDED",
  "publicationDate": "1999-12-04T00:00:00",
  "url": "http://bmj.bmjjournals.com/cgi/content/full/319/7223/1486",
  "id": "156441",
  "publicationType": "Reference Material",
  "publisher": "BMJ Publishing Group",
  "description": "<p>This article discusses patients’ attitudes towards complementary therapies use.<?xml:namespace prefix = o ns = \"urn:schemas-microsoft-com:office:office\" /?><p></p></p>\n<p><strong>Citation:</strong></p>\n<p>Zollman C, Vickers A. ABC of complementary medicine. Complementary medicine and the patient. BMJ. 1999 Dec 4;319(7223):1486-9.</p>",
  "resourceType": "CARDEX"
}