{
  "name": "Complementary and Alternative Medicine",
  "title": "ABC of complementary medicine. The manipulative therapies: osteopathy and chiropractic",
  "rootDirectory": "/cam",
  "topics": "COMPLEMENTARY AND ALTERNATIVE MEDICINE,AUGUST 2006,CAM GENERAL,OSTEOPATHY,CHIROPRACTIC,DATE ADDED,PATIENT INFORMATION,2006",
  "publicationDate": "1999-10-30T00:00:00",
  "url": "http://www.ncbi.nlm.nih.gov/pmc/articles/PMC1116959/?tool=pubmed",
  "id": "156428",
  "publicationType": "Reference Material",
  "publisher": "BMJ Publishing Group",
  "description": "111-1ABC of complementary medicine. The manipulative therapies: osteopathy and chiropractic<p>This article provides a brief overview of chiropractic and osteopathy often referred to as manipulative therapies.</p>\n<p><strong>Citation:</strong></p>\n<p>Vickers A, Zollman C. ABC of complementary medicine. The manipulative therapies: osteopathy and chiropractic. BMJ. 1999 Oct 30;319(7218):1176-9.<br /></p>",
  "resourceType": "CARDEX"
}