{
  "name": "Complementary and Alternative Medicine",
  "title": "ABC of complementary medicine. Hypnosis and relaxation therapies",
  "rootDirectory": "/cam",
  "topics": "COMPLEMENTARY AND ALTERNATIVE MEDICINE,CAM GENERAL,AUGUST 2006,YOGA,MEDITATION,HYPNOSIS,OTHER THERAPIES OR MEDICAL SYSTEMS,RELAXATION TECHNIQUES,DATE ADDED,PATIENT INFORMATION",
  "publicationDate": "1999-11-20T00:00:00",
  "url": "http://www.ncbi.nlm.nih.gov/pmc/articles/PMC1117083/?tool=pubmed",
  "id": "156493",
  "publicationType": "Reference Material",
  "publisher": "BMJ Publishing Group",
  "description": "<p>This article provides a brief overview of hypnosis and relaxation therapies.</p>\n<p><strong>Citation:</strong></p>\n<p>Vickers A, Zollman C. ABC of complementary medicine. Hypnosis and relaxation therapies. BMJ. 1999 Nov 20;319(7221):1346-9.</p>",
  "resourceType": "CARDEX"
}