{
  "name": "Complementary and Alternative Medicine",
  "title": "ABC of complementary medicine. Homoeopathy",
  "rootDirectory": "/cam",
  "topics": "COMPLEMENTARY AND ALTERNATIVE MEDICINE,HOMEOPATHY,CAM GENERAL,AUGUST 2006,PATIENT INFORMATION,DATE ADDED",
  "publicationDate": "1999-10-23T00:00:00",
  "url": "http://bmj.bmjjournals.com/cgi/content/full/319/7217/1115",
  "id": "156500",
  "publicationType": "Reference Material",
  "publisher": "BMJ Publishing Group",
  "description": "<p>This article provides a brief overview of homeopathy.</p>\n<p><strong>Citation:</strong></p>\n<p>Vickers A, Zollman C. ABC of complementary medicine. Homoeopathy. BMJ. 1999 Oct 23;319(7217):1115-8. <br /><br /> </p>",
  "resourceType": "CARDEX"
}