{
  "name": "Complementary and Alternative Medicine",
  "title": "House of Lords Select Committee on Science & Technology : sixth report",
  "rootDirectory": "/cam",
  "topics": "COMPLEMENTARY AND ALTERNATIVE MEDICINE,AUGUST 2006,CAM GENERAL,DATE ADDED,USE OF CAM,EDUCATION/CPD,REGULATION,RESEARCH",
  "publicationDate": "2000-11-21T00:00:00",
  "url": "http://www.parliament.the-stationery-office.co.uk/pa/ld199900/ldselect/ldsctech/123/12301.htm",
  "id": "156538",
  "publicationType": "Reference Material",
  "publisher": "UK Parliament",
  "description": "This is the full-text of a report on alternative and complementary therapies delivered to the House of Lords in November 2000. Chapters cover an introduction; definitions of CAM and specific CAM therapies; patient satisfaction, the role of the therapist and the placebo response; evidence; regulation; professional training and education; research and development; information; and delivery.",
  "resourceType": "CARDEX"
}