{
  "name": "Complementary and Alternative Medicine",
  "title": "ABC of complementary medicine. Acupuncture",
  "rootDirectory": "/cam",
  "topics": "ACUPUNCTURE,COMPLEMENTARY AND ALTERNATIVE MEDICINE,AUGUST 2006,CAM GENERAL,DATE ADDED,PATIENT INFORMATION",
  "publicationDate": "1999-10-09T00:00:00",
  "url": "http://bmj.bmjjournals.com/cgi/content/full/319/7215/973",
  "id": "156502",
  "publicationType": "Reference Material",
  "publisher": "BMJ Publishing Group",
  "description": "<p>This article provides a brief overview of acupuncture.</p>\n<p><strong>Citation:</strong></p>\n<p>Vickers A, Zollman C. ABC of complementary medicine. Acupuncture. BMJ. 1999 Oct 9;319(7215):973-6. </p>",
  "resourceType": "CARDEX"
}