{
  "name": "Complementary and Alternative Medicine",
  "title": "ABC of complementary medicine: herbal medicine",
  "rootDirectory": "/cam",
  "topics": "COMPLEMENTARY AND ALTERNATIVE MEDICINE,CAM GENERAL,AUGUST 2006,OTHER THERAPIES OR MEDICAL SYSTEMS,HERBAL MEDICINE,TRADITIONAL CHINESE MEDICINE (TCM),PATIENT INFORMATION,DATE ADDED",
  "publicationDate": "1999-10-16T00:00:00",
  "url": "http://bmj.bmjjournals.com/cgi/content/full/319/7216/1050",
  "id": "156509",
  "publicationType": "Reference Material",
  "publisher": "BMJ Publishing Group",
  "description": "<p>This article provides a brief overview of herbal medicine.</p>\n<p><strong>Citation:</strong></p>\n<p>Vickers A, Zollman C. ABC of complementary medicine: herbal medicine. BMJ. 1999 Oct 16;319(7216):1050-3.</p>",
  "resourceType": "CARDEX"
}