{
  "name": "Complementary and Alternative Medicine",
  "title": "Osteopathic manipulative treatment for low back pain: a systematic review and meta-analysis of randomized controlled trials",
  "rootDirectory": "/cam",
  "topics": "COMPLEMENTARY AND ALTERNATIVE MEDICINE,OCTOBER 2006,BACK PAIN,CONDITIONS A-B,CONDITIONS A-Z,OSTEOPATHY,DATE ADDED",
  "publicationDate": "2005-08-04T00:00:00",
  "url": "http://www.biomedcentral.com/1471-2474/6/43",
  "id": "187583",
  "publicationType": "Systematic Review",
  "publisher": "BioMed Central",
  "description": "<p><em>This review has been evaluated by a CRD Reviewer as potentially meeting the <a href=\"http://www.york.ac.uk/inst/crd/faq4.htm\">CRD quality criteria</a> and a structured abstract is in the process of being written. This <a href=\"http://www.crd.york.ac.uk/CRDWeb/ShowRecord.asp?View=Full&amp;ID=12005001298\">provisional record</a> is for information, please note that the review has not been appraised yet. </em></p>\n<p><strong>Citation</strong></p>\n<p>Licciardone JC, Brimhall AK, King LN. Osteopathic manipulative treatment for low back pain: a systematic review and meta-analysis of randomized controlled trials. BMC Musculoskeletal Disorders. 2005 Aug 4;6:43. </p>\n<p><strong>Authors' objectives</strong></p>\n<p>The purpose of this study was to assess the efficacy of osteopathic manipulative treatment (OMT) as a complementary treatment for low back pain.</p>\n<p><strong>Authors' conclusions</strong></p>\n<p>OMT significantly reduces low back pain. The level of pain reduction is greater than expected from placebo effects alone and persists for at least three months. Additional research is warranted to elucidate mechanistically how OMT exerts its effects, to determine if OMT benefits are long lasting, and to assess the cost-effectiveness of OMT as a complementary treatment for low back pain.</p>\n<p><strong></strong> </p>",
  "resourceType": "CARDEX"
}