{
  "name": "Complementary and Alternative Medicine",
  "title": "Meta-analysis of effectiveness and tolerability of treatment of mild to moderate depression with St. John's Wort",
  "rootDirectory": "/cam",
  "topics": "COMPLEMENTARY AND ALTERNATIVE MEDICINE,OCTOBER 2006,HERBS R-Z,CONDITIONS D-E,DEPRESSION,HERBAL MEDICINE,CONDITIONS A-Z,ST JOHN'S WORT (HYPERICUM PERFORATUM),DATE ADDED",
  "publicationDate": "2004-06-01T00:00:00",
  "url": "http://www.ncbi.nlm.nih.gov/entrez/query.fcgi?db=pubmed&cmd=Retrieve&dopt=AbstractPlus&list_uids=15211398&query_hl=28&itool=pubmed_DocSum",
  "id": "187622",
  "publicationType": "Systematic Review",
  "publisher": "Thieme",
  "description": "<p><em>This review has been evaluated by a CRD Reviewer as potentially meeting the <a href=\"http://www.york.ac.uk/inst/crd/faq4.htm\">CRD quality criteria</a> and a structured abstract is in the process of being written. This <a href=\"http://www.crd.york.ac.uk/CRDWeb/ShowRecord.asp?View=Full&amp;ID=12004001265\">provisional record</a> is for information, please note that the review has not been appraised yet. </em></p>\n<p><strong>Citation</strong></p>\n<p>Roder C, Schaefer M, Leucht S. Meta-analyse zu Wirksamkeit und Vertraglichkeit der Behandlung der leichten und mittelschweren Depression mit Johanniskraut [Meta-analysis of effectiveness and tolerability of treatment of mild to moderate depression with St. John's Wort] Fortschritte der Neurologie-Psychiatrie. 2004, 72(6):330-43. </p>\n<p><strong>Authors' objectives</strong></p>\n<p>To conduct a meta-analysis to review St. John's Wort's place in the treatment of depression. </p>\n<p><strong>Authors' conclusions</strong></p>\n<p>The result of the meta-analysis viewed together with St. John's Wort's favourable side-effects profile, leading to a lower rate of drop-outs, suggests treatment with St. John's Wort should be attempted for milder forms of depression. Funnel plot analysis suggested publication bias could exist for the comparison with placebo. To put this in a perspective the fail-safe-N-test calculated that 423 studies with no effect would be needed to negate the presented result for placebo studies.</p>\n<p><strong></strong> </p>",
  "resourceType": "CARDEX"
}