{
  "name": "Complementary and Alternative Medicine",
  "title": "Acupuncture of the ear as therapeutic approach in the treatment of alcohol and substance abuse: a systematic review",
  "rootDirectory": "/cam",
  "topics": "COMPLEMENTARY AND ALTERNATIVE MEDICINE,ACUPUNCTURE,CONDITIONS A-Z,CONDITIONS D-E,CONDITIONS A-B,DRUG USE DISORDERS,ALCOHOL MISUSE,OCTOBER 2006,DATE ADDED",
  "publicationDate": "2004-04-01T00:00:00",
  "url": "http://www.neuland.com/index.php?s=sen&s2=inh&s3=2004305",
  "id": "187624",
  "publicationType": "Systematic Review",
  "publisher": "Neuland",
  "description": "<p><em>This review has been evaluated by a CRD Reviewer as potentially meeting the <a href=\"http://www.york.ac.uk/inst/crd/darefaq.htm\">CRD quality criteria</a> and a structured abstract is in the process of being written. This <a href=\"http://www.crd.york.ac.uk/CRDWeb/ShowRecord.asp?View=Full&amp;ID=12004009896\">provisional record</a> is for information, please note that the review has not been appraised yet. </em></p>\n<p><strong>Citation</strong></p>\n<p>Kunz S, Schulz M, Syrbe G, Driessen M. Ohrakupunktur in der Therapie alkohol und substanzbezogener Storungen: eine Ubersicht [Acupuncture of the ear as therapeutic approach in the treatment of alcohol and substance abuse: a systematic review]. SUCHT. 2004, 50(3): 196–203. </p>\n<p><strong>Authors' objectives</strong></p>\n<p>Acupuncture as a treatment of substance-related disorders has reached increasing acceptance. A systematic review of the available studies is provided to determine if this trend is supported by the scientific evidence from RCTs. </p>\n<p><strong>Authors' conclusions</strong></p>\n<p>The available scientific evidence does not support the efficacy of acupuncture in the treatment of withdrawal in opiate-, cocaine- and alcohol-dependent patients.</p>",
  "resourceType": "CARDEX"
}