{
  "name": "Complementary and Alternative Medicine",
  "title": "A systematic review of conservative treatments for acute neck pain not due to whiplash",
  "rootDirectory": "/cam",
  "topics": "COMPLEMENTARY AND ALTERNATIVE MEDICINE,CHIROPRACTIC,CONDITIONS A-Z,PAIN,CONDITIONS M-O,CONDITIONS P-R,OCTOBER 2006,NECK PAIN,DATE ADDED",
  "publicationDate": "2005-07-01T00:00:00",
  "url": "http://www.ncbi.nlm.nih.gov/entrez/query.fcgi?db=pubmed&cmd=Retrieve&dopt=AbstractPlus&list_uids=16096044&query_hl=24&itool=pubmed_DocSum",
  "id": "187619",
  "publicationType": "Systematic Review",
  "publisher": "Elsevier",
  "description": "<p><em>This review has been evaluated by a CRD Reviewer as potentially meeting the <a href=\"http://www.york.ac.uk/inst/crd/darefaq.htm\">CRD quality criteria</a> and a structured abstract is in the process of being written. This <a href=\"http://www.crd.york.ac.uk/CRDWeb/ShowRecord.asp?View=Full&amp;ID=12005001496\">provisional record</a> is for information, please note that the review has not been appraised yet. </em></p>\n<p><strong>Citation</strong></p>\n<p>Vernon HT, Humphreys BK, Hagino CA. A systematic review of conservative treatments for acute neck pain not due to whiplash. Journal of Manipulative and Physiological Therapeutics. 2005, 28(6):443-8. </p>\n<p><strong>Authors' objectives</strong></p>\n<p>To identify the evidence base of clinical trials of conservative treatments for acute neck pain not due to whiplash injury.</p>\n<p><strong>Authors' conclusions</strong></p>\n<p>There is limited evidence of the benefit of spinal manipulation and transcutaneous electrical nerve stimulation in the treatment of acute neck pain not due to whiplash injury. There is a dearth of high-quality clinical trials of conservative treatments for this condition. </p>\n<p><strong></strong> </p>",
  "resourceType": "CARDEX"
}