{
  "name": "Complementary and Alternative Medicine",
  "title": "Acupuncture for Parkinson's Disease (Cochrane protocol)",
  "rootDirectory": "/cam",
  "topics": "ACUPUNCTURE,COMPLEMENTARY AND ALTERNATIVE MEDICINE,CONDITIONS A-Z,CONDITIONS P-R,PARKINSON’S DISEASE,NOVEMBER 2006,CAM GENERAL,DATE ADDED,RESEARCH",
  "publicationDate": "2006-10-18T00:00:00",
  "url": "http://www.mrw.interscience.wiley.com/cochrane/clsysrev/articles/CD006236/frame.html",
  "id": "191092",
  "publicationType": "Systematic Review",
  "publisher": "John Wiley & Sons, Ltd",
  "description": "<i>\n<p>This is the protocol for a Cochrane systematic review. This record will be updated when the review has been completed.</p></i>\n<p><strong>Citation</strong></p>\n<p>Wang L, Xie Y, Zhang S, Wu T. Acupuncture for Parkinson's Disease. (Protocol) Cochrane Database of Systematic Reviews 2006, Issue 4. Art. No.: CD006236. DOI: 10.1002/14651858.CD006236. </p>\n<p><strong><strong>Authors'</strong> objectives</strong></p>\n<p>To compare the efficacy, safety, tolerability, and cost of acupuncture versus any other conventional therapy, or no treatment, for patients with idiopathic PD. The following points will be addressed:</p>\n<ul><li>Does acupuncture decrease the morbidity and mortality associated with PD in the long-term? \n</li><li>Does acupuncture improve levels of disability and, impairment in patient with PD in the short-term? \n</li><li>Does the use of acupuncture therapy lead to a reduction in the use of anti-Parkinsonian medication or the number of referrals for surgery? \n</li><li>Does acupuncture improve the quality of life for people with PD? \n</li><li>Are people with PD satisfied with acupuncture therapy, is it acceptable and tolerable for them? \n</li><li>What adverse effects are associated with acupuncture therapy? \n</li><li>What are the costs associated with acupuncture therapy, particularly when compared to conventional therapy costs?</li></ul>",
  "resourceType": "CARDEX"
}