{
  "name": "Complementary and Alternative Medicine",
  "title": "Herbal medicine for relapse and metastasis in patients operated for colorectal cancer (Cochrane protocol)",
  "rootDirectory": "/cam",
  "topics": "COMPLEMENTARY AND ALTERNATIVE MEDICINE,CONDITIONS A-Z,OTHER THERAPIES OR MEDICAL SYSTEMS,HERBAL MEDICINE,CONDITIONS C,CANCER,TRADITIONAL CHINESE MEDICINE (TCM),COLORECTAL CANCER,NOVEMBER 2006,DATE ADDED",
  "publicationDate": "2006-10-18T00:00:00",
  "url": "http://www.mrw.interscience.wiley.com/cochrane/clsysrev/articles/CD006270/frame.html",
  "id": "191107",
  "publicationType": "Systematic Review",
  "publisher": "John Wiley & Sons, Ltd",
  "description": "<i>\n<p>This is the protocol for a Cochrane systematic review. This record will be updated when the review has been completed.</p></i>\n<p><strong>Citation</strong></p>\n<p>Wu Y, Luo L, Liu JP, Yang YF, Guo ZN. Herbal medicine for relapse and metastasis in patients operated for colorectal cancer. (Protocol) Cochrane Database of Systematic Reviews 2006, Issue 4. Art. No.: CD006270. DOI: 10.1002/14651858.CD006270. </p>\n<p><strong><strong>Authors'</strong> objectives</strong></p>\n<p>The objective of this review is to assess the effect of herbal medicine on preventing relapse and metastasis of postoperative colorectal cancer with no intervention or chemotherapy or radiotherapy, including herbal medicine combined with chemotherapy or radiotherapy compared with chemotherapy or radiotherapy alone.<br /></p>",
  "resourceType": "CARDEX"
}