{
  "name": "Complementary and Alternative Medicine",
  "title": "Acupuncture for urinary incontinence in adults without neurological disease (Cochrane protocol)",
  "rootDirectory": "/cam",
  "topics": "ACUPUNCTURE,COMPLEMENTARY AND ALTERNATIVE MEDICINE,CONDITIONS A-Z,CONDITIONS T-Z,URINARY INCONTINENCE,NOVEMBER 2006,DATE ADDED",
  "publicationDate": "2006-10-18T00:00:00",
  "url": "http://www.mrw.interscience.wiley.com/cochrane/clsysrev/articles/CD006235/frame.html",
  "id": "191102",
  "publicationType": "Systematic Review",
  "publisher": "John Wiley & Sons, Ltd",
  "description": "<i>\n<p>This is the protocol for a Cochrane systematic review. This record will be updated when the review has been completed.</p></i>\n<p><strong>Citation</strong></p>\n<p>Sung LM, Jiaqi W. Acupuncture for urinary incontinence in adults without neurological disease. (Protocol) Cochrane Database of Systematic Reviews 2006, Issue 4. Art. No.: CD006235. DOI: 10.1002/14651858.CD006235. </p>\n<p><strong><strong>Authors'</strong> objectives</strong></p>\n<p>To determine the effects of acupuncture and electroacupunture in the management of adult urinary incontinence. The following comparisons will be made:</p>\n<p>1. Acupuncture or electroacupuncture versus no acupuncture or electroacupuncture;<br />2. Acupuncture or electroacupuncture versus behavioural therapy for managing urinary incontinence symptoms;<br />3. Acupuncture or electroacupuncture versus drug therapy;<br />4. Acupuncture or electroacupuncture has fewer adverse treatment effects compared to another therapy;<br />5. Acupuncture or electroacupuncture with another treatment versus the other treatment alone.<br /></p>\n<p> </p>",
  "resourceType": "CARDEX"
}