{
  "name": "Complementary and Alternative Medicine",
  "title": "Acupuncture for symptomatic treatment of diabetic peripheral neuropathy (Cochrane protocol)",
  "rootDirectory": "/cam",
  "topics": "COMPLEMENTARY AND ALTERNATIVE MEDICINE,ACUPUNCTURE,NOVEMBER 2006,DIABETES MELLITUS,CONDITIONS D-E,CONDITIONS A-Z,DATE ADDED",
  "publicationDate": "2006-10-18T00:00:00",
  "url": "http://www.mrw.interscience.wiley.com/cochrane/clsysrev/articles/CD006280/frame.html",
  "id": "191101",
  "publicationType": "Systematic Review",
  "publisher": "John Wiley & Sons, Ltd",
  "description": "<i>\n<p>This is the protocol for a Cochrane systematic review. This record will be updated when the review has been completed.</p></i>\n<p><strong>Citation</strong></p>\n<p>Zhao T, Zhang R, Zhao H. Acupuncture for symptomatic treatment of diabetic peripheral neuropathy. (Protocol) Cochrane Database of Systematic Reviews 2006, Issue 4. Art. No.: CD006280. DOI: 10.1002/14651858.CD006280. </p>\n<p><strong><strong>Authors'</strong> objectives</strong></p>\n<p>To assess the beneficial and harmful effects of acupuncture therapy for symptomatic diabetic peripheral neuropathy compared with placebo, no treatment or other treatments.<br /></p>",
  "resourceType": "CARDEX"
}