{
  "name": "Complementary and Alternative Medicine",
  "title": "Complementary therapies for acne vulgaris (Cochrane protocol)",
  "rootDirectory": "/cam",
  "topics": "COMPLEMENTARY AND ALTERNATIVE MEDICINE,NOVEMBER 2006,ACNE,CONDITIONS A-B,CONDITIONS A-Z,DATE ADDED",
  "publicationDate": "2006-10-18T00:00:00",
  "url": "http://www.mrw.interscience.wiley.com/cochrane/clsysrev/articles/CD006262/frame.html",
  "id": "191106",
  "publicationType": "Systematic Review",
  "publisher": "John Wiley & Sons, Ltd",
  "description": "<i>\n<p>This is the protocol for a Cochrane systematic review. This record will be updated when the review has been completed.</p></i>\n<p><strong>Citation</strong></p>\n<p>Leonard T, Eady A, Jordan J, Leonardi-Bee J. Complementary therapies for acne vulgaris. (Protocol) Cochrane Database of Systematic Reviews 2006, Issue 4. Art. No.: CD006262. DOI: 10.1002/14651858.CD006262. </p>\n<p><strong><strong>Authors'</strong> objectives</strong></p>\n<p>To assess the effects of any therapy or treatment which is currently regarded as complementary or alternative in the management of acne vulgaris.<br /></p>",
  "resourceType": "CARDEX"
}