{
  "name": "Complementary and Alternative Medicine",
  "title": "The Alexander technique: a systematic review of controlled clinical trials",
  "rootDirectory": "/cam",
  "topics": "COMPLEMENTARY AND ALTERNATIVE MEDICINE,OTHER THERAPIES OR MEDICAL SYSTEMS,CONDITIONS A-Z,CONDITIONS P-R,PARKINSON’S DISEASE,ALEXANDER TECHNIQUE,NOVEMBER 2006,DATE ADDED",
  "publicationDate": "2003-12-01T00:00:00",
  "url": "http://www.ncbi.nlm.nih.gov/entrez/query.fcgi?db=pubmed&cmd=Retrieve&dopt=AbstractPlus&list_uids=14707481&query_hl=17&itool=pubmed_docsum",
  "id": "197333",
  "publicationType": "Systematic Review",
  "publisher": "Karger",
  "description": "<p><em>This review has been evaluated by a CRD Reviewer as potentially meeting the <a href=\"http://www.york.ac.uk/inst/crd/faq4.htm\">CRD quality criteria</a> and a structured abstract is in the process of being written. This <a href=\"http://www.crd.york.ac.uk/CRDWeb/ShowRecord.asp?View=Full&amp;ID=12004000179\">provisional record</a> is for information, please note that the review has not been appraised yet. </em></p>\n<p><strong>Citation</strong></p>\n<p>Ernst E, Canter PH. The Alexander technique: a systematic review of controlled clinical trials. Forschende Komplementärmedizin und klassische Naturheilkunde. 2003, 10(6):325-9.</p>\n<p><strong>Authors' objectives</strong></p>\n<p>This systematic review is aimed at critically evaluating the evidence for or against the effectiveness of Alexander technique.</p>\n<p><strong>Authors' conclusions</strong></p>\n<p>The few controlled clinical trials of Alexander technique (AT) yield encouraging albeit not convincing evidence. AT deserves to be studied in more detail. </p>",
  "resourceType": "CARDEX"
}