{
  "name": "Complementary and Alternative Medicine",
  "title": "Acupuncture for back pain: meta-analysis of randomised controlled trials and an update with data from the most recent studies",
  "rootDirectory": "/cam",
  "topics": "ACUPUNCTURE,COMPLEMENTARY AND ALTERNATIVE MEDICINE,CONDITIONS A-Z,BACK PAIN,CONDITIONS A-B,NOVEMBER 2006,DATE ADDED",
  "publicationDate": "2002-04-01T00:00:00",
  "url": "http://www.ncbi.nlm.nih.gov/entrez/query.fcgi?db=pubmed&cmd=Retrieve&dopt=AbstractPlus&list_uids=11956898&query_hl=7&itool=pubmed_docsum",
  "id": "197319",
  "publicationType": "Systematic Review",
  "publisher": "Springer-Verlag",
  "description": "<p><strong>Citation</strong></p>\n<p>Ernst E, White AR, Wider B. Acupuncture for back pain: meta-analysis of randomised controlled trials and an update with data from the most recent studies. [Akupunktur bei Ruckenschmerzen: Metaanalyse randomisierter kontrollierter Studien und update unter Berucksichtigung neuester Daten]. Schmerz. 2002, 16(2):129-39. (Article in German)</p>\n<p><strong>Authors' objectives</strong></p>\n<p>To compare a previous meta-analysis of trials of acupuncture for the treatment of back pain with a qualitative review and the most recent studies on the subject.</p>\n<p><strong>Authors' conclusions</strong></p>\n<p>Collectively, these data imply that acupuncture is superior to various control interventions, although there is insufficient evidence to state whether it is superior to placebo.</p>\n<p> </p>",
  "resourceType": "CARDEX"
}