{
  "name": "Complementary and Alternative Medicine",
  "title": "Anthocyanosides of Vaccinium myrtillus (bilberry) for night vision--a systematic review of placebo-controlled trials",
  "rootDirectory": "/cam",
  "topics": "COMPLEMENTARY AND ALTERNATIVE MEDICINE,NOVEMBER 2006,VISION DISORDERS,HERBS A-C,BILBERRY (VACCINIUM MYRTILLUS),CONDITIONS T-Z,CONDITIONS A-Z,HERBAL MEDICINE,DATE ADDED",
  "publicationDate": "2004-01-01T00:00:00",
  "url": "http://www.ncbi.nlm.nih.gov/entrez/query.fcgi?db=pubmed&cmd=Retrieve&dopt=AbstractPlus&list_uids=14711439&query_hl=11&itool=pubmed_docsum",
  "id": "197328",
  "publicationType": "Systematic Review",
  "publisher": "Elsevier",
  "description": "<p><em>This review has been evaluated by a CRD Reviewer as potentially meeting the <a href=\"http://www.york.ac.uk/inst/crd/faq4.htm\">CRD quality criteria</a> and a structured abstract is in the process of being written. This <a href=\"http://www.crd.york.ac.uk/CRDWeb/ShowRecord.asp?View=Full&amp;ID=12004000272\">provisional record</a> is for information, please note that the review has not been appraised yet. </em></p>\n<p><strong>Citation</strong></p>\n<p>Canter PH, Ernst E. Anthocyanosides of Vaccinium myrtillus (bilberry) for night vision--a systematic review of placebo-controlled trials. Survey of Ophthalmology. 2004, 49(1):38-50. </p>\n<p><strong>Authors' objectives</strong></p>\n<p>To review systematically placebo-controlled trials of V. myrtillus-extracted anthocyanosides for evidence of positive effects on night vision. </p>\n<p><strong>Authors' conclusions</strong></p>\n<p>The hypothesis that V. myrtillus anthocyanosides improves normal night vision is not supported by evidence from rigorous clinical studies. There is a complete absence of rigorous research into the effects of the extract on subjects suffering impaired night vision due to pathological eye conditions. Evidence from methodologically weaker trials and auxiliary evidence from animal studies, trials of synthetic anthocyanosides, and a recent randomized controlled trial of Ribes nigrum (black currant) anthocyanosides may warrant further trials of V. myrtillus anthocyanosides in subjects with impaired night vision.</p>\n<p><strong></strong> </p>",
  "resourceType": "CARDEX"
}