{
  "name": "Complementary and Alternative Medicine",
  "title": "Does clinician treatment choice improve the outcomes of manual therapy for nonspecific low back pain? A metaanalysis",
  "rootDirectory": "/cam",
  "topics": "COMPLEMENTARY AND ALTERNATIVE MEDICINE,CHIROPRACTIC,CONDITIONS A-Z,CONDITIONS A-B,BACK PAIN,NOVEMBER 2006,DATE ADDED",
  "publicationDate": "2005-06-01T00:00:00",
  "url": "http://www.ncbi.nlm.nih.gov/entrez/query.fcgi?db=pubmed&cmd=Retrieve&dopt=AbstractPlus&list_uids=15965405&query_hl=46&itool=pubmed_docsum",
  "id": "197358",
  "publicationType": "Systematic Review",
  "publisher": "Elsevier",
  "description": "<p><em>This review has been evaluated by a CRD Reviewer as potentially meeting the <a href=\"http://www.york.ac.uk/inst/crd/faq4.htm\">CRD quality criteria</a> and a structured abstract is in the process of being written. This <a href=\"http://www.crd.york.ac.uk/CRDWeb/ShowRecord.asp?View=Full&amp;ID=12005000649\">provisional record</a> is for information, please note that the review has not been appraised yet. </em></p>\n<p><strong>Citation</strong></p>\n<p>Kent P, Marks D, Pearson W, Keating J. Does clinician treatment choice improve the outcomes of manual therapy for nonspecific low back pain? A metaanalysis. Journal of Manipulative and Physiological Therapeutics. 2005, 28(5):312-22. </p>\n<p><strong>Authors' objectives</strong></p>\n<p>The purpose of this study is to quantitatively compare outcomes for trials when treating clinicians did, or did not, have the discretion to decide on treatment technique.</p>\n<p><strong>Authors' conclusions</strong></p>\n<p>Few quality studies are available, and conclusions on the basis of these data need to be interpreted with caution. However, allowing clinicians to choose from a number of treatment techniques does not appear to have improved the outcomes of these RCTs that have investigated the effect of manual therapy for nonspecific low back pain (NSLBP). If tailoring manual therapy treatment to NSLBP patients does positively impact on patient outcomes, this is not yet systematically apparent.</p>\n<p> </p>\n<p><strong></strong> </p>",
  "resourceType": "CARDEX"
}