{
  "name": "Complementary and Alternative Medicine",
  "title": "'Is this the end for homeopathy?'",
  "rootDirectory": "/cam",
  "topics": "COMPLEMENTARY AND ALTERNATIVE MEDICINE,HOMEOPATHY",
  "publicationDate": "2005-08-30T00:00:00",
  "url": "http://www.library.nhs.uk/rss/newsAndRssArticle.aspx?uri=http://www.library.nhs.uk/resources/?id=101932",
  "id": "212292",
  "publicationType": "Review",
  "publisher": "Centre for Reviews and Dissemination",
  "description": "<p><em><b>Hitting the Headlines</b> summaries produced by the <a href=\"http://www.york.ac.uk/inst/crd/index.htm\">Centre for Reviews and Dissemination</a></em><em> offer an analysis<br />of the evidence behind selected health stories reported in national newspapers.</em></p>\n<p>Homeopathy is no more effective than placebo, reported four newspapers on 26 August 2005. The newspapers reported a well-conducted study that compared 110 trials of homeopathy with 110 trials of conventional medicine. The authors concluded that whilst the effects of conventional medicine are greater than placebo, the effects of homeopathy are not.<br /><br /></p>\n<p> </p>",
  "resourceType": "CARDEX"
}