{
  "name": "Complementary and Alternative Medicine",
  "title": "Is exercise therapy and manipulation effective in low back pain?",
  "rootDirectory": "/cam",
  "topics": "COMPLEMENTARY AND ALTERNATIVE MEDICINE,NOVEMBER 2006,BACK PAIN,CONDITIONS A-B,CONDITIONS A-Z,CHIROPRACTIC,DATE ADDED",
  "publicationDate": "1999-05-30T00:00:00",
  "url": "http://www.ncbi.nlm.nih.gov/entrez/query.fcgi?db=pubmed&cmd=Retrieve&dopt=AbstractPlus&list_uids=10394281&query_hl=12&itool=pubmed_docsum",
  "id": "212458",
  "publicationType": "Systematic Review",
  "publisher": "Norske Laegeforening",
  "description": "<p><em>This <em>study has met our selection criteria <em>but has not been fully appraised by the CAM specialist collection</em>. Where there is an appraisal available we have linked to it. If there is no appraisal and you wish to appraise this systematic review here is a </em><a href=\"http://www.phru.nhs.uk/Pages/PHD/resources.htm\"><em>link to a list of appraisal tools</em></a><em>.</em></em></p>\n<p><strong>Citation</strong></p>\n<p>Brox JI, Hagen KB, Juel NG, Storheim K. Is exercise therapy and manipulation effective in low back pain? [Har treningsterapi og manipulasjon effekt ved korsryggssmerter?] Tidsskrift for Den Norske Laegeforening. 1999, 119(14):2042-50. [Norwegian]</p>\n<p><strong>Authors' objectives</strong></p>\n<p>To evaluate the effectiveness of exercises and manipulation on pain, disability and sick leave in a systematic review of randomized controlled trials including patients with low back pain. </p>\n<p><strong>Authors' conclusions</strong></p>\n<p>On the basis of 11 studies, no additional benefits from exercises and manipulation were found in patients with acute complaints (0-4 weeks); thus, our results do not support guidelines that prescribe manipulation in the acute stage. One study found reduced disability and sick leave in the subacute stage (4-12 weeks) when patients were told that it was safe to move and this strategy was reinforced by a graded exercise program and visits to the workplace. Seven studies evaluated manipulation; the effectiveness was no better than other treatments or placebo. Based on seven studies in patients with chronic low back pain (&gt; 12 weeks), there is strong evidence that exercises reduce disability and pain, but their effectiveness on sick leave is not documented. Four studies compared different exercise regimens, but found no evidence in favour of one particular method. The effectiveness of manipulation in patients with chronic pain is poorly documented.</p>",
  "resourceType": "CARDEX"
}