{
  "name": "Complementary and Alternative Medicine",
  "title": "Iberogast: a modern phytotherapeutic combined herbal drug for the treatment of functional disorders of the gastrointestinal tract (dyspepsia, irritable bowel syndrome)--from phytomedicine to \"evidence based phytotherapy.\" A systematic review",
  "rootDirectory": "/cam",
  "topics": "COMPLEMENTARY AND ALTERNATIVE MEDICINE,HERBAL MEDICINE,CONDITIONS A-Z,IRRITABLE BOWEL SYNDROME,CONDITIONS F-H,CONDITIONS D-E,NOVEMBER 2006,CONDITIONS I-L,GASTROINTESTINAL DISEASES,DYSPEPSIA,DATE ADDED",
  "publicationDate": "2002-12-01T00:00:00",
  "url": "http://www.ncbi.nlm.nih.gov/entrez/query.fcgi?db=pubmed&cmd=Retrieve&dopt=AbstractPlus&list_uids=12618546&query_hl=16&itool=pubmed_docsum",
  "id": "212462",
  "publicationType": "Review",
  "publisher": "Karger",
  "description": "<p><strong>Citation</strong></p>\n<p>Saller R, Pfister-Hotz G, Iten F, Melzer J, Reichling J. [Iberogast: a modern phytotherapeutic combined herbal drug for the treatment of functional disorders of the gastrointestinal tract (dyspepsia, irritable bowel syndrome)--from phytomedicine to \"evidence based phytotherapy.\" A systematic review]. Forschende Komplementarmedizin und Klassische Naturheilkunde. 2002 Dec;9 Suppl 1:1-20. (German)</p>\n<p><strong>Authors' objectives</strong></p>\n<p>To investigate the clinical effectiveness of Iberogast.</p>\n<p><strong>Authors' conclusions</strong></p>\n<p>As shown in controlled (according GCP standard) as well as supportive and uncontrolled clinical studies, the symptoms of functional dyspepsia and of irritable bowel syndrome (one controlled study and one observational study) could be significantly reduced by these herbal preparation in comparison to placebo. Two trials comparing Iberogast with the prokinetics metoclopramide and cisapride demonstrated a comparable therapeutic effectiveness of the herbal preparation and the prokinetics in the treatment of dyspepsia. Adverse events were rare and, with respect to frequency and spectrum, partly the same as found with placebo. Another advantage of Iberogast is that it targets only the gastrointestinal tract and the enteral nervous system, but not the central nervous system. Because of its special dual action, its clinically proven effectiveness, and its good tolerability, Iberogast may be a drug of first choice in the treatment of functional gastrointestinal diseases and their corresponding symptoms.</p>\n<p> </p>",
  "resourceType": "CARDEX"
}