{
  "name": "Complementary and Alternative Medicine",
  "title": "Music and the reduction of post-operative pain",
  "rootDirectory": "/cam",
  "topics": "COMPLEMENTARY AND ALTERNATIVE MEDICINE,NOVEMBER 2006,CONDITIONS P-R,MUSIC THERAPY,CONDITIONS A-Z,PAIN,OTHER THERAPIES OR MEDICAL SYSTEMS,DATE ADDED",
  "publicationDate": "2004-05-19T00:00:00",
  "url": "http://www.ncbi.nlm.nih.gov/entrez/query.fcgi?db=pubmed&cmd=Retrieve&dopt=AbstractPlus&list_uids=15176110&query_hl=20&itool=pubmed_docsum",
  "id": "212465",
  "publicationType": "Systematic Review",
  "publisher": "Royal College of Nursing",
  "description": "<p><em>This review has been evaluated by a CRD Reviewer as potentially meeting the <a href=\"http://www.york.ac.uk/inst/crd/faq4.htm\">CRD quality criteria</a> and a structured abstract is in the process of being written. This <a href=\"http://www.crd.york.ac.uk/CRDWeb/ShowRecord.asp?View=Full&amp;ID=12004003643\">provisional record</a> is for information, please note that the review has not been appraised yet. </em></p>\n<p><strong>Citation</strong></p>\n<p>Dunn K. Music and the reduction of post-operative pain. Nursing Standard. 2004, 18(36):33-9. </p>\n<p><strong>Authors' objectives</strong></p>\n<p>To investigate the effictiveness of music in reducing post-operative pain.</p>\n<p><strong>Authors' conclusions</strong></p>\n<p>The studies reviewed cannot prove that music is effective in reducing post-operative pain, because the research methodology in the majority is poor. Patients, experience of listening to music post-operatively was positive, aiding distraction and increasing comfort. This shows the difference between inconsistent results for the objective measures of pain and what the patient is reporting.</p>",
  "resourceType": "CARDEX"
}