{
  "name": "Complementary and Alternative Medicine",
  "title": "Ginkgo special extract EGb 761 in tinnitus therapy: an overview of results of completed clinical trials",
  "rootDirectory": "/cam",
  "topics": "COMPLEMENTARY AND ALTERNATIVE MEDICINE,HERBAL MEDICINE,CONDITIONS A-Z,GINKGO (GINKGO BILOBA),TINNITUS,CONDITIONS T-Z,NOVEMBER 2006,HERBS D-G,DATE ADDED",
  "publicationDate": "2001-01-11T00:00:00",
  "url": "http://www.ncbi.nlm.nih.gov/entrez/query.fcgi?db=pubmed&cmd=Retrieve&dopt=AbstractPlus&list_uids=11217680&query_hl=9&itool=pubmed_docsum",
  "id": "212448",
  "publicationType": "Review",
  "publisher": "Urban und Vogel, Medien- und Medizin Verlagsgesellschaft",
  "description": "<p><strong>Citation</strong></p>\n<p>Holstein N. Ginkgo special extract EGb 761 in tinnitus therapy. An overview of results of completed clinical trials. [Ginkgo-Spezialextrakt EGb 761 in der Tinnitus-Therapie: eine Ubersicht uber die Ergebnisse der durchgefuhrten klinischen Prufungen]. Fortschritte der Medizin. 2001, 118(4):157-64. [Full text is in German]</p>\n<p><strong>Authors' objectives</strong></p>\n<p>To investigate the effects of tinnitus treatment with Ginkgo biloba special extract EGb 761.</p>\n<p><strong>Authors' conclusions</strong></p>\n<p>The results of eight controlled studies on tinnitus due to cerebrovascular insufficiency or labyrinthine disorders of varying genesis for the most part show a statistically significant superiority of treatment with the Ginkgo biloba special extract EGb 761 as compared with placebo or reference drugs applied of periods of one to three months. <strong></strong> </p>",
  "resourceType": "CARDEX"
}