{
  "name": "Complementary and Alternative Medicine",
  "title": "Acupuncture",
  "rootDirectory": "/cam",
  "topics": "ACUPUNCTURE,COMPLEMENTARY AND ALTERNATIVE MEDICINE,DECEMBER 2006,DATE ADDED",
  "publicationDate": "1997-11-05T00:00:00",
  "url": "http://www.ncbi.nlm.nih.gov/books/bv.fcgi?rid=hstat4.chapter.18129",
  "id": "223997",
  "publicationType": "Consensus Statement",
  "publisher": "National Institutes of Health (NIH)",
  "description": "<p>NIH Consensus statements and State-of-the-Science statements (formerly known as technology assessment statements) are prepared by a nonadvocate, non-Department of Health and Human Services (DHHS) panels, based on (1) presentations by investigators working in areas relevant to the consensus questions during a 2-day public session; (2) questions and statements from conference attendees during open discussion periods that are part of the public session; and (3) closed deliberations by the panel during the remainder of the second day and morning of the third. </p>\n<p><strong>Citation</strong></p>\n<p>Acupuncture. NIH Consensus Statement 1997 Nov 3-5; 15(5):1-34.</p>\n<p><strong>Objective</strong></p>\n<p>To provide health care providers, patients, and the general public with a responsible assessment of the use and effectiveness of acupuncture for a variety of conditions.</p>\n<p><strong>Conclusions</strong></p>\n<p>Acupuncture as a therapeutic intervention is widely practiced in the United States. While there have been many studies of its potential usefulness, many of these studies provide equivocal results because of design, sample size, and other factors. The issue is further complicated by inherent difficulties in the use of appropriate controls, such as placebos and sham acupuncture groups. However, promising results have emerged, for example, showing efficacy of acupuncture in adult postoperative and chemotherapy nausea and vomiting and in postoperative dental pain. There are other situations such as addiction, stroke rehabilitation, headache, menstrual cramps, tennis elbow, fibromyalgia, myofascial pain, osteoarthritis, low back pain, carpal tunnel syndrome, and asthma, in which acupuncture may be useful as an adjunct treatment or an acceptable alternative or be included in a comprehensive management program. Further research is likely to uncover additional areas where acupuncture interventions will be useful.</p>\n<p><strong></strong> </p>\n<p><strong></strong> </p>",
  "resourceType": "CARDEX"
}