{
  "name": "Complementary and Alternative Medicine",
  "title": "The safety of massage therapy",
  "rootDirectory": "/cam",
  "topics": "COMPLEMENTARY AND ALTERNATIVE MEDICINE,MASSAGE,CAM GENERAL,SAFETY,DATE ADDED,JANUARY 2007",
  "publicationDate": "2003-09-01T00:00:00",
  "url": "http://rheumatology.oxfordjournals.org/cgi/content/full/42/9/1101",
  "id": "235659",
  "publicationType": "Systematic Review",
  "publisher": "Oxford University Press",
  "description": "<p><em>This review has been evaluated by a CRD Reviewer as potentially meeting the <a href=\"http://www.york.ac.uk/inst/crd/faq4.htm\">CRD quality criteria</a> and a structured abstract is in the process of being written. This <a href=\"http://www.crd.york.ac.uk/CRDWeb/ShowRecord.asp?View=Full&amp;ID=12003001830\">provisional record</a> is for information, please note that the review has not been appraised yet. </em></p>\n<p><strong>Citation</strong></p>\n<p>Ernst E. The safety of massage therapy. Rheumatology (Oxford). 2003, 42(9):1101-6. </p>\n<p><strong>Author's objectives</strong></p>\n<p>The aim of this systematic review is to evaluate the safety of massage therapy.</p>\n<p><strong>Author's conclusions</strong></p>\n<p>Massage is not entirely risk free. However, serious adverse events are probably true rarities.</p>\n<p><strong></strong> </p>",
  "resourceType": "CARDEX"
}