{
  "name": "Complementary and Alternative Medicine",
  "title": "Introduction to Homeopathy",
  "rootDirectory": "/cam",
  "topics": "HOMEOPATHY,COMPLEMENTARY AND ALTERNATIVE MEDICINE,CAM GENERAL,DATE ADDED,REGULATION,MARCH 2007,2007",
  "publicationDate": "2007-03-21T00:00:00",
  "url": "http://www.library.nhs.uk//cam/ViewResource.aspx?resID=258639",
  "id": "258639",
  "publicationType": "Reference Material",
  "publisher": "CAM Specialist Library",
  "description": "111-1Introduction to Homeopathy<blockquote></blockquote>\n<blockquote></blockquote>\n<table width=\"70%\"><tbody><tr><td width=\"15%\"></td>\n<td>\n<p><b>Contents</b></p>\n<p>\n</p><ul><li><a href=\"#Definition\">Definition</a> \n</li><li><a href=\"#Terms\">Some terms used in homeopathy</a> \n</li><li><a href=\"#Intro\">Introduction</a> \n</li><li><a href=\"#Clinical\">Clinical uses</a> \n</li><li><a href=\"#Safety\">Safety</a> \n</li><li><a href=\"#Regulation\">Regulation of homeopathy</a> \n</li><li><a href=\"#Professional\">Professional bodies and organisations </a>\n</li><li><a href=\"#Other\">Other relevant information</a> </li></ul></td></tr></tbody></table><br /><p><b><a>Definition</a></b> </p>\n<p><br /></p>\n<p><b>Homeopathy</b> (also spelt homoeopathy and homœopathy) – Etymology: from the Greek <em>homoios</em>, ‘similar’ and <em>pathos</em>, ‘suffering’.</p>\n<p>Homeopathy is a form of complementary and alternative medicine (CAM), based on the idea of ‘treating like with like’ (<em>Similia similibus curentur</em>), aiming to stimulate self-healing processes. Treatment is often individualized. Homeopathic medicines are of botanical, chemical, mineral, zoological, or human origin, and prepared by a process of successive dilution and agitation (succussion), known as potentization.</p>\n<p><br /><b>Related therapies/approaches:</b> Anthroposophical medicine, homotoxicology, isopathy.</p><br /><p><b><a>Some terms used in homeopathy</a></b></p>\n<table><tbody></tbody></table><table width=\"80%\"><tbody><tr><td>\n<blockquote>\n<p><em></em></p>\n<p><b><em>Aggravation:</em></b> A temporary increase in severity or worsening of symptoms or of the illness being treated, followed by improvement. Considered a favourable prognostic sign.</p><br /><p><em><b>Classical homeopathy:</b></em> In classical homeopathy, typically a single homeopathic medicine is selected on the basis of the total symptom picture of a patient, including mental, general and constitutional features. Also known as individualised prescribing.</p><br /><p><em><strong>Clinical homeopathy:</strong></em> In clinical homeopathy, one or more homeopathic medicines are administered for standard clinical situations or conventional diagnoses. </p><br /><p><em><strong>Complex homeopathy:</strong></em> In complex homeopathy, several medicines are combined in a standard mixture to treat a particular illness or syndrome. </p><br /><p></p>\n<p><em><strong>Constitution:</strong></em> The permanent characteristics of an individual including personality, general physical features (for instance sensitivity to cold) and body morphology.  </p><br /><p><em><strong>Constitutional prescribing:</strong></em> The homeopathic medicine is selected on the basis of the constitution of a patient (see above) as opposed to the symptoms of the disease. Sometimes summarised as treating people, not diseases. </p><br /><p><em><strong>Genus epidemicus:</strong></em> In the treatment of epidemics, homeopaths identified one, or a small number, of medicines that seemed effective in most cases, referred to as the ‘genus epidemicus’.</p><br /><p><em><strong>Homeopathic Pathogenetic Trials (HPTs):</strong></em>  A method  to test a substance at a non-toxic level on healthy volunteers to determine the symptoms it provokes and which, according to the Similarity Principle, it may be used to treat.  Synonymous with <em><strong>proving</strong></em>.</p><br /><p><em><strong>Homeopathic medicine:</strong></em> Medicine produced according to an homeopathic pharmacopoeia. Synonyms: homeopathic medicinal product, homeopathic remedy. Homeopathic medicine is the preferred term.</p><br /><p><em><strong>Isopathy:</strong></em> The use of homeopathic dilutions of allergens or causative infectious or toxic agents in the treatment ailments stimulated by the same. For instance dilutions of grass pollen to treat hayfever.</p><br /><p><em><strong>Materia medica:</strong></em> A book, program or other information source on prescribing indications for medicines.</p><br /><p><em><strong>Potency:</strong></em> Homeopathic dilution.</p><br /><p><em><strong>Potentisation:</strong></em> The process of serial dilution and succussion (vigorous shaking) by which homeopathic medicines are produced. </p><br /><p><em><strong>Proving:</strong></em> see <em><strong>Homeopathic Pathogenetic Trial</strong></em>.</p><br /><p><em><strong>Remedy:</strong></em> see <strong><em>Homeopathic medicine.</em></strong> </p><br /><p><strong><em>Repertory:</em></strong> Book or computer program systematically listing symptoms (usually by body system) and the homeopathic medicines whose prescription they may indicate.</p><br /><p><strong><em>Similarity (or Similia) Principle:</em></strong> The basic concept of homeopathy ‘Similia similibus curentur’ (‘Let like be cured by like’), stated by the German physician Samuel Hahnemann (1755-1843) in 1796. This implies that substances capable of causing disorder in healthy subjects are used as medicines to treat similar patterns of disorder experienced by ill people.</p><br /><p><strong><em>Simillimum:</em></strong> The homeopathic medicine which most closely matches a patient’s symptoms. </p><br /><p><strong><em>Succussion:</em></strong> Vigorous shaking carried out at each stage of the dilution in the preparation of a homeopathic medicine.</p><br /><p><strong><em>Trituration:</em></strong> Dilution by grinding with lactose, used in the first stages of dilution of homeopathic medicines prepared from insoluble source material.</p><br /><p><em><strong>Ultramolecular dilution:</strong></em> A dilution beyond Avogadro’s number in which there is unlikely to be any material trace of the original substance.</p><br /><p>Definitions adapted from <em>International Dictionary of Homeopathy</em> (2000). Swayne J. (Ed), London: Churchill Livingstone.</p></blockquote></td></tr></tbody></table><br /><p><b><a>Introduction</a></b> \n</p><p><br /></p>\n<p>Homeopathy is a system of medicine developed by Samuel Hahnemann, a German physician in the late 18th century. It is based on three key principles: similarity, individualization and minimum dose. </p><br /><p>The fundamental idea of homeopathy is the <strong>Similarity (or Similia) Principle</strong>: ‘‘Let like be cured by like’ (often quoted in Latin ‘Similia similibus curentur’). This means the selection as a medicine, of a substance which, if given to a healthy person, would cause symptoms similar to those from which the patient is suffering. This is believed to stimulate intrinsic healing systems. For instance the homeopathic medicine <em>Apis mellifica</em>, made from bees is used to treat conditions characterised by acute onset, swelling, stinging pain, made worse by pressure and relieved by cold, like a beesting. This may include skin and rheumatic conditions.</p><br /><p>A second principle is <strong>individualization of treatment</strong> for the patient, although this is not universal. The characteristics of the chosen medicine should be as similar as possible to the characteristics of the illness in the patient. This closest match is called the ‘similimum’. Similarity may be at the ‘whole person’ level, taking into account the symptoms and signs of the disease, the patient’s physical build, personality, temperament and genetic predispositions. This high level of individualization is not always required: ‘similarity’ may be at a simpler, local level and is not usually necessary in treating simple or acute conditions.</p><br /><p>The third principle is the use of the minimum dose. The doses used in homeopathy range from those similar to some conventional medicines to very high dilutions containing no material trace of the starting substance. There is no currently understood way that homeopathic medicines in such ‘ultra-molecular’ dilution could exert specific physiological effects. Until there is greater certainty about a mechanism or mechanisms of action, claims of the effectiveness of homeopathy will continue to encounter resistance on the grounds of implausibility. There are a number of theories concerning the possible mode of action of ultramolecular dilutions, most of which involve storage of information in aqueous media.</p><br /><p>Homeopathic medicines, also called homeopathic medicinal products or remedies, are of botanical, chemical, mineral, zoological or human origin. They are prepared by a process, sometimes known as potentization, involving successive dilutions and vigorous shaking (succussion) for liquid preparations and successive grinding (trituration) followed by suspension in a liquid medium for insoluble substances. Homeopathic potencies are designated by a number and a letter: </p>\n<ul><li>The <em>number</em> refers to the number of successive serial dilutions to which the starting material has been subjected in order to prepare that medicine.</li>\n<li>The <em>letter</em> refers to the scale on which the dilution has been carried out.  There are several different scales, of which the decimal (1:10) and centesimal scales (1:100) are the most widely used. The letter D or X denotes the decimal method in which 1 part is added to 9 parts of diluent. The letter C indicates the centesimal method (i.e., 1 part to 99 parts of diluent). Other scales are also used.</li></ul><p>Homeopathic medicines are used both in low dilutions, where the original substance is materially present, and in high dilutions, in which it is unlikely that any trace of the original substance remains. In homeopathic dilutions above 12C / 24D (10<sup>-24</sup> M), beyond Avogadro’s number, there are, in theory, no material traces of the original substance. Such dilutions are known as ‘ultramolecular’. The most frequently used potencies in the UK are 6c and 30c, the latter is ultramolecular.</p><br /><p>Homeopathic medicines exist in two main forms: ‘single’ and ‘complex’. Single homeopathic medicines are made from an individual starting substance. Complex homeopathic medicines are fixed combinations of homeopathic medicines, generally used for a specific clinical indication.  </p><br /><p>The final pharmaceutical form is usually lactose or lactose and sucrose pillules, but other forms including liquid oral and injectable preparations are available. The starting materials and homeopathic manufacturing procedures, including quality specification and control measures, are governed by standards documented in pharmacopoeias, and Good Manufacturing Practices (GMP). National and international authorities (such as the European Commission) have issued regulatory guidelines on factors related to safety, including dilutions, contra-indications, interactions and use during pregnancy or lactation and in children.</p><br /><p><a><b>Clinical uses</b></a></p><br /><p></p>\n<p>The conditions most commonly treated by homeopathy in the NHS include: allergic rhinitis, atopy, arthritis and rheumatism, asthma, bowel disease - inflammatory and functional, cancer-related symptoms, chronic fatigue syndrome, depression, eczema, menopausal and menstrual symptoms, migraine, psoriasis and recurrent upper respiratory tract infections.</p><br /><p><b>Systematic reviews</b><br /></p><p>Selected systematic reviews from the CAM specialist collection can be viewed at: <a href=\"http://www.library.nhs.uk/cam/SearchResults.aspx?catID=9652\">http://www.library.nhs.uk/cam/SearchResults.aspx?catID=9652</a>.</p>\n<p><br /></p>\n<p><b><a>Safety</a></b></p>\n<p><br /></p>\n<p>The literature on the safety of homeopathy suggests that homeopathic medicines may provoke adverse effects but these are relatively rare, mild and transient, although there is probably under-reporting.<sup>1,2</sup> A recent systematic review<sup>3</sup> of homeopathic observations did not identify clear evidence of the existence of homeopathic aggravations contrary to the findings of the earlier systematic review and to those of audits in practice<sup>4</sup>. </p>\n<p>The safety of homeopathy appears to be an important motive for patients who choose it and the situation with regard to safety can be summed up as follows:</p>\n<blockquote>\n<p><em>“Homeopathic medications in high dilutions prescribed by trained professionals are probably safe and unlikely to provoke severe adverse reactions. It is difficult to draw definite conclusions due to the low methodological quality of reports claiming possible adverse effects of homeopathic medicines” <sup>2</sup></em></p></blockquote>\n<p>1. Dantas F, Rampes H. Do homeopathic medicines provoke adverse effects? The British Homoeopathic Journal. 2000, 89: S35–38. [<a href=\"http://www.ncbi.nlm.nih.gov/sites/entrez?Db=pubmed&amp;Cmd=ShowDetailView&amp;TermToSearch=10939781\">PubMed abstract</a>]</p>\n<p>2. Fisher P, Dantas F, Rampes, H, The safety of homeopathic products. Journal of the Royal Society of Medicine. 2002, 95: 474-5. [<a href=\"http://www.ncbi.nlm.nih.gov/entrez/query.fcgi?db=pubmed&amp;cmd=Retrieve&amp;dopt=Abstract&amp;list_uids=12205219&amp;query_hl=24&amp;itool=pubmed_docsum\">PubMed abstract</a>] [<a href=\"http://www.jrsm.org/cgi/content/full/95/9/474-b\">Full text</a>]</p>\n<p>3. Grabia S,  Ernst E. Homeopathic aggravations: a systematic review of randomised, placebo-controlled clinical trials. Homeopathy. 2003, 92(2):92-8. [<a href=\"http://www.ncbi.nlm.nih.gov/entrez/query.fcgi?db=pubmed&amp;cmd=Retrieve&amp;dopt=Abstract&amp;list_uids=12725251&amp;query_hl=29&amp;itool=pubmed_docsum\">PubMed abstract</a>]</p>\n<p>4. Thompson E, Barron S, Spence D. A preliminary audit investigating remedy reactions including adverse events in routine homeopathic practice. Homeopathy. 2004 93(4):203-9. [<a href=\"http://www.ncbi.nlm.nih.gov/entrez/query.fcgi?db=pubmed&amp;cmd=Retrieve&amp;dopt=Abstract&amp;list_uids=15532700&amp;query_hl=39&amp;itool=pubmed_docsum\">PubMed abstract</a>] \n</p><p><br /></p>\n<p><b><a>Regulation of homeopathy</a></b></p><br /><p></p>\n<p>The Faculty of Homeopathy is incorporated by Act of Parliament, it admits only statutorily registered healthcare professionals, including doctors, nurses, midwives, dentists, veterinarians and pharmacists. It accredits training and awards qualifications through examination at different levels, including LFHom (basic level), MFHom and FFHom (specialist level). Faculty members are primarily regulated by their profession's statutory body.</p>\n<p>Homeopathy is not a statutorily regulated profession in the UK, so there is no legal definition of who can call themselves an homeopath. There are however National Occupational Standards for Homeopathy.</p>\n<p>There are a number of professional associations that homeopaths who are not members of statutorily registered healthcare professionals can choose to join but they are not required by law to belong to a professional association nor to have completed a specified course of training. However, many do belong to the organisations listed below.</p>\n<blockquote>\n<p>Alliance of Registered Homeopaths<br />Association of Natural Medicine<br />British Register of Complementary Practitioners<br />Embody<br />Fellowship of Homeopaths<br />Homeopathic Medical Association<br />International Register of Consultant Herbalists and Homoeopaths (IRCH)<br />International Society for Homeopathy<br />Scottish Association of Professional Homeopaths<br />Society of Homeopaths</p></blockquote>\n<p>These organisations are working together as the Council of Organisations Registering Homeopaths (CORH) to develop common standards of training and practice and one register of practitioners who all meet a required standard.</p>\n<p>Doctors may refer patients for homeopathic treatment to members of the Faculty of Homeopathy but may only delegate patients to homeopaths who are not statutorily regulated.</p><br /><p><b><a>Professional bodies and organisations</a></b></p>\n<blockquote>\n<p><a href=\"http://www.britishhomeopathic.org/\">British Homeopathic Association</a><br /><a href=\"http://www.facultyofhomeopathy.org/\">Faculty of Homeopathy</a> <br /><a href=\"http://www.homeopathy-soh.org/\">Society of Homeopaths<br /></a> </p>\n<p></p></blockquote><b></b>\n<p></p>\n<p><b><a>Other relevant information</a></b><strong></strong></p>\n<p>\n</p><blockquote></blockquote><strong>Journals</strong> \n<p></p>\n<blockquote>\n<p><em><a href=\"http://www.sciencedirect.com/science/journal/14754916\">Homeopathy</a></em>  <br /><em>Homeopathic Links </em><br /><em><a href=\"http://www.us.elsevierhealth.com/product.jsp?isbn=09652299\">Complementary Therapies in Medicine</a></em> </p></blockquote><br /><p><strong>NHS Homeopathy Centres</strong></p>\n<p>There are four NHS homeopathic centres, offering homeopathic treatment (and in most cases also other forms of complementary and alternative medicine), on the usual NHS terms and conditions. Most also offer training courses at various levels for statutorily registered healthcare professionals.<br /> <br /><strong>Bristol Homeopathic Hospital <br /></strong>Cotham Hill, Cotham, <br />Bristol BS6 6JU <br />Tel.: 0117 973 1231 <br />Academic department: 0117 946 6087<br /><a href=\"http://www.ubht.nhs.uk/homeopathy\">www.ubht.nhs.uk/homeopathy</a> </p><br /><p><strong>Glasgow Homoeopathic Hospital</strong> <br />1053 Great Western Road, <br />Glasgow G12 0XQ <br />Tel: 0141 211 1616 <br /><a href=\"http://ghh.info/welcome.htm\">http://ghh.info/welcome.htm</a><br />Academic department: 0141 337 1824<br /><a href=\"http://www.adhom.com/index.htm\">http://www.adhom.com/index.htm</a></p><br /><p><strong>Royal London Homoeopathic Hospital</strong><br />Great Ormond Street<br />London WC1N 3HR<br />Tel: 0845 1555 000<br />Patient services: 020 7391 8888<br />Academic department: 020 7391 8823<br /><a href=\"http://www.uclh.nhs.uk/rlhh\">www.uclh.nhs.uk/rlhh</a></p><br /><p><strong>Department of Homoeopathic Medicine</strong> <br />The Old Swan Health Centre, <br />St Oswald's Street, Old Swan <br />Liverpool L13 2BY <br />Tel: 0151 285 3707</p>",
  "resourceType": "Article"
}