{
  "name": "Complementary and Alternative Medicine",
  "title": "Chinese medicinal herbs for diabetic kidney disease (Cochrane protocol)",
  "rootDirectory": "/cam",
  "topics": "COMPLEMENTARY AND ALTERNATIVE MEDICINE,CONDITIONS I-L,CONDITIONS A-Z,HERBAL MEDICINE,OTHER THERAPIES OR MEDICAL SYSTEMS,TRADITIONAL CHINESE MEDICINE (TCM),DIABETES MELLITUS,CONDITIONS D-E,MARCH 2007,KIDNEY DISEASES,DATE ADDED",
  "publicationDate": "2007-01-24T00:00:00",
  "url": "http://www.mrw.interscience.wiley.com/cochrane/clsysrev/articles/CD006336/frame.html",
  "id": "258711",
  "publicationType": "Systematic Review",
  "publisher": "John Wiley & Sons, Ltd",
  "description": "<i>\n<p>This is the protocol for a Cochrane systematic review. This record will be updated when the review has been completed.</p></i>\n<p><strong>Citation</strong></p>\n<p>Liu JP, Ai YK, Wan X, Zhang HW. Chinese medicinal herbs for diabetic kidney disease. (Protocol) <i>Cochrane Database of Systematic Reviews</i> 2007, Issue 1. Art. No.: CD006336. DOI: 10.1002/14651858.CD006336. </p>\n<p><strong><strong>Authors'</strong> objectives</strong></p>\n<p>To assess the beneficial effects and risks of Chinese herbal medicines for diabetic kidney disease.<br /></p>",
  "resourceType": "CARDEX"
}