{
  "name": "Complementary and Alternative Medicine",
  "title": "Homeopathy for osteoarthritis (Cochrane protocol)",
  "rootDirectory": "/cam",
  "topics": "HOMEOPATHY,COMPLEMENTARY AND ALTERNATIVE MEDICINE,CONDITIONS M-O,CONDITIONS A-B,OSTEOARTHRITIS,CONDITIONS A-Z,CAM GENERAL,ARTHRITIS,DATE ADDED,MARCH 2007,RESEARCH",
  "publicationDate": "2007-01-24T00:00:00",
  "url": "http://www.mrw.interscience.wiley.com/cochrane/clsysrev/articles/CD006402/frame.html",
  "id": "258713",
  "publicationType": "Systematic Review",
  "publisher": "John Wiley & Sons, Ltd",
  "description": "<i>\n<p>This is the protocol for a Cochrane systematic review. This record will be updated when the review has been completed.</p></i>\n<p><strong>Citation</strong></p>\n<p>Munar A, Gamboa OA, Ortiz NI. Homeopathy for osteoarthritis. (Protocol) <i>Cochrane Database of Systematic Reviews</i> 2007, Issue 1. Art. No.: CD006402. DOI: 10.1002/14651858.CD006402. </p>\n<p><strong><strong>Authors'</strong> objectives</strong></p>\n<p>To evaluate the effectiveness and safety of homeopathy used for osteoarthritis management.<br /></p>",
  "resourceType": "CARDEX"
}