{
  "name": "Complementary and Alternative Medicine",
  "title": "Chinese herbal medicines for weight loss (Cochrane protocol)",
  "rootDirectory": "/cam",
  "topics": "COMPLEMENTARY AND ALTERNATIVE MEDICINE,CONDITIONS A-Z,OTHER THERAPIES OR MEDICAL SYSTEMS,HERBAL MEDICINE,OBESITY,CONDITIONS M-O,TRADITIONAL CHINESE MEDICINE (TCM),MARCH 2007,DATE ADDED",
  "publicationDate": "2007-01-24T00:00:00",
  "url": "http://www.mrw.interscience.wiley.com/cochrane/clsysrev/articles/CD006381/frame.html",
  "id": "258716",
  "publicationType": "Systematic Review",
  "publisher": "John Wiley & Sons, Ltd",
  "description": "<i>\n<p>This is the protocol for a Cochrane systematic review. This record will be updated when the review has been completed.</p></i>\n<p><strong>Citation</strong></p>\n<p>Teng L, Shaw D, Barnes J. Chinese herbal medicines for weight loss. (Protocol) <i>Cochrane Database of Systematic Reviews</i> 2007, Issue 1. Art. No.: CD006381. DOI: 10.1002/14651858.CD006381. </p>\n<p><strong><strong>Authors'</strong> objectives</strong></p>\n<p>To assess the effects of Chinese herbal medicines for weight loss.</p>",
  "resourceType": "CARDEX"
}