{
  "name": "Complementary and Alternative Medicine",
  "title": "Chinese medicinal herbs for vaginal bleeding of medical abortion (Cochrane protocol)",
  "rootDirectory": "/cam",
  "topics": "COMPLEMENTARY AND ALTERNATIVE MEDICINE,TRADITIONAL CHINESE MEDICINE (TCM),CONDITIONS F-H,HERBAL MEDICINE,OTHER THERAPIES OR MEDICAL SYSTEMS,CONDITIONS A-Z,CAM GENERAL,DATE ADDED,MARCH 2007,HAEMORRHAGE,RESEARCH",
  "publicationDate": "2007-01-24T00:00:00",
  "url": "http://www.mrw.interscience.wiley.com/cochrane/clsysrev/articles/CD006357/frame.html",
  "id": "258717",
  "publicationType": "Systematic Review",
  "publisher": "John Wiley & Sons, Ltd",
  "description": "<i>\n<p>This is the protocol for a Cochrane systematic review. This record will be updated when the review has been completed.</p></i>\n<p><strong>Citation</strong></p>\n<p>Yan Z, Gang C, Cheng L, Wu S, Zhang M. Chinese medicinal herbs for vaginal bleeding of medical abortion. (Protocol) <i>Cochrane Database of Systematic Reviews</i> 2007, Issue 1. Art. No.: CD006357. DOI: 10.1002/14651858.CD006357. </p>\n<p><strong><strong>Authors'</strong> objectives</strong></p>\n<p>This review will evaluate the possible effectiveness and safety of Chinese medicinal herbs (CMH) to prevent abnormal bleeding after medical abortion. CMH is compared to placebo, no intervention or general non-specific treatment (such as vitamin) or haemostatic drugs.<br /></p>",
  "resourceType": "CARDEX"
}