{
  "name": "Complementary and Alternative Medicine",
  "title": "Acupuncture for low back pain",
  "rootDirectory": "/cam",
  "topics": "COMPLEMENTARY AND ALTERNATIVE MEDICINE,ACUPUNCTURE,CONDITIONS A-B,BACK PAIN,CONDITIONS A-Z,DATE ADDED,APRIL 2007",
  "publicationDate": "2007-04-20T00:00:00",
  "url": "http://www.library.nhs.uk//cam/ViewResource.aspx?resID=259873",
  "id": "259873",
  "publicationType": "Review",
  "publisher": "CAM Specialist Library",
  "description": "111-1Acupuncture for low back pain<p><strong>Acupuncture Evidence Update April 2007</strong></p>\n<p>The following relevant studies on this topic have been published since 1 January 2006. </p><br /><p><em>These studies have met our selection criteria <em>but have not been fully appraised by the CAM SL</em>. Where there is an appraisal available we have linked to it. If there is no appraisal and you wish to appraise the selected studies here is a </em><a href=\"http://www.phru.nhs.uk/casp/critical_appraisal_tools.htm\"><em>link to a list of appraisal tools</em></a><em>.</em></p><br /><p><em></em></p>\n<p>Linde K, Streng A, Hoppe A, Jurgens S, Weidenhammer W, Melchart D. The programme for the evaluation of patient care with acupuncture (PEP-Ac) - a project sponsored by ten German social health insurance funds. Acupuncture in Medicine. 2006, 24 Suppl:S25-S32. [<a href=\"http://www.ncbi.nlm.nih.gov/entrez/query.fcgi?cmd=Retrieve&amp;db=pubmed&amp;dopt=Citation&amp;list_uids=17308506\">PubMed abstract</a>] [<a href=\"http://www.acupunctureinmedicine.org.uk/servearticle.php?artid=597\">Full tex (pdf)</a>]</p>\n<p><em>This article presents a review of an evaluation progamme for acupuncture which included five randomised trials, an observational study, a survey and three systematic reviews. (The full reports of the systematic reviews are available in German on the internet.)</em></p><br /><p>Thomas KJ, MacPherson H, Thorpe L, Brazier J, Fitter M, Campbell MJ et al. Randomised controlled trial of a short course of traditional acupuncture compared with usual care for persistent non-specific low back pain. BMJ 2006;333(7569):623. [<a href=\"http://www.ncbi.nlm.nih.gov/entrez/query.fcgi?db=pubmed&amp;cmd=Retrieve&amp;dopt=AbstractPlus&amp;list_uids=16980316&amp;query_hl=1&amp;itool=pubmed_docsum\">PubMed abstract</a>] [<a href=\"http://www.bmj.com/cgi/content/full/333/7569/623\">Full text</a>]</p><br /><p>Ratcliffe J, Thomas KJ, MacPherson H, Brazier J. A randomised controlled trial of acupuncture care for persistent low back pain: cost effectiveness analysis. BMJ 2006;333(7569):626. [<a href=\"http://www.ncbi.nlm.nih.gov/entrez/query.fcgi?db=pubmed&amp;cmd=Retrieve&amp;dopt=AbstractPlus&amp;list_uids=16980315&amp;query_hl=1&amp;itool=pubmed_docsum\">PubMed abstract</a>] [<a href=\"http://www.bmj.com/cgi/content/full/333/7569/626\">Full text</a>] [<a href=\"http://www.crd.york.ac.uk/CRDWeb/ShowRecord.asp?View=Full&amp;ID=22006008346\">Appraisal NHS EED</a>]</p><br /><p>Brinkhaus B, Witt CM, Jena S, Linde K, Streng A, Wagenpfeil S et al. Acupuncture in patients with chronic low back pain: a randomized controlled trial. Arch Intern Med 2006;166(4):450-7. [<a href=\"http://www.ncbi.nlm.nih.gov/entrez/query.fcgi?db=pubmed&amp;cmd=Retrieve&amp;dopt=AbstractPlus&amp;list_uids=16505266&amp;query_hl=4&amp;itool=pubmed_docsum\">PubMed abstract</a>] </p><br /><p>Witt CM, Jena S, Selim D, Brinkhaus B, Reinhold T, Wruck K et al. Pragmatic randomized trial evaluating the clinical and economic effectiveness of acupuncture for chronic low back pain. Am J Epidemiol 2006;164(5):487-96. [<a href=\"http://www.ncbi.nlm.nih.gov/entrez/query.fcgi?db=pubmed&amp;cmd=Retrieve&amp;dopt=AbstractPlus&amp;list_uids=16798792&amp;query_hl=6&amp;itool=pubmed_docsum\">PubMed abstract</a>] [<a href=\"http://www.crd.york.ac.uk/CRDWeb/ShowRecord.asp?View=Full&amp;ID=22006002356\">Structured abstract NHS EED</a>]</p>\n<p> </p>\n<p> </p>",
  "resourceType": "Article"
}