{
  "name": "Complementary and Alternative Medicine",
  "title": "Acupuncture for epilepsy",
  "rootDirectory": "/cam",
  "topics": "ACUPUNCTURE,COMPLEMENTARY AND ALTERNATIVE MEDICINE,CONDITIONS A-Z,EPILEPSY,CONDITIONS D-E,APRIL 2007,DATE ADDED",
  "publicationDate": "2007-04-20T00:00:00",
  "url": "http://www.library.nhs.uk//cam/ViewResource.aspx?resID=259881",
  "id": "259881",
  "publicationType": "Review",
  "publisher": "CAM Specialist Library",
  "description": "111-1Acupuncture for epilepsy<p><strong>Acupuncture Evidence Update April 2007</strong></p>\n<p>The following relevant studies on this topic have been published since 1 January 2006. </p><br /><p><em>These studies have met our selection criteria <em>but have not been fully appraised by the CAM SL</em>. Where there is an appraisal available we have linked to it. If there is no appraisal and you wish to appraise the selected studies here is a </em><a href=\"http://www.phru.nhs.uk/casp/critical_appraisal_tools.htm\"><em>link to a list of appraisal tools</em></a><em>.</em></p>\n<p><em></em> </p>\n<p>Cheuk DKL, Wong V. Acupuncture for epilepsy. <i>Cochrane Database of Systematic Reviews</i> 2006, Issue 2. Art. No.: CD005062. DOI: 10.1002/14651858.CD005062.pub2. [<a href=\"http://www.mrw.interscience.wiley.com/cochrane/clsysrev/articles/CD005062/frame.html\">Full text</a>]</p>",
  "resourceType": "Article"
}