{
  "name": "Complementary and Alternative Medicine",
  "title": "Acupuncture for postoperative nausea and vomiting",
  "rootDirectory": "/cam",
  "topics": "ACUPUNCTURE,COMPLEMENTARY AND ALTERNATIVE MEDICINE,CONDITIONS A-Z,CONDITIONS M-O,CONDITIONS T-Z,NAUSEA,VOMITING,APRIL 2007,DATE ADDED",
  "publicationDate": "2007-04-20T00:00:00",
  "url": "http://www.library.nhs.uk//cam/ViewResource.aspx?resID=259890",
  "id": "259890",
  "publicationType": "Review",
  "publisher": "CAM Specialist Library",
  "description": "111-1Acupuncture for postoperative nausea and vomiting<p><strong>Acupuncture Evidence Update April 2007</strong></p>\n<p>The following relevant studies on this topic have been published since 1 January 2006. </p><br /><p><em>These studies have met our selection criteria <em>but have not been fully appraised by the CAM SL</em>. Where there is an appraisal available we have linked to it. If there is no appraisal and you wish to appraise the selected studies here is a </em><a href=\"http://www.phru.nhs.uk/casp/critical_appraisal_tools.htm\"><em>link to a list of appraisal tools</em></a><em>.</em></p>\n<p><em></em> </p>\n<p>Dune LS, Shiao SY. Metaanalysis of acustimulation effects on postoperative nausea and vomiting in children. Explore (NY) 2006 Jul;2(4):314-20. [<a href=\"http://www.ncbi.nlm.nih.gov/entrez/query.fcgi?cmd=Retrieve&amp;db=pubmed&amp;dopt=Citation&amp;list_uids=16846819\">PubMed abstract</a>]  </p>\n<p><br />Shiao SY, Dune LS. Metaanalyses of acustimulations: effects on nausea and vomiting in postoperative adult patients. Explore (NY) 2006 May;2(3):202-15. [<a href=\"http://www.ncbi.nlm.nih.gov/entrez/query.fcgi?cmd=Retrieve&amp;db=pubmed&amp;dopt=Citation&amp;list_uids=16781643\">PubMed abstract</a>] </p>\n<p><br />Lee A, Copas JB, Henmi M, Gin T, Chung RC. Publication bias affected the estimate of postoperative nausea in an acupoint stimulation systematic review. Journal of Clinical Epidemiology. 2006 Sep;59(9):980-3. [<a href=\"http://www.ncbi.nlm.nih.gov/entrez/query.fcgi?cmd=Retrieve&amp;db=pubmed&amp;dopt=Citation&amp;list_uids=16895822\">PubMed abstract</a>] </p>\n<p> </p>",
  "resourceType": "Article"
}