{
  "name": "Complementary and Alternative Medicine",
  "title": "Acupuncture for fibromyalgia",
  "rootDirectory": "/cam",
  "topics": "COMPLEMENTARY AND ALTERNATIVE MEDICINE,ACUPUNCTURE,CONDITIONS F-H,FIBROMYALGIA,CONDITIONS A-Z,DATE ADDED,APRIL 2007",
  "publicationDate": "2007-04-20T00:00:00",
  "url": "http://www.library.nhs.uk//cam/ViewResource.aspx?resID=259858",
  "id": "259858",
  "publicationType": "Review",
  "publisher": "CAM Specialist Library",
  "description": "111-1Acupuncture for fibromyalgia<p><strong>Acupuncture Evidence Update April 2007</strong></p>\n<p>The following relevant studies on this topic have been published since 1 January 2006. </p><br /><p><em>These studies have met our selection criteria <em>but have not been fully appraised by the CAM SL</em>. Where there is an appraisal available we have linked to it. If there is no appraisal and you wish to appraise the selected studies here is a </em><a href=\"http://www.phru.nhs.uk/casp/critical_appraisal_tools.htm\"><em>link to a list of appraisal tools</em></a><em>.</em></p><br /><p>Mayhew E, Ernst E. Acupuncture for fibromyalgia--a systematic review of randomized clinical trials. Rheumatology (Oxford) 2006 Dec 19. [Epub ahead of print] [<a href=\"http://www.ncbi.nlm.nih.gov/entrez/query.fcgi?cmd=Retrieve&amp;db=pubmed&amp;dopt=Citation&amp;list_uids=17189243\">PubMed abstract</a>]  </p>\n<p> </p>",
  "resourceType": "Article"
}