{
  "name": "Complementary and Alternative Medicine",
  "title": "Acupuncture for osteoarthritis",
  "rootDirectory": "/cam",
  "topics": "COMPLEMENTARY AND ALTERNATIVE MEDICINE,ACUPUNCTURE,CONDITIONS A-B,OSTEOARTHRITIS,CONDITIONS M-O,CONDITIONS A-Z,ARTHRITIS,DATE ADDED,APRIL 2007",
  "publicationDate": "2007-04-20T00:00:00",
  "url": "http://www.library.nhs.uk//cam/ViewResource.aspx?resID=259830",
  "id": "259830",
  "publicationType": "Review",
  "publisher": "CAM Specialist Library",
  "description": "111-1Acupuncture for osteoarthritis<p><strong>Acupuncture Evidence Update April 2007</strong></p>\n<p>The following relevant studies on this topic have been published since 1 January 2006.</p><br /><p><em>These studies have met our selection criteria <em>but have not been fully appraised by the CAM SL</em>. Where there is an appraisal available we have linked to it. If there is no appraisal and you wish to appraise the selected studies here is a </em><a href=\"http://www.phru.nhs.uk/casp/critical_appraisal_tools.htm\"><em>link to a list of appraisal tools</em></a><em>.</em></p><br /><p>Kwon YD, Pittler MH, Ernst E. Acupuncture for peripheral joint osteoarthritis: a systematic review and meta-analysis. Rheumatology (Oxford) 2006 Nov;45(11):1331-7. [<a href=\"http://www.ncbi.nlm.nih.gov/entrez/query.fcgi?cmd=Retrieve&amp;db=pubmed&amp;dopt=Citation&amp;list_uids=16936326\">PubMed abstract</a>]</p><br /><p>Linde K, Streng A, Hoppe A, Jurgens S, Weidenhammer W, Melchart D. The programme for the evaluation of patient care with acupuncture (PEP-Ac) - a project sponsored by ten German social health insurance funds. Acupuncture in Medicine. 2006, 24 Suppl:S25-S32. [<a href=\"http://www.ncbi.nlm.nih.gov/entrez/query.fcgi?cmd=Retrieve&amp;db=pubmed&amp;dopt=Citation&amp;list_uids=17308506\">PubMed abstract</a>] [<a href=\"http://www.acupunctureinmedicine.org.uk/servearticle.php?artid=597\">Full tex (pdf)</a>]</p>\n<p><em>This article presents a review of an evaluation progamme for acupuncture which included five randomised trials, an observational study, a survey and three systematic reviews. (The full reports of the systematic reviews are available in German on the internet.)</em></p><br /><p>Ram-Kumar BS. Is Acupuncture Effective For Osteoarthritis of the Knee? - A Review. Journal - Acupuncture Association of Chartered Physiotherapists. 2006 Jul;(2):-31.<br /></p><br />White A, Foster N, Cummings M, Barlas P. The effectiveness of acupuncture for osteoarthritis of the knee - a systematic review. Acupuncture in Medicine. 2006, 24 Suppl:S40-S48. [<a href=\"http://www.ncbi.nlm.nih.gov/entrez/query.fcgi?cmd=Retrieve&amp;db=pubmed&amp;dopt=Citation&amp;list_uids=17308508\">PubMed abstract</a>] [<a href=\"http://www.acupunctureinmedicine.org.uk/servearticle.php?artid=599\">Full text</a>] \n<p><br /></p><p>Yamashita H, Masuyama S, Otsuki K, Tsukayama H. Safety of acupuncture for osteoarthritis of the knee - a review of randomised controlled trials, focusing on specific reactions to acupuncture. Acupuncture in Medicine 2006 Dec;24 Suppl:S49-S52. [<a href=\"http://www.ncbi.nlm.nih.gov/entrez/query.fcgi?cmd=Retrieve&amp;db=pubmed&amp;dopt=Citation&amp;list_uids=17308509\">PubMed abstract</a>] [<a href=\"http://www.acupunctureinmedicine.org.uk/servearticle.php?artid=600\">Full text</a>]</p><br /><p>Scharf HP, Mansmann U, Streitberger K, Witte S, Kramer J, Maier C et al. Acupuncture and knee osteoarthritis: a three-armed randomized trial. Ann Intern Med 2006;145(1):12-20. [<a href=\"http://www.ncbi.nlm.nih.gov/entrez/query.fcgi?db=pubmed&amp;cmd=Retrieve&amp;dopt=AbstractPlus&amp;list_uids=16818924&amp;query_hl=17&amp;itool=pubmed_docsum\">PubMed abstract</a>] [<a href=\"http://www.annals.org/cgi/reprint/145/1/12\">Full text</a>]</p><br /><p>Witt CM, Jena S, Brinkhaus B, Liecker B, Wegscheider K, Willich SN. Acupuncture in patients with osteoarthritis of the knee or hip: A randomized, controlled trial with an additional nonrandomized arm. Arthritis Rheum 2006;54(11):3485-93. [<a href=\"http://www.ncbi.nlm.nih.gov/entrez/query.fcgi?db=pubmed&amp;cmd=Retrieve&amp;dopt=AbstractPlus&amp;list_uids=17075849&amp;query_hl=20&amp;itool=pubmed_docsum\">PubMed abstract</a>]</p>\n<p></p>",
  "resourceType": "Article"
}