{
  "name": "Complementary and Alternative Medicine",
  "title": "Acupuncture for neck disorders",
  "rootDirectory": "/cam",
  "topics": "ACUPUNCTURE,COMPLEMENTARY AND ALTERNATIVE MEDICINE,CONDITIONS A-Z,CONDITIONS M-O,NECK INJURIES,NECK PAIN,APRIL 2007,DATE ADDED",
  "publicationDate": "2007-04-20T00:00:00",
  "url": "http://www.library.nhs.uk//cam/ViewResource.aspx?resID=259870",
  "id": "259870",
  "publicationType": "Review",
  "publisher": "CAM Specialist Library",
  "description": "111-1Acupuncture for neck disorders<p><strong>Acupuncture Evidence Update April 2007</strong></p>\n<p>The following relevant studies on this topic have been published since 1 January 2006. </p><br /><p><em>These studies have met our selection criteria <em>but have not been fully appraised by the CAM SL</em>. Where there is an appraisal available we have linked to it. If there is no appraisal and you wish to appraise the selected studies here is a </em><a href=\"http://www.phru.nhs.uk/casp/critical_appraisal_tools.htm\"><em>link to a list of appraisal tools</em></a><em>.</em></p>\n<p><em></em> </p>\n<p>Trinh KV, Graham N, Gross AR, Goldsmith CH, Wang E, Cameron ID, Kay T, Cervical Overview Group. Acupuncture for neck disorders. <i>Cochrane Database of Systematic Reviews</i> 2006, Issue 3. Art. No.: CD004870. DOI: 10.1002/14651858.CD004870.pub3. [<a href=\"http://www.mrw.interscience.wiley.com/cochrane/clsysrev/articles/CD004870/frame.html\">Full text</a>] </p><br /><p>Witt CM, Jena S, Brinkhaus B, Liecker B, Wegscheider K, Willich SN. Acupuncture for patients with chronic neck pain. Pain 2006;125(1-2):98-106. [<a href=\"http://www.ncbi.nlm.nih.gov/entrez/query.fcgi?db=pubmed&amp;cmd=Retrieve&amp;dopt=AbstractPlus&amp;list_uids=16781068&amp;query_hl=22&amp;itool=pubmed_docsum\">PubMed abstract</a>]</p><br /><p>Willich SN, Reinhold T, Selim D, Jena S, Brinkhaus B, Witt CM. Cost-effectiveness of acupuncture treatment in patients with chronic neck pain. Pain 2006;125(1-2):107-13. [<a href=\"http://www.ncbi.nlm.nih.gov/entrez/query.fcgi?db=pubmed&amp;cmd=Retrieve&amp;dopt=AbstractPlus&amp;list_uids=16842918&amp;query_hl=24&amp;itool=pubmed_docsum\">PubMed abstract</a>] [<a href=\"http://www.crd.york.ac.uk/CRDWeb/ShowRecord.asp?View=Full&amp;ID=22006002169\">Provisional abstract NHS EED</a>]</p>\n<p> </p>",
  "resourceType": "Article"
}