{
  "name": "Complementary and Alternative Medicine",
  "title": "Acupuncture for stroke",
  "rootDirectory": "/cam",
  "topics": "COMPLEMENTARY AND ALTERNATIVE MEDICINE,ACUPUNCTURE,CONDITIONS A-Z,STROKE,CONDITIONS S,DATE ADDED,APRIL 2007",
  "publicationDate": "2007-04-20T00:00:00",
  "url": "http://www.library.nhs.uk//cam/ViewResource.aspx?resID=259882",
  "id": "259882",
  "publicationType": "Review",
  "publisher": "CAM Specialist Library",
  "description": "111-1Acupuncture for stroke<p><strong>Acupuncture Evidence Update April 2007</strong></p>\n<p>The following relevant studies on this topic have been published since 1 January 2006. </p><br /><p><em>These studies have met our selection criteria <em>but have not been fully appraised by the CAM SL</em>. Where there is an appraisal available we have linked to it. If there is no appraisal and you wish to appraise the selected studies here is a </em><a href=\"http://www.phru.nhs.uk/casp/critical_appraisal_tools.htm\"><em>link to a list of appraisal tools</em></a><em>.</em></p>\n<p><em></em> </p>\n<p>Wu HM, Tang JL, Lin XP, Lau J, Leung PC, Woo J, Li YP. Acupuncture for stroke rehabilitation. <i>Cochrane Database of Systematic Reviews</i> 2006, Issue 3. Art. No.: CD004131. DOI: 10.1002/14651858.CD004131.pub2. [<a href=\"http://www.mrw.interscience.wiley.com/cochrane/clsysrev/articles/CD004131/frame.html\">Full text</a>]</p><br /><p>Wang LP, Xie Y. [Systematic evaluation on acupuncture and moxibustion for treatment of dysphagia after stroke]. Zhongguo Zhen Jiu. 2006 Feb;26(2):141-6. [<a href=\"http://www.ncbi.nlm.nih.gov/entrez/query.fcgi?cmd=Retrieve&amp;db=pubmed&amp;dopt=Citation&amp;list_uids=16541869\">PubMed abstract</a>] </p>\n<p> </p>\n<p> </p>",
  "resourceType": "Article"
}