{
  "name": "Complementary and Alternative Medicine",
  "title": "Acupuncture for knee disorders",
  "rootDirectory": "/cam",
  "topics": "ACUPUNCTURE,COMPLEMENTARY AND ALTERNATIVE MEDICINE,CONDITIONS A-Z,PAIN,CONDITIONS P-R,CONDITIONS M-O,OSTEOARTHRITIS,CONDITIONS A-B,ARTHRITIS,APRIL 2007,DATE ADDED",
  "publicationDate": "2007-04-20T00:00:00",
  "url": "http://www.library.nhs.uk//cam/ViewResource.aspx?resID=259861",
  "id": "259861",
  "publicationType": "Review",
  "publisher": "CAM Specialist Library",
  "description": "111-1Acupuncture for knee disorders<p><strong>Acupuncture Evidence Update April 2007</strong></p>\n<p>The following relevant studies on this topic have been published since 1 January 2006. </p><br /><p><em>These studies have met our selection criteria <em>but have not been fully appraised by the CAM SL</em>. Where there is an appraisal available we have linked to it. If there is no appraisal and you wish to appraise the selected studies here is a </em><a href=\"http://www.phru.nhs.uk/casp/critical_appraisal_tools.htm\"><em>link to a list of appraisal tools</em></a><em>.</em></p><br /><p>Ram-Kumar BS. Is Acupuncture Effective For Osteoarthritis of the Knee? - A Review. J-Acupunct-Ass-Chart-Physiotherapists 2006 Jul;(2):-31.</p>\n<p><br /></p>\n<p>White A, Foster N, Cummings M, Barlas P. The effectiveness of acupuncture for osteoarthritis of the knee - a systematic review. Acupuncture in Medicine. 2006, 24 Suppl:S40-S48. [<a href=\"http://www.ncbi.nlm.nih.gov/entrez/query.fcgi?cmd=Retrieve&amp;db=pubmed&amp;dopt=Citation&amp;list_uids=17308508\">PubMed abstract</a>] [<a href=\"http://www.acupunctureinmedicine.org.uk/servearticle.php?artid=599\">Full text</a>]</p><br /><p>White A, Foster NE, Cummings M, Barlas P. Acupuncture treatment for chronic knee pain: a systematic review. Rheumatology (Oxford) 2007 Mar;46(3):384-90. [<a href=\"http://www.ncbi.nlm.nih.gov/entrez/query.fcgi?cmd=Retrieve&amp;db=pubmed&amp;dopt=Citation&amp;list_uids=17215263\">PubMed abstract</a>]</p><br /><p>Yamashita H, Masuyama S, Otsuki K, Tsukayama H. Safety of acupuncture for osteoarthritis of the knee - a review of randomised controlled trials, focusing on specific reactions to acupuncture. Acupuncture in Medicicne 2006 Dec;24 Suppl:S49-S52. [<a href=\"http://www.ncbi.nlm.nih.gov/entrez/query.fcgi?cmd=Retrieve&amp;db=pubmed&amp;dopt=Citation&amp;list_uids=17308509\">PubMed abstract</a>] [<a href=\"http://www.acupunctureinmedicine.org.uk/servearticle.php?artid=600\">Full text</a>]</p><br /><p>Scharf HP, Mansmann U, Streitberger K, Witte S, Kramer J, Maier C et al. Acupuncture and knee osteoarthritis: a three-armed randomized trial. Ann Intern Med 2006;145(1):12-20. [<a href=\"http://www.ncbi.nlm.nih.gov/entrez/query.fcgi?db=pubmed&amp;cmd=Retrieve&amp;dopt=AbstractPlus&amp;list_uids=16818924&amp;query_hl=17&amp;itool=pubmed_docsum\">PubMed abstract</a>] [<a href=\"http://www.annals.org/cgi/reprint/145/1/12\">Full text</a>]</p><br /><p>Witt CM, Jena S, Brinkhaus B, Liecker B, Wegscheider K, Willich SN. Acupuncture in patients with osteoarthritis of the knee or hip: A randomized, controlled trial with an additional nonrandomized arm. Arthritis Rheum 2006;54(11):3485-93. [<a href=\"http://www.ncbi.nlm.nih.gov/entrez/query.fcgi?db=pubmed&amp;cmd=Retrieve&amp;dopt=AbstractPlus&amp;list_uids=17075849&amp;query_hl=20&amp;itool=pubmed_docsum\">PubMed abstract</a>]</p>\n<p> </p>",
  "resourceType": "Article"
}