{
  "name": "Complementary and Alternative Medicine",
  "title": "Acupuncture for depression",
  "rootDirectory": "/cam",
  "topics": "ACUPUNCTURE,COMPLEMENTARY AND ALTERNATIVE MEDICINE,CONDITIONS A-Z,DEPRESSION,CONDITIONS D-E,APRIL 2007,DATE ADDED",
  "publicationDate": "2007-04-20T00:00:00",
  "url": "http://www.library.nhs.uk//cam/ViewResource.aspx?resID=259855",
  "id": "259855",
  "publicationType": "Review",
  "publisher": "CAM Specialist Library",
  "description": "111-1Acupuncture for depression<p><strong>Acupuncture Evidence Update April 2007</strong></p>\n<p>The following relevant studies on this topic have been published since 1 January 2006:</p><br /><p><em>These studies have met our selection criteria but have not been fully appraised by the CAM SL. Where there is an appraisal available we have linked to it. If there is no appraisal and you wish to appraise the selected studies here is a </em><a href=\"http://www.phru.nhs.uk/casp/critical_appraisal_tools.htm\"><em>link to a list of appraisal tools</em></a><em>.</em><br /></p><br /><p>Leo RJ, Ligot JS, Jr. A systematic review of randomized controlled trials of acupuncture in the treatment of depression. Journal of Affective Disorders. 2007 Jan;97(1-3):13-22. [<a href=\"http://www.ncbi.nlm.nih.gov/entrez/query.fcgi?cmd=Retrieve&amp;db=pubmed&amp;dopt=Citation&amp;list_uids=16899301\">PubMed abstract</a>] </p>",
  "resourceType": "Article"
}