{
  "name": "Complementary and Alternative Medicine",
  "title": "Acupuncture for headache",
  "rootDirectory": "/cam",
  "topics": "COMPLEMENTARY AND ALTERNATIVE MEDICINE,ACUPUNCTURE,MIGRAINE,CONDITIONS M-O,CONDITIONS F-H,HEADACHE,CONDITIONS A-Z,DATE ADDED,APRIL 2007",
  "publicationDate": "2007-04-20T00:00:00",
  "url": "http://www.library.nhs.uk//cam/ViewResource.aspx?resID=259869",
  "id": "259869",
  "publicationType": "Review",
  "publisher": "CAM Specialist Library",
  "description": "111-1Acupuncture for headache<p><strong>Acupuncture Evidence Update April 2007</strong></p>\n<p>The following relevant studies on this topic have been published since 1 January 2006. </p><br /><p><em>These studies have met our selection criteria <em>but have not been fully appraised by the CAM SL</em>. Where there is an appraisal available we have linked to it. If there is no appraisal and you wish to appraise the selected studies here is a </em><a href=\"http://www.phru.nhs.uk/casp/critical_appraisal_tools.htm\"><em>link to a list of appraisal tools</em></a><em>.</em></p>\n<p><em></em> </p><br /><p>Linde K, Streng A, Hoppe A, Jurgens S, Weidenhammer W, Melchart D. The programme for the evaluation of patient care with acupuncture (PEP-Ac) - a project sponsored by ten German social health insurance funds. Acupuncture in Medicine. 2006, 24 Suppl:S25-S32. [<a href=\"http://www.ncbi.nlm.nih.gov/entrez/query.fcgi?cmd=Retrieve&amp;db=pubmed&amp;dopt=Citation&amp;list_uids=17308506\">PubMed abstract</a>] [<a href=\"http://www.acupunctureinmedicine.org.uk/servearticle.php?artid=597\">Full tex (pdf)</a>]</p>\n<p><em>This article presents a review of an evaluation progamme for acupuncture which included five randomised trials, an observational study, a survey and three systematic reviews. (The full reports of the systematic reviews are available in German on the internet.)</em></p><br /><p>Diener HC, Kronfeld K, Boewing G, Lungenhausen M, Maier C, Molsberger A et al. Efficacy of acupuncture for the prophylaxis of migraine: a multicentre randomised controlled clinical trial. Lancet Neurol 2006;5(4):310-6. [<a href=\"http://www.ncbi.nlm.nih.gov/entrez/query.fcgi?db=pubmed&amp;cmd=Retrieve&amp;dopt=AbstractPlus&amp;list_uids=16545747&amp;query_hl=12&amp;itool=pubmed_docsum\">PubMed abstract</a>]</p><br /><p>Linde K, Streng A, Hoppe A, Brinkhaus B, Witt CM, Hammes M, et al. Treatment in a randomized multicenter trial of acupuncture for migraine (ART migraine). Forschende Komplementärmedizin 2006;13:101-8. [<a href=\"http://www.ncbi.nlm.nih.gov/sites/entrez?Db=pubmed&amp;Cmd=ShowDetailView&amp;TermToSearch=16645290\">PubMed abstract</a>]</p><br /><p>Melchart D, Weidenhammer W, Streng A, Hoppe A, Pfaffenrath V, Linde K. Acupuncture for chronic headaches--an epidemiological study. Headache 2006;46(4):632-41. [<a href=\"http://www.ncbi.nlm.nih.gov/entrez/query.fcgi?db=pubmed&amp;cmd=Retrieve&amp;dopt=AbstractPlus&amp;list_uids=16643558&amp;query_hl=14&amp;itool=pubmed_docsum\">PubMed abstract</a>]</p>\n<p> </p>",
  "resourceType": "Article"
}