{
  "name": "Complementary and Alternative Medicine",
  "title": "Acupuncture for dementia",
  "rootDirectory": "/cam",
  "topics": "COMPLEMENTARY AND ALTERNATIVE MEDICINE,ACUPUNCTURE,CONDITIONS A-Z,DEMENTIA,CONDITIONS D-E,APRIL 2007,DATE ADDED",
  "publicationDate": "2007-04-21T00:00:00",
  "url": "http://www.library.nhs.uk//cam/ViewResource.aspx?resID=260059",
  "id": "260059",
  "publicationType": "Review",
  "publisher": "CAM Specialist Library",
  "description": "111-1Acupuncture for dementia<p><strong>Acupuncture Evidence Update April 2007</strong></p>\n<p>The following relevant studies on this topic have been published since 1 January 2006. </p><br /><p>Peng WN, Zhao H, Liu ZS, Wang S. Acupuncture for vascular dementia. <i>Cochrane Database of Systematic Reviews</i> 2007, Issue 2. Art. No.: CD004987. DOI: 10.1002/14651858.CD004987.pub2. [<a href=\"http://www.mrw.interscience.wiley.com/cochrane/clsysrev/articles/CD004987/frame.html\">Full text</a>]</p>\n<p> </p>",
  "resourceType": "Article"
}