{
  "name": "Complementary and Alternative Medicine",
  "title": "Guidelines for providing acupuncture treatment for cancer patients--a peer-reviewed sample policy document",
  "rootDirectory": "/cam",
  "topics": "ACUPUNCTURE,COMPLEMENTARY AND ALTERNATIVE MEDICINE,CANCER,CONDITIONS C,CONDITIONS A-Z,CANCER PAIN,DATE ADDED,MAY 2007",
  "publicationDate": "2006-12-01T00:00:00",
  "url": "http://aim.bmj.com/cgi/content/abstract/24/4/172",
  "id": "260469",
  "publicationType": "Care Guideline",
  "publisher": "British Medical Acupuncture Society",
  "description": "111-1Guidelines for providing acupuncture treatment for cancer patients--a peer-reviewed sample policy document<p><strong>Aim</strong></p>\n<p>These guidelines were developed for use in cancer patients, mainly for pain but also for some non-pain indications such as hot flushes. </p>\n<p><strong>Intended audience</strong></p>\n<p>Guidelines for the safe practice of acupuncture in a conventional healthcare setting are necessary as acupuncture may be performed in a variety of settings and by a variety of healthcare professionals: doctors, nurses, physiotherapists, midwives, and non medically trained practitioners. </p>\n<p>These guideliones have been presented as a template for use by acupuncturists who are requested to provide policies for acupuncture treatment for cancer patients. </p>\n<p><strong>Methods</strong></p>\n<p>This article includes a general review of the evidence on mechanisms, effectiveness and safety of acupuncture that is intended to be used in conjunction with the guidelines; and the guidelines themselves. An appendix includes instructions for self acupuncture. The guidelines contain sections on roles and responsibilities, criteria for acupuncture practice, indications for acupuncture, contraindications and cautions, acupuncture treatment, and review and audit. These guidelines set basic, minimum standards of care, and need re-assessment and ongoing validation as further data and evidence accumulate.<br /></p>\n<p><strong>Citation</strong></p>\n<p>Filshie J, Hester J. Guidelines for providing acupuncture treatment for cancer patients--a peer-reviewed sample policy document.  Acupuncture in Medicine. 2006, 24(4):172-82. </p>",
  "resourceType": "CARDEX"
}