{
  "name": "Complementary and Alternative Medicine",
  "title": "Systematic reviews of complementary therapies - an annotated bibliography. Part 2: herbal medicine",
  "rootDirectory": "/cam",
  "topics": "COMPLEMENTARY AND ALTERNATIVE MEDICINE,HERBAL MEDICINE,MAY 2007,DATE ADDED",
  "publicationDate": "2001-07-20T00:00:00",
  "url": "http://www.biomedcentral.com/1472-6882/1/5",
  "id": "260523",
  "publicationType": "Review",
  "publisher": "BioMed Central",
  "description": "<p><strong>Citation</strong></p>\n<p>Linde K, ter Riet G, Hondras M, Vickers A, Saller R, Melchart D. Systematic reviews of complementary therapies - an annotated bibliography. Part 2: herbal medicine. BMC Complementary and Alternative Medicine. 2001;1:5. Epub 2001 Jul 20. </p>\n<p><strong>Authors' objectives</strong></p>\n<p>This article aims to provide a comprehensive collection and a summary of systematic reviews of clinical trials on herbal medicine. </p>\n<p><strong>Methods</strong></p>\n<p>Potentially relevant reviews were searched through the register of the Cochrane Complementary Medicine Field, the Cochrane Library, Medline, and bibliographies of articles and books. To be included articles had to review prospective clinical trials of herbal medicines; had to describe review methods explicitly; had to be published; and had to focus on treatment effects. Information on conditions, interventions, methods, results and conclusions was extracted using a pre-tested form and summarized descriptively.</p>\n<p><strong>Results</strong></p>\n<p>From a total of 79 potentially relevant reviews pre-selected in the screening process 58 met the inclusion criteria. Thirty of the reports reviewed ginkgo (for dementia, intermittent claudication, tinnitus, and macular degeneration), hypericum (for depression) or garlic preparations (for cardiovascular risk factors and lower limb atherosclerosis). The quality of primary studies was criticized in the majority of the reviews. Most reviews judged the available evidence as promising but definitive conclusions were rarely possible.</p>\n<p><strong>Authors' conclusions</strong></p>\n<p>Systematic reviews are available on a broad range of herbal preparations prescribed for defined conditions. There is very little evidence on the effectiveness of herbalism as practised by specialist herbalists who combine herbs and use unconventional diagnosis.<br /></p>\n<p><strong></strong> </p>",
  "resourceType": "CARDEX"
}