{
  "name": "Complementary and Alternative Medicine",
  "title": "Systematic reviews of complementary therapies - an annotated bibliography. Part 3: homeopathy",
  "rootDirectory": "/cam",
  "topics": "HOMEOPATHY,COMPLEMENTARY AND ALTERNATIVE MEDICINE,MAY 2007,DATE ADDED",
  "publicationDate": "2001-07-20T00:00:00",
  "url": "http://www.biomedcentral.com/1472-6882/1/4",
  "id": "260521",
  "publicationType": "Review",
  "publisher": "BioMed Central",
  "description": "<p><strong>Citation</strong></p>\n<p>Linde K, Hondras M, Vickers A, ter Riet G, Melchart D. Systematic reviews of complementary therapies - an annotated bibliography. Part 3: homeopathy. BMC Complementary and Alternative Medicine. 2001;1:4. Epub 2001 Jul 20.</p>\n<p><strong>Authors' objectives</strong></p>\n<p>This article aims to provide a comprehensive collection and a summary of systematic reviews of clinical trials on homeopathy. </p>\n<p><strong>Methods</strong></p>\n<p>Potentially relevant reviews were searched through the register of the Cochrane Complementary Medicine Field, the Cochrane Library, Medline, and bibliographies of articles and books. To be included articles had to review prospective clinical trials of homeopathy; had to describe review methods explicitly; had to be published; and had to focus on treatment effects. Information on conditions, interventions, methods, results and conclusions was extracted using a pretested form and summarized descriptively.</p>\n<p><strong>Results</strong></p>\n<p>Eighteen out of 22 potentially relevant reviews preselected in the screening process met the inclusion criteria. Six reviews addressed the question whether homeopathy is effective across conditions and interventions. The majority of available trials seem to report positive results but the evidence is not convincing. For isopathic nosodes for allergic conditions, oscillococcinum for influenza-like syndromes and galphimia for pollinosis the evidence is promising while in other areas reviewed the results are equivocal.</p>\n<p><strong>Authors' conclusions</strong></p>\n<p>Reviews on homeopathy often address general questions. While the evidence is promising for some topics the findings of the available reviews are unlikely to end the controversy on this therapy.</p>\n<p> </p>",
  "resourceType": "CARDEX"
}