{
  "name": "Complementary and Alternative Medicine",
  "title": "Systematic reviews of complementary therapies - an annotated bibliography. Part 1: acupuncture",
  "rootDirectory": "/cam",
  "topics": "COMPLEMENTARY AND ALTERNATIVE MEDICINE,ACUPUNCTURE,DATE ADDED,MAY 2007",
  "publicationDate": "2001-07-16T00:00:00",
  "url": "http://www.biomedcentral.com/1472-6882/1/3",
  "id": "260522",
  "publicationType": "Review",
  "publisher": "BioMed Central",
  "description": "<p><strong>Citation</strong></p>\n<p>Linde K, Vickers A, Hondras M, ter Riet G, Thormahlen J, Berman B, Melchart D. Systematic reviews of complementary therapies - an annotated bibliography. Part 1: acupuncture. BMC Complement Altern Med. 2001;1:3. Epub 2001 Jul 16. </p>\n<p><strong>Authors' objectives</strong></p>\n<p>This article aims to provide a comprehensive collection and a summary of systematic reviews of clinical trials on acupuncture. </p>\n<p><strong>Methods</strong></p>\n<p>Potentially relevant reviews were searched through the register of the Cochrane Complementary Medicine Field, the Cochrane Library, Medline, and bibliographies of articles and books. To be included articles had to review prospective clinical trials of acupuncture; had to describe review methods explicitly; had to be published; and had to focus on treatment effects. Information on conditions, interventions, methods, results and conclusions was extracted using a pretested form and summarized descriptively.</p>\n<p><strong>Results</strong></p>\n<p>From a total of 48 potentially relevant reviews preselected in a screeening process 39 met the inclusion criteria. 22 were on various pain syndromes or rheumatic diseases. Other topics addressed by more than one review were addiction, nausea, asthma and tinnitus. Almost unanimously the reviews state that acupuncture trials include too few patients. Often included trials are heterogeneous regarding patients, interventions and outcome measures, are considered to have insufficient quality and contradictory results. Convincing evidence is available only for postoperative nausea, for which acupuncture appears to be of benefit, and smoking cessation, where acupuncture is no more effective than sham acupuncture.</p>\n<p><strong>Authors' conclusions</strong></p>\n<p>A large number of systematic reviews on acupuncture exists. What is most obvious from these reviews is the need for (the funding of) well-designed, larger clinical trials.<br /></p>",
  "resourceType": "CARDEX"
}