{
  "name": "Complementary and Alternative Medicine",
  "title": "Herbal medicines regulation and safety",
  "rootDirectory": "/cam",
  "topics": "COMPLEMENTARY AND ALTERNATIVE MEDICINE,CAM GENERAL,TRADITIONAL CHINESE MEDICINE (TCM),OTHER THERAPIES OR MEDICAL SYSTEMS,HERBAL MEDICINE,2007,REGULATION,PATIENT INFORMATION,DATE ADDED,SAFETY,MAY 2007",
  "publicationDate": "2007-03-22T00:00:00",
  "url": "http://www.mhra.gov.uk/Howweregulate/Medicines/Herbalmedicines/index.htm",
  "id": "260889",
  "publicationType": "Reference Material",
  "publisher": "Medicines and Healthcare products Regulatory Agency (MHRA)",
  "description": "<p><em>The </em><a href=\"http://www.mhra.gov.uk/\"><em>Medicines and Healthcare products Regulatory Agency (MHRA) </em></a><em>is the government agency which is responsible for ensuring that medicines and medical devices work, and are acceptably safe.</em></p>\n<p> </p>\n<p>This section of the MHRA website is aimed at anyone placing herbal medicines on the <?xml:namespace prefix = st1 ns = \"urn:schemas-microsoft-com:office:smarttags\" /?>UK market and for consumers who want to access safety information on herbal medicines. It provides general and product specific safety advice on herbal medicines and outlines the different regulatory requirements for companies wishing to place herbal medicines on the market.<?xml:namespace prefix = o ns = \"urn:schemas-microsoft-com:office:office\" /?><p></p></p> ",
  "resourceType": "CARDEX"
}