{
  "name": "Complementary and Alternative Medicine",
  "title": "Homeopathic medicines",
  "rootDirectory": "/cam",
  "topics": "COMPLEMENTARY AND ALTERNATIVE MEDICINE,HOMEOPATHY,CAM GENERAL,MAY 2007,DATE ADDED,REGULATION,2007",
  "publicationDate": "2006-10-05T00:00:00",
  "url": "http://www.mhra.gov.uk/Howweregulate/Medicines/Homeopathicmedicines/index.htm",
  "id": "260888",
  "publicationType": "Reference Material",
  "publisher": "Medicines and Healthcare products Regulatory Agency (MHRA)",
  "description": "<p><em>The </em><a href=\"http://www.mhra.gov.uk/\"><em>Medicines and Healthcare products Regulatory Agency (MHRA) </em></a><em>is the government agency which is responsible for ensuring that medicines and medical devices work, and are acceptably safe.</em></p>\n<p>This section from the MHRA website outlines the regulatory procedures applicable to homeopathic medicines. It describes the regulatory schemes that are currently used and provides links to guidance notes, application forms and relevant publications.</p>\n<p> </p>\n<p> </p>",
  "resourceType": "CARDEX"
}