{
  "name": "Complementary and Alternative Medicine",
  "title": "Complementary and alternative medicine use in patients with head and neck cancers in Europe",
  "rootDirectory": "/cam",
  "topics": "COMPLEMENTARY AND ALTERNATIVE MEDICINE,CONDITIONS,NEOPLASMS,LARYNX & PHARYNX DISORDERS,NEOPLASMS,BENIGN,MALIGNANT,BENIGN,MALIGNANT,NOSE & SINUS DISORDERS,ENT AND AUDIOLOGY,CONDITIONS A-Z,CANCER,CONDITIONS C,THERAPEUTIC INTERVENTIONS,NON-DRUG TREATMENTS,COMPLEMENTARY THERAPIES,ACUPUNCTURE,HERBAL REMEDIES,OTHER,CAM GENERAL,DATE ADDED,USE OF CAM,MAY 2007,HEAD & NECK CANCER",
  "publicationDate": "2006-03-01T00:00:00",
  "url": "http://www.ncbi.nlm.nih.gov/entrez/query.fcgi?cmd=Retrieve&db=pubmed&dopt=Citation&list_uids=16441673",
  "id": "260949",
  "publicationType": "Report",
  "publisher": "Blackwell",
  "description": "<p><strong>Citation</strong></p>\n<p>Molassiotis A, Ozden G, Platin N, Scott JA, Pud D, Fernandez-Ortega P, et al. Complementary and alternative medicine use in patients with head and neck cancers in Europe. European Journal of Cancer Care (Engl). 2006, 15(1):19-24.</p>\n<p><strong>Authors' objectives</strong></p>\n<p>The aim of the present study was to examine the patterns of complementary and alternative medicine (CAM) use in a sample of head and neck cancer patients in nine countries in Europe.</p>\n<p><strong>Authors' conclusions</strong></p>\n<p>As one in five head and neck cancer patients use CAM it is important that clinicians explore practices with their patients, improve communication about CAM with them and assist those who want to use CAM in using appropriate and safe therapies.<br /></p>",
  "resourceType": "CARDEX"
}