{
  "name": "Complementary and Alternative Medicine",
  "title": "Adapting Complementary Therapies for Supportive & Cancer Care Workshop, Study Days & Conferences",
  "rootDirectory": "/cam",
  "topics": "COMPLEMENTARY AND ALTERNATIVE MEDICINE,AROMATHERAPY,CONDITIONS A-Z,HYPNOSIS,REFLEXOLOGY,MASSAGE,OTHER THERAPIES OR MEDICAL SYSTEMS,CONDITIONS C,CANCER,THERAPEUTIC TOUCH,RELAXATION TECHNIQUES,CAM GENERAL,DATE ADDED,EDUCATION/CPD,MAY 2007",
  "publicationDate": "2007-05-02T00:00:00",
  "url": "http://www.christie.nhs.uk/pro/cs/comp/training.aspx",
  "id": "260985",
  "publicationType": "Learning Material%2fcourseware",
  "publisher": "Christie Hospital, NHS Foundation Trust",
  "description": "<p>The aim of the Complementary Therapy service provided by the Christie Hospital, NHS Foundation Trust in Manchester is to support patients and their carers through all stages of a cancer diagnosis. </p>\n<p>This website provides information about future courses, workshops and conferences organised by the Integrative Therapies Training Unit on a range of complementary therapies such as aromatherapy, massage, reflexology and therapeutic touch.</p>\n<p>For more information and links to course descriptions and schedule for 2008-2010 see <a href=\"http://www.christie.nhs.uk/pro/cs/comp/default.aspx\">Complementary Therapy Services pages</a>.</p>",
  "resourceType": "CARDEX"
}