{
  "name": "Complementary and Alternative Medicine",
  "title": "Use of complementary and alternative medicine in Germany - a survey of patients with inflammatory bowel disease",
  "rootDirectory": "/cam",
  "topics": "COMPLEMENTARY AND ALTERNATIVE MEDICINE,CAM GENERAL,CONDITIONS I-L,CONDITIONS A-Z,MAY 2007,USE OF CAM,DATE ADDED,INFLAMMATORY BOWEL DISEASE",
  "publicationDate": "2006-05-22T00:00:00",
  "url": "http://www.biomedcentral.com/1472-6882/6/19",
  "id": "260943",
  "publicationType": "Report",
  "publisher": "BioMed Central",
  "description": "<p><strong>Citation</strong></p>\n<p>Joos S, Rosemann T, Szecsenyi J, Hahn EG, Willich SN, Brinkhaus B. Use of complementary and alternative medicine in Germany - a survey of patients with inflammatory bowel disease. BMC Complementary and Alternative Medicine. 2006, 6:19.</p>\n<p><strong>Authors' objectives</strong></p>\n<p>The aim of our study was to evaluate the use of complementary and alternative medicine (CAM) in German patients with inflammatory bowel disease (IBD).</p>\n<p><strong>Authors' conclusions</strong></p>\n<p>The use of CAM in IBD patients is very common in Germany, although a large proportion of patients felt that information about CAM is not sufficient. However, to provide an evidence-based approach more research in this field is desperately needed. Therefore, physicians should increasingly inform IBD patients about benefits and limitations of CAM treatment.</p>",
  "resourceType": "CARDEX"
}