{
  "name": "Complementary and Alternative Medicine",
  "title": "Statutory regulation of herbal medicine and acupuncture: Report on the consultation",
  "rootDirectory": "/cam",
  "topics": "ACUPUNCTURE,COMPLEMENTARY AND ALTERNATIVE MEDICINE,HERBAL MEDICINE,CAM GENERAL,MAY 2007,DATE ADDED,REGULATION",
  "publicationDate": "2005-02-14T00:00:00",
  "url": "http://www.dh.gov.uk/en/Consultations/Responsestoconsultations/DH_4103372",
  "id": "260911",
  "publicationType": "Reference Material",
  "publisher": "Department of Health",
  "description": "<p>In March 2004, the Department of Health consulted on proposals to regulate herbal medicine and acupuncture practitioners. The consultation period  closed in June 2004. The Department has analysed the responses received and has launched a report on the consultation. </p>\n<p> </p>",
  "resourceType": "CARDEX"
}