{
  "name": "Complementary and Alternative Medicine",
  "title": "Homeopathy for headache",
  "rootDirectory": "/cam",
  "topics": "HOMEOPATHY,COMPLEMENTARY AND ALTERNATIVE MEDICINE,HEADACHE,CONDITIONS A-Z,MIGRAINE,CONDITIONS M-O,CONDITIONS F-H,2007,MAY 2007,DATE ADDED",
  "publicationDate": "2007-06-01T00:00:00",
  "url": "http://www.library.nhs.uk//cam/ViewResource.aspx?resID=261324",
  "id": "261324",
  "publicationType": "Editorial Or Opinion Piece",
  "publisher": "CAM Specialist Library",
  "description": "111-1Homeopathy for headache<p><strong>Homeopathy National Knowledge Week, 11-15 June 2007</strong></p>\n<p>Robert T Mathie, PhD<br />British Homeopathic Association<br /></p><br /><p>The entire research evidence for homeopathic treatment of headache (tension-type, cervicogenic or migraine) was systematically reviewed by Owen &amp; Green (2004).<sup>1</sup>  No new studies in this area have been published since that review. Six original research papers were identified: 4 randomised controlled trials (RCT) and 2 prospective observational (non-randomised non-controlled) studies (POS). The 4 RCTs were all placebo-controlled. All 6 studies investigated individualised (classical) homeopathy, though one of the RCTs limited prescription to a selection of just 8 medicines.  </p>\n<p>The key research data are summarised in the table below (adapted from Table 2 of the review by Owen &amp; Green):  </p>\n<p> </p>\n<p>\n</p><table width=\"85%\"><tbody><tr><td>\n<p><b>First author, date of publication</b></p></td>\n<td>\n<p><b>Headache type</b></p></td>\n<td>\n<p><b>Study design</b></p></td>\n<td>\n<p><b>Sample size</b></p></td>\n<td>\n<p><b>Study duration (months)</b></p></td>\n<td>\n<p><b>Outcome</b></p></td></tr><tr><td>\n<p>Brigo, 1991<sup>2</sup></p></td>\n<td>\n<p>Migraine</p></td>\n<td>\n<p>RCT</p></td>\n<td>\n<p>60</p></td>\n<td>\n<p>4</p></td>\n<td>\n<p>+</p></td></tr><tr><td>\n<p>Walach, 1997<sup>3</sup></p></td>\n<td>\n<p>Chronic</p></td>\n<td>\n<p>RCT</p></td>\n<td>\n<p>98</p></td>\n<td>\n<p>3</p></td>\n<td>\n<p>+/-</p></td></tr><tr><td>\n<p>Whitmarsh, 1997<sup>4</sup></p></td>\n<td>\n<p>Migraine</p></td>\n<td>\n<p>RCT</p></td>\n<td>\n<p>60</p></td>\n<td>\n<p>4</p></td>\n<td>\n<p>+/-</p></td></tr><tr><td>\n<p>Straumsheim, 2000<sup>5</sup></p></td>\n<td>\n<p>Migraine</p></td>\n<td>\n<p>RCT</p></td>\n<td>\n<p>73</p></td>\n<td>\n<p>4</p></td>\n<td>\n<p>+/-</p></td></tr><tr><td>\n<p>Muscari-Tomaioli, 2001<sup>6</sup></p></td>\n<td>\n<p>All</p></td>\n<td>\n<p>POS</p></td>\n<td>\n<p>53</p></td>\n<td>\n<p>4-6</p></td>\n<td>\n<p>+</p></td></tr><tr><td>\n<p>Walach, 2001<sup>7</sup></p></td>\n<td>\n<p>Chronic</p></td>\n<td>\n<p>POS</p></td>\n<td>\n<p>18</p></td>\n<td>\n<p>12</p></td>\n<td>\n<p>+</p></td></tr></tbody></table><p>+ Positive findings (homeopathy superior to placebo [RCT]; clear proportion of patients with symptom improvement [POS]).<br />+/- Non-statistically significant differences between homeopathy and placebo.<br /></p><br /><p>Improvement in headache symptoms was observed in all 6 studies. However, 3 of the RCTs found no significant difference between homeopathy and placebo – symptoms improved in both groups of patients. The fourth RCT, where homeopathic prescribing was limited to one of just 8 options, found homeopathy was superior to placebo.  In common with most such research in homeopathy, both studies of POS design found clear improvement in symptoms. Thus, the overall evidence suggests that the homeopathy might benefit headache patients, but it does not convincingly indicate it is more effective than placebo. In no study was homeopathy found to be less effective than placebo, or harmful.</p><br /><p>The review led the authors to conclude there is insufficient evidence to support or refute the use of homeopathy for managing headache. However, they also noted several flaws in the design of studies published to date, and recommended further investigation, highlighting the challenges that exist in finding a rigorous research model that is also relevant to homeopathic practice.</p><br /><p><b>References</b></p>\n<p>1. Owen JM, Green BN. Homeopathic treatment of headaches: A systematic review of the literature. Journal of Chiropractic Medicine 2004; 3: 45–52. [<a href=\"http://www.journalchiromed.com/article/PIIS0899346707600858/abstract\">Abstract</a>]</p><br /><p>2. Brigo B, Serpelloni G. Homoeopathic treatment of migraines – A randomized double-blind controlled study of sixty cases - (homoeopathic remedy versus placebo). Berlin Journal of Research in Homeopathy 1991; 1: 98–106. </p><br /><p>3. Walach H, Häusler W, Lowes T, Mussbach D, Schamell U, Springer W, Stritzl G, Gaus W, Haag G. Classical homeopathic treatment of chronic headaches. Cephalalgia 1997; 17: 119–126. [<a href=\"http://www.blackwell-synergy.com/doi/abs/10.1046/j.1468-2982.1997.1702119.x\">Abstract</a>] </p><br /><p>4. Whitmarsh TE, Coleston-Shields DM, Steiner TJ. Double-blind randomised placebo-controlled study of homoeopathic prophylaxis of migraine. Cephalalgia 1997; 17: 600–604. [<a href=\"http://www.blackwell-synergy.com/doi/abs/10.1046/j.1468-2982.1997.1705600.x\">Abstract</a>] </p><br /><p>5. Straumsheim P, Borchgrevink C, Mowinckel P, Kierulf H, Hafslund O. Homeopathic treatment of migraine: A double blind, placebo controlled trial of 68 patients. British Homeopathic Journal 2000; 89: 4–7. [<a href=\"http://www.ncbi.nlm.nih.gov/entrez/query.fcgi?db=pubmed&amp;cmd=Retrieve&amp;dopt=AbstractPlus&amp;list_uids=10703903&amp;query_hl=6&amp;itool=pubmed_docsum\">PubMed abstract</a>] </p><br /><p>6. Muscari-Tomaioli G, Allegri F, Miali E, Pomposelli R, Tubia P, Targhetta A, Castellini M, Bellavite P. Observational study of quality of life in patients with headache, receiving homeopathic treatment. British Homeopathic Journal 2001; 90: 189–197. [<a href=\"http://www.ncbi.nlm.nih.gov/entrez/query.fcgi?db=pubmed&amp;cmd=Retrieve&amp;dopt=AbstractPlus&amp;list_uids=11680803&amp;query_hl=8&amp;itool=pubmed_docsum\">PubMed abstract</a>]</p><br /><p>7. Walach H, Lowes T, Mussbach D, Schamell U, Springer W, Stritzl G, Haag G. The long term effects of homeopathic treatment of chronic headaches: one year follow-up and single case time series analysis. British Homeopathic Journal 2001; 90: 63–72. [<a href=\"http://www.ncbi.nlm.nih.gov/entrez/query.fcgi?db=pubmed&amp;cmd=Retrieve&amp;dopt=AbstractPlus&amp;list_uids=11341459&amp;query_hl=12&amp;itool=pubmed_docsum\">PubMed abstract</a>]</p>\n<p><br /> </p>\n<p></p>",
  "resourceType": "Article"
}