{
  "name": "Complementary and Alternative Medicine",
  "title": "National Knowledge Week on Homeopathy June 2007: List of References",
  "rootDirectory": "/cam",
  "topics": "COMPLEMENTARY AND ALTERNATIVE MEDICINE,HOMEOPATHY,DATE ADDED,MAY 2007,2007",
  "publicationDate": "2007-06-08T00:00:00",
  "url": "http://www.library.nhs.uk//cam/ViewResource.aspx?resID=261341",
  "id": "261341",
  "publicationType": "Review",
  "publisher": "CAM Specialist Library",
  "description": "111-1National Knowledge Week on Homeopathy June 2007: List of References<p>The <a href=\"http://www.library.nhs.uk/cam/ViewResource.aspx?resID=253508&amp;tabID=289&amp;catID=9652\">HTA report on Homeopathy</a> (2002) which aimed to summarise the available evidence on the effectiveness of homeopathy covered the evidence published prior to 2001. </p>\n<p>Therefore, the searches for the National Knowledge Week focused on the period from 1 January 2001 to 1 April 2007 and aimed to identify all relevant systematic reviews published since the HTA report. Systematic reviews which were included in the HTA report have been excluded from this update.</p>\n<p><em>The studies listed below have met our selection criteria. Where there is an appraisal available we have linked to it. If there is no appraisal and you wish to appraise the selected studies here is a </em><a href=\"http://www.phru.nhs.uk/Pages/PHD/resources.htm\"><em>link to a list of appraisal tools</em></a>.</p>\n<p><br /></p>\n<p><strong>HTA reports</strong></p><br /><p>Bornhoft G, Wolf U, Ammon K, Righetti M, Maxion-Bergemann S, Baumgartner S, et al. Effectiveness, safety and cost-effectiveness of homeopathy in general practice - summarized health technology assessment. Forschende Komplementärmedizin. 2006, 13 Suppl 2:19-29. [<a href=\"http://www.ncbi.nlm.nih.gov/sites/entrez?cmd=Retrieve&amp;db=pubmed&amp;dopt=Citation&amp;list_uids=16883077\">PubMed abstract</a>]  </p><br /><p>NHS Quality Improvement Scotland. Outcome of the scoping for an health technology assessment in homeopathy. Glasgow: NHS Quality Improvement Scotland (NHS QIS), 2006. [<a href=\"http://www.nhshealthquality.org/nhsqis/files/homeopathy%20scoping%20final%2020%20apr%2020061.pdf\">Full text</a>]  </p><br /><p><b>Systematic reviews and meta-analyses <br /></b></p><br /><p>Altunc U, Pittler MH, Ernst E. Homeopathy for childhood and adolescence ailments: systematic review of randomized clinical trials. Mayo Clinic proceedings. 2007, 82(1):69-75. [<a href=\"http://www.ncbi.nlm.nih.gov/sites/entrez?cmd=Retrieve&amp;db=pubmed&amp;dopt=Citation&amp;list_uids=17285788\">PubMed abstract</a>]  </p>\n<p><br />Bellavite P, Ortolani R, Pontarollo F, Piasere V, Benato G, Conforti A. Immunology and homeopathy. 4. Clinical studies-part 2. Evidence-based Complementary and Alternative Medicine: eCAM. 2006, 3(4):397-409. [<a href=\"http://www.pubmedcentral.nih.gov/articlerender.fcgi?tool=pubmed&amp;pubmedid=17173103\">Full text</a>]  </p>\n<p><br />Bellavite P, Ortolani R, Pontarollo F, Piasere V, Benato G, Conforti A. Immunology and homeopathy. 4. Clinical studies-part 1. Evidence-based Complementary and Alternative Medicine: eCAM. 2006, 3(3):293-301.  [<a href=\"http://www.pubmedcentral.nih.gov/articlerender.fcgi?tool=pubmed&amp;pubmedid=16951713\">Full text</a>] </p>\n<p><br />Grabia S, Ernst E. Homeopathic aggravations: a systematic review of randomised, placebo-controlled clinical trials. Homeopathy. 2003, 92(2):92-8. [<a href=\"http://www.ncbi.nlm.nih.gov/sites/entrez?cmd=Retrieve&amp;db=pubmed&amp;dopt=Citation&amp;list_uids=12725251\">PubMed abstract</a>] [<a href=\"http://www.crd.york.ac.uk/CRDWeb/ShowRecord.asp?View=Full&amp;ID=12003009646\">DARE Provisional record</a>]</p><br /><p>Holdcraft LC, Assefi N, Buchwald D. Complementary and alternative medicine in fibromyalgia and related syndromes. Best practice &amp; research. Clinical Rheumatology. 2003, 17(4):667-83. [<a href=\"http://www.ncbi.nlm.nih.gov/sites/entrez?cmd=Retrieve&amp;db=pubmed&amp;dopt=Citation&amp;list_uids=12849718\">PubMed abstract</a>] [<a href=\"http://www.crd.york.ac.uk/CRDWeb/ShowRecord.asp?View=Full&amp;ID=12003001645\">DARE appraisal</a>]</p>\n<p><br />Jacobs J, Jonas WB, Jimenez-Perez M, Crothers D. Homeopathy for childhood diarrhea: combined results and metaanalysis from three randomized, controlled clinical trials. Pediatric Infectious Disease Journal. 2003, 22(3):229-34. [<a href=\"http://www.ncbi.nlm.nih.gov/sites/entrez?cmd=Retrieve&amp;db=pubmed&amp;dopt=Citation&amp;list_uids=12634583\">PubMed abstract</a>]  </p>\n<p><br />Jorm AF, Christensen H, Griffiths KM, Parslow RA, Rodgers B, Blewitt KA. Effectiveness of complementary and self-help treatments for anxiety disorders. Medical Journal of Australia. 2004, 181(7 Suppl):S29-S46. [<a href=\"http://www.mja.com.au/public/issues/181_07_041004/jor10845_fm.pdf\">Full text</a>] <br /></p><br /><p>Karkos PD, Leong SC, Arya AK, Papouliakos SM, Apostolidou MT, Issing WJ. 'Complementary ENT': a systematic review of commonly used supplements. Journal of Laryngology and Otology. 2006 Nov 24;1-4. [<a href=\"http://www.ncbi.nlm.nih.gov/sites/entrez?cmd=Retrieve&amp;db=pubmed&amp;dopt=Citation&amp;list_uids=17125579\">PubMed abstract</a>]  </p><br /><p>Luedtke R, Hacke D. [On the effectiveness of the homeopathic remedy Arnica Montana]. Wiener medizinische Wochenschrift (1946). 2005, 155(21-22):482-90. (in German) [<a href=\"http://www.ncbi.nlm.nih.gov/sites/entrez?Db=pubmed&amp;Cmd=ShowDetailView&amp;TermToSearch=16425108\">PubMed abstract</a>]  </p><br /><p>McCarney R, Warner J, Fisher P, van HR. Homeopathy for dementia. Cochrane Database of Systematic Reviews: Reviews 2003 Issue 1 John Wiley &amp; Sons, Ltd Chichester, UK DOI : 10 1002 /14651858 CD003803 2003. [<a href=\"http://www.mrw.interscience.wiley.com/cochrane/clsysrev/articles/CD003803/frame.html\">Full text</a>]  </p><br /><p>McCarney RW, Linde K, Lasserson TJ. Homeopathy for chronic asthma. Cochrane Database of Systematic Reviews: Reviews 2004 Issue 1 John Wiley &amp; Sons, Ltd Chichester, UK DOI : 10 1002 /14651858 CD000353 pub2 2004. [<a href=\"http://www.mrw.interscience.wiley.com/cochrane/clsysrev/articles/CD000353/frame.html\">Full text</a>]</p><br /><p>Milazzo S, Russell N, Ernst E. Efficacy of homeopathic therapy in cancer treatment. European Journal of Cancer. 2006, 42:282-9. [<a href=\"http://www.ncbi.nlm.nih.gov/sites/entrez?cmd=Retrieve&amp;db=pubmed&amp;dopt=Citation&amp;list_uids=16376071\">PubMed abstract</a>] [<a href=\"http://www.crd.york.ac.uk/CRDWeb/ShowRecord.asp?View=Full&amp;ID=12006000867\">DARE appraisal</a>]</p>\n<p><br />Mills E, Wu P, Ernst E. Complementary therapies for the treatment of HIV: in search of the evidence. International Journal of STD &amp; AIDS. 2005, 16(6):395-403. [<a href=\"http://www.ncbi.nlm.nih.gov/sites/entrez?cmd=Retrieve&amp;db=pubmed&amp;dopt=Citation&amp;list_uids=15969772\">PubMed abstract</a>]  </p><br /><p>Owen JM, Green BN. Homeopathic treatment of headaches: a systematic review of the literature. Journal of Chiropractic Medicine. 2004, 3(2):45-52. [<a href=\"http://www.journalchiromed.com/article/PIIS0899346707600858/abstract\">Abstract</a>]<br /></p><br /><p>Passalacqua G, Bousquet PJ, Carlsen KH, Kemp J, Lockey RF, Niggemann B, et al. ARIA update: I--Systematic review of complementary and alternative medicine for rhinitis and asthma. Journal of Allergy and Clinical Immunology. 2006, 117(5):1054-62. [<a href=\"http://www.ncbi.nlm.nih.gov/sites/entrez?cmd=Retrieve&amp;db=pubmed&amp;dopt=Citation&amp;list_uids=16675332\">PubMed abstract</a>]</p><br /><p>Pilkington K, Kirkwood G, Rampes H, Fisher P, Richardson J. Homeopathy for anxiety and anxiety disorders: a systematic review of the research. Homeopathy 2006, 95(3):151-62. [<a href=\"http://www.ncbi.nlm.nih.gov/sites/entrez?cmd=Retrieve&amp;db=pubmed&amp;dopt=Citation&amp;list_uids=16815519\">PubMed abstract</a>]  </p><br /><p>Pilkington K, Kirkwood G, Rampes H, Fisher P, Richardson J. Homeopathy for depression: a systematic review of the research evidence. Homeopathy. 2005, 94:153-63. [<a href=\"http://www.ncbi.nlm.nih.gov/sites/entrez?cmd=Retrieve&amp;db=pubmed&amp;dopt=Citation&amp;list_uids=16060201\">PubMed abstract</a>] [<a href=\"http://www.crd.york.ac.uk/crdweb/ShowRecord.asp?View=Full&amp;ID=12005004392\">DARE appraisal</a>]   </p><br /><p>Pittler MH, Ernst E. Complementary therapies for reducing body weight: a systematic review. International Journal of Obesity. 2005, 29(9):1030-8. [<a href=\"http://www.ncbi.nlm.nih.gov/sites/entrez?cmd=Retrieve&amp;db=pubmed&amp;dopt=Citation&amp;list_uids=15925954\">PubMed abstract</a>]  </p><br /><p>Quinn F, Hughes C, Baxter GD. Complementary and Alternative Medicine in the Treatment of Low Back Pain: a Systematic Review. Physical Therapy Reviews. 2006, 11(2):107-16. </p><br /><p>Schneider B, Klein P, Weiser M. Treatment of vertigo with a homeopathic complex remedy compared with usual treatments: a meta-analysis of clinical trials. Arzneimittel-Forschung. 2005, 55(1):23-9. [<a href=\"http://www.ncbi.nlm.nih.gov/sites/entrez?cmd=Retrieve&amp;db=pubmed&amp;dopt=Citation&amp;list_uids=15727161\">PubMed abstract</a>] [<a href=\"http://www.library.nhs.uk/ent/ViewResource.aspx?resID=101859&amp;tabID=289\">ENT &amp; Audiology Specialist Library</a>]  </p><br /><p>Shang A, Huwiler-Muntener K, Nartey L, Juni P, Dorig S, Sterne JA, et al. Are the clinical effects of homoeopathy placebo effects? Comparative study of placebo-controlled trials of homoeopathy and allopathy. Lancet. 2005, 366(9487):726-32. [<a href=\"http://www.ncbi.nlm.nih.gov/sites/entrez?cmd=Retrieve&amp;db=pubmed&amp;dopt=Citation&amp;list_uids=16125589\">PubMed abstract</a>]  </p><br /><p>Smith CA. Homoeopathy for induction of labour. Cochrane Database of Systematic Reviews: Reviews 2003 Issue 4 John Wiley &amp; Sons, Ltd Chichester, UK DOI : 10 1002 /14651858 CD003399 2003.  [<a href=\"http://www.mrw.interscience.wiley.com/cochrane/clsysrev/articles/CD003399/frame.html\">Full text</a>] </p><br /><p>Stevinson C, Ernst E. Complementary/alternative therapies for premenstrual syndrome: a systematic review of randomized controlled trials. American Journal of Obstetrics and Gynecology. 2001, 185:227-35. [<a href=\"http://www.ncbi.nlm.nih.gov/sites/entrez?cmd=Retrieve&amp;db=pubmed&amp;dopt=Citation&amp;list_uids=11483933\">PubMed abstract</a>] [<a href=\"http://www.crd.york.ac.uk/CRDWeb/ShowRecord.asp?View=Full&amp;ID=12001001913\">DARE appraisal</a>]  </p><br /><p>Thachil AF, Mohan R, Bhugra D. The evidence base of complementary and alternative therapies in depression. Journal of Affective Disorders. 2007,  97(1-3):23-35. [<a href=\"http://www.ncbi.nlm.nih.gov/sites/entrez?cmd=Retrieve&amp;db=pubmed&amp;dopt=Citation&amp;list_uids=16926053\">PubMed abstract</a>]  </p><br /><p>van der Wouden JC, Menke J, Gajadin S, Koning S, Tasche MJA, van Suijlekom-Smit LWA, Berger MY, Butler CC. Interventions for cutaneous molluscum contagiosum. Cochrane Database of Systematic Reviews 2006, Issue 2. Art. No.: CD004767. DOI: 10.1002/14651858.CD004767.pub2. [<a href=\"http://www.mrw.interscience.wiley.com/cochrane/clsysrev/articles/CD004767/frame.html\">Full text</a>] </p><br /><p>Vickers AJ, Smith C. Homoeopathic Oscillococcinum for preventing and treating influenza and influenza-like syndromes. Cochrane Database of Systematic Reviews: Reviews 2006 Issue 3 John Wiley &amp; Sons, Ltd Chichester, UK DOI : 10 1002 /14651858 CD001957 pub 2006. [<a href=\"http://www.mrw.interscience.wiley.com/cochrane/clsysrev/articles/CD001957/frame.html\">Full text</a>]  </p><br /><p><b>Position statement</b></p>\n<p><br />Position statement of the Canadian Paediatric Society: Homeopathy in the paediatric population. Paediatrics and Child Health. 2005, 10(3):173-82. [<a href=\"http://www.cps.ca/english/statements/CP/cp05-01.htm\">Full text</a>]</p>\n<p> </p>\n<p> </p>",
  "resourceType": "Article"
}