{
  "name": "Complementary and Alternative Medicine",
  "title": "National Knowledge Week on Homeopathy June 2007: Search Methodology",
  "rootDirectory": "/cam",
  "topics": "HOMEOPATHY,COMPLEMENTARY AND ALTERNATIVE MEDICINE,2007,JUNE 2007,DATE ADDED",
  "publicationDate": "2007-06-08T00:00:00",
  "url": "http://www.library.nhs.uk//cam/ViewResource.aspx?resID=261573",
  "id": "261573",
  "publicationType": "Reference Material",
  "publisher": "CAM Specialist Library",
  "description": "111-1National Knowledge Week on Homeopathy June 2007: Search Methodology<p>The National Knowledge Week for Homeopathy is introduced to identify, organise and present the most up-to-date evidence for this topic. The Library has searched comprehensively a large number of databases and has used strict selection criteria for the identified studies, in order to present the best current evidence available. </p>\n<p>The <a href=\"http://www.library.nhs.uk/cam/ViewResource.aspx?resID=253508&amp;tabID=289&amp;catID=9652\">HTA report on Homeopathy</a> (2002) which aimed to summarise the available evidence on the effectiveness of homeopathy and covered the evidence published prior to 2001. Therefore, the searches for the National Knowledge Week focused on the period from 1 January 2001 to 1 April 2007 and aimed to identify all relevant systematic reviews published since the HTA report. Systematic reviews which were included in the HTA report have been excluded from this update.</p><br /><p><b>Sources searched:</b></p>\n<p>The Cochrane Library (CDSR, CENTRAL, DARE, HTA, NHS EED), PubMed (and MEDLINE), EMBASE, AMED, CINAHL, PsycINFO.</p><br /><p><strong>Selection criteria</strong> </p>\n<p>Inclusion criteria:</p>\n<ol><li>Explicit description of search process and statement of methodology (at least 2 sources must have been searched and there must be a statement that the study is a meta-analysis or a systematic review). </li>\n<li>Topic relevance (studies should address homeopathy or complementary therapies as the main investigated intervention).</li></ol><p>Exclusion criteria:</p>\n<ol><li>The study is not a systematic review or a meta-analysis. </li>\n<li>The study does not focus on homeopathy or CAM in general. </li>\n<li>The study is published in a language other than English and English abstract is not available.</li></ol><p><strong>Search process</strong></p><br /><p>The searches were carried out on 2 April 2007 and were limited to articles published since 1 January 2001. To identify relevant systematic reviews the information specialist has searched the sources listed above using the CAM SL systematic reviews filter, which emphasizes specificity (precision) over sensitivity. In addition a search of PubMed using the systematic reviews subset was conducted.<br />More details of search terms and filters used are available by <a href=\"http://www.library.nhs.uk/cam/ContactUs.aspx\">contacting</a> the Library's information specialist.  </p><br /><p><strong>Search results</strong></p><br /><p>The total number of records retrieved was 687. After removing the duplicates there were 373 citations to be filtered. Of these 79 were selected as potential systematic reviews. If any uncertainty existed records were still included in the list. Systematic reviews included in the HTA report have been excluded.</p>\n<p>The titles and abstracts of the potential systematic reviews were further screened for relevance. Studies with a main focus on non-clinical topics such as trial quality, reviews of secondary studies and protocols of on-going systematic reviews were excluded at this stage. The final selection included 26 systematic reviews and meta-analyses, 2 HTA reports and 1 position statement of a national body (Canadian Paediatric Society). The selected studies were categorised by medical speciality and/or condition. Based on the identified studies with a main focus on homeopathy several topics were selected for preparing brief commentaries on the use of homeopathy for specific diseases and conditions. </p><br /><p>In addition a search for randomised controlled trials (RCTs) was carried out on the Cochrane CENTRAL database. This was to done to identify any recent RCTs that have been published after the completion of the respective systematic reviews.</p>\n<p><br /> </p>",
  "resourceType": "Article"
}