{
  "name": "Complementary and Alternative Medicine",
  "title": "Homeopathy for children's health problems",
  "rootDirectory": "/cam",
  "topics": "HOMEOPATHY,COMPLEMENTARY AND ALTERNATIVE MEDICINE,ASTHMA,CONDITIONS A-Z,CONDITIONS D-E,CONDITIONS P-R,CONDITIONS A-B,RESPIRATORY TRACT INFECTIONS,DIARRHOEA,ATTENTION DEFICIT / HYPERACTIVITY DISORDER,2007,DATE ADDED,JUNE 2007",
  "publicationDate": "2007-06-08T00:00:00",
  "url": "http://www.library.nhs.uk//cam/ViewResource.aspx?resID=262022",
  "id": "262022",
  "publicationType": "Editorial Or Opinion Piece",
  "publisher": "CAM Specialist Library",
  "description": "111-1Homeopathy for children's health problems<p><strong>Homeopathy National Knowledge Week, 11-15 June 2007</strong></p>\n<p>Dr Michael Emmans Dean, University of York</p><br /><p>Homeopathy remains a popular choice for children’s health problems, often used by parents because it is believed to be safe. A recent systematic review of randomised double-blind placebo-controlled trials for different clinical conditions found 16 eligible studies for 9 different conditions.<sup>1</sup> Only two conditions were represented by three trials each: attention deficit/hyperactivity disorder, and acute diarrhoea.</p><br /><p><strong>Attention deficit/hyperactivity disorder (ADHD)</strong></p>\n<p>Three ADHD trials all used variants of the Conners’ Global Index - Parent Scale as the primary outcome. Two were individualised according to different prescribing protocols, and provided conflicting evidence.<sup>2,3 </sup> There were important differences between the design of the trials which could account for the differences.<sup>4</sup> A trial of a formula prescription reported positive results for two of six outcomes.<sup>5</sup></p><br /><p><strong>Diarrhoea</strong></p>\n<p>Standard treatment (oral rehydration therapy: ORT) plus individualised homeopathy or placebo was tested in three similar trials which measured the time to fewer than three unformed stools on two consecutive days.<sup>6-8 </sup>The evidence conflicted when the trials were considered individually, although there was a significant overall reduction of time to recovery in the homeopathy group when the results of all three were pooled: 3.3 days compared with 4.1 days in the placebo group.<sup>8</sup> A fourth study published since the systematic review tested a formula preparation plus ORT and found no difference from placebo.<sup>9</sup></p><br /><p><strong>Other conditions</strong></p>\n<p>Two trials each of homeopathy for adenoid growths<sup>10,11</sup>, asthma<sup>12,13 </sup>and upper respiratory tract infection<sup>14,15</sup> found no benefit from homeopathy compared with placebo. Treatments were not comparable in either of the trials for each of the three conditions.</p>\n<p>Single trials of individualized treatment for acute otitis media<sup>16</sup> and a formula (Aconite) for postoperative agitation syndrome<sup>17</sup> both reported significant benefits from homeopathy. Euphrasia used preventively for conjunctivitis<sup>18</sup> and individualised homeopathy for warts<sup>19</sup> showed no difference from placebo.</p><br /><p><strong>Conclusion</strong></p>\n<p>Pooled evidence from a series of three trials with similar designs and treatment protocols, conducted by one group of investigators suggests that individualised homeopathy for acute childhood diarrhoea may be a clinically relevant addition to standard treatment (ORT), but independent replication is required. Other conditions and homeopathic treatments have yet to be systematically investigated to the same extent, making it difficult to draw firm conclusions about homeopathy’s efficacy in child health.</p><br /><p><strong>References</strong></p><br /><p>1. Altunc U, Pittler MH, Ernst E. Homeopathy for childhood and adolescence ailments: systematic review of randomized clinical trials. Mayo Clinic proceedings. 2007, 82(1):69-75. [<a href=\"http://www.ncbi.nlm.nih.gov/sites/entrez?cmd=Retrieve&amp;db=pubmed&amp;dopt=Citation&amp;list_uids=17285788\">PubMed abstract</a>]  </p><br /><p>2. Frei H, Everts R, von Ammon K, Kaufmann F, Walther D, Hsu-Schmitz SF, et al. Homeopathic treatment of children with attention deficit hyperactivity disorder: a randomised, double blind, placebo controlled crossover trial. European Journal of Pediatrics. 2005, 164(12):758-67. [<a href=\"http://www.ncbi.nlm.nih.gov/sites/entrez?Db=pubmed&amp;Cmd=ShowDetailView&amp;TermToSearch=16047154&amp;ordinalpos=8&amp;itool=EntrezSystem2.PEntrez.Pubmed.Pubmed_ResultsPanel.Pubmed_RVDocSum\">PubMed abstract</a>] </p>\n<p><br />3. Jacobs J, Williams AL, Girard C, Njike VY, Katz D. Homeopathy for attention-deficit/hyperactivity disorder: a pilot randomized-controlled trial. Journal of Alternative and Complementary Medicine. 2005, 11(5):799-806. [<a href=\"http://www.ncbi.nlm.nih.gov/sites/entrez?Db=pubmed&amp;Cmd=ShowDetailView&amp;TermToSearch=16296913&amp;ordinalpos=2&amp;itool=EntrezSystem2.PEntrez.Pubmed.Pubmed_ResultsPanel.Pubmed_RVDocSum\">PubMed abstract</a>]</p>\n<p><br />4. Frei H,  Everts R, von Ammon K et al. Randomised controlled trials of homeopathy in hyperactive children: treatment procedure leads to an unconventional study design: Experience with open-label homeopathic treatment preceding the Swiss ADHD placebo controlled, randomised, double-blind, cross-over trial<br />Homeopathy. 2007,  96(1) 35-41.</p><br /><p>5. Strauss LC. The efficacy of a homeopathic preparation in the management of attention deficit hyperactivity disorder. Biomedical Therapy. 2000, 18(2):197-201.</p>\n<p><br />6. Jacobs J, Jimenez LM, Gloyd SS, Gale JL, Crothers D. Treatment of acute childhood diarrhea with homeopathic medicine: a randomized clinical trial in Nicaragua. Pediatrics. 1994, 93(5):719-25. [<a href=\"http://www.ncbi.nlm.nih.gov/sites/entrez?Db=pubmed&amp;Cmd=ShowDetailView&amp;TermToSearch=8165068&amp;ordinalpos=5&amp;itool=EntrezSystem2.PEntrez.Pubmed.Pubmed_ResultsPanel.Pubmed_RVDocSum\">PubMed abstract</a>]</p>\n<p><br />7. Jacobs J, Jimenez LM, Malthouse S, Chapman E, Crothers D, Masuk M, et al. Homeopathic treatment of acute childhood diarrhea: Results from a clinical trial in Nepal. Journal of Alternative and Complementary Medicine. 2000, 6(2):131-9. [<a href=\"http://www.ncbi.nlm.nih.gov/sites/entrez?Db=pubmed&amp;Cmd=ShowDetailView&amp;TermToSearch=10784270&amp;ordinalpos=4&amp;itool=EntrezSystem2.PEntrez.Pubmed.Pubmed_ResultsPanel.Pubmed_RVDocSum\">PubMed abstract</a>]</p>\n<p><br />8. Jacobs J, Jonas WB, Jimenez-Perez M, Crothers D. Homeopathy for childhood diarrhea: combined results and metaanalysis from three randomized, controlled clinical trials. Pediatric Infectious Disease Journal. 2003, 22(3):229-34. [<a href=\"http://www.ncbi.nlm.nih.gov/sites/entrez?Db=pubmed&amp;Cmd=ShowDetailView&amp;TermToSearch=12634583&amp;ordinalpos=3&amp;itool=EntrezSystem2.PEntrez.Pubmed.Pubmed_ResultsPanel.Pubmed_RVDocSum\">PubMed abstract</a>]</p>\n<p><br />9. Jacobs J, Guthrie BL, Montes GA, Jacobs LE, Mickey-Colman N, Wilson AR, et al. Homeopathic combination remedy in the treatment of acute childhood diarrhea in Honduras. Journal of Alternative and Complementary Medicine. 2006, 12(8):723-32. [<a href=\"http://www.ncbi.nlm.nih.gov/sites/entrez?Db=pubmed&amp;Cmd=ShowDetailView&amp;TermToSearch=17034278&amp;ordinalpos=2&amp;itool=EntrezSystem2.PEntrez.Pubmed.Pubmed_ResultsPanel.Pubmed_RVDocSum\">PubMed abstract</a>]</p>\n<p><br />10. Furuta SE, Weckx LLM, Figueiredo CR. Prospective, randomized, double-blind clinical trial about efficacy of homeopathic treatment in children with obstructive adenoid. Revista Brasileira de Otorrinolaringologia. 2003, 69(3):343-7. </p>\n<p><br />11. Friese KH, Feuchter U, Moeller H. [Homeopathic treatment of adenoid vegetations. Results of a prospective, randomized double-blind study]. HNO. 1997, 45(8):618-24. [<a href=\"http://www.ncbi.nlm.nih.gov/sites/entrez?Db=pubmed&amp;Cmd=ShowDetailView&amp;TermToSearch=9378668&amp;ordinalpos=5&amp;itool=EntrezSystem2.PEntrez.Pubmed.Pubmed_ResultsPanel.Pubmed_RVDocSum\">PubMed abstract</a>]</p>\n<p><br />12. Freitas LA, Goldenstein E, Sanna OM. A relação médico–paciente indireta e o tratamento homeopático na asma infantil. Revista de Homeopatía. 1995, 60(2):26-31. </p>\n<p><br />13. White A, Slade P, Hunt C, Hart A, Ernst E. Individualised homeopathy as an adjunct in the treatment of childhood asthma: a randomised placebo controlled trial. Thorax. 2003, 58(4):317-21. [<a href=\"http://www.ncbi.nlm.nih.gov/sites/entrez?Db=pubmed&amp;Cmd=ShowDetailView&amp;TermToSearch=12668794&amp;ordinalpos=8&amp;itool=EntrezSystem2.PEntrez.Pubmed.Pubmed_ResultsPanel.Pubmed_RVDocSum\">PubMed abstract</a>]</p>\n<p><br />14. de Lange-de Klerk E. Effects of homeopathic medicines on children with recurrent upper respiratory tract infections: Vrije Universiteit te Amsterdam; 1993. </p>\n<p><br />15. Steinsbekk A, Bentzen N, Fonnebo V, Lewith G. Self treatment with one of three self selected, ultramolecular homeopathic medicines for the prevention of upper respiratory tract infections in children. A double-blind randomized placebo controlled trial. British Journal of Clinical Pharmacology. 2005, 59(4):447-55. [<a href=\"http://www.ncbi.nlm.nih.gov/sites/entrez?Db=pubmed&amp;Cmd=ShowDetailView&amp;TermToSearch=15801940&amp;ordinalpos=1&amp;itool=EntrezSystem2.PEntrez.Pubmed.Pubmed_ResultsPanel.Pubmed_RVDocSum\">PubMed abstract</a>]</p>\n<p><br />16. Jacobs J, Springer DA, Crothers D. Homeopathic treatment of acute otitis media in children: a preliminary randomized placebo-controlled trial. Pediatric Infectious Disease Journal. 2001, 20(2):177-83. [<a href=\"http://www.ncbi.nlm.nih.gov/sites/entrez?Db=pubmed&amp;Cmd=ShowDetailView&amp;TermToSearch=11224838&amp;ordinalpos=6&amp;itool=EntrezSystem2.PEntrez.Pubmed.Pubmed_ResultsPanel.Pubmed_RVDocSum\">PubMed abstract</a>]</p>\n<p><br />17. Alibeu JP, Jobert J. [Aconite in homeopathic relief of post-operative pain and agitation in children]. Pediatrie. 1990;45(7-8):465-6. [<a href=\"http://www.ncbi.nlm.nih.gov/sites/entrez?Db=pubmed&amp;Cmd=ShowDetailView&amp;TermToSearch=2170921&amp;ordinalpos=4&amp;itool=EntrezSystem2.PEntrez.Pubmed.Pubmed_ResultsPanel.Pubmed_RVDocSum\">PubMed abstract</a>]</p>\n<p><br />18. Mokkapatti R. An experimental double-blind study to evaluate the use of Euphrasia in preventing conjunctivitis. British Homoeopathic Journal. 1992;81(1):22-4. </p>\n<p><br />19. Kainz JT, Kozel G, Haidvogl M, Smolle J. Homoeopathic versus placebo therapy of children with warts on the hands: a randomized, double-blind clinical trial. Dermatology. 1996, 193(4):318-20. [<a href=\"http://www.ncbi.nlm.nih.gov/sites/entrez?Db=pubmed&amp;Cmd=ShowDetailView&amp;TermToSearch=8993956&amp;ordinalpos=4&amp;itool=EntrezSystem2.PEntrez.Pubmed.Pubmed_ResultsPanel.Pubmed_RVDocSum\">PubMed abstract</a>]</p>\n<p> </p>\n<p> </p>\n<p> </p>",
  "resourceType": "Article"
}