{
  "name": "Complementary and Alternative Medicine",
  "title": "Access to complementary medicine via general practice",
  "rootDirectory": "/cam",
  "topics": "COMPLEMENTARY AND ALTERNATIVE MEDICINE,CAM GENERAL,DATE ADDED,USE OF CAM,JUNE 2007,2007",
  "publicationDate": "2001-01-01T00:00:00",
  "url": "http://www.ncbi.nlm.nih.gov/pmc/articles/PMC1313895/?tool=pubmed",
  "id": "262058",
  "publicationType": "Report",
  "publisher": "Royal College of General Practitioners",
  "description": "<p><strong>Citation</strong></p>\n<p>Thomas KJ, Nicholl JP, Fall M. Access to complementary medicine via general practice. British Journal of General Practice. 2001, 51(462):25-30.  </p>\n<p><strong>Authors' objectives</strong></p>\n<p>To describe the scale and scope of access to complementary therapies (acupuncture, chiropractic, homoeopathy, hypnotherapy, medical herbalism, and osteopathy) via general practice in England. </p>\n<p><strong>Authors' conclusion</strong></p>\n<p>Access to complementary health care for NHS patients was widespread in English general practices in 1995. This data suggests that a limited range of complementary therapies were acceptable to a large proportion of GPs. Fundholding clearly provided a mechanism for the provision of complementary therapies in primary care. Patterns of provision are likely to alter with the demise of fundholding and existing provision may significantly reduce unless the Primary Care Groups or Primary Care Trusts are prepared to support the 'levelling up' of some services.</p>",
  "resourceType": "CARDEX"
}