{
  "name": "Complementary and Alternative Medicine",
  "title": "Trends in use of complementary and alternative medicine by US adults: 1997-2002",
  "rootDirectory": "/cam",
  "topics": "COMPLEMENTARY AND ALTERNATIVE MEDICINE,CAM GENERAL,JUNE 2007,USE OF CAM,DATE ADDED",
  "publicationDate": "2005-01-01T00:00:00",
  "url": "http://www.ncbi.nlm.nih.gov/sites/entrez?cmd=Retrieve&db=pubmed&dopt=Citation&list_uids=15712765",
  "id": "262045",
  "publicationType": "Report",
  "publisher": "InnoVision Communications",
  "description": "<p><strong>Citation</strong></p>\n<p>Tindle HA, Davis RB, Phillips RS, Eisenberg DM. Trends in use of complementary and alternative medicine by US adults: 1997-2002. Alternative Therapies in Health and Medicine. 2005 Jan-Feb;11(1):42-9. </p>\n<p><strong>Authors' objectives</strong></p>\n<p>To compare CAM therapy use by US adults in 2002 and 1997. Two national surveys of CAM use by US adults were compared: (1) the Alternative Health/Complementary and Alternative Medicine supplement to the 2002 National Health Interview Survey (NHIS, N = 31,044) and (2) a 1997 national survey (N = 2055), each containing questions about 15 common CAM therapies.</p>\n<p><strong>Authors' conclusions</strong></p>\n<p>The prevalence of CAM use has remained stable from 1997 to 2002. Over one in three respondents used CAM in the past year, representing about 72 million US adults.</p>\n<p> </p>\n<p><strong></strong> </p>",
  "resourceType": "CARDEX"
}