{
  "name": "Complementary and Alternative Medicine",
  "title": "Use and expenditure on complementary medicine in England: a population based survey",
  "rootDirectory": "/cam",
  "topics": "COMPLEMENTARY AND ALTERNATIVE MEDICINE,CAM GENERAL,JUNE 2007,USE OF CAM,DATE ADDED",
  "publicationDate": "2001-03-01T00:00:00",
  "url": "http://www.ncbi.nlm.nih.gov/sites/entrez?Db=pubmed&Cmd=ShowDetailView&TermToSearch=11264963&ordinalpos=213&itool=EntrezSystem2.PEntrez.Pubmed.Pubmed_ResultsPanel.Pubmed_RVDocSum",
  "id": "262056",
  "publicationType": "Report",
  "publisher": "Churchill Livingstone",
  "description": "<p><strong>Citation</strong></p>\n<p>Thomas KJ, Nicholl JP, Coleman P. Use and expenditure on complementary medicine in England: a population based survey. Complementary Therapies in Medicine. 2001, 9(1):2-11.  </p>\n<p><strong>Authors' objectives</strong></p>\n<p>Many claims are made that complementary medicine use is a substantial and growing part of health-care behaviour. Estimates of practitioner visits in the USA and Australia indicate high levels of use and expenditure. No reliable population-based estimates of practitioner use are available for the UK. </p>\n<p><strong>Authors' conclusions</strong></p>\n<p>This survey has demonstrated substantial use of practitioner-provided complementary therapies in England in 1998. The findings suggest that CAM is making a measurable contribution to first-contact primary care. However, we have shown that 90% of this provision is purchased privately. Further research into the cost-effectiveness of different CAM therapies for particular patient groups is now urgently needed to facilitate equal and appropriate access via the NHS.</p>",
  "resourceType": "CARDEX"
}