{
  "name": "Complementary and Alternative Medicine",
  "title": "Trends in access to complementary or alternative medicines via primary care in England: 1995-2001 results from a follow-up national survey",
  "rootDirectory": "/cam",
  "topics": "COMPLEMENTARY AND ALTERNATIVE MEDICINE,CAM GENERAL,DATE ADDED,USE OF CAM,JUNE 2007",
  "publicationDate": "2003-09-25T00:00:00",
  "url": "http://fampra.oxfordjournals.org/cgi/content/full/20/5/575",
  "id": "262055",
  "publicationType": "Report",
  "publisher": "Oxford University Press",
  "description": "<p><strong>Citation</strong></p>\n<p>Thomas KJ, Coleman P, Nicholl JP. Trends in access to complementary or alternative medicines via primary care in England: 1995-2001 results from a follow-up national survey. Family Practice. 2003, 20(5):575-7. </p>\n<p><strong>Authors' objectives</strong></p>\n<p>To assess the changes in the provision of CAM services in NHS primary care in England between 1995 and 2001. </p>\n<p><strong>Authors' conclusions</strong></p>\n<p>A prior national survey of one in eight randomly selected general practices in England estimated that 39% of general practices [95% confidence interval (CI) 35–43%] provided some access to complementary or alternative medicine (CAM) therapies in 1995. A repeat survey, conducted in 2001, estimated that one in two practices in England now offer their patients some access to CAMs (95% CI 46–52%). The change was due to increased provision in-house; the proportion of practices making NHS referrals remained unchanged. The proportion of services supported by patient payments rose from 26 to 42%. </p>\n<p><strong></strong> </p>",
  "resourceType": "CARDEX"
}