{
  "name": "Complementary and Alternative Medicine",
  "title": "Use of complementary or alternative medicine in a general population in Great Britain. Results from the National Omnibus survey",
  "rootDirectory": "/cam",
  "topics": "COMPLEMENTARY AND ALTERNATIVE MEDICINE,CAM GENERAL,JUNE 2007,USE OF CAM,DATE ADDED",
  "publicationDate": "2004-06-01T00:00:00",
  "url": "http://www.ncbi.nlm.nih.gov/sites/entrez?Db=pubmed&Cmd=ShowDetailView&TermToSearch=15284318&ordinalpos=99&itool=EntrezSystem2.PEntrez.Pubmed.Pubmed_ResultsPanel.Pubmed_RVDocSum",
  "id": "262052",
  "publicationType": "Report",
  "publisher": "Oxford University Press",
  "description": "<p><strong>Citation</strong></p>\n<p>Thomas K, Coleman P. Use of complementary or alternative medicine in a general population in Great Britain. Results from the National Omnibus survey. <em>Journal of Public Health (Oxf)</em>. 2004, 26(2):152-7.</p>\n<p><strong>Authors' objectives</strong></p>\n<p>To estimate levels of use of complementary or alternative medicines (CAMs) by adults in England, Scotland and Wales and their socio-economic correlates.</p>\n<p><strong>Authors' conclusions</strong></p>\n<p>Strong correlations between the use of CAM and gross socio-economic indicators are demonstrated in the survey. Repeated national surveys of this type could provide a useful vehicle for collecting information about changing patterns of CAM use on a routine basis.</p>\n<p><strong></strong> </p>",
  "resourceType": "CARDEX"
}