{
  "name": "Complementary and Alternative Medicine",
  "title": "Is homeopathy useful in infectious conditions?",
  "rootDirectory": "/cam",
  "topics": "COMPLEMENTARY AND ALTERNATIVE MEDICINE,HOMEOPATHY,CONDITIONS I-L,CONDITIONS S,SKIN DISEASES,CONDITIONS A-Z,INFLUENZA,AIDS (ACQUIRED IMMUNODEFICIENCY SYNDROME),CONDITIONS A-B,2007,JUNE 2007,DATE ADDED",
  "publicationDate": "2007-06-08T00:00:00",
  "url": "http://www.library.nhs.uk//cam/ViewResource.aspx?resID=262078",
  "id": "262078",
  "publicationType": "Editorial Or Opinion Piece",
  "publisher": "CAM Specialist Library",
  "description": "111-1Is homeopathy useful in infectious conditions?<p><strong>Homeopathy National Knowledge Week, 11-15 June 2007</strong></p>\n<p>Dr Peter Fisher, Royal London Homoeopathic Hospital </p><br /><p><strong>Background</strong></p>\n<p>Historically the rapid growth of homeopathy in the 19th century seems to have been associated with its apparent success in epidemics, notably of cholera in the mid-19 century<sup>1</sup> and later of influenza in the pandemic of 1918-19 <sup>2,3</sup>. The rising incidence of antibiotic resistant organisms, novel viruses, notably avian influenza and other emerging threats has lead to an interest in the exploration of possible alternative treatments.</p><br /><p>Systematic reviews of homeopathy, or including homeopathy, in the following infectious conditions have been published: HIV/AIDS, cutaneous molluscum contagiosum and influenza. Other relevant studies include a meta-analysis of homeopathy for and childhood diarrhoea<sup>4</sup>. The latter is covered in the child health section of this National Knowledge Week and will not be discussed here.</p><br /><p><strong>Human Immunodeficency Virus infection and Acquired Immune Deficiency Syndrome (HIV/AIDS)</strong></p>\n<p>Complementary and Alternative Medicine (CAM) is widely used by people living with HIV/AIDS: in the USA 68% used it in a 12 month period. A systematic review of  randomised clinical trials (RCTs) of complementary medicine for HIV/AIDS identified 30 trials.<sup>5</sup> Eighteen of these were of various forms of stress management therapy, two were said to be of homeopathy, although one of these seems to be misclassified, it was in fact a trial of a cannabinoid. A literature review with a main focus on this topic identified five controlled clinical trials of homeopathy.<sup>6</sup></p><br /><p>The clinical trial common to both reviews was conducted in India, it was of double-blind, placebo-controlled design involving 100 patients (71 male, 29 female), stratified into asymptomatic (stage II) and Persistent Generalised Lymphadenopathy (PGL, stage III) groups.  Homeopathic treatment was individualised, the most commonly prescribed homeopathic medicines were Phosphorus and Pulsatilla.  There were statistically significant improvement in CD4 counts on comparing per and post-treatment values in the PGL group, no significant change in the asymptomatic group.  </p><br /><p>Another body of research in the area focussed on the use of homeopathic dilutions of growth factors: insulin-like growth factor-1, platelet-derived growth factor BB, transforming growth factor ß-1 and granulocyte-macrophage colony stimulating factor. Two short term (8-16 weeks) double-blind RCTs involved 77 individuals, and two long term open-label (2.5 year) studies involved 27 individuals.  Benefits were claimed in terms of lean body mass, CD4 count and quality of life outcomes. This work has not been published in Medline-indexed journals.</p><br /><p>A provocative finding arising from an uncontrolled study concerns sensitivity to Trimethoprim-sulphamethoxazole (TMP-SMX) in patients allergic to this drug (widely used in AIDS patients for prophylaxis of Pneumocystis carinii infection). Around 2/3 of hypersensitive patients treated with an homeopathic dilution of TMP-SMX had much reduced symptoms on rechallenge. This finding should be further investigated in an RCT.</p><br /><p><strong>Cutaneous molluscum contagiosum</strong></p>\n<p>A Cochrane Review of RCTs of treatment of the viral skin condition molluscum contagiosum  included five studies: one of these was of homeopathic Calcarea carbonica v placebo.<sup>7</sup> The study included patients with warts as well as molluscum contagiosum. In the Molluscum contagiosum group 13/14 participants in the treatment group improved, compared to 1/6 in the placebo group. However there were serious weaknesses in the reporting of the study. The conclusion was that none of the interventions studied had been convincingly show to be effective.</p><br /><p><strong>Influenza</strong></p>\n<p>Influenza has been the subject of the largest number of RCTs of homeopathy of any infectious condition and a Cochrane Review of homoeopathic Oscillococcinum and similar homeopathic preparations for preventing and treating influenza and influenza-like syndromes has been published.<sup>8</sup> Oscillococcinum is made from wild duck heart and liver, and wild fowl are vectors of influenza viruses. The review  found three prevention trials (n= 2265) and four treatment trials (n = 1194). There was no evidence that homoeopathic treatment can prevent influenza-like syndrome, but Oscillococcinum treatment reduced the length of influenza illness by 0.28 days and increased the chances that a patient considered treatment to be effective (RR 1.08; 95% CI 1.17 to 1.00). The authors concluded that  the data were promising, but not strong enough to make a general recommendation to use Oscillococcinum for influenza and influenza-like syndromes. Further research is warranted. </p><br /><p><strong>Severe sepsis</strong> \n</p><p>One single double-blind placebo-controlled RCT is worthy of discussion here, because it is of good quality and claimed  remarkable and provocative results in a condition associated with high mortality.<sup>9</sup> This study examined long-term outcome in 70 patients admitted to Intensive Care with severe sepsis, a condition associated  with mortality of 40-70%.  Patients were well matched in terms of APACHE score, number of organ failures and other variables. Survival at day 180 was 76% in the homeopathy group v 50% in the placebo group. The most frequently prescribed homeopathic medicines were Lachesis and Phosphorus. This is only a single study, and no firm conclusions can be drawn, but clearly further research would be of interest. One constraint to such research is the limited number of suitably-trained homeopaths.</p>\n<p><br /> </p>\n<p><strong>References</strong></p><br /><p>1. Leary B. Cholera 1854: update. British Homoeopathic Journal. 1994, 83:117–121.</p><br /><p>2. Dewey WA .  Homeopathy in influenza: a chorus of fifty in harmony.  Journal of the American Institute of Homeopathy. 1921, 13:1038–1043.</p><br /><p>3. Baker WF.  Research work in Gelsemium sempervirens and Bryonia alba in influenza.  Journal of the American Institute of Homeopathy. 1920, 12:695–698. </p><br /><p>4. Jacobs J, Jonas WB, Jimenez-Perez M, Crothers D. Homeopathy for childhood diarrhea: combined results and metaanalysis from three randomized, controlled clinical trials. Pediatric Infectious Disease Journal. 2003, 22(3):229-34. [<a href=\"http://www.ncbi.nlm.nih.gov/sites/entrez?cmd=Retrieve&amp;db=pubmed&amp;dopt=Citation&amp;list_uids=12634583\">PubMed abstract</a>]  </p><br /><p>5. Mills E, Wu P, Ernst E. Complementary therapies for the treatment of HIV: in search of the evidence. International Journal of STD &amp; AIDS. 2005, 16(6):395-403. [<a href=\"http://www.ncbi.nlm.nih.gov/sites/entrez?cmd=Retrieve&amp;db=pubmed&amp;dopt=Citation&amp;list_uids=15969772\">PubMed abstract</a>]  </p><br /><p>6. Ullman D. Controlled clinical trials evaluating the homeopathic treatment of people with human immunodeficiency virus or acquired immune deficiency syndrome. Journal of Alternative and Complementary Medicine. 2003, 9(1):133-41. [<a href=\"http://www.ncbi.nlm.nih.gov/sites/entrez?cmd=Retrieve&amp;db=pubmed&amp;dopt=Citation&amp;list_uids=12676041\">PubMed abstract</a>]  </p><br /><p>7. van der Wouden JC, Menke J, Gajadin S, Koning S, Tasche MJA, van Suijlekom-Smit LWA, Berger MY, Butler CC. Interventions for cutaneous molluscum contagiosum. Cochrane Database of Systematic Reviews 2006, Issue 2. Art. No.: CD004767. DOI: 10.1002/14651858.CD004767.pub2. [<a href=\"http://www.mrw.interscience.wiley.com/cochrane/clsysrev/articles/CD004767/frame.html\">Full text</a>] </p><br /><p>8. Vickers AJ, Smith C. Homoeopathic Oscillococcinum for preventing and treating influenza and influenza-like syndromes. Cochrane Database of Systematic Reviews: Reviews 2006 Issue 3 John Wiley &amp; Sons, Ltd Chichester, UK DOI : 10 1002 /14651858 CD001957 pub 2006. [<a href=\"http://www.mrw.interscience.wiley.com/cochrane/clsysrev/articles/CD001957/frame.html\">Full text</a>]  </p><br /><p>9. Frass M, Linkesch M, Banyai S et al. Adjunctive homeopathic treatment in patients with severe sepsis: a randomized, double-blind, placebo-controlled trial in an intensive care unit. Homeopathy. 2005, 94(2):75-80. [<a href=\"http://www.ncbi.nlm.nih.gov/sites/entrez?Db=pubmed&amp;Cmd=ShowDetailView&amp;TermToSearch=15892486&amp;ordinalpos=1&amp;itool=EntrezSystem2.PEntrez.Pubmed.Pubmed_ResultsPanel.Pubmed_RVDocSum\">PubMed abstract</a>]</p>\n<p> </p>\n<p><strong><br /> </strong></p>",
  "resourceType": "Article"
}