{
  "name": "Complementary and Alternative Medicine",
  "title": "Homeopathy for cancer",
  "rootDirectory": "/cam",
  "topics": "COMPLEMENTARY AND ALTERNATIVE MEDICINE,HOMEOPATHY,CONDITIONS C,CANCER,CONDITIONS A-Z,JUNE 2007,DATE ADDED",
  "publicationDate": "2007-06-08T00:00:00",
  "url": "http://www.library.nhs.uk//cam/ViewResource.aspx?resID=262117",
  "id": "262117",
  "publicationType": "Review",
  "publisher": "CAM Specialist Library",
  "description": "111-1Homeopathy for cancer<p><strong>Homeopathy National Knowledge Week, 11-15 June 2007</strong></p><br /><p>The following relevant study on this topic has been identified:</p><br /><p>Milazzo S, Russell N, Ernst E. Efficacy of homeopathic therapy in cancer treatment. European Journal of Cancer. 2006, 42:282-9. [<a href=\"http://www.ncbi.nlm.nih.gov/sites/entrez?cmd=Retrieve&amp;db=pubmed&amp;dopt=Citation&amp;list_uids=16376071\">PubMed abstract</a>] [<a href=\"http://www.crd.york.ac.uk/CRDWeb/ShowRecord.asp?View=Full&amp;ID=12006000867\">DARE appraisal</a>]</p><br /><p><strong>Authors' objectives</strong></p>\n<p>The authors' objective was to evaluate the effectiveness of any type of homeopathic therapy in the treatment of patients with cancer.</p>\n<p><strong>Authors' conclusions</strong></p>\n<p>Although the evidence for homeopathy was encouraging, there was insufficient evidence to support the use of homeopathy in patients with cancer. Further research is required.</p>\n<p><strong>CRD commentary</strong></p>\n<p>The review addressed a clear question that was defined in terms of the participants, intervention, outcomes and study design. Several relevant conventional and complementary medicine databases were searched, but it was unclear whether attempts were made to reduce publication and language bias. Methods were used to minimise reviewer errors and bias in the validity assessment and dat extraction, but it was not clear whether similar steps were taken in the study selection process. Validity was assessed using criteria appropriate for RCTs and the results of this assessment were reported. Adequate information on the individual studies was provided. Given the diversity of the studies, the narrative synthesis was appropriate. Limitations of the review were the restricted search and lack of full reporting of review methods. Overall, the authors' conclusions about the limitations of the evidence are likely to be reliable.</p>\n<p> </p>",
  "resourceType": "Article"
}