{
  "name": "Complementary and Alternative Medicine",
  "title": "Global reviews on homeopathy",
  "rootDirectory": "/cam",
  "topics": "COMPLEMENTARY AND ALTERNATIVE MEDICINE,HOMEOPATHY,JUNE 2007,DATE ADDED,2007",
  "publicationDate": "2007-06-08T00:00:00",
  "url": "http://www.library.nhs.uk//cam/ViewResource.aspx?resID=262124",
  "id": "262124",
  "publicationType": "Editorial Or Opinion Piece",
  "publisher": "CAM Specialist Library",
  "description": "111-1Global reviews on homeopathy<p><strong>Homeopathy National Knowledge Week, 11-15 June 2007</strong></p><br /><p>Dr Steven Kayne, Glasgow Homoeopathic Hospital/ University of Strathclyde </p><br /><p>I will discuss global reviews of homeopathy ie those which look at homeopathy as a whole, rather than for particular conditions. Four main aspects of homeopathy have been the object of research: basic laboratory studies, investigation of mechanisms of action, clinical trials and observational studies of its use in practice. This article deals principally with clinical trial reviews in which homeopathy is compared with placebo and with orthodox treatment. It should be noted that some of the reviews discussed below may overlap with earlier ones in terms of the research material cited.</p><br /><p>Three independent systematic reviews of placebo controlled trials on homeopathy assessed by Jonas et al, reported that the effects of homeopathy appear to be more than placebo, while one review found its effects to be consistent with placebo.<sup>1</sup> The reviews comprehensively searched for all clinical trials within given domains and used standard methods for their quality evaluation and analysis. Only high quality studies were selected for analysis (for example those with adequate randomisation, blinding, sample size and other methodological criteria that limit bias). There was evidence from several series of trials that homeopathy may be effective for the treatment of influenza, allergies, post-operative ileus and childhood diarrhoea but ineffective for migraine, delayed onset  muscle soreness and the prevention of influenza.</p><br /><p>Mathie examined all published clinical trials on human subjects that appeared in full papers from 1975 until December 2002, and which compared homeopathic treatment with placebo or with another medication, using a randomised and/or double blind study design.<sup>2</sup> He identified a total of 93 original articles of which 79 reported placebo controlled trials and the remaining 14 compared homeopathy with a conventional treatment. Among placebo-controlled studies it appears that the present weight of evidence favours homeopathic treatment effectiveness in eight conditions: childhood diarrhoea, fibromyalgia, hayfever and allergic rhinitis, influenza, pain, adverse effects of radio- and chemotherapy, sprains and upper respiratory infection. The weight of evidence does not favour the use of homeopathy in the treatment of headache, stroke or warts. In the studies comparing homeopathy with other treatments, there was insufficient evidence either to favour homeopathy or not in nine of the ten conditions investigated. For upper respiratory tract infection a weight of evidence suggested that homeopathy and conventional medicine (aspirin) were equally effective in treating the common cold. Dr Mathie emphasises the need for much more and better directed research in homeopathy. He states that many homeopaths rely on their own successful clinical evidence. However, if homeopathy truly enables people to attain better health, then it is vitally important that it achieves much wider respect within medicine at large. He calls for a fresh agenda of enquiry that goes beyond (but includes) the placebo-controlled trial. Each study should adopt research methods and outcome measurements linked to the clinical significance of homeopathy’s effects. </p><br /><p>Walach et al focused on reviews and other ‘land-mark’ papers dealing with all of the  four strands of  homeopathic research mentioned above.<sup>3</sup> The authors state that many plant and animal models have been studied during laboratory research and  numerous effects and anomalies reported. However, no single model has been sufficiently widely replicated. Basic research, trying to elucidate a purported difference between homeopathic medicines and control solutions has produced some encouraging results but again without  independent replication. Clinical research included pathogenetic trials (provings) and therapeutic trials. Reports on clinical trials for single conditions were limited and in many cases, conflicting. By contrast, observational research into uncontrolled homeopathic practice consistently gave strong therapeutic benefits for patients.</p><br /><p>Bias in the conduct and reporting of trials is a possible explanation for positive  findings of placebo controlled trials. In both conventional and homoeopathic trials it has been shown that smaller studies and those of lower quality tend to show greater numbers of positive effects. Shang et al compared the findings from 110 homeopathic trials with those from 110 matched conventional medicine trials.<sup>4</sup> In both groups, smaller trials and those of lower quality showed more beneficial treatment effects than larger and higher quality trials. The researchers concluded that there were biases in both homeopathy and  conventional trials. The evidence for a specific effect of homeopathic remedies was weak but the evidence for specific effects of conventional medicine was strong. The finding was claimed to be compatible with the notion that the clinical outcomes of homeopathy were due to a placebo effect. Although the review claimed to be based on over 100 homeopathy studies, in fact the conclusion was based on only 8 trials whose identity was not revealed, there is no information on the conditions investigated or numbers of patients.  </p><br /><p>Grabia and Ernst considered the frequency of homeopathic aggravations (an initial flare up of symptoms, followed by improvement) in placebo and verum groups of double blind randomised trials.<sup>5</sup> They identified 24 trials for evaluation, using eight independent literature reviews. The average number of aggravations was low with a total of 50 aggravations being attributed to patients treated with placebo and 63 to those patients treated with homeopathic remedies. The authors conclude that their review did not provide clear evidence that the phenomenon of homeopathic aggravations exists.</p><br /><p>A review of papers investigating the effectiveness, safety and cost-effectiveness in general practice was published by a group of Swiss workers.<sup>6</sup> They reported that many high-quality investigations of pre-clinical basic research proved that homeopathic high dilutions  can influence regulative systems in cells or living organisms. 20 of the 22 systematic reviews analysed by the authors detected at least a trend in favour of homeopathy. In their estimation 5 studies yielded results indicating clear evidence for homeopathic therapy. The evaluation of 29 studies involving upper respiratory tract infections/allergic reactions showed a positive overall reaction in favour of homeopathy. 8 out of 16 placebo controlled studies were significant in favour of homeopathy. A general health economic statement about homeopathy could not be made from the available data.</p><br /><p>There is no doubt that homeopathy is still suffering from a paucity of robust scientific data explaining its mechanisms of action and supporting its clinical use.<sup>7</sup> Its wider acceptance depends on such findings. Most authors agree that more and better research is needed.</p><br /><p><b>References</b></p>\n<p>1. Jonas WB, Kaptchuk TJ, Linde K. A critical overview of homeopathy. Annals of Internal Medicine. 2003, 138(5):393-9. [<a href=\"http://www.annals.org/cgi/reprint/138/5/393.pdf\">Full text</a>]</p><br /><p>2. Mathie RT. The research evidence base for homeopathy: a fresh assessment of the literature. Homeopathy. 2003 Apr;92(2):84-91. [<a href=\"http://www.ncbi.nlm.nih.gov/sites/entrez?Db=pubmed&amp;Cmd=ShowDetailView&amp;TermToSearch=12725250&amp;ordinalpos=4&amp;itool=EntrezSystem2.PEntrez.Pubmed.Pubmed_ResultsPanel.Pubmed_RVDocSum\">PubMed abstract</a>] <br />  \n</p><p>3. Walach H, Jonas WB, Ives J, van Wijk R, Weingartner O. Research on homeopathy: state of the art. Journal of Alternative and Complementary Medicine. 2005, 11(5):813-29. [<a href=\"http://www.ncbi.nlm.nih.gov/sites/entrez?Db=pubmed&amp;Cmd=ShowDetailView&amp;TermToSearch=16296915&amp;ordinalpos=7&amp;itool=EntrezSystem2.PEntrez.Pubmed.Pubmed_ResultsPanel.Pubmed_RVDocSum\">PubMed abstract</a>] </p><br /><p>4. Shang A, Huwiler-Muntener K, Nartey L, Juni P, Dorig S, Sterne JA, et al. Are the clinical effects of homoeopathy placebo effects? Comparative study of placebo-controlled trials of homoeopathy and allopathy. Lancet. 2005, 366(9487):726-32. [<a href=\"http://www.ncbi.nlm.nih.gov/sites/entrez?cmd=Retrieve&amp;db=pubmed&amp;dopt=Citation&amp;list_uids=16125589\">PubMed abstract</a>] </p><br /><p>5. Grabia S, Ernst E. Homeopathic aggravations: a systematic review of randomised, placebo-controlled clinical trials. Homeopathy. 2003, 92(2):92-8. [<a href=\"http://www.ncbi.nlm.nih.gov/sites/entrez?cmd=Retrieve&amp;db=pubmed&amp;dopt=Citation&amp;list_uids=12725251\">PubMed abstract</a>] [<a href=\"http://www.crd.york.ac.uk/CRDWeb/ShowRecord.asp?View=Full&amp;ID=12003009646\">DARE Provisional record</a>]</p><br /><p>6. Bornhoft G, Wolf U, Ammon K, Righetti M, Maxion-Bergemann S, Baumgartner S, et al. Effectiveness, safety and cost-effectiveness of homeopathy in general practice - summarized health technology assessment. Forschende Komplementärmedizin. 2006, 13 Suppl 2:19-29. [<a href=\"http://www.ncbi.nlm.nih.gov/sites/entrez?cmd=Retrieve&amp;db=pubmed&amp;dopt=Citation&amp;list_uids=16883077\">PubMed abstract</a>]</p><br /><p>7. J Kleijnen, P Knipschild, G ter Riet. Clinical trials of homoeopathy. BMJ. 1991, 302(6772): 316–323. [<a href=\"http://www.pubmedcentral.nih.gov/articlerender.fcgi?artid=1668980\">Full text</a>]</p>",
  "resourceType": "Article"
}