{
  "name": "Complementary and Alternative Medicine",
  "title": "Acupuncture treatment for chronic knee pain: a systematic review",
  "rootDirectory": "/cam",
  "topics": "COMPLEMENTARY AND ALTERNATIVE MEDICINE,ACUPUNCTURE,CONDITIONS,MUSCULOSKELETAL,DISEASE MANAGEMENT,COMPLEMENTARY/ALTERNATIVE MEDICINE,MAJOR NON-INFLAMMATORY,PAIN MANAGEMENT,OSTEOARTHRITIS,SOFT TISSUE RHEUMATISM,KNEE DISORDERS,CONDITIONS M-O,CONDITIONS P-R,CONDITIONS A-Z,PAIN,MUSCULOSKELETAL DISEASES,JUNE 2007,DATE ADDED",
  "publicationDate": "2007-03-01T00:00:00",
  "url": "http://www.ncbi.nlm.nih.gov/sites/entrez?cmd=Retrieve&db=pubmed&dopt=Citation&list_uids=17215263",
  "id": "262308",
  "publicationType": "Systematic Review",
  "publisher": "Oxford University Press",
  "description": "<p><em>This <em>study has met our selection criteria <em>but has not been fully appraised by the CAM SL</em>. Where there is an appraisal available we have linked to it. If there is no appraisal and you wish to appraise <em>this systematic review </em>here is a </em><a href=\"http://www.phru.nhs.uk/casp/critical_appraisal_tools.htm\"><em>link to a list of appraisal tools</em></a><em>.</em></em></p>\n<p><strong>Citation</strong></p>\n<p>White A, Foster NE, Cummings M, Barlas P. Acupuncture treatment for chronic knee pain: a systematic review. Rheumatology (Oxford). 2007, 46(3):384-90. </p>\n<p><strong>Authors' objectives</strong></p>\n<p>To evaluate the effects of acupuncture on pain and function in patients with chronic knee pain.</p>\n<p><strong>Authors' conclusions</strong></p>\n<p>Acupuncture that meets criteria for adequate treatment is significantly superior to sham acupuncture and to no additional intervention in improving pain and function in patients with chronic knee pain. Due to the heterogeneity in the results, however, further research is required to confirm these findings and provide more information on long-term effects.</p>\n<p><strong>Access</strong></p>\n<p>Full-text online access to this article is available to NHS staff <a href=\"http://www.library.nhs.uk/booksandjournals/Default.aspx\">via ATHENS password</a>. </p>\n<p> </p>",
  "resourceType": "CARDEX"
}