{
  "name": "Complementary and Alternative Medicine",
  "title": "Acupuncture treatment for opiate addiction: a systematic review",
  "rootDirectory": "/cam",
  "topics": "ACUPUNCTURE,COMPLEMENTARY AND ALTERNATIVE MEDICINE,DRUG USE DISORDERS,CONDITIONS D-E,CONDITIONS A-Z,JUNE 2007,DATE ADDED",
  "publicationDate": "2006-06-01T00:00:00",
  "url": "http://www.ncbi.nlm.nih.gov/sites/entrez?cmd=Retrieve&db=pubmed&dopt=Citation&list_uids=16716845",
  "id": "262312",
  "publicationType": "Systematic Review",
  "publisher": "Elsevier",
  "description": "<p><em>This <em>study has met our selection criteria <em>but has not been fully appraised by the CAM SL</em>. Where there is an appraisal available we have linked to it. If there is no appraisal and you wish to appraise <em>this systematic review </em>here is a </em><a href=\"http://www.phru.nhs.uk/casp/critical_appraisal_tools.htm\"><em>link to a list of appraisal tools</em></a><em>.</em></em></p>\n<p><strong>Citation</strong></p>\n<p>Jordan JB. Acupuncture treatment for opiate addiction: a systematic review. Journal of Substance Abuse Treatment. 2006, 30(4):309-14.</p>\n<p><strong>Authors' objectives</strong></p>\n<p>To assess the efficacy of acupuncture as treatment for opiate addiction. </p>\n<p><strong>Authors' conclusions</strong></p>\n<p>When well-designed clinical trials (randomized, controlled, single-blind methodologies) were used, there was no significant evidence for acupuncture being a more effective treatment than controls. Some of the current supportive evidence for efficacy came from Chinese journals that have not been translated into English yet. </p>\n<p><strong>Access</strong></p>\n<p>NHS staff: for full text access to this resource contact your <a href=\"http://www.library.nhs.uk/mylibrary/default.aspx\">local NHS library</a>. <br /></p>",
  "resourceType": "CARDEX"
}