{
  "name": "Complementary and Alternative Medicine",
  "title": "Chronic low back pain",
  "rootDirectory": "/cam",
  "topics": "ACUPUNCTURE,COMPLEMENTARY AND ALTERNATIVE MEDICINE,BACK PAIN,CONDITIONS A-B,OSTEOPATHY,CHIROPRACTIC,CONDITIONS A-Z,JUNE 2007,DATE ADDED",
  "publicationDate": "2006-11-01T00:00:00",
  "url": "http://www.aafp.org/afp/20061101/bmj.html",
  "id": "262397",
  "publicationType": "Review",
  "publisher": "American Academy of Family Physicians",
  "description": "<p><em><strong>Clinical Evidence Concise</strong> is a publication of BMJ Publishing Group which aims to provide a summary about the prevention and treatment of clinical conditions based on the best available current evidence from systematic reviews, RCTs and observational studies.</em></p> <p><strong></strong> </p> <p><strong>Background</strong></p> <p>This summary provides a brief overview of chronic back pain, including definition, incidence, aetiology and prognosis. Treatments are ranked according to their effectiveness. </p> <p><strong>Conclusion</strong></p> <p>This review found that acupuncture and spinal manipulative therapy are likely to be beneficial for non-specific chronic low back pain. </p> <p><strong>Topic search date:</strong> November 2004 </p>",
  "resourceType": "CARDEX"
}