{
  "name": "Complementary and Alternative Medicine",
  "title": "Publication bias affected the estimate of postoperative nausea in an acupoint stimulation systematic review",
  "rootDirectory": "/cam",
  "topics": "COMPLEMENTARY AND ALTERNATIVE MEDICINE,ACUPUNCTURE,ACUPRESSURE,CONDITIONS A-Z,OTHER THERAPIES OR MEDICAL SYSTEMS,CONDITIONS M-O,CONDITIONS T-Z,NAUSEA,VOMITING,DATE ADDED,JUNE 2007",
  "publicationDate": "2006-09-01T00:00:00",
  "url": "http://www.ncbi.nlm.nih.gov/sites/entrez?cmd=Retrieve&db=pubmed&dopt=Citation&list_uids=16895822",
  "id": "262313",
  "publicationType": "Research Study",
  "publisher": "Elsevier",
  "description": "<p><em>This <em>study has met our selection criteria <em>but has not been fully appraised by the CAM SL</em>. Where there is an appraisal available we have linked to it. If there is no appraisal and you wish to appraise <em>this study </em>here is a </em><a href=\"http://www.phru.nhs.uk/casp/critical_appraisal_tools.htm\"><em>link to a list of appraisal tools</em></a><em>.</em></em></p>\n<p><strong>Citation</strong></p>\n<p>Lee A, Copas JB, Henmi M, Gin T, Chung RC. Publication bias affected the estimate of postoperative nausea in an acupoint stimulation systematic review. Journal of Clinical Epidemiology. 2006, 59(9):980-3.</p>\n<p><strong>Authors' objectives</strong></p>\n<p>To assess the effect of publication bias and country effect on the results and conclusion of a <a href=\"http://www.mrw.interscience.wiley.com/cochrane/clsysrev/articles/CD003281/frame.html\">Cochrane systematic review</a> of wrist P6 acupoint stimulation for the prevention of postoperative nausea and vomiting. </p>\n<p><strong>Authors' conclusions</strong></p>\n<p>Publication bias affects the published estimate of postoperative nausea, not vomiting.</p>\n<p><strong>Access</strong></p>\n<p>NHS staff: for full text access to this resource contact your <a href=\"http://www.library.nhs.uk/mylibrary/default.aspx\">local NHS library</a>. <br /></p>\n<p> </p>",
  "resourceType": "CARDEX"
}