{
  "name": "Complementary and Alternative Medicine",
  "title": "'Complementary ENT': a systematic review of commonly used supplements",
  "rootDirectory": "/cam",
  "topics": "COMPLEMENTARY AND ALTERNATIVE MEDICINE,HOMEOPATHY,CONDITIONS A-Z,DIETARY AND NUTRITIONAL THERAPIES,HERBAL MEDICINE,CONDITIONS A-B,TINNITUS,GINKGO (GINKGO BILOBA),CONDITIONS T-Z,CONDITIONS P-R,CONDITIONS F-H,VERTIGO,RESPIRATORY TRACT INFECTIONS,ALLERGIES,HERBS D-G,HAY FEVER,DATE ADDED,FISH OILS,VITAMINS,JUNE 2007,LIPIDS,NUTRITIONAL SUPPLEMENTS",
  "publicationDate": "2006-11-01T00:00:00",
  "url": "http://www.ncbi.nlm.nih.gov/sites/entrez?cmd=Retrieve&db=pubmed&dopt=Citation&list_uids=17125579",
  "id": "262519",
  "publicationType": "Systematic Review",
  "publisher": "Cambridge University Press",
  "description": "<p><em>This <em>study has met our selection criteria <em>but has not been fully appraised by the CAM SL</em>. Where there is an appraisal available we have linked to it. If there is no appraisal and you wish to appraise <em>this systematic review </em>here is a </em><a href=\"http://www.phru.nhs.uk/casp/critical_appraisal_tools.htm\"><em>link to a list of appraisal tools</em></a><em>.</em></em></p>\n<p><strong>Citation</strong></p>\n<p>Karkos PD, Leong SC, Arya AK, Papouliakos SM, Apostolidou MT, Issing WJ. 'Complementary ENT': a systematic review of commonly used supplements. Journal of Laryngology and Otology. 2006 Nov 24;1-4. </p>\n<p><strong>Authors' objectives</strong></p>\n<p>To assess the evidence surrounding the use of certain complementary supplements in otolaryngology. The authors specifically focussed on four commonly used supplements: spirulina, Ginkgo biloba, Vertigoheel(R) and nutritional supplements (cod liver oil, multivitamins and pineapple enzyme). </p>\n<p><strong>Authors' conclusions</strong></p>\n<p>The positive effects of spirulina in allergic rhinitis and of Vertigoheel in vertigo are based on good levels of evidence, but larger trials are required. There is overwhelming evidence that G biloba may play no role in tinnitus. There is limited evidence for the use of multivitamins in sinus symptoms, and larger randomised trials are required.</p>\n<p><strong>Access</strong></p>\n<p>NHS staff: for full text access to this resource contact your <a href=\"http://www.library.nhs.uk/mylibrary/default.aspx\">local NHS library</a>. <br /></p>\n<p> </p>\n<p> </p>",
  "resourceType": "CARDEX"
}