{
  "name": "Complementary and Alternative Medicine",
  "title": "Homeopathic treatment of headaches: a systematic review of the literature",
  "rootDirectory": "/cam",
  "topics": "COMPLEMENTARY AND ALTERNATIVE MEDICINE,HOMEOPATHY,CONDITIONS F-H,CONDITIONS M-O,MIGRAINE,HEADACHE,CONDITIONS A-Z,JUNE 2007,DATE ADDED",
  "publicationDate": "2004-04-01T00:00:00",
  "url": "http://www.journalchiromed.com/article/PIIS0899346707600858/abstract",
  "id": "262558",
  "publicationType": "Systematic Review",
  "publisher": "Elsevier",
  "description": "<p><em>This <em>study has met our selection criteria <em>but has not been fully appraised by the CAM SL</em>. Where there is an appraisal available we have linked to it. If there is no appraisal and you wish to appraise <em>this systematic review </em>here is a </em><a href=\"http://www.phru.nhs.uk/casp/critical_appraisal_tools.htm\"><em>link to a list of appraisal tools</em></a><em>.</em></em></p>\n<p><strong>Citation</strong></p>\n<p>Owen JM, Green BN. Homeopathic treatment of headaches: a systematic review of the literature. Journal of Chiropractic Medicine. 2004, 3(2):45-52.</p>\n<p><strong>Authors' objectives</strong></p>\n<p>To systematically review published prospective trials relating to the homeopathic treatment of tension type, cervicogenic, and migraine headache.</p>\n<p><strong>Authors' conclusions</strong></p>\n<p>There is insufficient evidence to support or refute the use of homeopathy for managing tension type, cervicogenic, or migraine headache. The studies reviewed possessed several flaws in design. Given these findings, further research is warranted to better investigate the effectiveness of homeopathic treatment of headaches.</p>\n<p><strong>Access</strong></p>\n<p>NHS staff: for full text access to this resource contact your <a href=\"http://www.library.nhs.uk/mylibrary/default.aspx\">local NHS library</a>. <br /></p>\n<p> </p>",
  "resourceType": "CARDEX"
}