{
  "name": "Complementary and Alternative Medicine",
  "title": "Acupuncture in the management of tension-type headache",
  "rootDirectory": "/cam",
  "topics": "COMPLEMENTARY AND ALTERNATIVE MEDICINE,ACUPUNCTURE,CONDITIONS F-H,HEADACHE,CONDITIONS A-Z,JULY 2007,DATE ADDED",
  "publicationDate": "2005-09-01T00:00:00",
  "url": "http://www.ingentaconnect.com/content/maney/ptr/2005/00000010/00000003/art00001",
  "id": "266470",
  "publicationType": "Systematic Review",
  "publisher": "Maney",
  "description": "<p><em>This review has been evaluated by a CRD Reviewer as potentially meeting the <a href=\"http://www.york.ac.uk/inst/crd/darefaq.htm\">CRD quality criteria</a> and a structured abstract is in the process of being written. This <a href=\"http://www.crd.york.ac.uk/CRDWeb/ShowRecord.asp?View=Full&amp;ID=12005008653\">provisional record</a> is for information, please note that the review has not been appraised yet. </em></p>\n<p><strong>Citation</strong></p>\n<p>Jedel E, Carlsson J. Acupuncture in the management of tension-type headache. <i>Physical Therapy Reviews</i>. 2005, 10(3):131-139. </p>\n<p><strong>Authors' objectives</strong></p>\n<p>The aim of this systematic review was two-fold: to assess the efficacy of acupuncture in the management of tension-type headache, and to compare three criteria lists assessing the quality of studies. </p>\n<p><strong>Authors' conclusions</strong></p>\n<p>This systematic review shows that qualitative assessments by three criteria lists focusing on internal validity, gave the same results, and that there is limited evidence for the efficacy of acupuncture in the management of tension-type headache.  </p>",
  "resourceType": "CARDEX"
}