{
  "name": "Complementary and Alternative Medicine",
  "title": "Meta-analysis of the efficacy of the acetonic kava-kava extract WS1490 in patients with non-psychotic anxiety disorders",
  "rootDirectory": "/cam",
  "topics": "COMPLEMENTARY AND ALTERNATIVE MEDICINE,KAVA (PIPER METHYSTICUM),CONDITIONS A-B,CONDITIONS A-Z,HERBAL MEDICINE,HERBS H-P,ANXIETY DISORDERS,DATE ADDED,JULY 2007",
  "publicationDate": "2005-03-01T00:00:00",
  "url": "http://www.ncbi.nlm.nih.gov/sites/entrez?Db=pubmed&Cmd=ShowDetailView&TermToSearch=15934028&ordinalpos=2&itool=EntrezSystem2.PEntrez.Pubmed.Pubmed_ResultsPanel.Pubmed_RVDocSum",
  "id": "266772",
  "publicationType": "Systematic Review",
  "publisher": "John Wiley & Sons, Ltd",
  "description": "<p><em>This review has been evaluated by a CRD Reviewer as potentially meeting the <a href=\"http://www.york.ac.uk/inst/crd/faq4.htm\">CRD quality criteria</a> and a structured abstract is in the process of being written. This <a href=\"http://www.crd.york.ac.uk/CRDWeb/ShowRecord.asp?View=Full&amp;ID=12005008685\">provisional record</a> is for information, please note that the review has not been appraised yet. </em></p>\n<p><strong>Citation</strong></p>\n<p>Witte S, Loew D, Gaus W. Meta-analysis of the efficacy of the acetonic kava-kava extract WS1490 in patients with non-psychotic anxiety disorders. Phytotherapy Research. 2005, 19(3):183-8. </p>\n<p><strong>Authors' objectives</strong></p>\n<p>The herbal medicinal product kava-kava, used for treating anxiety disorders, was assessed positively by the Cochrane review. However, it was withdrawn from the market in Switzerland and Germany due to cases of liver failure and 'unproven' efficacy. The aim of this study is to investigate the efficacy of kava for anxiety disorders.</p>\n<p><strong>Authors' conclusions</strong></p>\n<p>It is concluded that kava-kava extract WS1490, and possibly other kava extracts, are effective. Therefore they remain alternatives to benzodiazepines, selective serotonin re-uptake inhibitors (SSRIs) and other antidepressants in the treatment of non-psychotic anxiety disorders.</p>\n<p> </p>",
  "resourceType": "CARDEX"
}