{
  "name": "Complementary and Alternative Medicine",
  "title": "The evidence for clinical efficacy of rose hip and seed: a systematic review",
  "rootDirectory": "/cam",
  "topics": "COMPLEMENTARY AND ALTERNATIVE MEDICINE,CONDITIONS M-O,CONDITIONS A-B,OSTEOARTHRITIS,CONDITIONS A-Z,HERBAL MEDICINE,HERBS D-G,ARTHRITIS,DATE ADDED,DOG ROSE (ROSA CANINA),JULY 2007",
  "publicationDate": "2006-01-01T00:00:00",
  "url": "http://www.ncbi.nlm.nih.gov/sites/entrez?Db=pubmed&Cmd=ShowDetailView&TermToSearch=16395741&ordinalpos=1&itool=EntrezSystem2.PEntrez.Pubmed.Pubmed_ResultsPanel.Pubmed_RVDocSum",
  "id": "266778",
  "publicationType": "Systematic Review",
  "publisher": "John Wiley & Sons, Ltd",
  "description": "<p><em>This review has been evaluated by a CRD Reviewer as potentially meeting the <a href=\"http://www.york.ac.uk/inst/crd/faq4.htm\">CRD quality criteria</a> and a structured abstract is in the process of being written. This <a href=\"http://www.crd.york.ac.uk/CRDWeb/ShowRecord.asp?View=Full&amp;ID=12006000796\">provisional record</a> is for information, please note that the review has not been appraised yet. </em></p>\n<p><strong>Citation</strong></p>\n<p>Chrubasik C, Duke RK, Chrubasik S. The evidence for clinical efficacy of rose hip and seed: a systematic review. Phytotherapy Research. 2006, 20(1):1-3. </p>\n<p><strong>Authors' objectives</strong></p>\n<p>The objective of this review is to evaluate whether clinical research has gained any evidence of effectiveness of Rosa canina preparations. </p>\n<p><strong>Authors' conclusions</strong></p>\n<p>Moderate evidence exists for the use of a powder of the seeds and husks of a Rosa canina subspecies in patients suffering from osteoarthritis. </p>\n<p> </p>",
  "resourceType": "CARDEX"
}