{
  "name": "Complementary and Alternative Medicine",
  "title": "Clinical hypnosis for acute pain in adults (Cochrane protocol)",
  "rootDirectory": "/cam",
  "topics": "COMPLEMENTARY AND ALTERNATIVE MEDICINE,CONDITIONS P-R,CONDITIONS A-Z,LABOUR,PAIN,HYPNOSIS,CONDITIONS I-L,DATE ADDED,JULY 2007",
  "publicationDate": "2007-07-18T00:00:00",
  "url": "http://www.mrw.interscience.wiley.com/cochrane/clsysrev/articles/CD006599/frame.html",
  "id": "266735",
  "publicationType": "Systematic Review",
  "publisher": "John Wiley & Sons, Ltd",
  "description": "<i>\n<p>This is the protocol for a Cochrane systematic review. This record will be updated when the review has been completed.</p></i>\n<p><strong>Citation</strong></p>\n<p>Hallquist MN, Jensen MP, Patterson DR, Lynn SJ, Montgomery GH. Clinical hypnosis for acute pain in adults. (Protocol) <i>Cochrane Database of Systematic Reviews</i> 2007, Issue 3. Art. No.: CD006599. DOI: 10.1002/14651858.CD006599. </p>\n<p><strong><strong>Authors'</strong> objectives</strong></p>\n<p>The objective of this systematic review is to determine the efficacy of clinical hypnosis among adult patients with acute pain resulting from medical procedures and labor pain associated with childbirth.<br /></p>",
  "resourceType": "CARDEX"
}