{
  "name": "Complementary and Alternative Medicine",
  "title": "Menopause: a review of botanical dietary supplements",
  "rootDirectory": "/cam",
  "topics": "COMPLEMENTARY AND ALTERNATIVE MEDICINE,MENOPAUSAL SYMPTOMS,BLACK COHOSH (CIMICIFUGA RACEMOSA),GINSENG (PANAX GINSENG),DONG QUAI (ANGELICA SINENSIS),EVENING PRIMROSE (OENOTHERA BIENNIS),RED CLOVER (TRIFOLIUM PRATENSE),SOY (GLYCINE MAX),HERBS R-Z,HERBS D-G,HERBS A-C,HERBAL MEDICINE,OTHER THERAPIES OR MEDICAL SYSTEMS,CONDITIONS A-Z,CONDITIONS M-O,TRADITIONAL CHINESE MEDICINE (TCM),JULY 2007,DATE ADDED",
  "publicationDate": "2005-12-19T00:00:00",
  "url": "http://www.ncbi.nlm.nih.gov/sites/entrez?Db=pubmed&Cmd=ShowDetailView&TermToSearch=16414334&ordinalpos=4&itool=EntrezSystem2.PEntrez.Pubmed.Pubmed_ResultsPanel.Pubmed_RVDocSum",
  "id": "266775",
  "publicationType": "Systematic Review",
  "publisher": "Excerpta Medica",
  "description": "<p><em>This review has been evaluated by a CRD Reviewer as potentially meeting the <a href=\"http://www.york.ac.uk/inst/crd/faq4.htm\">CRD quality criteria</a> and a structured abstract is in the process of being written. This <a href=\"http://www.crd.york.ac.uk/CRDWeb/ShowRecord.asp?View=Full&amp;ID=12006003042\">provisional record</a> is for information, please note that the review has not been appraised yet. </em></p>\n<p><strong>Citation</strong></p>\n<p>Low Dog T. Menopause: a review of botanical dietary supplements. American Journal of Medicine. 2005, 118 Suppl 12B:98-108. </p>\n<p><strong>Authors' objectives</strong></p>\n<p>Since the release of the Women's Health Initiative (WHI) findings, an increasing number of dietary supplement products specifically targeting women in menopause have appeared in the American marketplace. This growth highlights the need for a critical evaluation of the tolerability and effectiveness of these products. The purpose of this article is to assess the evidence for safety and benefit of botanical monopreparations used for relief of menopause-related symptoms. </p>\n<p><strong>Authors' conclusions</strong></p>\n<p>We conclude that black cohosh extracts appear to ease menopausal symptoms; ongoing studies funded by the National Institutes of Health (NIH) will provide more definitive safety and efficacy data. Soy isoflavone extracts appear to have minimal to no effect, although definitive conclusions are difficult given the wide variation in product composition and dose. Long-term safety of higher dosage (150 mg/day) soy isoflavone extracts is uncertain. Semipurified isoflavone red clover leaf extracts have minimal to no effect in reducing menopausal symptoms. Dong quai, ginseng extract, and evening primrose seed oil appear to be ineffective in ameliorating menopausal symptoms at the dosages and in the preparations used in these studies.</p>\n<p> </p>\n<p><strong></strong> </p>",
  "resourceType": "CARDEX"
}