{
  "name": "Complementary and Alternative Medicine",
  "title": "A review of studies of garlic (Allium sativum) on serum lipids and blood pressure before and after 1994: does the amount of allicin released from garlic powder tablets play a role?",
  "rootDirectory": "/cam",
  "topics": "COMPLEMENTARY AND ALTERNATIVE MEDICINE,GARLIC (ALLIUM SATIVUM),HERBS D-G,HERBAL MEDICINE,CONDITIONS A-Z,CONDITIONS F-H,HYPERTENSION,HIGH BLOOD PRESSURE,HIGH CHOLESTEROL,JULY 2007,DATE ADDED",
  "publicationDate": "2005-12-01T00:00:00",
  "url": "http://www.journalchiromed.com/article/PIIS0899346707601499/abstract",
  "id": "266751",
  "publicationType": "Systematic Review",
  "publisher": "Elsevier",
  "description": "<p><em>This review has been evaluated by a CRD Reviewer as potentially meeting the <a href=\"http://www.york.ac.uk/inst/crd/darefaq.htm\">CRD quality criteria</a> and a structured abstract is in the process of being written. This <a href=\"http://www.crd.york.ac.uk/CRDWeb/ShowRecord.asp?View=Full&amp;ID=12005008659\">provisional record</a> is for information, please note that the review has not been appraised yet. </em></p>\n<p><strong>Citation</strong></p>\n<p>McRae M. A review of studies of garlic (Allium sativum) on serum lipids and blood pressure before and after 1994: does the amount of allicin released from garlic powder tablets play a role? Journal of Chiropractic Medicine. 2005, 4(4):182-190.<br /></p>\n<p><strong>Authors' objectives</strong></p>\n<p>To identify studies measuring garlic powder tablets effects on systolic and diastolic blood pressure and to investigate if studies published prior to January 1994 would perform better than those published later. </p>\n<p><strong>Authors' conclusions</strong></p>\n<p>Publications published prior to January 1994 performed better than those published after January 1994, suggesting that allicin may be responsible for the antihypertensive effects of garlic powder tablets. However, a lack of correlation between changes in total serum cholesterol and blood pressure suggests that other organo-sulfur compounds may also play a role in the antihypertensive mechanisms of garlic.</p>\n<p><strong></strong> </p>",
  "resourceType": "CARDEX"
}