{
  "name": "Complementary and Alternative Medicine",
  "title": "Effectiveness of manual therapy in the treatment of non-specific neck pain: a review",
  "rootDirectory": "/cam",
  "topics": "COMPLEMENTARY AND ALTERNATIVE MEDICINE,NECK PAIN,CHIROPRACTIC,MASSAGE,CONDITIONS A-Z,PAIN,CONDITIONS M-O,CONDITIONS P-R,JULY 2007,DATE ADDED",
  "publicationDate": "2005-03-01T00:00:00",
  "url": "http://www.ingentaconnect.com/content/maney/ptr/2005/00000010/00000001/art00005",
  "id": "266781",
  "publicationType": "Systematic Review",
  "publisher": "Maney",
  "description": "<p><em>This review has been evaluated by a CRD Reviewer as potentially meeting the <a href=\"http://www.york.ac.uk/inst/crd/faq4.htm\">CRD quality criteria</a> and a structured abstract is in the process of being written. This <a href=\"http://www.crd.york.ac.uk/CRDWeb/ShowRecord.asp?View=Full&amp;ID=12005008665\">provisional record</a> is for information, please note that the review has not been appraised yet. </em></p>\n<p><strong>Citation</strong></p>\n<p>Sarigiovannis P, Hollins B. Effectiveness of manual therapy in the treatment of non-specific neck pain: a review. Physical Therapy Reviews. 2005, 10(1):35-50.</p>\n<p><strong>Authors' objectives</strong></p>\n<p>The aim of this review was to assess the evidence for the effectiveness of cervical spine manipulation and mobilisation in the treatment of non-specific neck pain.  </p>\n<p><strong>Authors' conclusions</strong></p>\n<p>The effectiveness of spinal manual therapy on non-specific neck pain remains inconclusive. The available evidence favoured spinal manual therapy when it was used in conjunction with exercise, particularly in the treatment of patients with chronic non-specific neck pain. Further, well-designed RCTs are needed to draw valid conclusions about the effectiveness of spinal manual therapy on nonspecific neck pain. In such future RCTs, placebo treatments should be designed to be indistinguishable (as far as possible) from manual therapy, and without the specific effects of active therapy. Furthermore, psychosocial factors should be considered prior to randomisation of patients by using appropriate measures. </p>",
  "resourceType": "CARDEX"
}