{
  "name": "Complementary and Alternative Medicine",
  "title": "Glossary of Complementary and Alternative Medicine Terms",
  "rootDirectory": "/cam",
  "topics": "COMPLEMENTARY AND ALTERNATIVE MEDICINE,CAM GENERAL,DATE ADDED,PATIENT INFORMATION,AUGUST 2007",
  "publicationDate": "",
  "url": "http://www.compmed.umm.edu/cochrane_glossary.asp",
  "id": "267496",
  "publicationType": "Reference Material",
  "publisher": "University of Maryland School of Medicine",
  "description": "<p>The glossary of CAM terms included on the website of the <a href=\"http://www.compmed.umm.edu/cochrane_about.asp\">Cochrane CAM Field</a> has been reprinted from the reference book <em>Complementary Therapies on the Internet</em>, William Mac Beckner and Brian M. Berman, Pages 167-172, Copyright 2003, Elsevier. </p><br /><p>The glossary provides brief definitions of 47 of the most commonly used complementary or alternative therapies, techniques or whole medical systems. </p>\n<p>Definitions of some common terms used in <a href=\"http://www.library.nhs.uk/cam/ViewResource.aspx?resID=125440&amp;tabID=290\">acupuncture</a>,  <a href=\"http://www.library.nhs.uk/cam/ViewResource.aspx?resID=258639&amp;tabID=290\">homeopathy</a> and <a href=\"http://www.library.nhs.uk/cam/ViewResource.aspx?resID=269229&amp;tabID=290\">osteopathy</a> can be found in the introductory articles on these topics. </p>",
  "resourceType": "CARDEX"
}