{
  "name": "Complementary and Alternative Medicine",
  "title": "Do certain countries produce only positive results? A systematic review of controlled trials",
  "rootDirectory": "/cam",
  "topics": "COMPLEMENTARY AND ALTERNATIVE MEDICINE,CAM GENERAL,DATE ADDED,SEPTEMBER 2007,RESEARCH",
  "publicationDate": "1998-04-01T00:00:00",
  "url": "http://www.ncbi.nlm.nih.gov/sites/entrez?Db=pubmed&Cmd=ShowDetailView&TermToSearch=9551280&ordinalpos=1&itool=EntrezSystem2.PEntrez.Pubmed.Pubmed_ResultsPanel.Pubmed_RVDocSum",
  "id": "268632",
  "publicationType": "Systematic Review",
  "publisher": "Elsevier",
  "description": "<p><strong>Citation</strong></p>\n<p>Vickers A, Goyal N, Harland R, Rees R. Do certain countries produce only positive results? A systematic review of controlled trials. Controlled Clinical Trials. 1998, 19(2):159-66.  </p>\n<p><strong>Authors' objectives</strong></p>\n<p>To determine whether clinical trials originating in certain countries always have positive results. </p>\n<p><strong>Authors' conclusions</strong></p>\n<p>Some countries publish unusually high proportions of positive results. Publication bias is a possible explanation. Researchers undertaking systematic reviews should consider carefully how to manage data from these countries.</p>",
  "resourceType": "CARDEX"
}