{
  "name": "Complementary and Alternative Medicine",
  "title": "Characteristics and quality of systematic reviews of acupuncture, herbal medicines, and homeopathy",
  "rootDirectory": "/cam",
  "topics": "COMPLEMENTARY AND ALTERNATIVE MEDICINE,ACUPUNCTURE,HOMEOPATHY,CAM GENERAL,HERBAL MEDICINE,RESEARCH,SEPTEMBER 2007,DATE ADDED",
  "publicationDate": "2003-04-01T00:00:00",
  "url": "http://www.ncbi.nlm.nih.gov/sites/entrez?Db=pubmed&Cmd=ShowDetailView&TermToSearch=12808368&ordinalpos=1&itool=EntrezSystem2.PEntrez.Pubmed.Pubmed_ResultsPanel.Pubmed_RVDocSum",
  "id": "268624",
  "publicationType": "Reference Material",
  "publisher": "Karger",
  "description": "<p><strong>Citation</strong></p>\n<p>Linde K, ter Riet G, Hondras M, Melchart D, Willich SN. Characteristics and quality of systematic reviews of acupuncture, herbal medicines, and homeopathy. Forschende Komplementärmedizin und klassische Naturheilkunde. 2003, 10(2):88-94.  </p>\n<p><strong>Authors' objectives</strong></p>\n<p>To describe the approaches and characteristics of systematic reviews on three major complementary therapies and to assess their methodological quality. </p>\n<p><strong>Authors' conclusions</strong></p>\n<p>Systematic reviews tend to approach different complementary therapies in different manner. Compared to a set of reviews on analgesic interventions methodological quality was slightly better on the average, but there is ample room for improvement in future complementary medicine reviews.</p>\n<p> </p>",
  "resourceType": "CARDEX"
}