{
  "name": "Complementary and Alternative Medicine",
  "title": "Assessing the quality of reports of randomized trials in pediatric complementary and alternative medicine",
  "rootDirectory": "/cam",
  "topics": "COMPLEMENTARY AND ALTERNATIVE MEDICINE,CAM GENERAL,DATE ADDED,RESEARCH,SEPTEMBER 2007",
  "publicationDate": "2002-02-27T00:00:00",
  "url": "http://www.biomedcentral.com/1471-2431/2/2",
  "id": "268608",
  "publicationType": "Reference Material",
  "publisher": "BioMed Central",
  "description": "<p><strong>Citation</strong></p>\n<p>Moher D, Soeken K, Sampson M, Ben-Porat L, Berman B. Assessing the quality of reports of randomized trials in pediatric complementary and alternative medicine. BMC Pediatrics. 2002, 2:2. Epub 2002 Feb 27. </p>\n<p><strong>Authors' objectives</strong></p>\n<p>To evaluate the quality of reports of complementary and alternative medicine (CAM) randomized controlled trials (RCTs) in the pediatric population and to examine whether there is a change in the quality of reporting over time. </p>\n<p><strong>Authors' conclusions</strong></p>\n<p>RCTs are an important tool for evidence based health care decisions. If these studies are to be relevant in the evaluation of CAM interventions it is important that they are conducted and reported with the highest possible standards. There is a need to redouble efforts to ensure that children and their families are participating in RCTs that are conducted and reported with minimal bias. Such studies will increase their usefulness to a board spectrum of interested stakeholders.</p>\n<p> </p>",
  "resourceType": "CARDEX"
}