{
  "name": "Complementary and Alternative Medicine",
  "title": "The inclusion of reports of randomised trials published in languages other than English in systematic reviews",
  "rootDirectory": "/cam",
  "topics": "COMPLEMENTARY AND ALTERNATIVE MEDICINE,CAM GENERAL,DATE ADDED,RESEARCH,SEPTEMBER 2007",
  "publicationDate": "2003-12-01T00:00:00",
  "url": "http://www.hta.ac.uk/fullmono/mon741.pdf",
  "id": "268791",
  "publicationType": "Review",
  "publisher": "National Co-Ordinating Centre for Health Technology Assessment",
  "description": "<p><strong>Citation</strong></p>\n<p>Moher D, Pham B, Lawson ML, Klassen TP. The inclusion of reports of randomised trials published in languages other than English in systematic reviews. Health Technology Assessment. 2003, 7(41):1-90.  </p>\n<p><strong>Authors' objectives</strong></p>\n<p>To assemble a large dataset of language restricted and language inclusive systematic reviews, including both conventional medicinal (CM) and complementary and alternative medicine (CAM) interventions. To then assess the quality of these reports by considering and comparing different types of systematic reviews and their associated RCTs; CM and CAM interventions; the effect of language restrictions compared with language inclusions, and whether these results are influenced by other issues, including statistical heterogeneity and publication bias, in the systematic review process.  </p>\n<p><strong>Authors' conclusions</strong></p>\n<p>With the exception of CAM systematic reviews, the quality of recently published systematic reviews is less than optimal. Language inclusive/LOE systematic reviews appear to be a marker for a better quality systematic review. Language restrictions do not appear to bias the estimates of a conventional intervention's effectiveness. However, there is substantial bias in the results of a CAM systematic review if LOE reports are excluded from it.</p>\n<p> </p>",
  "resourceType": "CARDEX"
}