{
  "name": "Complementary and Alternative Medicine",
  "title": "How objective are systematic reviews? Differences between reviews on complementary medicine",
  "rootDirectory": "/cam",
  "topics": "COMPLEMENTARY AND ALTERNATIVE MEDICINE,HOMEOPATHY,ACUPUNCTURE,CAM GENERAL,HERBAL MEDICINE,SEPTEMBER 2007,RESEARCH,DATE ADDED",
  "publicationDate": "2003-01-01T00:00:00",
  "url": "http://www.jrsm.org/cgi/content/full/96/1/17",
  "id": "268783",
  "publicationType": "Reference Material",
  "publisher": "Royal Society of Medicine",
  "description": "<p><strong>Citation</strong></p>\n<p>Linde K, Willich SN. How objective are systematic reviews? Differences between reviews on complementary medicine. Journal of the Royal Society of Medicine. 2003, 96(1):17-22. </p>\n<p><strong>Authors' objectives</strong></p>\n<p>Systematic reviews are considered the most reliable tool to summarize existing evidence. To determine whether reviews that address the same questions can produce different answers we examined systematic reviews of herbal medicine, homeopathy, and acupuncture taken from a previously established database. </p>\n<p><strong>Authors' conclusions</strong></p>\n<p>This analysis shows that, at least in the three areas examined, systematic reviews often differ considerably. Readers should be aware that apparently minor decisions in the review process can have major impact. </p>\n<p> </p>",
  "resourceType": "CARDEX"
}