{
  "name": "Complementary and Alternative Medicine",
  "title": "For randomized controlled trials, the quality of reports of complementary and alternative medicine was as good as reports of conventional medicine",
  "rootDirectory": "/cam",
  "topics": "COMPLEMENTARY AND ALTERNATIVE MEDICINE,CAM GENERAL,DATE ADDED,RESEARCH,SEPTEMBER 2007",
  "publicationDate": "2005-08-01T00:00:00",
  "url": "http://www.ncbi.nlm.nih.gov/sites/entrez?Db=pubmed&Cmd=ShowDetailView&TermToSearch=16018911&ordinalpos=1&itool=EntrezSystem2.PEntrez.Pubmed.Pubmed_ResultsPanel.Pubmed_RVDocSum",
  "id": "268767",
  "publicationType": "Reference Material",
  "publisher": "Elsevier",
  "description": "<p><strong>Citation</strong></p>\n<p>Klassen TP, Pham B, Lawson ML, Moher D. For randomized controlled trials, the quality of reports of complementary and alternative medicine was as good as reports of conventional medicine. Journal of Clinical Epidemiology. 2005, 58(8):763-8. Erratum in: Journal of Clinical Epidemiology. 2006, 59(2):216. </p>\n<p><strong>Authors' objectives</strong></p>\n<p>To compare the quality of reporting of reports randomized controlled trials (RCTs) published in English and in languages other than English (LOE), and to determine whether there were differences between conventional medicine (CM) and complementary and alternative medicine (CAM) reports. </p>\n<p><strong>Authors' conclusions</strong></p>\n<p>The overall quality of reports published in languages other than English is similar to that of English-language reports. Moreover, the overall quality of reporting of RCTs of CAM interventions is as good as that for CM interventions.</p>\n<p><strong>Access</strong></p>\n<p>NHS staff: for full text access to this resource contact your <a href=\"http://www.library.nhs.uk/mylibrary/default.aspx\">local NHS library</a>. <br /></p>\n<p> </p>",
  "resourceType": "CARDEX"
}