{
  "name": "Complementary and Alternative Medicine",
  "title": "Larger effect sizes were associated with higher quality ratings in complementary and alternative medicine randomized controlled trials",
  "rootDirectory": "/cam",
  "topics": "COMPLEMENTARY AND ALTERNATIVE MEDICINE,CAM GENERAL,DATE ADDED,SEPTEMBER 2007,RESEARCH",
  "publicationDate": "2004-05-01T00:00:00",
  "url": "http://www.ncbi.nlm.nih.gov/sites/entrez?Db=pubmed&Cmd=ShowDetailView&TermToSearch=15196613&ordinalpos=18&itool=EntrezSystem2.PEntrez.Pubmed.Pubmed_ResultsPanel.Pubmed_RVDocSum",
  "id": "268827",
  "publicationType": "Reference Material",
  "publisher": "Elsevier",
  "description": "<p><strong>Citation</strong></p>\n<p>Bausell RB, Lee WL, Soeken KL, Li YF, Berman BM. Larger effect sizes were associated with higher quality ratings in complementary and alternative medicine randomized controlled trials. Journal of Clinical Epidemiology. 2004, 57(5):438-46. </p>\n<p><strong>Authors' objectives</strong></p>\n<p>To determine if the quality of complementary and alternative medicine (CAM) placebo controlled randomized controlled trials (RCTs) is related to the effect sizes they produce when the type of interventions and outcome variables are controlled.  </p>\n<p><strong>Authors' conclusions</strong></p>\n<p>Possible theoretical reasons for this unexpected positive relationship include (a) sampling error, (b) reduced within group variation, (c) fraudulent reporting, and (d) the restriction of the analyses to placebo controlled trial.</p>\n<p><strong>Access</strong></p>\n<p>NHS staff: for full text access to this resource contact your <a href=\"http://www.library.nhs.uk/mylibrary/default.aspx\">local NHS library</a>. </p>\n<p> </p>",
  "resourceType": "CARDEX"
}