{
  "name": "Complementary and Alternative Medicine",
  "title": "Use of the best case series to evaluate complementary and alternative therapies for cancer: a systematic review",
  "rootDirectory": "/cam",
  "topics": "COMPLEMENTARY AND ALTERNATIVE MEDICINE,CANCER,CONDITIONS C,CONDITIONS A-Z,CAM GENERAL,DATE ADDED,RESEARCH,SEPTEMBER 2007",
  "publicationDate": "2002-12-01T00:00:00",
  "url": "http://www.ncbi.nlm.nih.gov/sites/entrez?Db=pubmed&Cmd=ShowDetailView&TermToSearch=12516038&ordinalpos=2&itool=EntrezSystem2.PEntrez.Pubmed.Pubmed_ResultsPanel.Pubmed_RVDocSum",
  "id": "268981",
  "publicationType": "Systematic Review",
  "publisher": "W.B. Saunders",
  "description": "<p><strong>Citation</strong></p>\n<p>Nahin RL. Use of the best case series to evaluate complementary and alternative therapies for cancer: a systematic review. Seminars in Oncology. 2002, 29(6):552-62. </p>\n<p><strong>Authors' objectives</strong></p>\n<p>The best case series (BCS) is a retrospective chart review that describes a series of patients who all appear to have benefitted from the treatment under study. The BCS has been advocated as the first research step for evaluating complementary and alternative medicine (CAM) treatments for cancer. However, the research value of the BCS has not been assessed. To address this deficiency, the present study evaluates the primary characteristics of the BCS process through a systematic review of the English language scientific literature. </p>\n<p><strong>Authors' conclusions</strong></p>\n<p>The primary factors confounding the identified BCS were lack of documentation of disease and/or the use of concurrent or recent conventional treatment. Despite these general deficiencies, four BCS (antineoplastons, hydrazine sulfate, laetrile, and Kelly-Gonzalez) were sufficiently convincing to warrant follow-up clinical trials. These data suggest that while well-documented BCS do have an impact on the research agenda, in general, additional rigor is needed during their compilation.</p>\n<p><strong>Access</strong></p>\n<p>NHS staff: for full text access to this resource contact your <a href=\"http://www.library.nhs.uk/mylibrary/default.aspx\">local NHS library</a>. <br /></p>",
  "resourceType": "CARDEX"
}