{
  "name": "Complementary and Alternative Medicine",
  "title": "Systematic reviews involving complementary and alternative medicine interventions had higher quality of reporting than conventional medicine reviews",
  "rootDirectory": "/cam",
  "topics": "COMPLEMENTARY AND ALTERNATIVE MEDICINE,CAM GENERAL,DATE ADDED,SEPTEMBER 2007,RESEARCH",
  "publicationDate": "2005-08-01T00:00:00",
  "url": "http://www.ncbi.nlm.nih.gov/sites/entrez?Db=pubmed&Cmd=ShowDetailView&TermToSearch=16018912&ordinalpos=6&itool=EntrezSystem2.PEntrez.Pubmed.Pubmed_ResultsPanel.Pubmed_RVDocSum",
  "id": "268977",
  "publicationType": "Reference Material",
  "publisher": "Elsevier",
  "description": "<p><strong>Citation</strong></p>\n<p>Lawson ML, Pham B, Klassen TP, Moher D. Systematic reviews involving complementary and alternative medicine interventions had higher quality of reporting than conventional medicine reviews. Journal of Clinical Epidemiology. 2005, 58(8):777-84. Erratum in: Journal of Clinical Epidemiology. 2006, 59(2):216.  </p>\n<p><strong>Authors' objectives</strong></p>\n<p>To compare the quality of systematic reviews reported in English and in languages other than English, and to determine whether there are differences between conventional medicine (CM) and complementary and alternative medicine (CAM) reports.  </p>\n<p><strong>Authors' conclusions</strong></p>\n<p>Informal comparison of the Oxman and Guyatt (OG) scale with the data collected on quality assessments showed that the OG scale performs well overall but may not identify important differences in comprehensiveness of the search strategy and avoidance of bias in study selection. Further research is required to determine the best methods for assessing quality of systematic reviews and whether the effect of language restrictions is dependent on the type of intervention (CM or CAM).</p>\n<p><strong>Access</strong></p>\n<p>NHS staff: for full text access to this resource contact your <a href=\"http://www.library.nhs.uk/mylibrary/default.aspx\">local NHS library</a>. <br /></p>\n<p> </p>",
  "resourceType": "CARDEX"
}