{
  "name": "Complementary and Alternative Medicine",
  "title": "Searching biomedical databases on complementary medicine: the use of controlled vocabulary among authors, indexers and investigators",
  "rootDirectory": "/cam",
  "topics": "COMPLEMENTARY AND ALTERNATIVE MEDICINE,CAM GENERAL,DATE ADDED,SEPTEMBER 2007,RESEARCH",
  "publicationDate": "2003-07-06T00:00:00",
  "url": "http://www.biomedcentral.com/1472-6882/3/3",
  "id": "268974",
  "publicationType": "Reference Material",
  "publisher": "BioMed Central",
  "description": "<p><strong>Citation</strong></p>\n<p>Murphy LS, Reinsch S, Najm WI, Dickerson VM, Seffinger MA, Adams A, Mishra SI. Searching biomedical databases on complementary medicine: the use of controlled vocabulary among authors, indexers and investigators. BMC Complementary and Alternative Medicine. 2003, 3:3. </p>\n<p><strong>Background</strong></p>\n<p>The optimal retrieval of a literature search in biomedicine depends on the appropriate use of Medical Subject Headings (MeSH), descriptors and keywords among authors and indexers. We hypothesized that authors, investigators and indexers in four biomedical databases are not consistent in their use of terminology in Complementary and Alternative Medicine (CAM). </p>\n<p><strong>Authors' conclusions</strong></p>\n<p>Searching biomedical databases for CAM is challenging due to inconsistent use of controlled vocabulary and indexing procedures in different databases. A standard terminology should be used by investigators in conducting their search strategies and authors when writing titles, abstracts and submitting keywords for publications.</p>\n<p> </p>",
  "resourceType": "CARDEX"
}