{
  "name": "Complementary and Alternative Medicine",
  "title": "The methodological quality of randomized controlled trials of homeopathy, herbal medicines and acupuncture",
  "rootDirectory": "/cam",
  "topics": "COMPLEMENTARY AND ALTERNATIVE MEDICINE,ACUPUNCTURE,HOMEOPATHY,CAM GENERAL,HERBAL MEDICINE,DATE ADDED,SEPTEMBER 2007,RESEARCH",
  "publicationDate": "2001-06-01T00:00:00",
  "url": "http://ije.oxfordjournals.org/cgi/content/full/30/3/526",
  "id": "268960",
  "publicationType": "Reference Material",
  "publisher": "Oxford University Press",
  "description": "<p><strong>Citation</strong></p>\n<p>Linde K, Jonas WB, Melchart D, Willich S. The methodological quality of randomized controlled trials of homeopathy, herbal medicines and acupuncture. International Journal of Epidemiology. 2001, 30(3):526-31. </p>\n<p><strong>Authors' objectives</strong></p>\n<p>To investigate the methodological quality of randomized controlled trials in three areas of complementary medicine. </p>\n<p><strong>Authors' conclusions</strong></p>\n<p>Trials of complementary therapies often have relevant methodological weaknesses. The type of weaknesses varies considerably across interventions.</p>\n<p> </p>",
  "resourceType": "CARDEX"
}