{
  "name": "Complementary and Alternative Medicine",
  "title": "Unconventional anticancer agents: a systematic review of clinical trials",
  "rootDirectory": "/cam",
  "topics": "COMPLEMENTARY AND ALTERNATIVE MEDICINE,CAM GENERAL,HERBAL MEDICINE,DIETARY AND NUTRITIONAL THERAPIES,CONDITIONS A-Z,CONDITIONS C,CANCER,RESEARCH,SEPTEMBER 2007,DATE ADDED",
  "publicationDate": "2006-01-01T00:00:00",
  "url": "http://jco.ascopubs.org/cgi/reprint/24/1/136",
  "id": "268978",
  "publicationType": "Systematic Review",
  "publisher": "American Society of Clinical Oncology",
  "description": "<p><strong>Citation</strong></p>\n<p>Vickers AJ, Kuo J, Cassileth BR. Unconventional anticancer agents: a systematic review of clinical trials. Journal of Clinical Oncology. 2006, 24(1):136-40. </p>\n<p><strong>Authors' objectives</strong></p>\n<p>A substantial number of cancer patients turn to treatments other than those recommended by mainstream oncologists in an effort to sustain tumor remission or halt the spread of cancer. These unconventional approaches include botanicals, high-dose nutritional supplementation, off-label pharmaceuticals, and animal products. The objective of this study was to review systematically the methodologies applied in clinical trials of unconventional treatments specifically for cancer. </p>\n<p><strong>Authors' conclusions</strong></p>\n<p>Unconventional cancer treatments have not been subject to appropriate early-phase trial development. Future research on unconventional therapies should involve dose-finding and phase II studies to determine the suitability of definitive trials. </p>\n<p> </p>",
  "resourceType": "CARDEX"
}