{
  "name": "Complementary and Alternative Medicine",
  "title": "Randomized controlled trials in pediatric complementary and alternative medicine: where can they be found?",
  "rootDirectory": "/cam",
  "topics": "COMPLEMENTARY AND ALTERNATIVE MEDICINE,CAM GENERAL,DATE ADDED,SEPTEMBER 2007,RESEARCH",
  "publicationDate": "2003-02-14T00:00:00",
  "url": "http://www.biomedcentral.com/1471-2431/3/1",
  "id": "268968",
  "publicationType": "Reference Material",
  "publisher": "BioMed Central",
  "description": "<p><strong>Citation</strong></p>\n<p>Sampson M, Campbell K, Ajiferuke I, Moher D. Randomized controlled trials in pediatric complementary and alternative medicine: where can they be found? BMC  Pediatrics. 2003, 3:1. Epub 2003 Feb 14. </p>\n<p><strong>Authors' objectives</strong></p>\n<p>The objective of this study is to identify sources of reported randomized controlled trials (RCTs) in the field of pediatric complementary and alternative medicine (CAM). </p>\n<p><strong>Authors' conclusions</strong></p>\n<p>Those working or interested in the field of pediatric CAM should routinely search Medline, CAB Health and Embase for literature in the field. The four core journals identified by this study should be included in their collection.</p>",
  "resourceType": "CARDEX"
}