{
  "name": "Complementary and Alternative Medicine",
  "title": "Reviewer bias against the unconventional? A randomized double-blind study of peer review",
  "rootDirectory": "/cam",
  "topics": "COMPLEMENTARY AND ALTERNATIVE MEDICINE,CAM GENERAL,RESEARCH,SEPTEMBER 2007,DATE ADDED",
  "publicationDate": "1999-03-01T00:00:00",
  "url": "http://www.ncbi.nlm.nih.gov/sites/entrez?Db=pubmed&Cmd=ShowDetailView&TermToSearch=10361567&ordinalpos=3&itool=EntrezSystem2.PEntrez.Pubmed.Pubmed_ResultsPanel.Pubmed_RVDocSum",
  "id": "268973",
  "publicationType": "Randomised Controlled Trial",
  "publisher": "Churchill Livingstone",
  "description": "<p><strong>Citation</strong></p>\n<p>Ernst E, Resch KL. Reviewer bias against the unconventional? A randomized double-blind study of peer review. Complementary Therapies in Medicine. 1999, 7(1):19-23.  </p>\n<p><strong>Authors' objectives</strong></p>\n<p>To test the hypothesis that there is a reviewer bias against publication of a test of an unconventional drug. </p>\n<p><strong>Authors' conclusions</strong></p>\n<p>In the present setting, there was no evidence for a reviewer-bias against testing an unconventional drug. The low inter-rater reliability, however, suggested inadequate validity of peer review.</p>\n<p><strong>Access</strong></p>\n<p>NHS staff: for full text access to this resource contact your <a href=\"http://www.library.nhs.uk/mylibrary/default.aspx\">local NHS library</a>.</p>\n<p> </p>",
  "resourceType": "CARDEX"
}