{
  "name": "Complementary and Alternative Medicine",
  "title": "Introduction to Osteopathy",
  "rootDirectory": "/cam",
  "topics": "COMPLEMENTARY AND ALTERNATIVE MEDICINE,OSTEOPATHY,SEPTEMBER 2007,DATE ADDED",
  "publicationDate": "2007-09-19T00:00:00",
  "url": "http://www.library.nhs.uk//cam/ViewResource.aspx?resID=269229",
  "id": "269229",
  "publicationType": "Reference Material",
  "publisher": "CAM Specialist Library",
  "description": "111-1Introduction to Osteopathy<blockquote></blockquote>\n<blockquote></blockquote>\n<table width=\"70%\"><tbody><tr><td width=\"15%\"></td>\n<td>\n<p><b>Contents</b></p>\n<p>\n</p><ul><li><a href=\"#Definition\">Definition</a> \n</li><li><a href=\"#Terms\">Some terms used in osteopathy</a> \n</li><li><a href=\"#Intro\">Introduction</a> \n</li><li><a href=\"#Clinical\">Clinical uses</a> \n</li><li><a href=\"#Safety\">Safety</a> \n</li><li><a href=\"#Regulation\">Regulation of osteopathy</a> \n</li><li><a href=\"#Professional\">Professional bodies and organisations </a>\n</li><li><a href=\"#Other\">Other relevant information</a> </li></ul></td></tr></tbody></table><br /><p><b><a>Definition</a></b> </p>\n<p><br />Osteopathy is an established system of diagnosis and treatment emphasising the structural and functional integrity of the body. It recognises that the human body functions as a unit and has an inherent ability to self-regulate and self-heal. The profession believes that much of the physical pain and disability we experience stems from abnormalities in the function of the body structure as well as damage caused to it by disease.</p>\n<p>Osteopathic examination aims to identify abnormalities/dysfunctions within the human structure and function. In response to this, osteopathic treatment aims to facilitate the body's inherent ability to self-heal by addressing the physical, bio-chemical, mental and environmental factors that may be causing, pre-disposing or maintaining a state of disease. Knowledge and skills can be passed on to the patient to promote wellbeing and aim to prevent the recurrence of future episodes.</p>\n<p>Osteopathic practitioners work closely with other healthcare and medical practitioners to provide complete and integrated healthcare to their patients.</p>\n<p><strong>Related therapies/approaches:</strong> manipulative physiotherapy and chiropractic<br /><br /></p>\n<p><b><a>Some terms used in osteopathy</a></b></p>\n<table><tbody></tbody></table><table width=\"80%\"><tbody><tr><td>\n<blockquote>\n<p><em></em></p>\n<p><em><b>Articulation/stretching:</b> A low velocity technique to try and increase the range or freedom of movement of a joint. This is accomplished by moving a joint through its complete range of motion in a gentle and repetitive manner.</em></p><br /><p><em><b>Contraindications:</b></em> Any therapeutic technique in healthcare is contraindicated when its potential benefit is outweighed by the risk of harming a patient. A small number of absolute contraindications exist for certain osteopathic techniques; these include, for example, the presence of fracture, acute inflammatory disease, osteoporosis, clotting disorders and neoplasms. </p><br /><p><em><b>Cranial osteopathy:</b></em> This is a refined and subtle system of diagnosis and treatment developed by William G Sutherland in the 1900’s.</p><br /><p><b><em>Effleurage:</em></b> A slow, gentle and rhythmic stroke movement performed along the long axis. This aims to increase local circulation and reduce local tissue swelling.</p><br /><p><em><b>Facilitated oscillatory release:</b></em> A technique developed by Zachary Comeaux whereby a manual oscillatory force is applied to attempt to normalise neuromuscular function. This technique can be combined with other techniques, particularly myofascial techniques. </p><br /><p><b><em>Functional technique:</em></b> This is also known as facilitated positional release. The affected area of the body is examined to identify restriction in all planes of movement; a combination of movements is applied to place and hold the affected area into a neutral position. This allows tissue release to occur; the affected area is then examined to evaluate changes in range of movement and tissue tension.</p><br /><p><b><em>High velocity low amplitude (HVLA) technique:</em></b> This is a direct technique that uses a combination of high velocity and low amplitude forces to increase the range of movement of a specified joint. This is a skilled technique which can be very effective when applied by suitably trained practitioners. </p><br /><p><em><b>High velocity thrust (HVT):</b></em> See HVLA.</p><br /><p><b><em>Inhibition:</em></b> This involves a steady and sustained pressure to a muscular area in the body. This technique attempts to reduce reflex activity thereby producing relaxation.</p><br /><p><em><b>Lymphatic pump technique:</b></em> Early osteopathic physicians used their knowledge to develop a variety of lymphatic pumping techniques employing gentle compression and relaxation forces. Early studies suggest that these techniques can increase the immune response. </p><br /><p><b><em>Muscle energy:</em></b> This is a direct technique where a patient deliberately contracts a specified muscle against a force carefully applied by a practitioner. This isometric contraction procedure is repeated three to four times and ultimately produces a relaxation response in the affected muscular area.</p><br /><p><b><em>Myofascial release: </em></b>Restricted tissue or joint movement is identified in this technique. Movement is slowly applied to affected parts of the body until tissue release is achieved.</p><br /><p><em><b>Osteopathic manipulative technique (OMT):</b></em> See HVLA.</p>\n<p><b><em><br />Soft tissue:</em></b> Gentle work to the soft tissue (commonly the muscles) is carried out by osteopaths using a variety of different techniques. This can involve stretching the muscle longitudinally, stretching the muscle across its fibres (kneading) and inhibition (a sustained pressure to the muscle).</p><br /><p><b><em>Strain/counterstrain:</em></b> Lawrence H Jones developed this form of diagnosis and treatment. It was based on the premise that dysfunction is a continuing, inappropriate strain reflex; this strain reflex can be inhibited by applying a position of mild strain in the direction exactly opposite to that of the reflex.</p><br /><p><b><em>Traction:</em></b> This is the application of a pulling force applied to an area of the body.  Manual traction is used therapeutically by osteopaths; in this manner the pulling force can be carefully controlled by the practitioner in response to tissue feedback.</p><br /><p><b><em>Visceral osteopathy:</em></b> Gentle techniques can be applied to the viscera to act diagnostically and attempt to improve physiological function.</p></blockquote></td></tr></tbody></table>Definitions have been adapted from <em>The Pocket Manual of Osteopathic Manipulative Treatment for Physicians</em>. Essig-Beatty DR. Lippincott Williams &amp; Wilkins, 2005 and the <em>Glossary of Osteopathic Terminology Usage Guide</em> (<a href=\"http://www.aacom.org/om/Glossary.doc\">www.aacom.org/om/Glossary.doc</a>). \n<p></p><br /><p><b><a>Introduction</a></b> \n</p><p><br />Osteopathy originated in the USA as the brainchild of Dr Andrew Taylor Still who founded the first school of osteopathy in Kirksville, Missouri in 1892. He based his beliefs on the principle that the body was created as a perfect machine and the role of osteopathy was to restore it to its perfect state. Osteopathy was introduced into the United Kingdom in 1898.</p>\n<p><b>Regulation of osteopathy in the United Kingdom </b></p>\n<p>The passing of the Medical Act in 1858 divided medicine from “other therapies” such as osteopathy. The process of statutory regulation of osteopathy originally began in 1931 with consideration of an osteopathy bill by a Select Committee of the House of Lords. The Bill was not taken further but the Select Committee recommended the formation of a voluntary register. The General Council and Register of Osteopaths (GCRO) was incorporated in 1936 to define standards in education and quality of practice. </p>\n<p>Statutory development was revisited in 1993 following the passing of The Osteopath’s Act; this established the General Osteopathic Council to provide regulation of the osteopathic profession. The title of osteopath became protected by law in May 2000.</p>\n<p><b>Education and training of osteopaths</b></p>\n<p>In 1917, the British School of Osteopathy was incorporated as the first college under the direction of Dr John Martin Littlejohn.  There are now 8 osteopathic educational institutions (OEIs) in the UK.  A new course is being planned at Leeds Metropolitan University and will be open for registration of students in September 2008. The Diploma of Osteopathy was originally awarded to students and carried the letters DO.  In 1990 osteopathic training underwent change and a BSc degree in osteopathy has been awarded ever since.</p>\n<p><b>Post-graduate education</b></p>\n<p>A growing number of osteopaths are enrolling on MSc courses both at OEIs and other higher educational institutions.  An increasing number of osteopaths have completed PhDs.  </p>\n<p><b>Current status of the profession</b></p>\n<p>The osteopathic profession became regulated by statute following the passing of the Osteopath’s Act in 1993. The profession is largely composed of single practitioners in private practices with only a small percentage being directly employed by the National Health Service (NHS); members of the profession encounter a number of difficulties when attempting to conduct research. Ninety per cent of the profession are in private practice. There is currently no access to scholarship opportunities for members of the profession.</p>\n<p><b>Development of osteopathic research</b></p>\n<p>A British Institute of Osteopathic Research was originally created in 1937. The onset of World War II brought this development to a halt and it was never revisited. Research has taken place in individual colleges during the intervening years. In 2003 the <b>National Council for Osteopathic Research</b> (NCOR) was created.  </p>\n<p>The National Council for Osteopathic Research (NCOR) is based at the University of Brighton and appointed Professor Ann Moore, Professor of Physiotherapy at the University of Brighton, as its Chair. This organisation has representatives from the General Osteopathic Council (the profession’s regulator), the British Osteopathic Association (the professional association) and all of the osteopathic educational institutions (OEIs). Osteopaths in private practice and those working in the NHS also have representatives.  </p>\n<p>NCOR created a five year strategic plan. It has produced a number of resources including the <b>NCOR website</b> (<a href=\"http://www.ncor.org.uk/\">www.ncor.org.uk</a>). This provides information concerning NCOR meetings, courses and conferences, research hub meetings and research opportunities. A series of evidence based practice tutorials previously published in The Osteopath are now present on the site in PDF form. A <b>Research Governance Framework</b> (RGF) for Osteopathy has been developed which mirrors standards that have been set within the wider health care arena. A summary guide to the RGF for practising osteopaths has also been produced; both documents are available on the NCOR website.  NCOR also aims to support osteopaths in private practice who are attempting to conduct practice-based osteopathic research.  A series of small research groups have been created around the country to this end. NCOR is also currently developing a <b>standardised data collection tool</b> for osteopathy to gather key baseline data about the profession. A Delphi study is also being carried out to identify priorities in osteopathic research.</p><br /><p><a><b>Clinical uses</b></a></p><br /><p></p>\n<p>Osteopaths employ a number of techniques in clinical practise including spinal manipulation. It should be emphasised, however, that osteopathy and manipulation are not synonymous; manipulation is just one of a range of techniques used therapeutically. Additional techniques include articulation, soft tissue work, exercise and advice/education concerning self-care strategies and avoidance measures to prevent future occurrences.  </p>\n<p>The conditions most commonly treated by osteopathy in the UK are low back pain<sup>1</sup> and neck pain and headache<sup>2</sup>. Osteopathic techniques have been recommended as part of the European Back Pain Guidelines for acute simple low back pain<sup>3</sup> and chronic simple low back pain<sup>4</sup>. Studies have been carried out to investigate the management of low back pain at a variety of stages in its development including acute<sup>5</sup> and sub-acute<sup>6</sup> stages. Recently osteopathy has more commonly been used as part of a package of care; this has demonstrated sound results for low back pain patients<sup>7,8</sup>.  </p>\n<p>Peripheral joints are also frequently treated by osteopaths and a number of studies have been carried out to investigate their effectiveness. The most commonly treated peripheral joints are the shoulder joint<sup>9 </sup>and the knee joint<sup>10</sup>. This is closely followed by the ankle joint<sup>11</sup> and elbow joint<sup>12</sup>. Other conditions are treated e.g. carpal tunnel syndrome<sup>13</sup>, and symptoms associated with pregnancy<sup>14</sup>. Cranial osteopathy remains a more esoteric treatment approach and a less well researched area; this is changing as small pilot studies are being undertaken<sup>15</sup>. </p><br /><p><b>Systematic reviews</b><br /></p><p>Selected systematic reviews from the CAM SL can be viewed at: <a href=\"http://www.library.nhs.uk/cam/SearchResults.aspx?catID=10844&amp;tabID=289\">http://www.library.nhs.uk/cam/SearchResults.aspx?catID=10844&amp;tabID=289</a></p><br /><p><b><a>Safety</a></b></p>\n<p><br />The literature on the safety of osteopathy suggests that adverse events, mainly from spinal manipulation techniques, are extremely rare. The estimates of risk of a serious adverse event cited in the literature are between 1 in 100,000<sup>16</sup> and 1 in 5.8million<sup>17</sup>. This estimate of risk is predominantly associated with manipulation to the upper cervical spine. Mild and transient treatment responses (up to 48 hours) are more frequent<sup>18</sup> and can be associated with the provocation tests used by osteopaths as part of the examination process to assess a patient’s symptoms.</p>\n<p>A call for proposals was announced by the National Council for Osteopathic Research on 20.02.2007 to invite applications to investigate four topic areas to add to the literature on safety specific to osteopathy. Details of the call can be found at <a href=\"http://www.ncor.org.uk/research_opps/index.htm\">www.ncor.org.uk/research_opps/index.htm</a>.<br /></p>\n<p><b><a><br />Regulation of osteopathy</a></b></p><br /><p>The General Osteopathic Council (GOsC) is responsible for the regulation of Osteopathy in the United Kingdom.</p><br /><p><b><a>Professional bodies and organisations</a></b><br /></p>\n<blockquote>\n<p><a href=\"http://www.osteopathy.org/\">British Osteopathic Association</a>  <br /><a href=\"http://www.osteopathy.org.uk/\">General Osteopathic Council</a>  <br />Osteopathic Sports Care Association (OSCA)<br /><a href=\"http://www.brighton.ac.uk/ncor/index.htm\">The National Council for Osteopathic Research</a> </p></blockquote><br /><b></b>\n<p></p>\n<p><b><a>Other relevant information</a></b></p><br /><p><b>Journals</b></p>\n<blockquote>\n<p><a href=\"http://www.sciencedirect.com/science/journal/17460689\">International Journal of Osteopathic Medicine</a> </p></blockquote>\n<p></p>\n<p><b>Training establishments</b></p>\n<blockquote>\n<p><a href=\"http://www.bcom.ac.uk/\">British College of Osteopathic Medicine (BCOM)</a> <br /><a href=\"http://www.bso.ac.uk/\">British School of Osteopathy (BSO)</a><br />College of Osteopaths (COET) <br /><a href=\"http://www.eso.ac.uk/\">European School of Osteopathy (ESO)</a> <br /><a href=\"http://www.leedsmet.ac.uk/\">Leeds Metropolitan University (LMU)</a> (First intake September 2008)<br />London College of Osteopathic Medicine (LCOM) – for medical practitioners only.<br /><a href=\"http://www.lso.ac.uk/\">London School of Osteopathy (LSO)</a>  <br /><a href=\"http://www.brookes.ac.uk/\">Oxford Brookes University (OBU)</a>  <br /><a href=\"http://www.nescot.ac.uk/\">Surrey Institute of Osteopathic Medicine (SIOM)</a>    </p></blockquote>\n<h2><br />References</h2>\n<p><br />1. Licciardone JC, Brimhall AK, King LN. Osteopathic manipulative treatment for low back pain: a systematic review and meta-analysis of randomized controlled trials. BMC Musculoskeletal Disorders. 2005, 6:43. [<a href=\"http://www.biomedcentral.com/1471-2474/6/43\">Full text</a>] [<a href=\"http://www.crd.york.ac.uk/CRDWeb/ShowRecord.asp?View=Full&amp;ID=12005001298\">DARE provisional record</a>] </p><br /><p>2. Bronfort G, Assendelft W J, Evans R, Haas M, Bouter L. Efficacy of spinal manipulation for chronic headache: a systematic review. Journal of Manipulative and Physiological Therapeutics. 2001, 24(7):457-466. [<a href=\"http://www.ncbi.nlm.nih.gov/sites/entrez?Db=pubmed&amp;Cmd=ShowDetailView&amp;TermToSearch=11562654&amp;ordinalpos=7&amp;itool=EntrezSystem2.PEntrez.Pubmed.Pubmed_ResultsPanel.Pubmed_RVDocSum\">PubMed abstract</a>] </p>\n<p><br />3. European back pain guidelines recommend consideration of referral for spinal manipulation for acute low back pain patients who are failing to return to normal activities  (<a href=\"http://www.backpaineurope.org/\">http://www.backpaineurope.org/</a>). </p>\n<p><br />4. European back pain guidelines recommend short courses of manipulation/mobilisation for chronic low back pain patients.<br />(<a href=\"http://www.backpaineurope.org/\">http://www.backpaineurope.org/</a>). </p>\n<p><br />5. Gurry B, Hopkins M, Peers C, Anderson S and Watts M. A rapid access treatment facility for acute low back pain based in the primary care setting. Journal of Orthopaedic Medicine. 2004;26(1):13-19. [<a href=\"http://www.salix-publishing.co.uk/cgi/jomabs2.pl?File=261&amp;Art=4\">Abstract</a>]</p>\n<p><br />6. Williams NH, Wilkinson C, Russell I, Edwards RT, Hibbs R, Linck P, et al. Randomized osteopathic manipulation study (ROMANS): pragmatic trial for spinal pain in primary care. Family Practice. 2003, 20(6):662-9. [<a href=\"http://fampra.oxfordjournals.org/cgi/content/full/20/6/662\">Full text</a>] [<a href=\"http://www.crd.york.ac.uk/CRDWeb/ShowRecord.asp?View=Full&amp;ID=22004000181\">NHS EED structured abstract</a>] </p>\n<p><br />7. UK BEAM Trial Team. United Kingdom back pain exercise and manipulation (UK BEAM) randomised trial: cost effectiveness of physical treatments for back pain in primary care. BMJ. 2004, 329(7479):1381-1385. [<a href=\"http://www.bmj.com/cgi/content/full/329/7479/1381\">Full text</a>] [<a href=\"http://www.crd.york.ac.uk/CRDWeb/ShowRecord.asp?View=Full&amp;ID=22005008003\">NHS EED structured abstract</a>]. </p>\n<p><br />8.  UK BEAM Trial Team. United Kingdom back pain exercise and manipulation (UK BEAM) randomised trial: effectiveness of physical treatments for back pain in primary care. BMJ. 2004, 329 (7479):1377. [<a href=\"http://www.bmj.com/cgi/reprint/329/7479/1377\">Full text</a>] </p>\n<p><br />9. Goldman S. Biomechanical and osteopathic approach to shoulder pain. Journal of the American Osteopathic Association. 1989, 89(1):53-57. [<a href=\"http://www.ncbi.nlm.nih.gov/sites/entrez?Db=pubmed&amp;Cmd=ShowDetailView&amp;TermToSearch=2921122&amp;ordinalpos=5&amp;itool=EntrezSystem2.PEntrez.Pubmed.Pubmed_ResultsPanel.Pubmed_RVDocSum\">PubMed abstract</a>]</p>\n<p><br />10. Rubin BR. Management of osteoarthritic knee pain. Journal of the American Osteopathic Association. 2005, 105(9 Suppl 4):S23-8. [<a href=\"http://www.jaoa.org/cgi/content/full/105/suppl_4/S23\">Full text</a>]</p>\n<p><br />11. Eisenhart AW, Gaeta TJ, Yens DP. Osteopathic manipulative treatment in the emergency department for patients with acute ankle injuries. Journal of the American Osteopathic Association. 2003, 103(9):417-421. [<a href=\"http://www.jaoa.org/cgi/reprint/103/9/417\">Full text</a>]</p>\n<p><br />12. Geldschlager S. Osteopathic versus orthopaedic treatments for chronic epicondylpathia humeri radialis: a randomized controlled trial. Forschende Komplementärmedizin und klassische Naturheilkunde. 2004, 11(2):93-7. [<a href=\"http://www.ncbi.nlm.nih.gov/pubmed/15138373?ordinalpos=1&amp;itool=EntrezSystem2.PEntrez.Pubmed.Pubmed_ResultsPanel.Pubmed_RVDocSum\">PubMed abstract</a>]</p>\n<p><br />13. Sucher BM. Palpatory diagnosis and manipulative management of carpal tunnel syndrome. Journal of the American Osteopathic Association. 1994, 94(8):647-63. [<a href=\"http://www.jaoa.org/cgi/reprint/94/8/647.pdf\">Full text</a>]</p>\n<p><br />14. Sandler SE. The management of low back pain in pregnancy.  Manual Therapy. 1996, 1(4):178-185. [<a href=\"http://www.ncbi.nlm.nih.gov/pubmed/11440505?ordinalpos=41&amp;itool=EntrezSystem2.PEntrez.Pubmed.Pubmed_ResultsPanel.Pubmed_RVDocSum\">PubMed abstract</a>]</p>\n<p><br />15. Hayden C, Mullinger B. A preliminary assessment of the impact of cranial osteopathy for the relief of infantile colic. Complementary Therapies in Clinical Practice. 2006, 12(2):83-90. [<a href=\"http://www.ncbi.nlm.nih.gov/pubmed/16648084?ordinalpos=24&amp;itool=EntrezSystem2.PEntrez.Pubmed.Pubmed_ResultsPanel.Pubmed_RVDocSum\">PubMed abstract</a>]</p>\n<p><br />16. Rothwell DM, Bondy SJ, Williams JI. Chiropractic manipulation and stroke: a population-based case-control study. Stroke. 2001, 32(5):1054–1060. [<a href=\"http://stroke.ahajournals.org/cgi/content/full/32/5/1054\">Full text</a>]</p>\n<p><br />17. Haldeman S, Carey P, Townsend M, Papadopoulous C. Arterial dissections following cervical manipulation: the chiropractic experience. Canadian Medical Association Journal. 2001, 165(7):905-6. [<a href=\"http://www.pubmedcentral.nih.gov/articlerender.fcgi?tool=pubmed&amp;pubmedid=11599329\">Full text</a>]</p>\n<p><br />18. Cagnie B, Vinck E, Beernaert A, Cambier D. How common are side effects of spinal manipulation and can these side effects be predicted? Manual Therapy. 2004, 9(3):151-156. [<a href=\"http://www.ncbi.nlm.nih.gov/pubmed/15245709?ordinalpos=14&amp;itool=EntrezSystem2.PEntrez.Pubmed.Pubmed_ResultsPanel.Pubmed_RVDocSum\">PubMed abstract</a>]</p>\n<p><br /> </p>",
  "resourceType": "Article"
}