{
  "name": "Complementary and Alternative Medicine",
  "title": "Health status of people using complementary and alternative medical practitioner services in 4 English counties",
  "rootDirectory": "/cam",
  "topics": "COMPLEMENTARY AND ALTERNATIVE MEDICINE,CAM GENERAL,OCTOBER 2007,DATE ADDED,USE OF CAM",
  "publicationDate": "2002-10-01T00:00:00",
  "url": "http://www.ajph.org/cgi/reprint/92/10/1653",
  "id": "269914",
  "publicationType": "Report",
  "publisher": "American Public Health Association",
  "description": "<p><strong>Citation</strong></p>\n<p>Ong CK, Petersen S, Bodeker GC, Stewart-Brown S. Health status of people using complementary and alternative medical practitioner services in 4 English counties. Am J Public Health. 2002, 92(10):1653-6. </p><br /><p><strong>Authors' objectives</strong></p>\n<p>This study was undertaken to establish the health status of users of complementary and alternative medicine (CAM) services in England.  </p><br /><p><strong>Authors' conclusions</strong></p>\n<p>In England, users of CAM services have poorer physical health than nonusers and make more frequent use of conventional medical services.</p>\n<p> </p>",
  "resourceType": "CARDEX"
}