{
  "name": "Complementary and Alternative Medicine",
  "title": "Acupuncture in the treatment of painful dysfunction of the temporomandibular joint: a review of the literature",
  "rootDirectory": "/cam",
  "topics": "COMPLEMENTARY AND ALTERNATIVE MEDICINE,ACUPUNCTURE,CONDITIONS P-R,CONDITIONS T-Z,TEMPOROMANDIBULAR JOINT DISORDERS,CONDITIONS A-Z,PAIN,DATE ADDED,DECEMBER 2007",
  "publicationDate": "2006-04-01T00:00:00",
  "url": "http://www.ncbi.nlm.nih.gov/sites/entrez?Db=pubmed&Cmd=ShowDetailView&TermToSearch=16645291&ordinalpos=1&itool=EntrezSystem2.PEntrez.Pubmed.Pubmed_ResultsPanel.Pubmed_RVDocSum",
  "id": "276658",
  "publicationType": "Systematic Review",
  "publisher": "Karger",
  "description": "<p><em>This review has been evaluated by a CRD Reviewer as potentially meeting the <a href=\"http://www.york.ac.uk/inst/crd/darefaq.htm\">CRD quality criteria</a> and a structured abstract is in the process of being written. This <a href=\"http://www.crd.york.ac.uk/CRDWeb/ShowRecord.asp?View=Full&amp;ID=12006003636\">provisional record</a> is for information, please note that the review has not been appraised yet. </em></p>\n<p><strong>Citation</strong></p>\n<p>Fink M, Rosted P, Bernateck M, Stiesch-Scholz M, Karst M. Acupuncture in the treatment of painful dysfunction of the temporomandibular joint -- a review of the literature. Forschende Komplementärmedizin (2006). 2006, 13(2):109-15.</p>\n<p><strong>Authors' objectives</strong></p>\n<p>The aim of this study was to analyze the results of randomized clinical trials on the efficacy of acupuncture in the treatment of painful dysfunction of the temporomandibular joint.  </p>\n<p><strong>Authors' conclusions</strong></p>\n<p>Acupuncture appears to be a suitable complementary treatment method in the management of craniomandibular dysfunction. However, its significance has to be further evaluated in future studies.</p>\n<p><strong></strong> </p>",
  "resourceType": "CARDEX"
}