{
  "name": "Complementary and Alternative Medicine",
  "title": "Effectiveness of acupuncture for migraine: critical literature review",
  "rootDirectory": "/cam",
  "topics": "ACUPUNCTURE,COMPLEMENTARY AND ALTERNATIVE MEDICINE,HEADACHE,CONDITIONS A-Z,CONDITIONS F-H,CONDITIONS M-O,MIGRAINE,DECEMBER 2007,DATE ADDED",
  "publicationDate": "2006-05-01T00:00:00",
  "url": "http://www.ncbi.nlm.nih.gov/sites/entrez?Db=pubmed&Cmd=ShowDetailView&TermToSearch=16671978&ordinalpos=5&itool=EntrezSystem2.PEntrez.Pubmed.Pubmed_ResultsPanel.Pubmed_RVDocSum",
  "id": "276733",
  "publicationType": "Review",
  "publisher": "Blackwell",
  "description": "<p><strong>Citation</strong></p>\n<p>Griggs C, Jensen J. Effectiveness of acupuncture for migraine: critical literature review. Journal of Advanced Nursing. 2006, 54(4):491-501. </p>\n<p><strong>Authors' objectives</strong></p>\n<p>The aim of this paper is to evaluate previous research studies on acupuncture for migraine with reference to the Standards for Reporting Interventions in Controlled Trials of Acupuncture guidelines.  </p>\n<p><strong>Authors' conclusions</strong></p>\n<p>In the light of the findings of this review, practitioners may face a dilemma when considering the use of acupuncture for migraine. Therefore, large, high quality randomized controlled trials of acupuncture for migraine are needed. Until better quality research is published, with verification of the benefits of acupuncture for migraine, provision of this alternative therapy should not be expanded or withdrawn.</p>\n<p><strong></strong> </p>",
  "resourceType": "CARDEX"
}