{
  "name": "Complementary and Alternative Medicine",
  "title": "Are manual therapies effective in reducing pain from tension-type headache?: a systematic review",
  "rootDirectory": "/cam",
  "topics": "COMPLEMENTARY AND ALTERNATIVE MEDICINE,HEADACHE,CONDITIONS A-Z,CHIROPRACTIC,MASSAGE,CONDITIONS F-H,DECEMBER 2007,DATE ADDED",
  "publicationDate": "2006-03-01T00:00:00",
  "url": "http://www.ncbi.nlm.nih.gov/sites/entrez?Db=pubmed&Cmd=ShowDetailView&TermToSearch=16514329&ordinalpos=1&itool=EntrezSystem2.PEntrez.Pubmed.Pubmed_ResultsPanel.Pubmed_RVDocSum",
  "id": "276729",
  "publicationType": "Systematic Review",
  "publisher": "Lippincott Williams & Wilkins",
  "description": "<p><em>This review has been evaluated by a CRD Reviewer as potentially meeting the <a href=\"http://www.york.ac.uk/inst/crd/faq4.htm\">CRD quality criteria</a> and a structured abstract is in the process of being written. This provisional record is for information, please note that the review has not been appraised yet. </em></p>\n<p><strong>Citation</strong></p>\n<p>Fernández-de-Las-Peñas C, Alonso-Blanco C, Cuadrado ML, Miangolarra JC, Barriga FJ, Pareja JA. Are manual therapies effective in reducing pain from tension-type headache?: a systematic review. Clinical Journal of Pain. 2006, 22(3):278-85.</p>\n<p><strong>Authors' objectives</strong></p>\n<p>A systematic review was performed to establish whether manual therapies have specific efficacy in reducing pain from tension-type headache (TTH).  </p>\n<p><strong>Authors' conclusions</strong></p>\n<p>The authors found no rigorous evidence that manual therapies have a positive effect in the evolution of TTH. The most urgent need for further research is to establish the efficacy beyond placebo of the different manual therapies currently applied in patients with TTH.</p>\n<p><strong></strong> </p>",
  "resourceType": "CARDEX"
}