{
  "name": "Complementary and Alternative Medicine",
  "title": "Chiropractic manipulation for non-spinal pain--a systematic review",
  "rootDirectory": "/cam",
  "topics": "COMPLEMENTARY AND ALTERNATIVE MEDICINE,CONDITIONS P-R,CONDITIONS A-Z,CHIROPRACTIC,PAIN,DATE ADDED,DECEMBER 2007",
  "publicationDate": "2003-08-08T00:00:00",
  "url": "http://www.ncbi.nlm.nih.gov/sites/entrez?Db=pubmed&Cmd=ShowDetailView&TermToSearch=14513080&ordinalpos=24&itool=EntrezSystem2.PEntrez.Pubmed.Pubmed_ResultsPanel.Pubmed_RVDocSum",
  "id": "276730",
  "publicationType": "Systematic Review",
  "publisher": "New Zealand Medical Association",
  "description": "<p><em>This review has been evaluated by a CRD Reviewer as potentially meeting the <a href=\"http://www.york.ac.uk/inst/crd/faq4.htm\">CRD quality criteria</a> and a structured abstract is in the process of being written. This provisional record is for information, please note that the review has not been appraised yet. </em></p>\n<p><strong>Citation</strong></p>\n<p>Ernst E. Chiropractic manipulation for non-spinal pain--a systematic review. The New Zealand Medical Journal. 2003, 116(1179):U539.</p>\n<p><strong>Authors' objectives</strong></p>\n<p>Chiropractic manipulation is mostly used for spinal problems but, in an increasing number of cases, also for non-spinal conditions. This systematic review is aimed at critically evaluating the evidence for or against the effectiveness of this approach.  </p>\n<p><strong>Authors' conclusions</strong></p>\n<p>Only very few randomised clinical trials of chiropractic manipulation as a treatment of non-spinal conditions exist. The claim that this approach is effective for such conditions is not based on data from rigorous clinical trials.</p>\n<p><strong></strong> </p>",
  "resourceType": "CARDEX"
}