{
  "name": "Complementary and Alternative Medicine",
  "title": "Efficacy of omega-3 fatty acids in preventing age-related macular degeneration: a systematic review",
  "rootDirectory": "/cam",
  "topics": "COMPLEMENTARY AND ALTERNATIVE MEDICINE,CONDITIONS D-E,CONDITIONS M-O,CONDITIONS A-Z,DIETARY AND NUTRITIONAL THERAPIES,MACULAR DEGENERATION,LIPIDS,NUTRITIONAL SUPPLEMENTS,OMEGA-3 FATTY ACIDS,DATE ADDED,JANUARY 2008,EYE DISEASES",
  "publicationDate": "2006-07-01T00:00:00",
  "url": "http://www.ncbi.nlm.nih.gov/pubmed/16815401?ordinalpos=2&itool=EntrezSystem2.PEntrez.Pubmed.Pubmed_ResultsPanel.Pubmed_RVDocSum",
  "id": "277280",
  "publicationType": "Systematic Review",
  "publisher": "Elsevier",
  "description": "<p><strong>Citation</strong></p>\n<p>Hodge W G, Schachter H M, Barnes D, Pan Y, Lowcock E C, Zhang L, Sampson M, Morrison A, Tran K, Miguelez M, Lewin G. Efficacy of omega-3 fatty acids in preventing age-related macular degeneration: a systematic review. Ophthalmology. 2006, 113(7):1165-1172. </p>\n<p><strong>Authors' objectives</strong></p>\n<p>To investigate if there is any evidence for efficacy of dietary and/or supplemental omega-3 fatty acids in preventing age-related macular degeneration (AMD). </p>\n<p><strong>Authors' conclusions</strong></p>\n<p>There is some clinical evidence for protection of AMD from omega-3 fatty acids. However, the results are not consistent. Hence, our conclusion is that this issue is neither clearly supported nor refuted by the present world literature. This is an intriguing and extremely important question but needs further study first with prospective cohort designs and, if positive, randomized clinical trials.</p>\n<p><strong>Access</strong></p>\n<p>NHS staff: for full text access to this resource contact your <a href=\"http://www.library.nhs.uk/mylibrary/default.aspx\">local NHS library</a>. <br /></p>\n<p> </p>",
  "resourceType": "CARDEX"
}