{
  "name": "Complementary and Alternative Medicine",
  "title": "Multivitamin/mineral supplements and prevention of chronic disease",
  "rootDirectory": "/cam",
  "topics": "COMPLEMENTARY AND ALTERNATIVE MEDICINE,DIETARY AND NUTRITIONAL THERAPIES,CONDITIONS A-Z,CONDITIONS C,CANCER,JANUARY 2008,2008,DATE ADDED,VITAMINS,NUTRITIONAL SUPPLEMENTS,MINERALS",
  "publicationDate": "2006-05-01T00:00:00",
  "url": "http://www.ahrq.gov/downloads/pub/evidence/pdf/multivit/multivit.pdf",
  "id": "277286",
  "publicationType": "Systematic Review",
  "publisher": "Agency for Healthcare Research and Quality",
  "description": "<p><strong>Citation</strong></p>\n<p>Huang HY, Caballero B, Chang S, Alberg A, Semba R, Schneyer C, Wilson  F, Cheng  Y, Prokopowicz G, Barnes  J, Vassy J, Bass EB. Multivitamin/mineral supplements and prevention of chronic disease. 2006:117. Rockville, MD, USA: Agency for Healthcare Research and Quality. </p>\n<p><strong><br />Duplicate publications</strong></p>\n<p>Also published as an <a href=\"http://consensus.nih.gov/2006/2006MultivitaminMineralSOS028main.htm\">NIH consensus and state-of-the-science statement </a>from the NIH State-of-the-Science Conference on Multivitamin/Mineral Supplements and Chronic Disease Prevention, May 15-17, 2006. </p><br /><p>Huang HY, Caballero B, Chang S, Alberg A J, Semba R D, Schneyer C R, Wilson R F, Cheng T Y, Vassy J, Prokopowicz G, Barnes G A, Bass E B. The efficacy and safety of multivitamin and mineral supplement use to prevent cancer and chronic disease in adults: a systematic review for a National Institutes of Health State-of-the-Science Conference. Annals of Internal Medicine. 2006;145(5):372-385. [<a href=\"http://www.annals.org/cgi/reprint/145/5/372\">Full text</a>]</p>\n<p> </p>\n<p><strong>Authors' objectives</strong></p>\n<p>To review and synthesize published literature on the efficacy of multivitamin/mineral supplements and certain single nutrient supplements in the primary prevention of chronic disease in the general adult population, and on the safety of multivitamin/mineral supplements and certain single nutrient supplements, likely to be included in multivitamin/mineral supplements, in the general population of adults and children.  </p>\n<p><strong>Authors' conclusions</strong></p>\n<p>Multivitamin/mineral supplement use may prevent cancer in individuals with poor or suboptimal nutritional status. The heterogeneity in the study populations limits generalization to United States population. Multivitamin/mineral supplements conferred no benefit in preventing cardiovascular disease or cataract, and may prevent advanced age-related macular degeneration only in high-risk individuals. The overall quality and quantity of the literature on the safety of multivitamin/mineral supplements is limited. </p>",
  "resourceType": "CARDEX"
}