{
  "name": "Complementary and Alternative Medicine",
  "title": "Interventions for the treatment, management and rehabilitation of patients with chronic fatigue syndrome/myalgic encephalomyelitis: an updated systematic review",
  "rootDirectory": "/cam",
  "topics": "COMPLEMENTARY AND ALTERNATIVE MEDICINE,CHRONIC FATIGUE SYNDROME,DIETARY AND NUTRITIONAL THERAPIES,CONDITIONS A-Z,CONDITIONS C,JANUARY 2008,DATE ADDED,NUTRITIONAL SUPPLEMENTS",
  "publicationDate": "2006-10-01T00:00:00",
  "url": "http://www.ncbi.nlm.nih.gov/pubmed/17021301?ordinalpos=1&itool=EntrezSystem2.PEntrez.Pubmed.Pubmed_ResultsPanel.Pubmed_RVDocSum",
  "id": "277254",
  "publicationType": "Systematic Review",
  "publisher": "Royal Society of Medicine",
  "description": "<p><strong>Citation</strong></p>\n<p>Chambers D, Bagnall AM, Hempel S, Forbes C. Interventions for the treatment, management and rehabilitation of patients with chronic fatigue syndrome/myalgic encephalomyelitis: an updated systematic review. Journal of the Royal Society of Medicine. 2006, 99(10):506-20. </p>\n<p><strong>Authors' objectives</strong></p>\n<p>To determine whether any particular intervention or combination of interventions is effective in the treatment, management and rehabilitation of adults and children with a diagnosis of chronic fatigue syndrome / myalgic encephalomyelitis (CFS/ME).  </p>\n<p><strong>Authors' conclusions</strong></p>\n<p>Over the last five years, there has been a marked increase in the size and quality of the evidence base on interventions for CFS/ME. Some behavioural interventions have shown promising results in reducing the symptoms of CFS/ME and improving physical functioning. There is a need for research to define the characteristics of patients who would benefit from specific interventions and to develop clinically relevant objective outcome measures.</p>\n<p><strong></strong></p>\n<p><strong>Access</strong></p>\n<p>NHS staff: for full text access to this resource contact your <a href=\"http://www.library.nhs.uk/mylibrary/default.aspx\">local NHS library</a>. <br /></p>\n<p> </p>",
  "resourceType": "CARDEX"
}