{
  "name": "Complementary and Alternative Medicine",
  "title": "Nutritional interventions and outcome in patients with cancer or preinvasive lesions: systematic review",
  "rootDirectory": "/cam",
  "topics": "COMPLEMENTARY AND ALTERNATIVE MEDICINE,CONDITIONS C,CANCER,CONDITIONS A-Z,DIETARY AND NUTRITIONAL THERAPIES,DATE ADDED,JANUARY 2008",
  "publicationDate": "2006-07-19T00:00:00",
  "url": "http://jnci.oxfordjournals.org/cgi/content/full/98/14/961",
  "id": "277264",
  "publicationType": "Systematic Review",
  "publisher": "Oxford University Press",
  "description": "<p><em>This review has been evaluated by a CRD Reviewer as potentially meeting the <a href=\"http://www.york.ac.uk/inst/crd/faq4.htm\">CRD quality criteria</a> and a structured abstract is in the process of being written. This <a href=\"http://www.crd.york.ac.uk/CRDWeb/ShowRecord.asp?View=Full&amp;ID=12006003792\">provisional record</a> is for information, please note that the review has not been appraised yet. </em></p>\n<p><strong>Citation</strong></p>\n<p>Davies A A, Davey Smith G, Harbord R, Bekkering G E, Sterne J A, Beynon R, Thomas S. Nutritional interventions and outcome in patients with cancer or preinvasive lesions: systematic review. Journal of the National Cancer Institute. 2006, 98(14):961-973. </p>\n<p><strong>Authors' objectives</strong></p>\n<p>Dietary modifications and supplements are used widely by patients with cancer and preinvasive lesions as an adjunct to standard treatment. Given the widespread use of nutritional modifications and supplements by such patients and concerns about the lack of benefit and possible harm, we conducted a systematic review of randomized controlled trials to examine the effect of nutritional interventions on patients with cancer or preinvasive lesions. </p>\n<p><strong>Authors' conclusions</strong></p>\n<p>The impact of most nutritional interventions cannot be reliably estimated because of the limited number of trials, many of which were of low quality. There is no evidence that dietary modification by cancer patients improves survival and benefits disease prognosis.</p>\n<p> </p>\n<p> </p>",
  "resourceType": "CARDEX"
}