{
  "name": "Complementary and Alternative Medicine",
  "title": "Traditional Herbal Medicines Registration Scheme",
  "rootDirectory": "/cam",
  "topics": "COMPLEMENTARY AND ALTERNATIVE MEDICINE,TRADITIONAL CHINESE MEDICINE (TCM),OTHER THERAPIES OR MEDICAL SYSTEMS,HERBAL MEDICINE,CAM GENERAL,DATE ADDED,REGULATION,JANUARY 2008",
  "publicationDate": "2007-08-01T00:00:00",
  "url": "http://www.mhra.gov.uk/Safetyinformation/Generalsafetyinformationandadvice/Product-specificinformationandadvice/Herbalmedicines/index.htm",
  "id": "277228",
  "publicationType": "Reference Material",
  "publisher": "Medicines and Healthcare products Regulatory Agency (MHRA)",
  "description": "<p>This section of the <a href=\"http://www.mhra.gov.uk/home/idcplg?IdcService=SS_GET_PAGE&amp;nodeId=5\">Medicines and Healthcare products Regulatory Agency</a> (MHRA) website has been specifically created to provide practical guidance to help those operating within the herbal medicine sector to understand and comply with the Traditional Herbal Medicines Registration Scheme (THMRS), as required by Directive 2004/24/EC on Traditional Herbal Medicinal Products.</p><br /><p>It covers specific and detailed information about the regulation of herbal medicines including the scope of the Legislation, restrictions that apply, who is responsible for applying for registration or other relevant licenses and what these processes involve. </p><br /><p>For more details and further information see the <a href=\"http://www.mhra.gov.uk/home/idcplg?IdcService=SS_GET_PAGE&amp;nodeId=95\">THMRS web pages</a>. These include the full text of the guidance document \"Guidance for Retailers, Wholesalers, Importers and Manufacturers on Registering Herbal Medicine under the Traditional Herbal Medicines Registration Scheme\". </p>",
  "resourceType": "CARDEX"
}