{
  "name": "Complementary and Alternative Medicine",
  "title": "The evidence for efficacy of omega-3 fatty acids in preventing or slowing the progression of retinitis pigmentosa: a systematic review",
  "rootDirectory": "/cam",
  "topics": "COMPLEMENTARY AND ALTERNATIVE MEDICINE,DIETARY AND NUTRITIONAL THERAPIES,CONDITIONS A-Z,CONDITIONS D-E,EYE DISEASES,JANUARY 2008,DATE ADDED,OMEGA-3 FATTY ACIDS,NUTRITIONAL SUPPLEMENTS,LIPIDS",
  "publicationDate": "2006-08-01T00:00:00",
  "url": "http://pubs.nrc-cnrc.gc.ca/cjo/cjo41/i06-036.pdf",
  "id": "277276",
  "publicationType": "Systematic Review",
  "publisher": "Canadian Opthalmological Society",
  "description": "<p><em>This review has been evaluated by a CRD Reviewer as potentially meeting the <a href=\"http://www.york.ac.uk/inst/crd/faq4.htm\">CRD quality criteria</a> and a structured abstract is in the process of being written. This <a href=\"http://www.crd.york.ac.uk/CRDWeb/ShowRecord.asp?View=Full&amp;ID=12006007027\">provisional record</a> is for information, please note that the review has not been appraised yet. </em></p>\n<p><strong>Citation</strong></p>\n<p>Hodge W G, Barnes D, Schachter H M, Pan Y I, Lowcock E C, Zhang L, Sampson M, Morrison A, Tran K, Miguelez M, Lewin G. The evidence for efficacy of omega-3 fatty acids in preventing or slowing the progression of retinitis pigmentosa: a systematic review. Canadian Journal of Ophthalmology. 2006, (4):481-490.</p>\n<p><strong>Authors' objectives</strong></p>\n<p>As part of a systematic review of the effect of omega-3 fatty acids on eye health, the purpose of this study was to conduct a systematic review of the scientific-medical literature to appraise and synthesize the evidence for the effects of omega-3 fatty acids in preventing the development or progression of retinitis pigmentosa.  </p>\n<p><strong>Authors' conclusions</strong></p>\n<p>There are trends in improvement of some retinitis pigmentosa outcomes with omega-3 fatty acids in the higher quality studies. Clinical research is preliminary in this field, however. Accordingly, definitive answers will require significantly more observational and interventional clinical research.</p>\n<p> </p>\n<p> </p>",
  "resourceType": "CARDEX"
}