{
  "name": "Complementary and Alternative Medicine",
  "title": "Blood pressure response to calcium supplementation: a meta-analysis of randomized controlled trials",
  "rootDirectory": "/cam",
  "topics": "COMPLEMENTARY AND ALTERNATIVE MEDICINE,HYPERTENSION,HIGH BLOOD PRESSURE,CONDITIONS F-H,CONDITIONS A-Z,DIETARY AND NUTRITIONAL THERAPIES,MINERALS,NUTRITIONAL SUPPLEMENTS,CALCIUM,DATE ADDED,JANUARY 2008",
  "publicationDate": "2006-08-01T00:00:00",
  "url": "http://www.ncbi.nlm.nih.gov/pubmed/16673011?ordinalpos=5&itool=EntrezSystem2.PEntrez.Pubmed.Pubmed_ResultsPanel.Pubmed_RVDocSum",
  "id": "277725",
  "publicationType": "Systematic Review",
  "publisher": "Nature Publishing Group",
  "description": "<p><em>This review has been evaluated by a CRD reviewer as potentially meeting the <a href=\"http://www.york.ac.uk/inst/crd/faq4.htm\">CRD quality criteria</a> and a structured abstract is in the process of being written. This <a href=\"http://www.crd.york.ac.uk/CRDWeb/ShowRecord.asp?View=Full&amp;ID=12006002946\">provisional record</a> is for information, please note that the review has not been appraised yet. </em></p>\n<p><strong>Citation</strong></p>\n<p>van Mierlo LA, Arends LR, Streppel MT, Zeegers MP, Kok FJ, Grobbee DE, Geleijnse JM. Blood pressure response to calcium supplementation: a meta-analysis of randomized controlled trials. Journal of Human Hypertension. 2006, 20(8):571-580.</p>\n<p><strong>Authors' objectives</strong></p>\n<p>We conducted a meta-analysis of randomized controlled trials to determine the effect of calcium supplementation on blood pressure. </p>\n<p><strong>Authors' conclusions</strong></p>\n<p>This study suggests that an adequate intake of calcium should be recommended for the prevention of hypertension. More research on blood pressure in people with calcium-deficient diets is warranted.</p>\n<p><strong>Access</strong></p>\n<p>NHS staff: for full text access to this resource contact your <a href=\"http://www.library.nhs.uk/mylibrary/default.aspx\">local NHS library</a>. <br /></p>\n<p> </p>",
  "resourceType": "CARDEX"
}