{
  "name": "Complementary and Alternative Medicine",
  "title": "Clinical efficacy and safety of Xingnaojing injection for cerebral infarction: a systematic review",
  "rootDirectory": "/cam",
  "topics": "COMPLEMENTARY AND ALTERNATIVE MEDICINE,HERBAL MEDICINE,OTHER THERAPIES OR MEDICAL SYSTEMS,CONDITIONS A-Z,STROKE,TRADITIONAL CHINESE MEDICINE (TCM),CONDITIONS S,JANUARY 2008,DATE ADDED",
  "publicationDate": "2005-07-01T00:00:00",
  "url": "http://www.crd.york.ac.uk/CRDWeb/ShowRecord.asp?View=Full&ID=12005001045",
  "id": "277730",
  "publicationType": "Systematic Review",
  "publisher": "Chinese Journal of Evidence-Based Medicine",
  "description": "<p><em>This review has been evaluated by a CRD reviewer as potentially meeting the <a href=\"http://www.york.ac.uk/inst/crd/faq4.htm\">CRD quality criteria</a> and a structured abstract is in the process of being written. This provisional record is for information, please note that the review has not been appraised yet. </em></p>\n<p><strong>Citation</strong></p>\n<p>Xu FL, Gao LX, Wu TX, Ding JH. Clinical efficacy and safety of Xingnaojing injection for cerebral infarction: a systematic review. Chinese Journal of Evidence-Based Medicine. 2005, 5(7):549-554, 565. </p>\n<p><strong>Authors' objectives</strong></p>\n<p>The aim of this systematic review is to assess the efficacy and safety of Xingnaojing injection for cerebral infarction.</p>\n<p> </p>",
  "resourceType": "CARDEX"
}