{
  "name": "Complementary and Alternative Medicine",
  "title": "Fat food for a bad mood. Could we treat and prevent depression in Type 2 diabetes by means of omega-3 polyunsaturated fatty acids: a review of the evidence",
  "rootDirectory": "/cam",
  "topics": "COMPLEMENTARY AND ALTERNATIVE MEDICINE,DIETARY AND NUTRITIONAL THERAPIES,DEPRESSION,CONDITIONS A-Z,CONDITIONS D-E,DIABETES MELLITUS,DATE ADDED,OMEGA-3 FATTY ACIDS,NUTRITIONAL SUPPLEMENTS,LIPIDS,JANUARY 2008",
  "publicationDate": "2005-11-01T00:00:00",
  "url": "http://www.ncbi.nlm.nih.gov/pubmed/16241908?ordinalpos=1&itool=EntrezSystem2.PEntrez.Pubmed.Pubmed_ResultsPanel.Pubmed_RVDocSum",
  "id": "277778",
  "publicationType": "Systematic Review",
  "publisher": "Blackwell",
  "description": "<p><em>This review has been evaluated by a CRD reviewer as potentially meeting the <a href=\"http://www.york.ac.uk/inst/crd/faq4.htm\">CRD quality criteria</a> and a structured abstract is in the process of being written. This <a href=\"http://www.crd.york.ac.uk/CRDWeb/ShowRecord.asp?View=Full&amp;ID=12005002291\">provisional record</a> is for information, please note that the review has not been appraised yet. </em></p>\n<p><strong>Citation</strong></p>\n<p>Pouwer F, Nijpels G, Beekman AT, Dekker JM, van Dam RM, Heine RJ, Snoek FJ. Fat food for a bad mood. Could we treat and prevent depression in Type 2 diabetes by means of omega-3 polyunsaturated fatty acids: a review of the evidence. Diabetic Medicine. 2005, 22(11):1465-1475. </p>\n<p><strong>Authors' objectives</strong></p>\n<p>Evidence strongly suggests that depression is a common complication of Type 2 diabetes mellitus. However, there is considerable room to improve the effectiveness of pharmacological antidepressant agents, as in only 50-60% of the depressed subjects with diabetes does pharmacotherapy lead to remission of depression. The aim of the present paper was to review whether polyunsaturated fatty acids (PUFA) of the omega-3 family could be used for the prevention and treatment of depression in Type 2 diabetes.  </p>\n<p><strong>Authors' conclusions</strong></p>\n<p>Supplementation with omega-3 PUFA, in particular eicosapentaenoic acid, may be a safe and helpful tool to reduce the incidence of depression and to treat depression in Type 2 diabetes. Further studies are now justified to test these hypotheses in patients with Type 2 diabetes.</p>\n<p><strong>Access</strong></p>\n<p>NHS staff: for full text access to this resource contact your <a href=\"http://www.library.nhs.uk/mylibrary/default.aspx\">local NHS library</a>. <br /></p>\n<p> </p>",
  "resourceType": "CARDEX"
}