{
  "name": "Complementary and Alternative Medicine",
  "title": "Usefulness of omega-3 fatty acids and the prevention of coronary heart disease",
  "rootDirectory": "/cam",
  "topics": "COMPLEMENTARY AND ALTERNATIVE MEDICINE,CORONARY HEART DISEASE,CONDITIONS C,CONDITIONS A-Z,DIETARY AND NUTRITIONAL THERAPIES,CARDIOVASCULAR DISEASES,JANUARY 2008,MONTHLY ADDITIONS,2008-JULY,LIPIDS,NUTRITIONAL SUPPLEMENTS,PUBLIC HEALTH,OUTCOMES,FOOD & NUTRITION,DETERMINANTS,DIETARY SUPPLEMENTS,MANAGEMENT & INTERVENTIONS,SERVICES,CIRCULATORY DISEASES,CARDIOVASCULAR DISEASES,POPULATION BASED & PREVENTATIVE SERVICES,OMEGA-3 FATTY ACIDS,FISH OILS,DATE ADDED",
  "publicationDate": "2005-12-01T00:00:00",
  "url": "http://www.ncbi.nlm.nih.gov/pubmed/16310434?ordinalpos=1&itool=EntrezSystem2.PEntrez.Pubmed.Pubmed_ResultsPanel.Pubmed_RVDocSum",
  "id": "277788",
  "publicationType": "Systematic Review",
  "publisher": "Excerpta Medica",
  "description": "<p><em>This review has been evaluated by a CRD reviewer as potentially meeting the <a href=\"http://www.york.ac.uk/inst/crd/faq4.htm\">CRD quality criteria</a> and a structured abstract is in the process of being written. This <a href=\"http://www.crd.york.ac.uk/CRDWeb/ShowRecord.asp?View=Full&amp;ID=12005002269\">provisional record</a> is for information, please note that the review has not been appraised yet. </em></p>\n<p><strong>Citation</strong></p>\n<p>Harper CR, Jacobson TA. Usefulness of omega-3 fatty acids and the prevention of coronary heart disease. American Journal of Cardiology. 2005;96(11):1521-1529. [<a href=\"http://www.ajconline.org/article/PIIS0002914905014542/fulltext\">Full text</a>]</p>\n<p><strong>Authors' objectives</strong></p>\n<p>To review systematically previously published reports assessing the different types of omega-3 polyunsaturated fatty acid interventions and cardiovascular outcomes.</p>\n<p><strong>Authors' conclusions</strong></p>\n<p>In conclusion, the evidence suggests a role for fish oil (eicosapentaenoic acid, docosahexaenoic acid) or fish in secondary prevention because recent clinical trial data have demonstrated a significant reduction in total mortality, coronary heart disease death, and sudden death. The data on alpha-linolenic acid have been limited by studies of smaller sample size and limited quality.</p>\n<p> </p>",
  "resourceType": "CARDEX"
}