{
  "name": "Complementary and Alternative Medicine",
  "title": "Vitamin A for acute respiratory infection in developing countries: a meta-analysis",
  "rootDirectory": "/cam",
  "topics": "COMPLEMENTARY AND ALTERNATIVE MEDICINE,RESPIRATORY TRACT INFECTIONS,DIETARY AND NUTRITIONAL THERAPIES,CONDITIONS A-Z,CONDITIONS P-R,DATE ADDED,VITAMIN A,VITAMINS,NUTRITIONAL SUPPLEMENTS,JANUARY 2008",
  "publicationDate": "2004-11-01T00:00:00",
  "url": "http://www.ncbi.nlm.nih.gov/pubmed/15513568?ordinalpos=7&itool=EntrezSystem2.PEntrez.Pubmed.Pubmed_ResultsPanel.Pubmed_RVDocSum",
  "id": "277802",
  "publicationType": "Systematic Review",
  "publisher": "Blackwell",
  "description": "<p><em>This review has been evaluated by a CRD reviewer as potentially meeting the <a href=\"http://www.york.ac.uk/inst/crd/faq4.htm\">CRD quality criteria</a> and a structured abstract is in the process of being written. This <a href=\"http://www.crd.york.ac.uk/CRDWeb/ShowRecord.asp?View=Full&amp;ID=12004001843\">provisional record</a> is for information, please note that the review has not been appraised yet. </em></p>\n<p><strong>Citation</strong></p>\n<p>Brown N, Roberts C. Vitamin A for acute respiratory infection in developing countries: a meta-analysis. Acta Paediatrica. 2004, 93(11):1437-1442.</p>\n<p><strong>Authors' objectives</strong></p>\n<p>To determine the efficacy of intervention with high-dose vitamin A as an adjunct to standard treatment on outcome in acute lower respiratory tract infection in children in developing countries. </p>\n<p><strong>Authors' conclusions</strong></p>\n<p>There is no evidence from this meta-analysis that intervention with high-dose vitamin A improves recovery from pneumonia in children in developing countries aged from 1 month to 6 years.</p>\n<p><strong>Access</strong></p>\n<p>NHS staff: for full text access to this resource contact your <a href=\"http://www.library.nhs.uk/mylibrary/default.aspx\">local NHS library</a>. <br /></p>\n<p> </p>",
  "resourceType": "CARDEX"
}