{
  "name": "Complementary and Alternative Medicine",
  "title": "Antioxidants and cancer therapy: a systematic review",
  "rootDirectory": "/cam",
  "topics": "COMPLEMENTARY AND ALTERNATIVE MEDICINE,DIETARY AND NUTRITIONAL THERAPIES,CONDITIONS A-Z,CONDITIONS C,CANCER,DATE ADDED,NUTRITIONAL SUPPLEMENTS,JANUARY 2008",
  "publicationDate": "2004-02-01T00:00:00",
  "url": "http://www.ncbi.nlm.nih.gov/pubmed/14752075?ordinalpos=26&itool=EntrezSystem2.PEntrez.Pubmed.Pubmed_ResultsPanel.Pubmed_RVDocSum",
  "id": "277862",
  "publicationType": "Systematic Review",
  "publisher": "American Society of Clinical Oncology",
  "description": "<p><em>This review has been evaluated by a CRD reviewer as potentially meeting the <a href=\"http://www.york.ac.uk/inst/crd/faq4.htm\">CRD quality criteria</a> and a structured abstract is in the process of being written. This <a href=\"http://www.crd.york.ac.uk/CRDWeb/ShowRecord.asp?View=Full&amp;ID=12004000317\">provisional record</a> is for information, please note that the review has not been appraised yet. </em></p>\n<p><strong>Citation</strong></p>\n<p>Ladas EJ, Jacobson JS, Kennedy DD, Teel K, Fleischauer A, Kelly KM. Antioxidants and cancer therapy: a systematic review. Journal of Clinical Oncology. 2004, 22(3):517-528.</p>\n<p><strong>Authors' objectives</strong></p>\n<p>Many patients with cancer take antioxidant nutritional supplements during cancer treatment to alleviate treatment toxicities and to improve long-term outcomes, but little is known about the efficacy and safety of antioxidant use during cancer treatment. We reviewed English-language manuscripts published in the biomedical literature, reporting the results of observational studies of antioxidant status and cancer outcomes and of intervention trials of antioxidants among patients receiving chemotherapy with or without radiation for various malignancies.  </p>\n<p><strong>Authors' conclusions</strong></p>\n<p>The studies included in this review varied in study design, timing of observation/intervention, intervention protocol, malignancy, and anticancer regimen. These inconsistencies preclude a definitive conclusion as to the effect of chemotherapy on antioxidant status in patients undergoing anticancer therapy. However, our review suggests that total antioxidant status (measured by total radical antioxidant parameter) declines during cancer treatment. Adequately powered trials or observational studies among patients with a specific cancer diagnosis receiving a specific treatment regimen are needed to address patients' and physicians' concerns regarding these associations.</p>\n<p><strong>Access</strong></p>\n<p>NHS staff: for full text access to this resource contact your <a href=\"http://www.library.nhs.uk/mylibrary/default.aspx\">local NHS library</a>. <br /></p>\n<p> </p>",
  "resourceType": "CARDEX"
}