{
  "name": "Complementary and Alternative Medicine",
  "title": "Treatment of hypertriglyceridemia with omega-3 fatty acids: a systematic review",
  "rootDirectory": "/cam",
  "topics": "COMPLEMENTARY AND ALTERNATIVE MEDICINE,CONDITIONS F-H,CONDITIONS A-Z,DIETARY AND NUTRITIONAL THERAPIES,HYPERLIPIDAEMIA,JANUARY 2008,NUTRITIONAL SUPPLEMENTS,LIPIDS,DATE ADDED,OMEGA-3 FATTY ACIDS",
  "publicationDate": "2004-09-01T00:00:00",
  "url": "http://www.ncbi.nlm.nih.gov/pubmed/15495692?ordinalpos=4&itool=EntrezSystem2.PEntrez.Pubmed.Pubmed_ResultsPanel.Pubmed_RVDocSum",
  "id": "277865",
  "publicationType": "Systematic Review",
  "publisher": "American Academy of Nurse Practitioners",
  "description": "<p><em>This review has been evaluated by a CRD reviewer as potentially meeting the <a href=\"http://www.york.ac.uk/inst/crd/faq4.htm\">CRD quality criteria</a> and a structured abstract is in the process of being written. This <a href=\"http://www.crd.york.ac.uk/CRDWeb/ShowRecord.asp?View=Full&amp;ID=12004005398\">provisional record</a> is for information, please note that the review has not been appraised yet. </em></p>\n<p><strong>Citation</strong></p>\n<p>Lewis A, Lookinland S, Beckstrand RL, Tiedeman ME. Treatment of hypertriglyceridemia with omega-3 fatty acids: a systematic review. Journal of the American Academy of Nurse Practitioners. 2004, 16(9):384-395. </p>\n<p><strong>Authors' objectives</strong></p>\n<p>To critically appraise available randomized controlled trials (RCTs) addressing the efficacy of long-chain omega-3 fatty acids as secondary agents for prevention of hypertriglyceridemia and to make recommendations for clinical practice.  </p>\n<p><strong>Authors' conclusions</strong></p>\n<p>Ten studies reported long-chain omega-3 fatty acids to be effective in the treatment of hypertriglyceridemia. The average decrease in triglycerides was 29%, total cholesterol 11.6%, very low density lipoprotein (VLDL) 30.2%, and low-density lipoprotein (LDL) 32.5%. One study found LDLs to increase by 25%. The average increase in high-density lipoprotein was 10%. The overall average MQI score was 36% (range = 26% to 54%). Many of the RCTs had serious shortcomings, including short duration, lack of a power analysis, no intention-to-treat analysis, no report of blind assessment of outcome, and lack of dietary control as a confounding variable. </p>\n<p>IMPLICATIONS FOR PRACTICE: Overall study methodology was weak. Although the evidence supporting use of long-chain omega-3 fatty acids in the secondary prevention of hypertriglyceridemia is reasonably strong, until there are larger RCTs of better methodological quality, it is not recommended that practitioners treat hypertriglyceridemia with omega-3 fatty acid supplementation in lieu of lipid-lowering medications.</p>\n<p><strong>Access</strong></p>\n<p>NHS staff: for full text access to this resource contact your <a href=\"http://www.library.nhs.uk/mylibrary/default.aspx\">local NHS library</a>. <br /></p>\n<p> </p>",
  "resourceType": "CARDEX"
}