{
  "name": "Complementary and Alternative Medicine",
  "title": "Structured weight-loss programs: meta-analysis of weight loss at 24 weeks and assessment of effects of intervention intensity",
  "rootDirectory": "/cam",
  "topics": "COMPLEMENTARY AND ALTERNATIVE MEDICINE,CONDITIONS M-O,OBESITY,CONDITIONS A-Z,DIETARY AND NUTRITIONAL THERAPIES,JANUARY 2008,2008-JULY,MONTHLY ADDITIONS,IMPACT ASSESSMENT,METHODS,ANALYSIS & RESEARCH,NUTRITION,DETERMINANTS,FOOD & NUTRITION,BIOLOGICAL COMPOSITION,OBESITY,PUBLIC HEALTH,SPECIAL DIETS,DATE ADDED",
  "publicationDate": "2004-03-01T00:00:00",
  "url": "http://www.ncbi.nlm.nih.gov/pubmed/15310080?ordinalpos=1&itool=EntrezSystem2.PEntrez.Pubmed.Pubmed_ResultsPanel.Pubmed_RVDocSum",
  "id": "277858",
  "publicationType": "Systematic Review",
  "publisher": "Health Communications Inc.",
  "description": "<p><em>This review has been evaluated by a CRD reviewer as potentially meeting the <a href=\"http://www.york.ac.uk/inst/crd/faq4.htm\">CRD quality criteria</a> and a structured abstract is in the process of being written. This <a href=\"http://www.crd.york.ac.uk/CRDWeb/ShowRecord.asp?View=Full&amp;ID=12004001455\">provisional record</a> is for information, please note that the review has not been appraised yet. </em></p>\n<p><strong>Citation</strong></p>\n<p>Anderson JW, Luan JY, Hoie LH. Structured weight-loss programs: meta-analysis of weight loss at 24 weeks and assessment of effects of intervention intensity. Advances in Therapy. 2004, 21(2):61-75. </p>\n<p><strong>Authors' objectives</strong></p>\n<p>To compare weight loss in obese individuals after 24 weeks with different nutrition interventions and to assess the impact of intervention intensity.  </p>\n<p><strong>Authors' conclusions</strong></p>\n<p>These nutrition interventions were identified and analyzable: meal replacements (MRs); energy-restricted (&gt;1500 kcal/d) diets (ERDs); low-energy (800-1500 kcal/d) diets (LEDs); soy very low energy (&lt;800 kcal/d) diets (VLEDs) referred to as SOYs; and VLEDs. Intensity was assessed using the following parameters: physician visits, clinic visits, and hours of class over 24 weeks; an intensity score represents an adjusted sum of the values. </p>\n<p>Weight losses at 24 weeks as percentage of baseline weights (95%, confidence intervals) were as follows: MRs, 9.1% (5.7-12.5); ERDs, 8.5% (4.9-12.1); LEDs, 11.4% (8.9-13.1); SOYs, 16.5% (13.9-19.1); and VLEDs, 21.3% (20.1-22.5). </p>\n<p>Weight loss with SOYs was significantly greater than with MRs and ERDs; weight loss with VLEDs was significantly greater than with any other diet. Energy intake was the most significant (P&lt;.0001) regression variable related to weight loss; however, the intensity of intervention (P=.0003) was significantly stronger than initial body weight or duration of treatment. Medically supervised VLEDs are the most effective intervention for facilitating substantial weight loss over 24 weeks. SOY may promote more rapid weight loss over the first 8 weeks than other interventions. MRs appear to be equally effective with ERDs and LEDs with lower levels of intervention intensity.</p>\n<p><strong>Access</strong></p>\n<p>NHS staff: for full text access to this resource contact your <a href=\"http://www.library.nhs.uk/mylibrary/default.aspx\">local NHS library</a>. <br /></p>\n<p> </p>",
  "resourceType": "CARDEX"
}