{
  "name": "Complementary and Alternative Medicine",
  "title": "Health effects of omega-3 fatty acids on asthma",
  "rootDirectory": "/cam",
  "topics": "COMPLEMENTARY AND ALTERNATIVE MEDICINE,CONDITIONS A-B,CONDITIONS A-Z,ASTHMA,DIETARY AND NUTRITIONAL THERAPIES,JANUARY 2008,NUTRITIONAL SUPPLEMENTS,LIPIDS,DATE ADDED,OMEGA-3 FATTY ACIDS",
  "publicationDate": "2004-03-01T00:00:00",
  "url": "http://www.ncbi.nlm.nih.gov/books/bv.fcgi?highlight=&rid=hstat1a.chapter.18456",
  "id": "277874",
  "publicationType": "Systematic Review",
  "publisher": "Agency for Healthcare Research and Quality",
  "description": "<p><em>This review has been evaluated by a CRD reviewer as potentially meeting the <a href=\"http://www.york.ac.uk/inst/crd/faq4.htm\">CRD quality criteria</a> and a structured abstract is in the process of being written. This <a href=\"http://www.crd.york.ac.uk/CRDWeb/ShowRecord.asp?View=Full&amp;ID=12004008395\">provisional record</a> is for information, please note that the review has not been appraised yet. </em></p>\n<p><strong>Citation</strong></p>\n<p>Schachter H, Reisman J, Tran K, Dales B, Kourad K, Barnes D, Sampson M, Morrison A, Gaboury I, and Blackman J. Health Effects of Omega-3 Fatty Acids on Asthma. Evidence Report/Technology Assessment No. 91 (Prepared by University of Ottawa Evidence-based Practice Center under Contract No. 290-02-0021). AHRQ Publication No. 04-E013-2. Rockville, MD: Agency for Healthcare Research and Quality, March 2004. [<a href=\"http://www.ahrq.gov/downloads/pub/evidence/pdf/o3asthma/o3asthma.pdf\">Full text pdf format</a>]</p>\n<p><strong>Authors' objectives</strong></p>\n<p>The purpose of this study was to conduct a systematic review of the scientific-medical literature to identify, appraise, and synthesize the evidence for the health effects of omega-3 fatty acids in asthma. Questions addressed the: efficacy of omega-3 fatty acids to improve respiratory outcomes; impact of covariates (e.g., omega-3 fatty acid source, type, and dose) on efficacy; influence of omega-3 fatty acids on mediators of inflammation thought to be related to the pathogenesis of asthma; value of omega-3 fatty acids as primary prevention as well as secondary prevention; and, safety profile in asthma populations, or subpopulations, and those at risk. The results may be used to inform a research agenda as well as to assist clinicians in advising patients who may wish to take this supplementation to treat or prevent asthma. </p>\n<p><strong>Authors' conclusions</strong></p>\n<p>Aside from an acceptable safety profile, it is impossible to definitively conclude anything with respect to the value of using omega-3 fatty acid supplementation in asthma for adults or children either in or beyond North America. The lack of sufficiently consistent evidence, as well as a paucity of evidence from well-designed, well-conducted and adequately powered studies suggests that no definitive conclusion can yet be drawn regarding the efficacy of omega-3 fatty acid supplementation as a treatment. The influence on efficacy of key intervention, population or cointervention factors (e.g., sources, types or doses of omega-3 fatty acid content) cannot yet be determined. The picture of the impact of the exposure on mediators of inflammation thought to be related to the pathogenesis of asthma is largely unclear. There are too few studies from which to conclude anything definitive with respect to primary prevention. Some data suggest that dietary fish consumption, including oily fish, may serve a protective role for children, yet this association was neither observed for adolescent (positive association) or adult populations (no association). Final follow-up data when children reach five years of age in a large randomized controlled trial should provide a clearer picture of the value of omega-3 fatty acids as early primary prevention. No safety profile relating to omega-3 fatty acid intake was reported for primary prevention studies, and little probability of harm beyond occasional mild discomfort was observed in treatment studies. The questions of secondary prevention and of safety related to omega-3 fatty acid use in subpopulations of asthmatics could not be addressed due to a lack of studies. Overall, the present collection of evidence likely does not constitute the best test of the overarching hypothesis that omega-3 fatty acid supplementation alone can foster asthma-related benefits. Future research investigating North American samples is likely needed to establish or refute the value of omega-3 fatty acids to treat or prevent asthma in North American adults and children. <br /></p>\n<p> </p>",
  "resourceType": "CARDEX"
}