{
  "name": "Complementary and Alternative Medicine",
  "title": "Immunology and homeopathy. 4. Clinical studies: part 1",
  "rootDirectory": "/cam",
  "topics": "HOMEOPATHY,COMPLEMENTARY AND ALTERNATIVE MEDICINE,CONDITIONS A-Z,CONDITIONS A-B,ALLERGIES,DATE ADDED,JANUARY 2008",
  "publicationDate": "2006-09-01T00:00:00",
  "url": "http://ecam.oxfordjournals.org/cgi/content/full/3/3/293",
  "id": "277984",
  "publicationType": "Systematic Review",
  "publisher": "Oxford University Press",
  "description": "<p><em>This review has been evaluated by a CRD reviewer as potentially meeting the <a href=\"http://www.york.ac.uk/inst/crd/faq4.htm\">CRD quality criteria</a> and a structured abstract is in the process of being written. This <a href=\"http://www.crd.york.ac.uk/CRDWeb/ShowRecord.asp?View=Full&amp;ID=12006007011\">provisional record</a> is for information, please note that the review has not been appraised yet. </em></p>\n<p><strong>Citation</strong></p>\n<p>Bellavite P, Ortolani R, Pontarollo F, Piasere V, Benato G, Conforti A. Immunology and homeopathy. 4. Clinical studies: part 1. Evidence-Based Complementary and Alternative Medicine. 2006;3(3):293-301. </p>\n<p><strong>Authors' objectives</strong></p>\n<p>To review the evidence-based research of the effectiveness of homeopathic medicines in common immunologic disorders. </p>\n<p><strong>Authors' conclusions (in </strong><strong>part 2, see citation below):</strong></p>\n<p>The evidence demonstrates that in some conditions homeopathy shows significant promise, e.g. Galphimia glauca (low dilutions/potencies) in allergic oculorhinitis, classical individualized homeopathy in otitis and possibly in asthma and allergic complaints, and a few low-potency homeopathic complexes in sinusitis and rhinoconjunctivitis. A general weakness of evidence derives from lack of independent confirmation of reported trials and from presence of conflicting results, as in case of homeopathic immunotherapy and of classical homeopathy for URTI. The suitable methods to evaluate homeopathy effectiveness, without altering the setting of cure, are also analyzed.</p>\n<p>Bellavite P, Ortolani R, Pontarollo F, Piasere V, Benato G, Conforti A. Immunology and homeopathy. 4. Clinical studies-part 2. Evidence-based Complementary and Alternative Medicine: eCAM. 2006, 3(4):397-409. [<a href=\"http://www.pubmedcentral.nih.gov/articlerender.fcgi?tool=pubmed&amp;pubmedid=17173103\">Full text</a>]</p>\n<p> </p>",
  "resourceType": "CARDEX"
}