{
  "name": "Complementary and Alternative Medicine",
  "title": "Yoga for anxiety: a systematic review of the research evidence",
  "rootDirectory": "/cam",
  "topics": "COMPLEMENTARY AND ALTERNATIVE MEDICINE,ANXIETY DISORDERS,YOGA,CONDITIONS A-Z,CONDITIONS A-B,ANXIETY,DATE ADDED,JANUARY 2008",
  "publicationDate": "2005-12-01T00:00:00",
  "url": "http://www.ncbi.nlm.nih.gov/pubmed/16306493?ordinalpos=2&itool=EntrezSystem2.PEntrez.Pubmed.Pubmed_ResultsPanel.Pubmed_RVDocSum",
  "id": "278024",
  "publicationType": "Systematic Review",
  "publisher": "BMJ Publishing Group",
  "description": "<p><em>This review has been evaluated by a CRD reviewer as potentially meeting the <a href=\"http://www.york.ac.uk/inst/crd/faq4.htm\">CRD quality criteria</a> and a structured abstract is in the process of being written. This <a href=\"http://www.crd.york.ac.uk/CRDWeb/ShowRecord.asp?View=Full&amp;ID=12005002469\">provisional record</a> is for information, please note that the review has not been appraised yet. </em></p>\n<p><strong>Citation</strong></p>\n<p>Kirkwood G, Rampes H, Tuffrey V, Richardson J, Pilkington K. Yoga for anxiety: a systematic review of the research evidence. British Journal of Sports Medicine. 2005, 39(12):884-891. </p>\n<p><strong>Authors' objectives</strong></p>\n<p>To carry out a systematic review of the research evidence on the effectiveness of yoga for the treatment of anxiety and anxiety disorders.  </p>\n<p><strong>Authors' conclusions</strong></p>\n<p>Owing to the diversity of conditions treated and poor quality of most of the studies, it is not possible to say that yoga is effective in treating anxiety or anxiety disorders in general. However, there are encouraging results, particularly with obsessive compulsive disorder. Further well conducted research is necessary which may be most productive if focused on specific anxiety disorders.</p>\n<p><strong>Access</strong></p>\n<p><a href=\"http://bjsm.bmj.com/cgi/content/full/39/12/884\">Free full text</a> is available upon registration.</p>\n<p> </p>",
  "resourceType": "CARDEX"
}