{
  "name": "Complementary and Alternative Medicine",
  "title": "A systematic review of the effectiveness of physical therapy interventions for temporomandibular disorders",
  "rootDirectory": "/cam",
  "topics": "ACUPUNCTURE,COMPLEMENTARY AND ALTERNATIVE MEDICINE,CONDITIONS A-Z,CONDITIONS T-Z,TEMPOROMANDIBULAR JOINT DISORDERS,DATE ADDED,JANUARY 2008,2008",
  "publicationDate": "2006-05-01T00:00:00",
  "url": "http://www.ptjournal.org/cgi/content/full/86/5/710",
  "id": "278012",
  "publicationType": "Systematic Review",
  "publisher": "American Physical Therapy Association",
  "description": "<p><em>This review has been evaluated by a CRD reviewer as potentially meeting the <a href=\"http://www.york.ac.uk/inst/crd/darefaq.htm\">CRD quality criteria</a> and a structured abstract is in the process of being written. This <a href=\"http://www.crd.york.ac.uk/CRDWeb/ShowRecord.asp?View=Full&amp;ID=12006002132\">provisional record</a> is for information, please note that the review has not been appraised yet. </em></p>\n<p><strong>Citation</strong></p>\n<p>McNeely ML, Olivo SA, Magee DJ. A systematic review of the effectiveness of physical therapy interventions for temporomandibular disorders. Physical Therapy. 2006, 86(5):710-725.    </p>\n<p><strong>Authors' objectives</strong></p>\n<p>The purpose of this qualitative systematic review was to assess the evidence concerning the effectiveness of physical therapy interventions in the management of temporomandibular disorders.  </p>\n<p><strong>Authors' conclusions</strong></p>\n<p>Most of the studies included in this review were of very poor methodological quality; therefore, the findings should be interpreted with caution.</p>\n<p> </p>",
  "resourceType": "CARDEX"
}