{
  "name": "Complementary and Alternative Medicine",
  "title": "Use of alternative and complementary medicine in menopause",
  "rootDirectory": "/cam",
  "topics": "COMPLEMENTARY AND ALTERNATIVE MEDICINE,TRADITIONAL CHINESE MEDICINE (TCM),CONDITIONS F-H,CONDITIONS M-O,CONDITIONS A-Z,HERBAL MEDICINE,OTHER THERAPIES OR MEDICAL SYSTEMS,HOT FLUSHES,MENOPAUSAL SYMPTOMS,BLACK COHOSH (CIMICIFUGA RACEMOSA),SOY (GLYCINE MAX),HERBS R-Z,HERBS A-C,JANUARY 2008,DATE ADDED",
  "publicationDate": "2002-12-01T00:00:00",
  "url": "http://www.ncbi.nlm.nih.gov/pubmed/12445983?ordinalpos=39&itool=EntrezSystem2.PEntrez.Pubmed.Pubmed_ResultsPanel.Pubmed_RVDocSum",
  "id": "278018",
  "publicationType": "Systematic Review",
  "publisher": "Elsevier",
  "description": "<p><em>This review has been evaluated by a CRD reviewer as potentially meeting the <a href=\"http://www.york.ac.uk/inst/crd/faq4.htm\">CRD quality criteria</a> and a structured abstract is in the process of being written. This <a href=\"http://www.crd.york.ac.uk/CRDWeb/ShowRecord.asp?View=Full&amp;ID=12003000135\">provisional record</a> is for information, please note that the review has not been appraised yet. </em></p>\n<p><strong>Citation</strong></p>\n<p>Kang HJ, Ansbacher R, Hammoud  M. Use of alternative and complementary medicine in menopause. International Journal of Gynecology and Obstetrics. 2002, 79(3):195-207.</p>\n<p><strong>Authors' objectives</strong></p>\n<p>To review the clinical evidence available for the treatment of menopausal symptoms with alternative and complementary medicine.  </p>\n<p><strong>Authors' conclusions</strong></p>\n<p> Alternative and complementary medicine may play a role in the management of menopause, however, well-designed large studies are still needed.</p>\n<p><strong>Access</strong></p>\n<p>NHS staff: for full text access to this resource contact your <a href=\"http://www.library.nhs.uk/mylibrary/default.aspx\">local NHS library</a>. <br /></p>\n<p> </p>",
  "resourceType": "CARDEX"
}