{
  "name": "Complementary and Alternative Medicine",
  "title": "Does oral supplementation with vitamins A or E promote healing of chronic wounds?",
  "rootDirectory": "/cam",
  "topics": "COMPLEMENTARY AND ALTERNATIVE MEDICINE,CONDITIONS A-Z,DIETARY AND NUTRITIONAL THERAPIES,SKIN DISEASES,CONDITIONS S,DATE ADDED,VITAMIN E,VITAMIN A,VITAMINS,NUTRITIONAL SUPPLEMENTS,FEBRUARY 2008",
  "publicationDate": "2003-11-01T00:00:00",
  "url": "http://www.crd.york.ac.uk/CRDWeb/ShowRecord.asp?View=Full&ID=12004003116",
  "id": "278380",
  "publicationType": "Systematic Review",
  "publisher": "Lippincott Williams & Wilkins",
  "description": "<p><em>This review has been evaluated by a CRD reviewer as potentially meeting the <a href=\"http://www.york.ac.uk/inst/crd/faq4.htm\">CRD quality criteria</a> and a structured abstract is in the process of being written. This provisional record is for information, please note that the review has not been appraised yet. </em></p>\n<p><strong>Citation</strong></p>\n<p>Gray M. Does oral supplementation with vitamins A or E promote healing of chronic wounds? Journal of Wound, Ostomy, and Continence Nursing. 2003, 30(6):290-294. </p>\n<p><strong>Access</strong></p>\n<p>NHS staff: for full text access to this resource contact your <a href=\"http://www.library.nhs.uk/mylibrary/default.aspx\">local NHS library</a>. <br /></p>\n<p> </p>",
  "resourceType": "CARDEX"
}