{
  "name": "Complementary and Alternative Medicine",
  "title": "Routine vitamin supplementation to prevent cardiovascular disease: a summary of the evidence for the U.S. Preventive Services Task Force",
  "rootDirectory": "/cam",
  "topics": "COMPLEMENTARY AND ALTERNATIVE MEDICINE,CARDIOVASCULAR DISEASES,DIETARY AND NUTRITIONAL THERAPIES,CONDITIONS A-Z,CONDITIONS C,FEBRUARY 2008,NUTRITIONAL SUPPLEMENTS,VITAMINS,FOLIC ACID,VITAMIN A,BETA-CAROTENE,VITAMIN E,VITAMIN C,DATE ADDED",
  "publicationDate": "2003-06-01T00:00:00",
  "url": "http://www.ahrq.gov/clinic/3rduspstf/vitamins/vitcvdsum.htm",
  "id": "278382",
  "publicationType": "Systematic Review",
  "publisher": "Agency for Healthcare Research and Quality",
  "description": "<p><em>This review has been evaluated by a CRD reviewer as potentially meeting the <a href=\"http://www.york.ac.uk/inst/crd/faq4.htm\">CRD quality criteria</a> and a structured abstract is in the process of being written. This <a href=\"http://www.crd.york.ac.uk/CRDWeb/ShowRecord.asp?View=Full&amp;ID=12004008646\">provisional record</a> is for information, please note that the review has not been appraised yet. </em></p>\n<p><strong>Citation</strong></p>\n<p>Morris CD, Carson S. Routine vitamin supplementation to prevent cardiovascular disease: a summary of the evidence for the U.S. Preventive Services Task Force. 2003:27. Rockville, MD, USA: Agency for Healthcare Research and Quality. </p>\n<p><strong>Authors' objectives</strong></p>\n<p>To assess the evidence of the effectiveness of vitamin supplementation, specifically vitamins A, C, and E; beta-carotene; folic acid; antioxidant combinations; and multivitamin supplements, in preventing cardiovascular disease.</p>\n<p><strong>Authors' conclusions</strong></p>\n<p>Some good-quality cohort studies have reported an association between the use of vitamin supplements and lower risk for cardiovascular disease. Randomized, controlled trials of specific supplements, however, have failed to demonstrate a consistent or significant effect of any single vitamin or combination of vitamins on incidence of or death from cardiovascular disease. Understanding the sources of these differences will permit researchers to better analyze the cohort study data and to better design long-term clinical trials.</p>\n<p> </p>",
  "resourceType": "CARDEX"
}