{
  "name": "Complementary and Alternative Medicine",
  "title": "Does dietary calcium have a protective effect on bone fractures in women? A meta-analysis of observational studies",
  "rootDirectory": "/cam",
  "topics": "COMPLEMENTARY AND ALTERNATIVE MEDICINE,WOUNDS AND INJURIES,DIETARY AND NUTRITIONAL THERAPIES,CONDITIONS A-Z,CONDITIONS F-H,CONDITIONS T-Z,FRACTURES,FEBRUARY 2008,FOOD AND BEVERAGES,DATE ADDED",
  "publicationDate": "2004-04-01T00:00:00",
  "url": "http://www.ncbi.nlm.nih.gov/pubmed/15035690?ordinalpos=7&itool=EntrezSystem2.PEntrez.Pubmed.Pubmed_ResultsPanel.Pubmed_RVDocSum",
  "id": "278372",
  "publicationType": "Systematic Review",
  "publisher": "Cambridge University Press",
  "description": "<p><em>This review has been evaluated by a CRD reviewer as potentially meeting the <a href=\"http://www.york.ac.uk/inst/crd/faq4.htm\">CRD quality criteria</a> and a structured abstract is in the process of being written. This <a href=\"http://www.crd.york.ac.uk/CRDWeb/ShowRecord.asp?View=Full&amp;ID=12004003548\">provisional record</a> is for information, please note that the review has not been appraised yet. </em></p>\n<p><strong>Citation</strong></p>\n<p>Xu L, McElduff P, D'Este C, Attia J. Does dietary calcium have a protective effect on bone fractures in women? A meta-analysis of observational studies. British Journal of Nutrition. 2004, 91(4):625-634. Links   .</p>\n<p><strong>Authors' objectives</strong></p>\n<p>This study aims to review the effect of dietary Ca on bone fractures at the hip, spine and radius in women &gt;35 years old, and to compare these results with previous meta-analyses. </p>\n<p><strong>Authors' conclusions</strong></p>\n<p>Observational studies failed to show any association between dietary Ca intake and risk of hip fracture (risk ratio 1.01, 95 % CI 0.96, 1.07 for each increment of 300 mg dietary Ca intake/d). There is a suggestion that either extremely low Ca intake may increase fracture risk, or that East Asian women may respond differently to increasing Ca intake.</p>\n<p> </p>",
  "resourceType": "CARDEX"
}