{
  "name": "Complementary and Alternative Medicine",
  "title": "Effect of vitamin A supplementation on childhood morbidity and mortality: critical review of Indian studies",
  "rootDirectory": "/cam",
  "topics": "COMPLEMENTARY AND ALTERNATIVE MEDICINE,DIETARY AND NUTRITIONAL THERAPIES,FEBRUARY 2008,DATE ADDED,VITAMIN A,VITAMINS,NUTRITIONAL SUPPLEMENTS",
  "publicationDate": "2002-12-01T00:00:00",
  "url": "http://www.indianpediatrics.net/dec2002/dec-1099-1118.htm",
  "id": "278732",
  "publicationType": "Systematic Review",
  "publisher": "Indian Pediatrics",
  "description": "<p><em>This review has been evaluated by a CRD reviewer as potentially meeting the <a href=\"http://www.york.ac.uk/inst/crd/faq4.htm\">CRD quality criteria</a> and a structured abstract is in the process of being written. This <a href=\"http://www.crd.york.ac.uk/CRDWeb/ShowRecord.asp?View=Full&amp;ID=12003003280\">provisional record</a> is for information, please note that the review has not been appraised yet. </em></p>\n<p><strong>Citation</strong></p>\n<p>Gupta P, Indrayan A. Effect of vitamin A supplementation on childhood morbidity and mortality: critical review of Indian studies. Indian Pediatrics. 2002, 39(12):1099-1118. </p>\n<p><strong>Authors' objectives</strong></p>\n<p>To review all published randomized trials concerned with linkage of vitamin A supplementation with reduction of mortality and morbidity in Indian children. </p>\n<p><strong>Authors' conclusions</strong></p>\n<p>There is no definite evidence as yet in favor or against substantial benefit of universal vitamin A supplementation to children in India. There is a clear need to undertake a comprehensive trial with adequate sample size and a standardized methodology that could give clear, unbiased, and convincing evidence on the role of routine vitamin A supplementation. <br /></p>",
  "resourceType": "CARDEX"
}