{
  "name": "Complementary and Alternative Medicine",
  "title": "Meta-analyses of therapies for postmenopausal osteoporosis. VII. Meta-analysis of calcium supplementation for the prevention of postmenopausal osteoporosis",
  "rootDirectory": "/cam",
  "topics": "COMPLEMENTARY AND ALTERNATIVE MEDICINE,DIETARY AND NUTRITIONAL THERAPIES,CONDITIONS A-Z,CONDITIONS M-O,OSTEOPOROSIS,NUTRITIONAL SUPPLEMENTS,MINERALS,CALCIUM,DATE ADDED,FEBRUARY 2008",
  "publicationDate": "2002-08-01T00:00:00",
  "url": "http://edrv.endojournals.org/cgi/content/full/23/4/552",
  "id": "278742",
  "publicationType": "Systematic Review",
  "publisher": "Endocrine Society",
  "description": "<p><em>This review has been evaluated by a CRD reviewer as potentially meeting the <a href=\"http://www.york.ac.uk/inst/crd/faq4.htm\">CRD quality criteria</a> and a structured abstract is in the process of being written. This <a href=\"http://www.crd.york.ac.uk/CRDWeb/ShowRecord.asp?View=Full&amp;ID=12003003269\">provisional record</a> is for information, please note that the review has not been appraised yet. </em></p>\n<p><strong>Citation</strong></p>\n<p>Shea B, Wells G, Cranney A, Zytaruk N, Robinson V, Griffith L, Ortiz Z, Peterson J, Adachi J, Tugwell P, Guyatt G; Osteoporosis Methodology Group and The Osteoporosis Research Advisory Group. Meta-analyses of therapies for postmenopausal osteoporosis. VII. Meta-analysis of calcium supplementation for the prevention of postmenopausal osteoporosis. Endocrine Reviews. 2002, 23(4):552-9. </p>\n<p><strong>Authors' objectives</strong></p>\n<p>To summarize controlled trials examining the effect of calcium on bone density and fractures in postmenopausal women.  </p>\n<p><strong>Authors' conclusions</strong></p>\n<p>Calcium supplementation alone has a small positive effect on bone density. The data show a trend toward reduction in vertebral fractures, but do not meaningfully address the possible effect of calcium on reducing the incidence of nonvertebral fractures.</p>",
  "resourceType": "CARDEX"
}