{
  "name": "Complementary and Alternative Medicine",
  "title": "Mortality in randomized trials of antioxidant supplements for primary and secondary prevention: systematic review and meta-analysis",
  "rootDirectory": "/cam",
  "topics": "COMPLEMENTARY AND ALTERNATIVE MEDICINE,CAM GENERAL,DIETARY AND NUTRITIONAL THERAPIES,FEBRUARY 2008,DATE ADDED,SAFETY,SELENIUM,VITAMIN C,VITAMIN E,VITAMIN A,BETA-CAROTENE,VITAMINS,MINERALS,NUTRITIONAL SUPPLEMENTS",
  "publicationDate": "2007-02-28T00:00:00",
  "url": "http://jama.ama-assn.org/cgi/content/full/297/8/842",
  "id": "278784",
  "publicationType": "Systematic Review",
  "publisher": "American Medical Association",
  "description": "<p><em>This <em>study has met our selection criteria <em>but has not been fully appraised by the CAM SL</em>. Where there is an appraisal available we have linked to it. If there is no appraisal and you wish to appraise this systematic review here is a </em><a href=\"http://www.phru.nhs.uk/Pages/PHD/resources.htm\"><em>link to a list of appraisal tools</em></a><em>.</em></em></p><br /><p><strong>Citation</strong></p>\n<p>Bjelakovic G, Nikolova D, Gluud LL, Simonetti RG, Gluud C. Mortality in randomized trials of antioxidant supplements for primary and secondary prevention: systematic review and meta-analysis. JAMA. 2007, 297(8):842-57. </p>\n<p><strong>Authors' objectives</strong></p>\n<p>To assess the effect of antioxidant supplements on mortality in randomized primary and secondary prevention trials.  </p>\n<p><strong>Authors' conclusions</strong></p>\n<p>Treatment with beta carotene, vitamin A, and vitamin E may increase mortality. The potential roles of vitamin C and selenium on mortality need further study.</p>\n<p> </p>",
  "resourceType": "CARDEX"
}