{
  "name": "Complementary and Alternative Medicine",
  "title": "Antioxidants vitamin C and vitamin E for the prevention and treatment of cancer",
  "rootDirectory": "/cam",
  "topics": "COMPLEMENTARY AND ALTERNATIVE MEDICINE,CONDITIONS C,CANCER,CONDITIONS A-Z,DIETARY AND NUTRITIONAL THERAPIES,FEBRUARY 2008,NUTRITIONAL SUPPLEMENTS,DATE ADDED,VITAMIN E,VITAMIN C,VITAMINS",
  "publicationDate": "2006-07-01T00:00:00",
  "url": "http://www.pubmedcentral.nih.gov/articlerender.fcgi?tool=pubmed&pubmedid=16808775",
  "id": "278999",
  "publicationType": "Systematic Review",
  "publisher": "Springer-Verlag",
  "description": "<p><em>This review has been evaluated by a CRD reviewer as potentially meeting the <a href=\"http://www.york.ac.uk/inst/crd/faq4.htm\">CRD quality criteria</a> and a structured abstract is in the process of being written. This <a href=\"http://www.crd.york.ac.uk/CRDWeb/ShowRecord.asp?View=Full&amp;ID=12006002655\">provisional record</a> is for information, please note that the review has not been appraised yet. </em></p>\n<p><strong>Citation</strong></p>\n<p>Coulter ID, Hardy ML, Morton SC, Hilton LG, Tu W, Valentine D, Shekelle PG. Antioxidants vitamin C and vitamin E for the prevention and treatment of cancer. Journal of General Internal Medicine. 2006, 21(7):735-44.</p>\n<p><strong>Authors' objectives</strong></p>\n<p>To evaluate the evidence of the supplements vitamin C and vitamin E for treatment and prevention of cancer. </p>\n<p><strong>Authors' conclusions</strong></p>\n<p>The systematic review of the literature does not support the hypothesis that the use of supplements of vitamin C or vitamin E in the doses tested helps prevent and/or treat cancer in the populations tested. There were isolated findings of benefit, which require confirmation.</p>",
  "resourceType": "CARDEX"
}