{
  "name": "Complementary and Alternative Medicine",
  "title": "Meta-analysis: antioxidant supplements for primary and secondary prevention of colorectal adenoma",
  "rootDirectory": "/cam",
  "topics": "COMPLEMENTARY AND ALTERNATIVE MEDICINE,DIETARY AND NUTRITIONAL THERAPIES,CONDITIONS A-Z,CANCER,CONDITIONS C,COLORECTAL CANCER,VITAMINS,VITAMIN A,VITAMIN C,VITAMIN E,SELENIUM,BETA-CAROTENE,DATE ADDED,NUTRITIONAL SUPPLEMENTS,MINERALS,FEBRUARY 2008",
  "publicationDate": "2006-07-15T00:00:00",
  "url": "http://www.ncbi.nlm.nih.gov/pubmed/16842454?ordinalpos=6&itool=EntrezSystem2.PEntrez.Pubmed.Pubmed_ResultsPanel.Pubmed_RVDocSum",
  "id": "278993",
  "publicationType": "Systematic Review",
  "publisher": "Blackwell",
  "description": "<p><em>This review has been evaluated by a CRD reviewer as potentially meeting the <a href=\"http://www.york.ac.uk/inst/crd/faq4.htm\">CRD quality criteria</a> and a structured abstract is in the process of being written. This <a href=\"http://www.crd.york.ac.uk/CRDWeb/ShowRecord.asp?View=Full&amp;ID=12006002657\">provisional record</a> is for information, please note that the review has not been appraised yet. </em></p>\n<p><strong>Citation</strong></p>\n<p>Bjelakovic G, Nagorni A, Nikolova D, Simonetti RG, Bjelakovic M, Gluud C. Meta-analysis: antioxidant supplements for primary and secondary prevention of colorectal adenoma. Alimentary Pharmacology and Therapeutics. 2006, 24(2):281-91.</p>\n<p><strong>Authors' objectives</strong></p>\n<p>To assess the benefits and harms of antioxidant supplements in preventing colorectal adenoma.  </p>\n<p><strong>Authors' conclusions</strong></p>\n<p>We found no convincing evidence that antioxidant supplements have significant beneficial effect on primary or secondary prevention of colorectal adenoma.</p>\n<p><strong>Access</strong></p>\n<p>NHS staff: for full text access to this resource contact your <a href=\"http://www.library.nhs.uk/mylibrary/default.aspx\">local NHS library</a>. <br /></p>\n<p> </p>",
  "resourceType": "CARDEX"
}