{
  "name": "Complementary and Alternative Medicine",
  "title": "Methodological quality and outcomes of studies addressing manual cervical spine examinations: a review",
  "rootDirectory": "/cam",
  "topics": "COMPLEMENTARY AND ALTERNATIVE MEDICINE,CHIROPRACTIC,DATE ADDED,FEBRUARY 2008",
  "publicationDate": "2006-05-01T00:00:00",
  "url": "http://www.ncbi.nlm.nih.gov/pubmed/16483829?ordinalpos=25&itool=EntrezSystem2.PEntrez.Pubmed.Pubmed_ResultsPanel.Pubmed_RVDocSum",
  "id": "279060",
  "publicationType": "Systematic Review",
  "publisher": "Elsevier",
  "description": "<p><em>This review has been evaluated by a CRD reviewer as potentially meeting the <a href=\"http://www.york.ac.uk/inst/crd/faq4.htm\">CRD quality criteria</a> and a structured abstract is in the process of being written. This<a href=\"http://www.crd.york.ac.uk/CRDWeb/ShowRecord.asp?View=Full&amp;ID=12006002381\"> provisional record</a> is for information, please note that the review has not been appraised yet. </em></p>\n<p><strong>Citation</strong></p>\n<p>Hollerwöger D. Methodological quality and outcomes of studies addressing manual cervical spine examinations: a review. Manual Therapy. 2006, 11(2):93-8. </p>\n<p><strong>Authors' objectives</strong></p>\n<p>The aims of this review were, first to rate the methodological quality of studies which investigate the reliability of manual tests for cervical spine dysfunctions by applying a new quality assessment tool; secondly to compare the outcomes of these studies.  </p>\n<p><strong>Authors' conclusions</strong></p>\n<p>The studies' outcomes make the claim to be able to detect segmental cervical dysfunction based on a manual assessment only questionable. Further improvements in quality, uniform study designs, and a valid reference standard would be necessary in order to obtain more reliable data in the future.</p>\n<p><strong>Access</strong></p>\n<p>NHS staff: for full text access to this resource contact your <a href=\"http://www.library.nhs.uk/mylibrary/default.aspx\">local NHS library</a>. <br /></p>\n<p> </p>",
  "resourceType": "CARDEX"
}