{
  "name": "Complementary and Alternative Medicine",
  "title": "Systematic overview of drug interactions with antidepressant medications",
  "rootDirectory": "/cam",
  "topics": "COMPLEMENTARY AND ALTERNATIVE MEDICINE,HERBS R-Z,CAM GENERAL,CONDITIONS D-E,CONDITIONS A-Z,DEPRESSION,ST JOHN'S WORT (HYPERICUM PERFORATUM),HERBAL MEDICINE,DATE ADDED,SAFETY,FEBRUARY 2008",
  "publicationDate": "2006-04-01T00:00:00",
  "url": "http://www.ncbi.nlm.nih.gov/pubmed/16986820?ordinalpos=1&itool=EntrezSystem2.PEntrez.Pubmed.Pubmed_ResultsPanel.Pubmed_RVDocSum",
  "id": "279072",
  "publicationType": "Systematic Review",
  "publisher": "Canadian Psychiatric Association",
  "description": "<p><em>This review has been evaluated by a CRD reviewer as potentially meeting the <a href=\"http://www.york.ac.uk/inst/crd/faq4.htm\">CRD quality criteria</a> and a structured abstract is in the process of being written. This <a href=\"http://www.crd.york.ac.uk/CRDWeb/ShowRecord.asp?View=Full&amp;ID=12006002321\">provisional record</a> is for information, please note that the review has not been appraised yet. </em></p>\n<p><strong>Citation</strong></p>\n<p>Nieuwstraten C, Labiris NR, Holbrook A. Systematic overview of drug interactions with antidepressant medications. Canadian Journal of Psychiatry. 2006,  51(5):300-16. </p>\n<p><strong>Authors' objectives</strong></p>\n<p>Antidepressants are commonly used drugs with potential for numerous drug interactions. This study aims to systematically review the literature on drug interactions with antidepressants.  </p>\n<p><strong>Authors' conclusions</strong></p>\n<p>Drug interactions with antidepressants are an important cause for concern, but this concern is based primarily on poor evidence. We recommend caution when combining antidepressants with other central nervous system drugs, particularly when coadministering monoamine oxidase inhibitors with other substances.</p>\n<p><strong>Access</strong></p>\n<p>NHS staff: for full text access to this resource contact your <a href=\"http://www.library.nhs.uk/mylibrary/default.aspx\">local NHS library</a>. <br /></p>\n<p> </p>",
  "resourceType": "CARDEX"
}