{
  "name": "Complementary and Alternative Medicine",
  "title": "Acupressure for nausea and vomiting in cancer patients receiving chemotherapy",
  "rootDirectory": "/cam",
  "topics": "COMPLEMENTARY AND ALTERNATIVE MEDICINE,ACUPRESSURE,CONDITIONS C,CANCER,NAUSEA,VOMITING,CONDITIONS M-O,CONDITIONS T-Z,CONDITIONS A-Z,OTHER THERAPIES OR MEDICAL SYSTEMS,DATE ADDED,FEBRUARY 2008",
  "publicationDate": "2004-09-01T00:00:00",
  "url": "http://www.ncbi.nlm.nih.gov/pubmed/15389150?ordinalpos=3&itool=EntrezSystem2.PEntrez.Pubmed.Pubmed_ResultsPanel.Pubmed_RVDocSum",
  "id": "279079",
  "publicationType": "Systematic Review",
  "publisher": "MA Healthcare Ltd.",
  "description": "<p><em>This review has been evaluated by a CRD reviewer as potentially meeting the <a href=\"http://www.york.ac.uk/inst/crd/darefaq.htm\">CRD quality criteria</a> and a structured abstract is in the process of being written. This <a href=\"http://www.crd.york.ac.uk/CRDWeb/ShowRecord.asp?View=Full&amp;ID=12004008873\">provisional record</a> is for information, please note that the review has not been appraised yet. </em></p>\n<p><strong>Citation</strong></p>\n<p>Klein J, Griffiths P. Acupressure for nausea and vomiting in cancer patients receiving chemotherapy. British Journal of Community Nursing. 2004, 9(9):383-8. </p>\n<p><strong>Authors' objectives</strong></p>\n<p>Practitioners working with patients undergoing chemotherapy regularly encourage them to use acupressure in the form of Sea Bands for the relief of treatment-related nausea and vomiting. This mini-review sets out to uncover and examine the evidence base for this recommendation.  </p>\n<p><strong>Authors' conclusions</strong></p>\n<p>The results suggest that acupressure may decrease nausea among patients undergoing chemotherapy but further work is required before conclusively advising patients on the efficacy of acupressure in preventing and treating chemotherapy-induced nausea.</p>\n<p><strong>Access</strong></p>\n<p>NHS staff: for full text access to this resource contact your <a href=\"http://www.library.nhs.uk/mylibrary/default.aspx\">local NHS library</a>. <br /></p>\n<p> </p>",
  "resourceType": "CARDEX"
}