{
  "name": "Complementary and Alternative Medicine",
  "title": "Systematic review of hypnotherapy for treating symptoms in terminally ill adult cancer patients",
  "rootDirectory": "/cam",
  "topics": "COMPLEMENTARY AND ALTERNATIVE MEDICINE,HYPNOSIS,CONDITIONS A-Z,CANCER,CONDITIONS C,FEBRUARY 2008,DATE ADDED",
  "publicationDate": "2005-07-01T00:00:00",
  "url": "http://www.ncbi.nlm.nih.gov/pubmed/16111066?ordinalpos=30&itool=EntrezSystem2.PEntrez.Pubmed.Pubmed_ResultsPanel.Pubmed_RVDocSum",
  "id": "279075",
  "publicationType": "Systematic Review",
  "publisher": "Sage",
  "description": "<p><em>This review has been evaluated by a CRD reviewer as potentially meeting the <a href=\"http://www.york.ac.uk/inst/crd/faq4.htm\">CRD quality criteria</a> and a structured abstract is in the process of being written. This <a href=\"http://www.crd.york.ac.uk/CRDWeb/ShowRecord.asp?View=Full&amp;ID=12006003107\">provisional record</a> is for information, please note that the review has not been appraised yet. </em></p>\n<p><strong>Citation</strong></p>\n<p>Rajasekaran M, Edmonds PM, Higginson IL. Systematic review of hypnotherapy for treating symptoms in terminally ill adult cancer patients. Palliative Medicine. 2005, 19(5):418-26. </p>\n<p><strong>Authors' objectives</strong></p>\n<p>The aim of this review was to find the evidence for or against the use of hypnotherapy in the treatment of symptoms in terminally ill adult cancer patients. </p>\n<p><strong>Authors' conclusions</strong></p>\n<p>Hypnotherapy was used to treat a variety of symptoms, including pain, anxiety and depression. The poor quality of the studies and heterogeneity of the study population limited further evaluation; further research is required to understand the role of hypnotherapy in managing symptoms.</p>\n<p><strong>Access</strong></p>\n<p>NHS staff: for full text access to this resource contact your <a href=\"http://www.library.nhs.uk/mylibrary/default.aspx\">local NHS library</a>. <br /></p>\n<p> </p>",
  "resourceType": "CARDEX"
}