{
  "name": "Complementary and Alternative Medicine",
  "title": "Cancer CAM Researcher Directory",
  "rootDirectory": "/cam",
  "topics": "COMPLEMENTARY AND ALTERNATIVE MEDICINE,CAM GENERAL,CONDITIONS C,CANCER,CONDITIONS A-Z,FEBRUARY 2008,DATE ADDED,RESEARCH",
  "publicationDate": "2007-12-07T00:00:00",
  "url": "http://occamdirectory.cancer.gov/index.aspx",
  "id": "279421",
  "publicationType": "Reference Material",
  "publisher": "Office of Cancer Complementary and Alternative Medicine (OCCAM)",
  "description": "<p>The Office of Cancer Complementary and Alternative Medicine (<a href=\"http://www.cancer.gov/cam/index.html\">OCCAM</a>) at the U.S. <a href=\"http://www.cancer.gov/\">National Cancer Institute</a> has recently launched the Cancer CAM Researcher Directory. </p>\n<p>This database compiles information on researchers who have published original research on cancer and CAM. The purpose of the directory is to make it easier for people working in the field to identify others with similar or related research interests and to facilitate the exchange of ideas and information as well as collaboration among such researchers.</p>",
  "resourceType": "CARDEX"
}