{
  "name": "Complementary and Alternative Medicine",
  "title": "Chiropractic clinical practice guideline: evidence-based treatment of adult neck pain not due to whiplash",
  "rootDirectory": "/cam",
  "topics": "COMPLEMENTARY AND ALTERNATIVE MEDICINE,CONDITIONS M-O,CONDITIONS A-Z,CHIROPRACTIC,NECK PAIN,FEBRUARY 2008,DATE ADDED",
  "publicationDate": "2005-09-01T00:00:00",
  "url": "http://www.chiropracticcanada.ca/ecms.ashx/PDF/ClinicalPracticeGuidelines/TreatmentofAdultNeckPainNotDuetoWhiplashGuideline.pdf",
  "id": "279492",
  "publicationType": "Care Guideline",
  "publisher": "Journal of the Canadian Chiropractic Association",
  "description": "<p><strong>Citation</strong></p>\n<p>The Canadian Chiropractic Association and the Canadian Federation of Chiropractic Regulatory Boards, Clinical Practice Guidelines Development Initiative, Guidelines Development Committee (GDC) comprising, Anderson-Peacock E, Blouin JS, Bryans R, Danis N, Furlan A, Marcoux H, Potter B, Ruegg R, Gross Stein J, White E. Chiropractic clinical practice guideline: evidence-based treatment of adult neck pain not due to whiplash. JCCA. Journal of the Canadian Chiropractic Association. 2005 Sep;49(3):158-209. </p>\n<p><strong>Authors' objectives</strong></p>\n<p>To provide an evidence-based clinical practice guideline for the chiropractic cervical treatment of adults with acute or chronic neck pain not due to whiplash.  </p>\n<p><strong>Authors' recommendations</strong><br /><a href=\"http://www.ccachiro.org/Client/cca/cca.nsf/object/Binder/$file/Neck+Pain+CPG+Summary.pdf\">Summary in pdf format</a></p><br /><p>The GDC developed treatment, risk-management and research recommendations using the available evidence. </p>\n<p>Treatment recommendations addressing 13 treatment modalities revolved around a decision algorithm comprising diagnosis (or assessment leading to diagnosis), treatment and reassessment. Several specific variations of modalities of treatment were not recommended. </p>\n<p>For adverse events not associated with a treatment modality, but that occur in the clinical setting, there was evidence to recommend reconsideration of treatment options or referral to the appropriate health services. For adverse events associated with a treatment modality, but not a known or observable risk factor, there was evidence to recommend heightened vigilance when a relevant treatment is planned or administered. For adverse events associated with a treatment modality and predicted by an observable risk factor, there was evidence to recommend absolute contraindications, and requirements for treatment modality modification or caution to minimize harm and maximize benefit. For managing the theoretic risk of dissection, there was evidence to recommend a systematic risk-management approach. For managing the theoretic risk of stroke, there was support to recommend minimal rotation in administering any modality of upper-cervical spine treatment, and to recommend caution in treating a patient with hyperhomocysteinemia, although the evidence was especially ambiguous in both of these areas. </p>\n<p>Research recommendations addressed the poor caliber of many of the studies; the GDC concluded that the scientific base for chiropractic cervical treatment of neck pain was not of sufficient quality or scope to \"cover\" current chiropractic practice comprehensively, although this should not suggest other disciplines are more evidence-based. <br /></p>",
  "resourceType": "CARDEX"
}