{
  "name": "Complementary and Alternative Medicine",
  "title": "Systematic review of effects of manual therapy in infants with kinetic imbalance due to suboccipital strain (KISS) syndrome",
  "rootDirectory": "/cam",
  "topics": "COMPLEMENTARY AND ALTERNATIVE MEDICINE,CAM GENERAL,CHIROPRACTIC,OSTEOPATHY,DATE ADDED,SAFETY,FEBRUARY 2008",
  "publicationDate": "2005-10-01T00:00:00",
  "url": "http://jmmtonline.com/past/vol13no4.php",
  "id": "279498",
  "publicationType": "Systematic Review",
  "publisher": "Journal of Manual and Manipulative Therapy",
  "description": "<p><em>This <em>study has met our selection criteria <em>but has not been fully appraised by the CAM SL</em>. Where there is an appraisal available we have linked to it. If there is no appraisal and you wish to appraise this systematic review here is a </em><a href=\"http://www.phru.nhs.uk/Pages/PHD/resources.htm\"><em>link to a list of appraisal tools</em></a><em>.</em></em></p>\n<p><strong>Citation</strong></p>\n<p>Brand PL, Engelbert RH, Helders PJ, Offringa M. Systematic review of effects of manual therapy in infants with kinetic imbalance due to suboccipital strain (KISS) syndrome. Journal of Manual and Manipulative Therapy. 2005, 13(4): 210-215.</p>\n<p><strong>Authors' objectives</strong></p>\n<p>The goal of this systematic literature review was to establish the effects of manual therapy, chiropractic, or osteopathic treatment of the kinetic imbalance due to suboccipital strain (KISS) syndrome in infants with positional preference, plagiocephaly, and colic. </p>\n<p><strong>Authors' conclusions</strong></p>\n<p>Given the absence of evidence of beneficial effects of spinal manipulation in infants and in view of its potential risks, we conclude that manual therapy, chiropractic, and osteopathy should not be used in infants with the KISS-syndrome outside the context of randomized double-blind controlled trials.<br /><strong></strong></p>\n<p><strong>Access</strong></p>\n<p>NHS staff: for full text access to this resource contact your <a href=\"http://www.library.nhs.uk/mylibrary/default.aspx\">local NHS library</a>. </p>",
  "resourceType": "CARDEX"
}