{
  "name": "Complementary and Alternative Medicine",
  "title": "Efficacy of spinal manipulation and mobilization for low back pain and neck pain: a systematic review and best evidence synthesis",
  "rootDirectory": "/cam",
  "topics": "COMPLEMENTARY AND ALTERNATIVE MEDICINE,CHIROPRACTIC,CONDITIONS A-Z,CONDITIONS M-O,CONDITIONS A-B,BACK PAIN,NECK PAIN,FEBRUARY 2008,DATE ADDED",
  "publicationDate": "2004-05-01T00:00:00",
  "url": "http://www.ncbi.nlm.nih.gov/pubmed/15125860?ordinalpos=5&itool=EntrezSystem2.PEntrez.Pubmed.Pubmed_ResultsPanel.Pubmed_RVDocSum",
  "id": "279672",
  "publicationType": "Systematic Review",
  "publisher": "Elsevier",
  "description": "<p><em>This <em>study has met our selection criteria <em>but has not been fully appraised by the CAM SL</em>. Where there is an appraisal available we have linked to it. If there is no appraisal and you wish to appraise this systematic review here is a </em><a href=\"http://www.phru.nhs.uk/Pages/PHD/resources.htm\"><em>link to a list of appraisal tools</em></a><em>.</em></em></p>\n<p><strong>Citation</strong></p>\n<p>Bronfort G, Haas M, Evans RL, Bouter LM. Efficacy of spinal manipulation and mobilization for low back pain and neck pain: a systematic review and best evidence synthesis. Spine Journal. 2004, (3):335-56. </p>\n<p><strong>Authors' objectives</strong></p>\n<p>To reassess the efficacy of spinal manipulative therapy (SMT) and mobilization (MOB) for the management of low back pain (LBP) and neck pain (NP), with special attention to applying more stringent criteria for study admissibility into evidence and for isolating the effect of SMT and/or MOB.  </p>\n<p><strong>Authors' conclusions</strong></p>\n<p>Our data synthesis suggests that recommendations can be made with some confidence regarding the use of SMT and/or MOB as a viable option for the treatment of both low back pain and NP. There have been few high-quality trials distinguishing between acute and chronic patients, and most are limited to shorter-term follow-up. Future trials should examine well-defined subgroups of patients, further address the value of SMT and MOB for acute patients, establish optimal number of treatment visits and consider the cost-effectiveness of care.<br /></p>\n<p><strong>Access</strong></p>\n<p>NHS staff: for full text access to this resource contact your <a href=\"http://www.library.nhs.uk/mylibrary/default.aspx\">local NHS library</a>. <br /></p>\n<p> </p>",
  "resourceType": "CARDEX"
}