{
  "name": "Complementary and Alternative Medicine",
  "title": "Complementary and alternative medicine for upper-respiratory-tract infection in children",
  "rootDirectory": "/cam",
  "topics": "HOMEOPATHY,COMPLEMENTARY AND ALTERNATIVE MEDICINE,OSTEOPATHY,OTHER THERAPIES OR MEDICAL SYSTEMS,DIETARY AND NUTRITIONAL THERAPIES,HERBAL MEDICINE,CONDITIONS A-Z,RELAXATION TECHNIQUES,CONDITIONS M-O,CONDITIONS P-R,RESPIRATORY TRACT INFECTIONS,DATE ADDED,ZINC,VITAMIN C,VITAMINS,NUTRITIONAL SUPPLEMENTS,OTITIS,MINERALS,FEBRUARY 2008",
  "publicationDate": "2006-01-01T00:00:00",
  "url": "http://www.ajhp.org/cgi/content/abstract/63/1/33",
  "id": "279968",
  "publicationType": "Systematic Review",
  "publisher": "American Society of Health-System Pharmacists",
  "description": "<p><em>This <em>study has met our selection criteria <em>but has not been fully appraised by the CAM SL</em>. Where there is an appraisal available we have linked to it. If there is no appraisal and you wish to appraise this systematic review here is a </em><a href=\"http://www.phru.nhs.uk/Pages/PHD/resources.htm\"><em>link to a list of appraisal tools</em></a><em>.</em></em></p>\n<p><strong>Citation</strong></p>\n<p>Carr RR and Nahata MC. Complementary and alternative medicine for upper-respiratory-tract infection in children. American Journal of Health-System Pharmacy. 2006, 63(1): 33-39.</p>\n<p><strong>Authors' objectives</strong></p>\n<p>Evidence on the efficacy and safety of complementary and alternative medicine (CAM) for the prevention and treatment of upper-respiratory-tract infection (URTI) in children is reviewed. </p>\n<p><strong>Authors' conclusions</strong></p>\n<p>Current data are generally inadequate to support CAM for the prevention or treatment of URTI in children.<br /></p>\n<p><strong>Access</strong></p>\n<p>NHS staff: for full text access to this resource contact your <a href=\"http://www.library.nhs.uk/mylibrary/default.aspx\">local NHS library</a>. <br /></p>\n<p> </p>",
  "resourceType": "CARDEX"
}