{
  "name": "Complementary and Alternative Medicine",
  "title": "Basic science research related to chiropractic spinal adjusting: the state of the art and recommendations revisited",
  "rootDirectory": "/cam",
  "topics": "COMPLEMENTARY AND ALTERNATIVE MEDICINE,CAM GENERAL,CHIROPRACTIC,FEBRUARY 2008,RESEARCH,DATE ADDED",
  "publicationDate": "2006-11-01T00:00:00",
  "url": "http://www.ncbi.nlm.nih.gov/pubmed/17142166?ordinalpos=1&itool=EntrezSystem2.PEntrez.Pubmed.Pubmed_ResultsPanel.Pubmed_RVDocSum",
  "id": "279980",
  "publicationType": "Review",
  "publisher": "Elsevier",
  "description": "<p><em>This <em>study has met our selection criteria <em>but has not been fully appraised by the CAM SL</em>. Where there is an appraisal available we have linked to it. If there is no appraisal and you wish to appraise this systematic review here is a </em><a href=\"http://www.phru.nhs.uk/Pages/PHD/resources.htm\"><em>link to a list of appraisal tools</em></a><em>.</em></em></p>\n<p><strong>Citation</strong></p>\n<p>Cramer G, Budgell B, Henderson C, Khalsa P, Pickar J. Basic science research related to chiropractic spinal adjusting: the state of the art and recommendations revisited. Journal of Manipulative and Physiological Therapeutics. 2006, 29(9):726-61.</p>\n<p><strong>Authors' objectives</strong></p>\n<p>The objectives of this white paper are to review and summarize the basic science literature relevant to spinal fixation (subluxation) and spinal adjusting procedures and to make specific recommendations for future research.  </p>\n<p><strong>Authors' conclusions</strong></p>\n<p>The summaries of the literature for the 6 topic sections (anatomy, biomechanics, somatic nervous system, animal models, immune system, and human studies related to the autonomic nervous system) indicated that a significant body of basic science research evaluating chiropractic spinal adjusting has been completed and published since the 1997 basic science white paper. Much more basic science research in these fields needs to be accomplished, and the recommendations at the end of each topic section should help researchers, funding agencies, and other decision makers develop specific research priorities.<br /></p>\n<p><strong>Access</strong></p>\n<p>NHS staff: for full text access to this resource contact your <a href=\"http://www.library.nhs.uk/mylibrary/default.aspx\">local NHS library</a>. </p>",
  "resourceType": "CARDEX"
}