{
  "name": "Complementary and Alternative Medicine",
  "title": "Cerebrovascular complications associated with spinal manipulation",
  "rootDirectory": "/cam",
  "topics": "COMPLEMENTARY AND ALTERNATIVE MEDICINE,CHIROPRACTIC,OSTEOPATHY,CAM GENERAL,DATE ADDED,SAFETY,FEBRUARY 2008",
  "publicationDate": "2004-03-01T00:00:00",
  "url": "http://www.ingentaconnect.com/content/maney/ptr/2004/00000009/00000001/art00002",
  "id": "279988",
  "publicationType": "Systematic Review",
  "publisher": "Maney",
  "description": "<p><em>This <em>study has met our selection criteria <em>but has not been fully appraised by the CAM SL</em>. Where there is an appraisal available we have linked to it. If there is no appraisal and you wish to appraise this systematic review here is a </em><a href=\"http://www.phru.nhs.uk/Pages/PHD/resources.htm\"><em>link to a list of appraisal tools</em></a><em>.</em></em></p>\n<p><strong>Citation</strong></p>\n<p>Ernst E. Cerebrovascular complications associated with spinal manipulation. Physical Therapy Reviews. 2004, 9(1): 5-15.</p>\n<p><strong>Authors' objectives</strong></p>\n<p>The aim of this systematic review was to summarise the recent (1995–2003) evidence on the safety of spinal manipulation as a form of manual therapy employed by chiropractors, osteopaths, medical doctors, physiotherapists and other healthcare professionals. </p>\n<p><strong>Authors' conclusions</strong></p>\n<p>It is concluded that serious cerebrovascular complications of spinal manipulation continue to be reported. Their incidence is unknown. Large and rigorous prospective studies are necessary in order to define the risks of spinal manipulation accurately. <br /></p>\n<p><strong>Access</strong></p>\n<p>NHS staff: for full text access to this resource contact your <a href=\"http://www.library.nhs.uk/mylibrary/default.aspx\">local NHS library</a>.  </p>\n<p> </p>",
  "resourceType": "CARDEX"
}