{
  "name": "Complementary and Alternative Medicine",
  "title": "A systematic literature review of nonsurgical treatment in adult scoliosis",
  "rootDirectory": "/cam",
  "topics": "COMPLEMENTARY AND ALTERNATIVE MEDICINE,CHIROPRACTIC,CONDITIONS A-Z,CONDITIONS M-O,MUSCULOSKELETAL DISEASES,DATE ADDED,FEBRUARY 2008",
  "publicationDate": "2007-09-01T00:00:00",
  "url": "http://www.ncbi.nlm.nih.gov/pubmed/17728680?ordinalpos=1&itool=EntrezSystem2.PEntrez.Pubmed.Pubmed_ResultsPanel.Pubmed_RVDocSum",
  "id": "280002",
  "publicationType": "Systematic Review",
  "publisher": "Lippincott Williams & Wilkins",
  "description": "<p><em>This <em>study has met our selection criteria <em>but has not been fully appraised by the CAM SL</em>. Where there is an appraisal available we have linked to it. If there is no appraisal and you wish to appraise this systematic review here is a </em><a href=\"http://www.phru.nhs.uk/Pages/PHD/resources.htm\"><em>link to a list of appraisal tools</em></a><em>.</em></em></p>\n<p><strong>Citation</strong></p>\n<p>Everett CR, Patel RK. A systematic literature review of nonsurgical treatment in adult scoliosis. Spine. 2007, 32(19 Suppl):S130-4. </p>\n<p><strong>Authors' objectives</strong></p>\n<p>To evaluate evidence for the efficacy and effectiveness of proposed conservative treatment options in adult deformity. </p>\n<p><strong>Authors' conclusions</strong></p>\n<p>There is indeterminate, Level III/IV evidence on the effectiveness of any conservative care option. Specifically, there is Level IV evidence on the role of physical therapy, chiropractic care, and bracing. There is Level III evidence for injections in the conservative treatment of adult deformity. There is insufficient research for a treatment recommendation beyond Level 2c very weak evidence, but the available literature is supportive of further clinical research in conservative care as a treatment in adult deformity. </p>\n<p>Conservative care in general may be a helpful option in the care of adult deformity, but evidence for this is lacking. Unfortunately, no treatment option within conservative care has support within the literature as a preferred solution. Basic clinical research at any level would be helpful to further clarify the options.<br /></p>\n<p><strong>Access</strong></p>\n<p>NHS staff: for full text access to this resource contact your <a href=\"http://www.library.nhs.uk/mylibrary/default.aspx\">local NHS library</a>. <br /></p>\n<p> </p>\n<p> </p>",
  "resourceType": "CARDEX"
}