{
  "name": "Complementary and Alternative Medicine",
  "title": "Assessing the evidence for the use of chiropractic manipulation in paediatric health conditions: a systematic review",
  "rootDirectory": "/cam",
  "topics": "COMPLEMENTARY AND ALTERNATIVE MEDICINE,CHIROPRACTIC,DATE ADDED,FEBRUARY 2008",
  "publicationDate": "2005-03-01T00:00:00",
  "url": "http://www.pulsus.com/journals/abstract.jsp?sCurrPg=abstract&jnlKy=5&atlKy=3359&isuKy=443&isArt=t&fromfold=",
  "id": "280013",
  "publicationType": "Review",
  "publisher": "Canadian Paediatric Society",
  "description": "<p><em>This <em>study has met our selection criteria <em>but has not been fully appraised by the CAM SL</em>. Where there is an appraisal available we have linked to it. If there is no appraisal and you wish to appraise this systematic review here is a </em><a href=\"http://www.phru.nhs.uk/Pages/PHD/resources.htm\"><em>link to a list of appraisal tools</em></a><em>.</em></em></p>\n<p><strong>Citation</strong></p>\n<p>Gotlib A, Rupert R. Assessing the evidence for the use of chiropractic manipulation in paediatric health conditions: A systematic review. Journal of the Canadian Paediatric Society. 2005, 10(3): 157-161.<br /></p>\n<p><strong>Authors' objectives</strong></p>\n<p>To review the biomedical literature up to and including 2003, and determine the extent of the evidence related to the therapeutic application of chiropractic manipulation for paediatric health conditions. No critical appraisal of the evidence is undertaken. </p>\n<p><strong>Authors' conclusions</strong></p>\n<p>Health claims made by practitioners regarding the application of chiropractic manipulation as a health care intervention for paediatric health conditions are, for the most part, supported by low levels of scientific evidence. Chiropractors, in particular, employ manipulation for the treatment of a wide variety of paediatric health conditions. The evidence rests primarily with clinical experience, descriptive case studies and a few randomized controlled trials. There is a need for more rigorous scientific inquiry to examine the value of manipulative therapy in the treatment of paediatric conditions. To advance the health interests of paediatric patients, health care decisions made on the basis of expert opinion or clinical experience must integrate the best research evidence available from high-quality, scientific studies.<br /></p>\n<p><strong>Access</strong></p>\n<p>NHS staff: for full text access to this resource contact your <a href=\"http://www.library.nhs.uk/mylibrary/default.aspx\">local NHS library</a>. <br /></p>",
  "resourceType": "CARDEX"
}