{
  "name": "Complementary and Alternative Medicine",
  "title": "Comparative effectiveness of manipulation, mobilisation and the activator instrument in treatment of non-specific neck pain: a systematic review",
  "rootDirectory": "/cam",
  "topics": "COMPLEMENTARY AND ALTERNATIVE MEDICINE,NECK PAIN,CONDITIONS M-O,CONDITIONS A-Z,CHIROPRACTIC,FEBRUARY 2008,DATE ADDED",
  "publicationDate": "2006-04-19T00:00:00",
  "url": "http://www.chiroandosteo.com/content/14/1/7",
  "id": "280005",
  "publicationType": "Systematic Review",
  "publisher": "BioMed Central",
  "description": "<p><em>This <em>study has met our selection criteria <em>but has not been fully appraised by the CAM SL</em>. Where there is an appraisal available we have linked to it. If there is no appraisal and you wish to appraise this systematic review here is a </em><a href=\"http://www.phru.nhs.uk/Pages/PHD/resources.htm\"><em>link to a list of appraisal tools</em></a><em>.</em></em></p>\n<p><strong>Citation</strong></p>\n<p>Gemmell H, Miller P. Comparative effectiveness of manipulation, mobilisation and the activator instrument in treatment of non-specific neck pain: a systematic review. Chiropractic &amp; Osteopathy. 2006, 14:7. </p>\n<p><strong>Authors' objectives</strong></p>\n<p>The purpose of this systematic review was to critically appraise the literature that directly compared manipulation, mobilisation and the Activator instrument for non-specific neck pain.  </p>\n<p><strong>Authors' conclusions</strong></p>\n<p>Further high quality research has to be done before a recommendation can be made as to the most effective manual method for non-specific neck pain.<br /></p>",
  "resourceType": "CARDEX"
}