{
  "name": "Complementary and Alternative Medicine",
  "title": "Adverse effects of spinal manipulation: a systematic review",
  "rootDirectory": "/cam",
  "topics": "COMPLEMENTARY AND ALTERNATIVE MEDICINE,CAM GENERAL,OSTEOPATHY,CHIROPRACTIC,FEBRUARY 2008,SAFETY,DATE ADDED",
  "publicationDate": "2007-07-01T00:00:00",
  "url": "http://www.jrsm.org/cgi/content/full/100/7/330",
  "id": "280001",
  "publicationType": "Systematic Review",
  "publisher": "Royal Society of Medicine",
  "description": "<p><em>This <em>study has met our selection criteria <em>but has not been fully appraised by the CAM SL</em>. Where there is an appraisal available we have linked to it. If there is no appraisal and you wish to appraise this systematic review here is a </em><a href=\"http://www.phru.nhs.uk/Pages/PHD/resources.htm\"><em>link to a list of appraisal tools</em></a><em>.</em></em></p>\n<p><strong>Citation</strong></p>\n<p>Ernst E. Adverse effects of spinal manipulation: a systematic review. Journal of the Royal Society of Medicine. 2007, 100(7):330-8. </p>\n<p><strong>Authors' objectives</strong></p>\n<p>To identify adverse effects of spinal manipulation. </p>\n<p><strong>Authors' conclusions</strong></p>\n<p>Spinal manipulation, particularly when performed on the upper spine, is frequently associated with mild to moderate adverse effects. It can also result in serious complications such as vertebral artery dissection followed by stroke. Currently, the incidence of such events is not known. In the interest of patient safety we should reconsider our policy towards the routine use of spinal manipulation. <br /> </p>",
  "resourceType": "CARDEX"
}