{
  "name": "Complementary and Alternative Medicine",
  "title": "Conservative management of mechanical neck disorders: a systematic review",
  "rootDirectory": "/cam",
  "topics": "COMPLEMENTARY AND ALTERNATIVE MEDICINE,CHIROPRACTIC,CONDITIONS A-Z,CONDITIONS M-O,NECK INJURIES,NECK PAIN,FEBRUARY 2008,DATE ADDED",
  "publicationDate": "2007-05-01T00:00:00",
  "url": "http://www.jrheum.com/subscribers/07/05/1083.html",
  "id": "280015",
  "publicationType": "Systematic Review",
  "publisher": "Journal of Rheumatology",
  "description": "<p><em>This <em>study has met our selection criteria <em>but has not been fully appraised by the CAM SL</em>. Where there is an appraisal available we have linked to it. If there is no appraisal and you wish to appraise this systematic review here is a </em><a href=\"http://www.phru.nhs.uk/Pages/PHD/resources.htm\"><em>link to a list of appraisal tools</em></a><em>.</em></em></p>\n<p><strong>Citation</strong></p>\n<p>Gross AR, Goldsmith C, Hoving JL, Haines T, Peloso P, Aker P, Santaguida P, Myers C; Cervical Overview Group. Conservative management of mechanical neck disorders: a systematic review. Journal of Rheumatology. 2007, 34(5):1083-102. </p>\n<p><strong>Authors' objectives</strong></p>\n<p>To determine if conservative treatments (manual therapies, physical medicine methods, medication, and patient education) relieved pain or improved function/disability, patient satisfaction, and global perceived effect in adults with acute, subacute, and chronic mechanical neck disorders (MND) by updating 11 systematic reviews of randomized controlled trials (RCT).  </p>\n<p><strong>Authors' conclusions</strong></p>\n<p>Exercise combined with mobilization/manipulation, exercise alone, and intramuscular lidocaine for chronic MND; intravenous glucocorticoid for acute whiplash associated disorders; and low-level laser therapy demonstrated either intermediate or longterm benefits. Optimal dosage of effective techniques and prognostic indicators for responders to care should be explored in future research.<br /></p>",
  "resourceType": "CARDEX"
}