{
  "name": "Complementary and Alternative Medicine",
  "title": "Acupuncture evidence update 2008: List of references",
  "rootDirectory": "/cam",
  "topics": "ACUPUNCTURE,COMPLEMENTARY AND ALTERNATIVE MEDICINE,DATE ADDED,APRIL 2008",
  "publicationDate": "2008-04-21T00:00:00",
  "url": "http://www.library.nhs.uk//cam/ViewResource.aspx?resID=282592",
  "id": "282592",
  "publicationType": "Review",
  "publisher": "CAM Specialist Library",
  "description": "111-1Acupuncture evidence update 2008: List of references<p>The following relevant studies on this topic have been published since 1 January 2007. </p>\n<p><em>These studies have met our <a href=\"http://www.library.nhs.uk/cam/viewResource.aspx?resid=283071&amp;code=5a2d2520dad440e0b176a450bc366998\">selection criteria</a> but have not been fully appraised by the CAM SL. Where there is an appraisal available we have linked to it. If there is no appraisal and you wish to appraise the selected studies here is a </em><a href=\"http://www.phru.nhs.uk/Pages/PHD/resources.htm\"><em>link to a list of appraisal tools</em></a><em>.</em></p><br /><h2>Systematic reviews, HTA reports and key RCTs </h2><br />Ahn AC, Colbert AP, Anderson BJ, Martinsen OG, Hammerschlag R, Cina S, Wayne PM, Langevin HM. Electrical properties of acupuncture points and meridians: a systematic review. Bioelectromagnetics. 2008, 29(4):245-56. [<a href=\"http://www.ncbi.nlm.nih.gov/pubmed/18240287?ordinalpos=1&amp;itool=EntrezSystem2.PEntrez.Pubmed.Pubmed_ResultsPanel.Pubmed_RVDocSum\">PubMed abstract</a>] \n<p><br />Ammendolia C, Furlan AD, Imamura M, Irvin E, van Tulder M. Evidence-informed management of chronic low back pain with needle acupuncture. Spine Journal. 2008, 8(1):160-72. [<a href=\"http://www.ncbi.nlm.nih.gov/pubmed/18164464?ordinalpos=12&amp;itool=EntrezSystem2.PEntrez.Pubmed.Pubmed_ResultsPanel.Pubmed_RVDocSum\">PubMed abstract</a>]</p>\n<p><br />Anderson BJ, Haimovici F, Ginsburg ES, Schust DJ, Wayne PM. In vitro fertilization and acupuncture: clinical efficacy and mechanistic basis. Alternative Therapies in Health and Medicine. 2007, 13(3):38-48. [<a href=\"http://www.ncbi.nlm.nih.gov/pubmed/17515023?ordinalpos=6&amp;itool=EntrezSystem2.PEntrez.Pubmed.Pubmed_ResultsPanel.Pubmed_RVDocSum\">PubMed abstract</a>]</p>\n<p><br />Chen HY, Shi Y, Ng CS, Chan SM, Yung KK, Zhang QL. Auricular acupuncture treatment for insomnia: a systematic review. Journal of Alternative and Complementary Medicine. 2007, 13(6):669-76. [<a href=\"http://www.ncbi.nlm.nih.gov/pubmed/17718650?ordinalpos=1&amp;itool=EntrezSystem2.PEntrez.Pubmed.Pubmed_ResultsPanel.Pubmed_RVDocSum\">PubMed abstract</a>] [<a href=\"http://www.crd.york.ac.uk/CRDWeb/ShowRecord.asp?View=Full&amp;ID=12007003164\">DARE provisional record</a>]</p>\n<p><br />Cheuk DKL, Yeung WF, Chung KF, Wong V. Acupuncture for insomnia. <i>Cochrane Database of Systematic Reviews</i> 2007, Issue 3. Art. No.: CD005472. DOI: 10.1002/14651858.CD005472.pub2. [<a href=\"http://www.mrw.interscience.wiley.com/cochrane/clsysrev/articles/CD005472/frame.html\">Full text</a>]<br /></p>\n<p><br />***Haake M, Müller HH, Schade-Brittinger C, Basler HD, Schäfer H, Maier C, Endres HG, Trampisch HJ, Molsberger A. German Acupuncture Trials (GERAC) for chronic low back pain: randomized, multicenter, blinded, parallel-group trial with 3 groups. Archives of Internal Medicine. 2007, 167(17):1892-8. [<a href=\"http://www.ncbi.nlm.nih.gov/pubmed/17893311?ordinalpos=2&amp;itool=EntrezSystem2.PEntrez.Pubmed.Pubmed_ResultsPanel.Pubmed_RVDocSum\">PubMed abstract</a>]</p>\n<p><br />He L, Zhou MK, Zhou D, Wu B, Li N, Kong SY, Zhang DP, Li QF, Yang J, Zhang X. Acupuncture for Bell's palsy. <i>Cochrane Database of Systematic Reviews</i> 2007, Issue 4. Art. No.: CD002914. DOI: 10.1002/14651858.CD002914.pub3. [<a href=\"http://www.mrw.interscience.wiley.com/cochrane/clsysrev/articles/CD002914/frame.html\">Full text</a>]</p>\n<p><br />Itoh K, Kitakoji H. Acupuncture for chronic pain in Japan: a review. Evidence-based Complementary and Alternative Medicine: eCAM. 2007, 4(4):431-8. [<a href=\"http://ecam.oxfordjournals.org/cgi/content/full/4/4/431\">Full text</a>]</p>\n<p><br />Kalavapalli R, Singareddy R. Role of acupuncture in the treatment of insomnia: a comprehensive review. Complementary Therapies in Clinical Practice. 2007, 13(3):184-93. [<a href=\"http://www.ncbi.nlm.nih.gov/pubmed/17631261?ordinalpos=3&amp;itool=EntrezSystem2.PEntrez.Pubmed.Pubmed_ResultsPanel.Pubmed_RVDocSum\">PubMed abstract</a>]</p>\n<p><br />Law SK, Li T. Acupuncture for glaucoma. <i>Cochrane Database of Systematic Reviews</i> 2007, Issue 4. Art. No.: CD006030. DOI: 10.1002/14651858.CD006030.pub2. [<a href=\"http://www.mrw.interscience.wiley.com/cochrane/clsysrev/articles/CD006030/frame.html\">Full text</a>]</p>\n<p><br />Lee H, Park HJ, Park J, Kim MJ, Hong M, Yang J, Choi S, Lee H. Acupuncture application for neurological disorders. Neurological Research. 2007, 29 Suppl 1:S49-54. [<a href=\"http://www.ncbi.nlm.nih.gov/pubmed/17359641?ordinalpos=10&amp;itool=EntrezSystem2.PEntrez.Pubmed.Pubmed_ResultsPanel.Pubmed_RVDocSum\">PubMed abstract</a>] </p>\n<p><br />Lee MS, Pittler MH, Shin BC, Kong JC, Ernst E. Bee venom acupuncture for musculoskeletal pain: a review. Journal of Pain. 2008, 9(4):289-97. [<a href=\"http://www.ncbi.nlm.nih.gov/pubmed/18226968?ordinalpos=1&amp;itool=EntrezSystem2.PEntrez.Pubmed.Pubmed_ResultsPanel.Pubmed_RVDocSum\">PubMed abstract</a>] </p>\n<p><br />Ma HW, Chang ML, Lin CJ. [A systematic review of acupressure for the application on nursing practice]. Hu li za zhi. The journal of Nursing. 2007, 54(4):35-44. [<a href=\"http://www.ncbi.nlm.nih.gov/pubmed/17654426?ordinalpos=1&amp;itool=EntrezSystem2.PEntrez.Pubmed.Pubmed_ResultsPanel.Pubmed_RVDocSum\">PubMed abstract</a>]</p>\n<p><br />Manheimer E, Linde K, Lao L, Bouter LM, Berman BM. Meta-analysis: acupuncture for osteoarthritis of the knee. Annals of Internal Medicine. 2007, 146(12):868-77. [<a href=\"http://www.annals.org/cgi/reprint/146/12/868.pdf\">Full text</a>]</p>\n<p><br />***Manheimer E, Zhang G, Udoff L, Haramati A, Langenberg P, Berman BM, Bouter LM. Effects of acupuncture on rates of pregnancy and live birth among women undergoing in vitro fertilisation: systematic review and meta-analysis. BMJ. 2008, 336(7643):545-9. [<a href=\"http://www.bmj.com/cgi/content/full/336/7643/545\">Full text</a>]</p>\n<p><br />Martinez Pecino F, Sola Arnau I, Betina Nishishinya Aquino M. The efficacy of acupuncture in the management of chronic pain and in palliative care. Seville: Andalusian Agency for Health Technology Assessment (AETSA), 2007. [<a href=\"http://www.juntadeandalucia.es/salud/contenidos/aetsa/pdf/Informe%20Acupuntura%20dolor%20cronico_final.pdf\">Executive summary in English, pp 7-9</a>]</p>\n<p><br />Mu JP, Wu HG, Zhang ZQ, Liu HR, Zhu Y, Shi Z, Wang XM. [Meta-analysis on acupuncture and moxibustion for treatment of ulcerative colitis] Zhongguo Zhen Jiu - Chinese Acupuncture &amp; Moxibustion. 2007, 27(9):687-90. [<a href=\"http://www.ncbi.nlm.nih.gov/pubmed/17926625?ordinalpos=1&amp;itool=EntrezSystem2.PEntrez.Pubmed.Pubmed_ResultsPanel.Pubmed_RVDocSum\">PubMed abstract</a>]</p>\n<p><br />Pilkington K, Kirkwood G, Rampes H, Cummings M, Richardson J. Acupuncture for anxiety and anxiety disorders--a systematic literature review. Acupuncture in Medicine. 2007, 25(1-2):1-10. [<a href=\"http://www.acupunctureinmedicine.org.uk/servearticle.php?artid=612\">Full text</a>] [<a href=\"http://www.crd.york.ac.uk/CRDWeb/ShowRecord.asp?View=Full&amp;ID=12007002798\">DARE provisional record</a>]<br /></p>\n<p><br />Roberts J. Acupuncture for allergic rhinitis. Report No. 61. Birmingham: West Midlands Health Technology Assessment Collaboration, Department of Public Health and Epidemiology, University of Birmingham (WMHTAC), 2006. [<a href=\"http://rep.bham.ac.uk/pdfs/2006/Allergic_Rhinitis.pdf\">Full text</a>]</p>\n<p><br />Roberts J, Moore D. Mapping the evidence base and use of acupuncture within the NHS. Report No. 59. Birmingham: West Midlands Health Technology Assessment Collaboration, Department of Public Health and Epidemiology, University of Birmingham (WMHTAC), 2006. [<a href=\"http://rep.bham.ac.uk/pdfs/2006/Mapping_Acupunture.pdf\">Full text</a>]</p>\n<p><br />Schneider A, Streitberger K, Joos S. Acupuncture treatment in gastrointestinal diseases: a systematic review. World Journal of Gastroenterology. 2007, 13(25):3417-24. [<a href=\"http://www.wjgnet.com/1007-9327/13/3417.asp\">Full text</a>]</p>\n<p><br />Schüller BK, Neugebauer EA. [Evidence for laser acupuncture in cases of orthopedic diseases : a systematic review] Schmerz. 2008, 22(1):9-15. [<a href=\"http://www.ncbi.nlm.nih.gov/pubmed/17530300?ordinalpos=1&amp;itool=EntrezSystem2.PEntrez.Pubmed.Pubmed_ResultsPanel.Pubmed_RVDocSum\">PubMed abstract</a>]</p>\n<p><br />Shiflett SC. Does acupuncture work for stroke rehabilitation: what do recent clinical trials really show? Topics in Stroke Rehabilitation. 2007, 14(4):40-58. [<a href=\"http://www.ncbi.nlm.nih.gov/pubmed/17698457?ordinalpos=2&amp;itool=EntrezSystem2.PEntrez.Pubmed.Pubmed_ResultsPanel.Pubmed_RVDocSum\">PubMed abstract</a>]</p>\n<p><br />***Weidenhammer W, Linde K, Streng A, Hoppe A, Melchart D. Acupuncture for chronic low back pain in routine care: a multicenter observational study. Clinical Journal of Pain. 2007, 23(2):128-35. [<a href=\"http://www.ncbi.nlm.nih.gov/pubmed/17237661?ordinalpos=1&amp;itool=EntrezSystem2.PEntrez.Pubmed.Pubmed_ResultsPanel.Pubmed_RVDocSum\">PubMed abstract</a>]<br /></p>\n<p>***Williamson L, Wyatt MR, Yein K, Melton JT. Severe knee osteoarthritis: a randomized controlled trial of acupuncture, physiotherapy (supervised exercise) and standard management for patients awaiting knee replacement. Rheumatology (Oxford). 2007, 46(9):1445-9. [<a href=\"http://rheumatology.oxfordjournals.org/cgi/content/full/46/9/1445\">Full text</a>]<br /></p>\n<p>Yang ZX, Shi XM. [Systematic evaluation of the therapeutic effect and safety of Xingnao Kaiqiao needling method in treatment of stroke] Zhongguo Zhen Jiu - Chinese Acupuncture &amp; Moxibustion. 2007, 27(8):601-8. [<a href=\"http://www.ncbi.nlm.nih.gov/pubmed/17853761?ordinalpos=11&amp;itool=EntrezSystem2.PEntrez.Pubmed.Pubmed_ResultsPanel.Pubmed_RVDocSum\">PubMed abstract</a>]</p>\n<p><br />Yu XM, Zhu GM, Chen YL, Fang M, Chen YN. [Systematic assessment of acupuncture for treatment of herpes zoster in domestic clinical studies] Zhongguo Zhen Jiu - Chinese Acupuncture &amp; Moxibustion. 2007, 27(7):536-40. [<a href=\"http://www.ncbi.nlm.nih.gov/pubmed/17722838?ordinalpos=4&amp;itool=EntrezSystem2.PEntrez.Pubmed.Pubmed_ResultsPanel.Pubmed_RVDocSum\">PubMed abstract</a>]</p>\n<p> </p>\n<p>A list of systematic reviews and guidelines covering a range of CAM therapies including acupuncture can be viewed <a href=\"http://www.library.nhs.uk/cam/viewResource.aspx?resid=283103&amp;code=8821090274c5d067198d243137e188fc\">here</a>. </p>\n<p>Researchers may be also interested in the full list of large-scale (100 or more participants) randomised controlled trials (RCTs) published since 1 January 2007 which can be viewed <a href=\"http://www.library.nhs.uk/cam/viewResource.aspx?resid=283104&amp;code=0497b13fff127f1874fde397afc8e952\">here</a>.</p>\n<p><br />***<em>Editor's picks</em></p>\n<p> </p>",
  "resourceType": "Article"
}