{
  "name": "Complementary and Alternative Medicine",
  "title": "A federal approach to professionally-led voluntary regulation for complementary healthcare",
  "rootDirectory": "/cam",
  "topics": "COMPLEMENTARY AND ALTERNATIVE MEDICINE,CAM GENERAL,APRIL 2008,2008,DATE ADDED,REGULATION",
  "publicationDate": "2008-02-15T00:00:00",
  "url": "http://www.fih.org.uk/information_library/publications/regulation/a_federal_approch_to.html",
  "id": "282645",
  "publicationType": "Reference Material",
  "publisher": "The Prince’s Foundation for Integrated Health",
  "description": "<p>In 2005 the Prince's Foundation for Integrated Health commissioned a report by Professor Julie Stone which examined three options for the regulation of complementary healthcare.  This report resulted in a consultation exercise, which showed clear support for a federal system of regulation i.e. a single regulator for complementary healthcare rather than a series of single-therapy regulators.   </p>\n<p>This document is the final report of the Federal Working Group which worked towards the creation of such a federal body.  The new Complementary and Natural Healthcare Council will launch in the summer of 2008.</p>\n<p>The report is available to download <a href=\"http://fih.org.uk/document.rm?id=51\">here</a>.</p> ",
  "resourceType": "CARDEX"
}