{
  "name": "Complementary and Alternative Medicine",
  "title": "NCI’s Annual Report on Complementary and Alternative Medicine: Fiscal Year 2006",
  "rootDirectory": "/cam",
  "topics": "COMPLEMENTARY AND ALTERNATIVE MEDICINE,CAM GENERAL,CONDITIONS A-Z,CONDITIONS C,CANCER,APRIL 2008,2008,DATE ADDED,RESEARCH",
  "publicationDate": "2008-04-07T00:00:00",
  "url": "http://www.cancer.gov/cam/attachments/CAMAnnualReportFY2006.pdf",
  "id": "282908",
  "publicationType": "Reference Material",
  "publisher": "Office of Cancer Complementary and Alternative Medicine (OCCAM)",
  "description": "<p> </p>\n<p><img src=\"https://rmsadmin.library.nhs.uk/libraryImages/Complementary%20and%20Alternative%20Medicine/contentID282908/nelhImp_0000_OCCAMreport.jpg\" /></p>\n<p> </p>\n<p>This is the second year for the <a href=\"http://www.cancer.gov/cam/index.html\">National Cancer Institute</a>’s annual report on complementary and alternative medicine (CAM), which was published to showcase the Institute’s various communication, training, and research activities related to the topic. The report covers a variety of CAM categories, cancer types, research types, and grant mechanisms, in addition to a break-down of NCI’s CAM research project portfolio.</p>\n<p>The publication is now available to download at <a href=\"http://www.cancer.gov/cam/attachments/CAMAnnualReportFY2006.pdf\">www.cancer.gov/cam/attachments/CAMAnnualReportFY2006.pdf</a>.</p>\n<p> </p>",
  "resourceType": "CARDEX"
}