{
  "name": "Complementary and Alternative Medicine",
  "title": "Acupuncture evidence update 2008: Search methodology",
  "rootDirectory": "/cam",
  "topics": "COMPLEMENTARY AND ALTERNATIVE MEDICINE,ACUPUNCTURE,DATE ADDED,APRIL 2008",
  "publicationDate": "2008-04-21T00:00:00",
  "url": "http://www.library.nhs.uk//cam/ViewResource.aspx?resID=283071",
  "id": "283071",
  "publicationType": "Reference Material",
  "publisher": "CAM Specialist Library",
  "description": "111-1Acupuncture evidence update 2008: Search methodology<p><strong>Sources searched:</strong></p>\n<p>The Cochrane Library (CDSR, CENTRAL, DARE, HTA, NHS EED), PubMed (and MEDLINE), EMBASE, AMED, CINAHL, PsycINFO.</p>\n<p><strong>Selection criteria (at screening stage)</strong> </p>\n<p>Inclusion criteria:</p>\n<ol><li>Explicit description of search process and statement of methodology (at least 2 sources must have been searched and there must be a statement of methodology, meta-analysis or systematic review)</li>\n<li>Large RCTs – with more than 100 participants.</li>\n<li>Topic relevance (studies should address acupuncture or CAM in general, including acupuncture as one of the investigated interventions)</li></ol><p>Exclusion criteria:</p>\n<ol><li>The study is not a systematic review, meta-analysis or a large RCT.</li>\n<li>The study does not focus on acupuncture (could include a range of interventions, including CAM; acupuncture-like TENS; acupuncture is a comparison intervention)</li>\n<li>The study is published in a language other than English and English abstract is not available.</li></ol><p><b><br />Search process</b></p>\n<p>The searches were carried out on 5 - 6 March 2008 and were limited to articles published since 1 January 2007. To identify relevant systematic reviews the information specialist for the library searched the sources listed above using the CAM SL systematic reviews filter, which emphasizes specificity (precision) over sensitivity. <br />More details of search terms and filters used are available <a href=\"http://www.library.nhs.uk/cam/ContactUs.aspx\">by contacting</a> the Library's information specialist.  </p><br /><p><b>Results </b></p>\n<p>The totals number of records retrieved was 473. After removing the duplicates there were 181 to screen. Of these 57 were selected as potential systematic reviews. If any uncertainty existed records were still included in the list. The titles and abstracts of the potential systematic reviews were then screened by the topic editor and categorised by medical specialty, condition or symptom. The final selection includes 24 systematic reviews, health technology assessment (HTA) or economic evaluation (EED) reports with a main focus on acupuncture and 24 reviews, systematic reviews and guidelines covering a range of CAM therapies. </p>\n<p>In addition a search for relevant, large-scale (100 or more participants) randomised controlled trials (RCTs) was carried out. The final selection includes 60 RCTs.</p><br /><p><a href=\"http://www.library.nhs.uk/cam/viewResource.aspx?resid=282828&amp;code=aba96823a3d5df1cf68c29d9bcc0c544\"></a> </p>",
  "resourceType": "Article"
}