{
  "name": "Complementary and Alternative Medicine",
  "title": "Acupuncture evidence update 2008: Neurological disorders",
  "rootDirectory": "/cam",
  "topics": "ACUPUNCTURE,COMPLEMENTARY AND ALTERNATIVE MEDICINE,CONDITIONS M-O,CONDITIONS A-Z,APRIL 2008,NERVOUS SYSTEM DISEASES,DATE ADDED",
  "publicationDate": "2008-04-21T00:00:00",
  "url": "http://www.library.nhs.uk//cam/ViewResource.aspx?resID=283098",
  "id": "283098",
  "publicationType": "Review",
  "publisher": "CAM Specialist Library",
  "description": "111-1Acupuncture evidence update 2008: Neurological disorders<p>The following relevant studies on this topic have been published since 1 January 2007. </p>\n<p><em>These studies have met our selection criteria. Where there is an appraisal available we have linked to it. If there is no appraisal and you wish to appraise the selected studies here is a </em><a href=\"http://www.phru.nhs.uk/Pages/PHD/resources.htm\"><em>link to a list of appraisal tools</em></a><em>.</em></p>\n<p><br /></p>\n<p><strong>General reviews</strong></p>\n<p>Lee H, Park HJ, Park J, Kim MJ, Hong M, Yang J, Choi S, Lee H. Acupuncture application for neurological disorders. Neurological Research. 2007, 29 Suppl 1:S49-54. [<a href=\"http://www.ncbi.nlm.nih.gov/pubmed/17359641?ordinalpos=10&amp;itool=EntrezSystem2.PEntrez.Pubmed.Pubmed_ResultsPanel.Pubmed_RVDocSum\">PubMed abstract</a>] </p>\n<p><strong><br />Bell's palsy</strong></p>\n<p>He L, Zhou MK, Zhou D, Wu B, Li N, Kong SY, Zhang DP, Li QF, Yang J, Zhang X. Acupuncture for Bell's palsy. <i>Cochrane Database of Systematic Reviews</i> 2007, Issue 4. Art. No.: CD002914. DOI: 10.1002/14651858.CD002914.pub3. [<a href=\"http://www.mrw.interscience.wiley.com/cochrane/clsysrev/articles/CD002914/frame.html\">Full text</a>]</p>\n<p><br /><strong>Stroke</strong></p>\n<p>Shiflett SC. Does acupuncture work for stroke rehabilitation: what do recent clinical trials really show? Topics in Stroke Rehabilitation. 2007, 14(4):40-58. [<a href=\"http://www.ncbi.nlm.nih.gov/pubmed/17698457?ordinalpos=2&amp;itool=EntrezSystem2.PEntrez.Pubmed.Pubmed_ResultsPanel.Pubmed_RVDocSum\">PubMed abstract</a>] </p>\n<p><br />Yang ZX, Shi XM. [Systematic evaluation of the therapeutic effect and safety of Xingnao Kaiqiao needling method in treatment of stroke] Zhongguo Zhen Jiu - Chinese Acupuncture &amp; Moxibustion. 2007, 27(8):601-8. [<a href=\"http://www.ncbi.nlm.nih.gov/pubmed/17853761?ordinalpos=11&amp;itool=EntrezSystem2.PEntrez.Pubmed.Pubmed_ResultsPanel.Pubmed_RVDocSum\">PubMed abstract</a>]<br /></p>\n<p> </p>",
  "resourceType": "Article"
}