{
  "name": "Complementary and Alternative Medicine",
  "title": "Acupuncture evidence update 2008: Pain/ Palliative care",
  "rootDirectory": "/cam",
  "topics": "COMPLEMENTARY AND ALTERNATIVE MEDICINE,ACUPUNCTURE,CONDITIONS A-Z,PAIN,CONDITIONS P-R,DATE ADDED,APRIL 2008",
  "publicationDate": "2008-04-21T00:00:00",
  "url": "http://www.library.nhs.uk//cam/ViewResource.aspx?resID=283097",
  "id": "283097",
  "publicationType": "Review",
  "publisher": "CAM Specialist Library",
  "description": "111-1Acupuncture evidence update 2008: Pain/ Palliative care<p>The following relevant studies on this topic have been published since 1 January 2007. </p>\n<p><br /></p>\n<p><em>These studies have met our selection criteria. Where there is an appraisal available we have linked to it. If there is no appraisal and you wish to appraise the selected studies here is a </em><a href=\"http://www.phru.nhs.uk/Pages/PHD/resources.htm\"><em>link to a list of appraisal tools</em></a><em>.</em></p>\n<p><br />Itoh K, Kitakoji H. Acupuncture for chronic pain in Japan: a review. Evidence-based Complementary and Alternative Medicine: eCAM. 2007, 4(4):431-8. [<a href=\"http://ecam.oxfordjournals.org/cgi/content/full/4/4/431\">Full text</a>] </p>\n<p><br />Martinez Pecino F, Sola Arnau I, Betina Nishishinya Aquino M. The efficacy of acupuncture in the management of chronic pain and in palliative care. Seville: Andalusian Agency for Health Technology Assessment (AETSA), 2007. [<a href=\"http://www.juntadeandalucia.es/salud/contenidos/aetsa/pdf/Informe%20Acupuntura%20dolor%20cronico_final.pdf\">Executive summary in English, pp 7-9</a>]<br /></p>",
  "resourceType": "Article"
}