{
  "name": "Complementary and Alternative Medicine",
  "title": "Acupuncture evidence update 2008: Allergies/ ENT",
  "rootDirectory": "/cam",
  "topics": "ACUPUNCTURE,COMPLEMENTARY AND ALTERNATIVE MEDICINE,ALLERGIES,CONDITIONS A-Z,CONDITIONS A-B",
  "publicationDate": "2008-04-21T00:00:00",
  "url": "http://www.library.nhs.uk//cam/ViewResource.aspx?resID=283070",
  "id": "283070",
  "publicationType": "Review",
  "publisher": "CAM Specialist Library",
  "description": "111-1Acupuncture evidence update 2008: Allergies/ ENT<p>The following relevant studies on this topic have been published since 1 January 2007. </p>\n<p><em>These studies have met our selection criteria. Where there is an appraisal available we have linked to it. If there is no appraisal and you wish to appraise the selected studies here is a </em><a href=\"http://www.phru.nhs.uk/Pages/PHD/resources.htm\"><em>link to a list of appraisal tools</em></a><em>.</em></p><br /><p>Roberts J. Acupuncture for allergic rhinitis. Report No. 61. Birmingham: West Midlands Health Technology Assessment Collaboration, Department of Public Health and Epidemiology, University of Birmingham (WMHTAC), 2006. [<a href=\"http://rep.bham.ac.uk/pdfs/2006/Allergic_Rhinitis.pdf\">Full text</a>]</p>",
  "resourceType": "Article"
}