{
  "name": "Complementary and Alternative Medicine",
  "title": "Acupuncture evidence update 2008: Eye diseases",
  "rootDirectory": "/cam",
  "topics": "ACUPUNCTURE,COMPLEMENTARY AND ALTERNATIVE MEDICINE,CONDITIONS F-H,CONDITIONS A-Z,GLAUCOMA,DATE ADDED,APRIL 2008",
  "publicationDate": "2008-04-21T00:00:00",
  "url": "http://www.library.nhs.uk//cam/ViewResource.aspx?resID=283058",
  "id": "283058",
  "publicationType": "Review",
  "publisher": "CAM Specialist Library",
  "description": "111-1Acupuncture evidence update 2008: Eye diseases<p>The following relevant studies on this topic have been published since 1 January 2007. </p>\n<p><em>These studies have met our selection criteria. Where there is an appraisal available we have linked to it. If there is no appraisal and you wish to appraise the selected studies here is a </em><a href=\"http://www.phru.nhs.uk/Pages/PHD/resources.htm\"><em>link to a list of appraisal tools</em></a><em>.</em></p>\n<p><br />Law SK, Li T. Acupuncture for glaucoma. <i>Cochrane Database of Systematic Reviews</i> 2007, Issue 4. Art. No.: CD006030. DOI: 10.1002/14651858.CD006030.pub2. [<a href=\"http://www.mrw.interscience.wiley.com/cochrane/clsysrev/articles/CD006030/frame.html\">Full text</a>]</p>\n<p> </p>",
  "resourceType": "Article"
}