{
  "name": "Complementary and Alternative Medicine",
  "title": "Acupuncture evidence update 2008: RCTs",
  "rootDirectory": "/cam",
  "topics": "COMPLEMENTARY AND ALTERNATIVE MEDICINE,APRIL 2008,DATE ADDED",
  "publicationDate": "2008-04-21T00:00:00",
  "url": "http://www.library.nhs.uk//cam/ViewResource.aspx?resID=283104",
  "id": "283104",
  "publicationType": "Review",
  "publisher": "CAM Specialist Library",
  "description": "111-1Acupuncture evidence update 2008: RCTs<p>The following relevant studies on this topic have been published since 1 January 2007. </p>\n<p><br /></p>\n<p><em>These studies have met our selection criteria. Where there is an appraisal available we have linked to it. If there is no appraisal and you wish to appraise the selected studies here is a </em><a href=\"http://www.phru.nhs.uk/Pages/PHD/resources.htm\"><em>link to a list of appraisal tools</em></a><em>.</em></p>\n<p> </p>\n<p><strong>Randomised Controlled Trials (RCTs)</strong></p>\n<p><br /></p>\n<p>Borud EK, Alraek T, White A, Fonnebo V, Grimsgaard S. The effect of TCM acupuncture on hot flushes among menopausal women (ACUFLASH) study: a study protocol of an ongoing multi-centre randomised controlled clinical trial. <em>BMC Complementary and Alternative Medicine</em>. 2007, 7:6. [<a href=\"http://www.biomedcentral.com/1472-6882/7/6\">Full text</a>]<br /></p>\n<p><br /></p>\n<p>Brinkhaus B, Witt CM, Jena S, Linde K, Streng A, Hummelsberger J, Irnich D, Hammes M, Pach D, Melchart D, Willich SN. Physician and treatment characteristics in a randomised multicentre trial of acupuncture in patients with osteoarthritis of the knee. Complement Ther Med. 2007 Sep;15(3):180-9. [<a href=\"http://www.ncbi.nlm.nih.gov/pubmed/17709063?ordinalpos=1&amp;itool=EntrezSystem2.PEntrez.Pubmed.Pubmed_ResultsPanel.Pubmed_RVDocSum\">PubMed abstract</a>] <br /></p>\n<p><br /></p>\n<p>Chen ZX. [Clinical observation on acupuncture for treatment of allergic rhinitis]. Zhongguo Zhen Jiu. 2007 Aug;27(8):578-80. [<a href=\"http://www.ncbi.nlm.nih.gov/pubmed/17853755?ordinalpos=1&amp;itool=EntrezSystem2.PEntrez.Pubmed.Pubmed_ResultsPanel.Pubmed_RVDocSum\">PubMed abstract</a>]<br /></p>\n<p><br /></p>\n<p>Dibble SL, Luce J, Cooper BA, Israel J, Cohen M, Nussey B, Rugo H. Acupressure for chemotherapy-induced nausea and vomiting: a randomized clinical trial. Oncol Nurs Forum. 2007 Jul;34(4):813-20. [<a href=\"http://www.ncbi.nlm.nih.gov/pubmed/17723973?ordinalpos=2&amp;itool=EntrezSystem2.PEntrez.Pubmed.Pubmed_ResultsPanel.Pubmed_RVDocSum\">PubMed abstract</a>]<br /></p>\n<p><br /></p>\n<p>Dong JP, Sun WY, Wang S, Wu ZQ, Liu F. [Clinical observation on head point-through-point electroacupuncture for treatment of poststroke depression] Zhongguo Zhen Jiu = Chinese acupuncture &amp; moxibustion. 2007 Apr;27(4):241-4. [<a href=\"http://www.ncbi.nlm.nih.gov/pubmed/17585663?ordinalpos=1&amp;itool=EntrezSystem2.PEntrez.Pubmed.Pubmed_ResultsPanel.Pubmed_RVDocSum\">PubMed abstract</a>]</p>\n<p><br /></p>\n<p>Eisenberg DM, Post DE, Davis RB, Connelly MT, Legedza AT, Hrbek AL, Prosser LA, Buring JE, Inui TS, Cherkin DC. Addition of choice of complementary therapies to usual care for acute low back pain: a randomized controlled trial. Spine. 2007 Jan 15;32(2):151-8. [<a href=\"http://www.ncbi.nlm.nih.gov/pubmed/17224808?ordinalpos=2&amp;itool=EntrezSystem2.PEntrez.Pubmed.Pubmed_ResultsPanel.Pubmed_RVDocSum\">PubMed abstract</a>]<br /></p>\n<p><br /></p>\n<p>Endres HG, Victor N, Haake M, Witte S, Streitberger K, Zenz M. Acupuncture for the treatment of chronic knee and back pain. Deutsches Arzteblatt Ausg A. 2007, 104(3):123-30. [<a href=\"http://www.mrw.interscience.wiley.com/cochrane/clcentral/articles/709/CN-00592709/frame.html\">Abstract]</a><br /></p>\n<p><br /></p>\n<p>Flachskampf FA, Gallasch J, Gefeller O, Gan J, Mao J, Pfahlberg AB, Wortmann A, Klinghammer L, Pflederer W, Daniel WG. Randomized trial of acupuncture to lower blood pressure. Circulation. 2007 Jun 19;115(24):3121-9. [<a href=\"http://circ.ahajournals.org/cgi/content/full/115/24/3121\">Full text</a>]<br /></p>\n<p><br /></p>\n<p>Foster NE, Thomas E, Barlas P, Hill JC, Young J, Mason E, Hay EM. Acupuncture as an adjunct to exercise based physiotherapy for osteoarthritis of the knee: randomised controlled trial. BMJ. 2007, 335(7617):436. [<a href=\"http://www.bmj.com/cgi/content/full/335/7617/436\">Full text</a>]<br /></p>\n<p><br /></p>\n<p>Gao F, Wu W, Wang B. [Observation on the therapeutic effect of acupoint sticking therapy for prevention of acute attack of chronic bronchitis]. Zhongguo Zhen Jiu = Chinese acupuncture &amp; moxibustion. 2007 Sep;27(9):645-8. [<a href=\"http://www.ncbi.nlm.nih.gov/pubmed/17926613?ordinalpos=2&amp;itool=EntrezSystem2.PEntrez.Pubmed.Pubmed_ResultsPanel.Pubmed_RVDocSum\">PubMed abstract</a>]<br /></p>\n<p><br /></p>\n<p>Gao XY, Wei YL, Shao SJ, Li XR, Zhang HJ, Wang J, Ma QL, Zhao XJ, Sun WX, Wang XM. [Multiple central clinical studies on the needling method for regulating wei and strengthening brain for treatment of insomnia] Zhongguo Zhen Jiu = Chinese acupuncture &amp; moxibustion. 2007 Aug;27(8):623-5. [<a href=\"http://www.ncbi.nlm.nih.gov/pubmed/17853766?ordinalpos=1&amp;itool=EntrezSystem2.PEntrez.Pubmed.Pubmed_ResultsPanel.Pubmed_RVDocSum\">PubMed abstract</a>]<br /></p>\n<p><br /></p>\n<p>Guo CQ, Rui N, Liu YG, Liu YX, Sha Y, Ma GH. [Multi-central randomized controlled observation on clinical therapeutic effect of the new Bian-stone therapy on scapulohumeral periarthritis]. Zhongguo Zhen Jiu = Chinese acupuncture &amp; moxibustion. 2007 Sep;27(9):633-7. [<a href=\"http://www.ncbi.nlm.nih.gov/pubmed/17926610?ordinalpos=2&amp;itool=EntrezSystem2.PEntrez.Pubmed.Pubmed_ResultsPanel.Pubmed_RVDocSum\">PubMed abstract</a>]<br /></p>\n<p><br />***Haake M, Müller HH, Schade-Brittinger C, Basler HD, Schäfer H, Maier C, Endres HG, Trampisch HJ, Molsberger A.German Acupuncture Trials (GERAC) for chronic low back pain: randomized, multicenter, blinded, parallel-group trial with 3 groups. Archives of Internal Medicine. 2007 Sep 24;167(17):1892-8. [<a href=\"http://www.ncbi.nlm.nih.gov/pubmed/17893311?ordinalpos=2&amp;itool=EntrezSystem2.PEntrez.Pubmed.Pubmed_ResultsPanel.Pubmed_RVDocSum\">PubMed abstract</a>]<br /></p>\n<p><br />Hantoushzadeh S, Alhusseini N, Lebaschi AH. The effects of acupuncture during labour on nulliparous women: a randomised controlled trial. The Australian &amp; New Zealand Journal of Obstetrics &amp; Gynaecology. 2007 Feb;47(1):26-30. [<a href=\"http://www.ncbi.nlm.nih.gov/pubmed/17261096?ordinalpos=5&amp;itool=EntrezSystem2.PEntrez.Pubmed.Pubmed_ResultsPanel.Pubmed_RVDocSum\">PubMed abstract</a>]<br /></p>\n<p><br />He J, Shen PF. [Clinical study on the therapeutic effect of acupuncture in the treatment of post-stroke depression]. Zhen Ci Yan Jiu = Acupuncture research. 2007 Feb;32(1):58-61. [<a href=\"http://www.ncbi.nlm.nih.gov/pubmed/17580443?ordinalpos=6&amp;itool=EntrezSystem2.PEntrez.Pubmed.Pubmed_ResultsPanel.Pubmed_RVDocSum\">PubMed abstract</a>]</p>\n<p><br />Jia CS, Shi J, Ma XS, Zhang XJ, Wang YM, Yuan J, Li YF, Li M, Zheng LX, Gao JY. [Study on the therapeutic effect of electroacupuncture on migraine and influencing factors] Zhongguo Zhen Jiu = Chinese acupuncture &amp; moxibustion. 2007 Aug;27(8):557-61. [<a href=\"http://www.ncbi.nlm.nih.gov/pubmed/17853749?ordinalpos=1&amp;itool=EntrezSystem2.PEntrez.Pubmed.Pubmed_ResultsPanel.Pubmed_RVDocSum\">PubMed abstract</a>]</p>\n<p><br />Jing B, Bao-dong L, Zhi-yong W, Wei-bin G, Wang LC.[The role of different needling manipulation in adjusting swallow-period obstacle of dysphagia after stroke]Zhongguo Zhen Jiu = Chinese acupuncture &amp; moxibustion. 2007 Jan;27(1):35-7. [<a href=\"http://www.ncbi.nlm.nih.gov/pubmed/17378201?ordinalpos=3&amp;itool=EntrezSystem2.PEntrez.Pubmed.Pubmed_ResultsPanel.Pubmed_RVDocSum\">PubMed abstract</a>]</p>\n<p><br />Kvist LJ, Hall-Lord ML, Rydhstroem H, Larsson BW. A randomised-controlled trial in Sweden of acupuncture and care interventions for the relief of inflammatory symptoms of the breast during lactation. Midwifery. 2007 Jun;23(2):184-95. [<a href=\"http://www.ncbi.nlm.nih.gov/pubmed/17052823?ordinalpos=3&amp;itool=EntrezSystem2.PEntrez.Pubmed.Pubmed_ResultsPanel.Pubmed_RVDocSum\">PubMed abstract</a>]<br /></p>\n<p><br />Li YM, Zhuang LX, Lai XS, Jiang GH. [Effects of electroacupuncture on plasma vasoactive intestinal peptide and substance P in perennial allergic rhinitis patients]. Zhen Ci Yan Jiu = Acupuncture research. 2007 Apr;32(2):136-8. [<a href=\"http://www.ncbi.nlm.nih.gov/pubmed/17650661?ordinalpos=7&amp;itool=EntrezSystem2.PEntrez.Pubmed.Pubmed_ResultsPanel.Pubmed_RVDocSum\">PubMed abstract</a>]</p>\n<p><br />Liao BN, Zhang S, Zhang LM. [Clinical observation on \"Jianying point\"-injection combined with massage for treatment of periarthritis of shoulder]. Zhongguo Zhen Jiu = Chinese acupuncture &amp; moxibustion. 2007 Apr;27(4):261-3. [<a href=\"http://www.ncbi.nlm.nih.gov/pubmed/17585669?ordinalpos=1&amp;itool=EntrezSystem2.PEntrez.Pubmed.Pubmed_ResultsPanel.Pubmed_RVDocSum\">PubMed abstract</a>]</p>\n<p><br />Lin Q, Hu YL, Han CW, Li Y. [Eye acupuncture for treatment of renal and ureteral colic]. Zhongguo Zhen Jiu = Chinese acupuncture &amp; moxibustion. 2007 Sep;27(9):663-4. [<a href=\"http://www.ncbi.nlm.nih.gov/pubmed/17926618?ordinalpos=4&amp;itool=EntrezSystem2.PEntrez.Pubmed.Pubmed_ResultsPanel.Pubmed_RVDocSum\">PubMed abstract</a>]</p>\n<p><br />Linde K, Streng A, Hoppe A, Weidenhammer W, Wagenpfeil S, Melchart D. Randomized trial vs. observational study of acupuncture for migraine found that patient characteristics differed but outcomes were similar. Journal of Clinical Epidemiology. 2007 Mar;60(3):280-7. [<a href=\"http://www.ncbi.nlm.nih.gov/pubmed/17292022?ordinalpos=1&amp;itool=EntrezSystem2.PEntrez.Pubmed.Pubmed_ResultsPanel.Pubmed_RVDocSum\">PubMed abstract</a>]</p>\n<p><br />Linde K, Witt CM, Streng A, Weidenhammer W, Wagenpfeil S, Brinkhaus B, Willich SN, Melchart D. The impact of patient expectations on outcomes in four randomized controlled trials of acupuncture in patients with chronic pain. Pain. 2007 Apr;128(3):264-71. [<a href=\"http://www.ncbi.nlm.nih.gov/pubmed/17257756?ordinalpos=1&amp;itool=EntrezSystem2.PEntrez.Pubmed.Pubmed_ResultsPanel.Pubmed_RVDocSum\">PubMed abstract</a>]</p>\n<p><br />Liu ZB, Niu WM. [Observation on therapeutic effect of puncturing with needles in alignment at the hairline region on vascular dementia] Zhongguo Zhen Jiu = Chinese acupuncture &amp; moxibustion. 2007 Jun;27(6):412-4. [<a href=\"http://www.ncbi.nlm.nih.gov/pubmed/17663102?ordinalpos=2&amp;itool=EntrezSystem2.PEntrez.Pubmed.Pubmed_ResultsPanel.Pubmed_RVDocSum\">PubMed abstract</a>]</p>\n<p><br />Liu ZH, Qi YC, Pan PG, Ma MM, Qian XG, Fu WJ, Zhang HY. [Effect of acupuncture-moxibustion combined with nerve growth factor on compensation of cerebral function in the children of cerebral palsy] Zhongguo Zhen Jiu = Chinese acupuncture &amp; moxibustion. 2007 Aug;27(8):565-8. [<a href=\"http://www.ncbi.nlm.nih.gov/pubmed/17853751?ordinalpos=12&amp;itool=EntrezSystem2.PEntrez.Pubmed.Pubmed_ResultsPanel.Pubmed_RVDocSum\">PubMed abstract</a>]</p>\n<p><br />Mehling WE, Jacobs B, Acree M, Wilson L, Bostrom A, West J, Acquah J, Burns B, Chapman J, Hecht FM. Symptom management with massage and acupuncture in postoperative cancer patients: a randomized controlled trial. Journal of Pain and Symptom Management. 2007 Mar;33(3):258-66. [<a href=\"http://www.ncbi.nlm.nih.gov/pubmed/17349495?ordinalpos=3&amp;itool=EntrezSystem2.PEntrez.Pubmed.Pubmed_ResultsPanel.Pubmed_RVDocSum\">PubMed abstract</a>]</p>\n<p><br />Michalek-Sauberer A, Heinzl H, Sator-Katzenschlager SM, Monov G, Knolle E, Kress HG. Perioperative auricular electroacupuncture has no effect on pain and analgesic consumption after third molar tooth extraction. Anesthesia and Analgesia. 2007 Mar;104(3):542-7. [<a href=\"http://www.anesthesia-analgesia.org/cgi/content/full/104/3/542\">Full text</a>]<br /></p>\n<p><br />Mora B, Iannuzzi M, Lang T, Steinlechner B, Barker R, Dobrovits M, Wimmer C, Kober A. Auricular acupressure as a treatment for anxiety before extracorporeal shock wave lithotripsy in the elderly. The Journal of Urology. 2007 Jul;178(1):160-4. [<a href=\"http://www.ncbi.nlm.nih.gov/pubmed/17499304?ordinalpos=4&amp;itool=EntrezSystem2.PEntrez.Pubmed.Pubmed_ResultsPanel.Pubmed_RVDocSum\">PubMed abstract</a>]</p>\n<p><br />Mu JP, Cheng JM, Ao JB, Yang DR, Zhao DG, Gao M, Li YE. [Multiple central clinical test of electroacupuncture at Jiaji (EX-B 2) combined with laser needle-knife for treatment of lumbar disc herniation] Zhongguo Zhen Jiu = Chinese acupuncture &amp; moxibustion. 2007 Aug;27(8):553-6. [<a href=\"http://www.ncbi.nlm.nih.gov/pubmed/17853748?ordinalpos=1&amp;itool=EntrezSystem2.PEntrez.Pubmed.Pubmed_ResultsPanel.Pubmed_RVDocSum\">PubMed abstract</a>]</p>\n<p><br />Niu HY, Yang M, Qiang BQ, Guo QJ, Yang ZG. [Multicentral randomized controlled trials of acupuncture at Zhongwan (CV 12) for treatment of peptic ulcer] Zhongguo Zhen Jiu = Chinese acupuncture &amp; moxibustion. 2007 Feb;27(2):89-92. [<a href=\"http://www.ncbi.nlm.nih.gov/pubmed/17370486?ordinalpos=1&amp;itool=EntrezSystem2.PEntrez.Pubmed.Pubmed_ResultsPanel.Pubmed_RVDocSum\">PubMed abstract</a>] </p>\n<p><br />Qin ZY, Ling H, Xia XH, Meng L, Wu ZJ. [Effects of electroacupuncture of Sanyinjiao (SP 6) on genito-endocrine in patients with perimenopausal syndrome] Zhen Ci Yan Jiu = Acupuncture research . 2007 Aug;32(4):255-9. [<a href=\"http://www.ncbi.nlm.nih.gov/pubmed/17907389?ordinalpos=7&amp;itool=EntrezSystem2.PEntrez.Pubmed.Pubmed_ResultsPanel.Pubmed_RVDocSum\">PubMed abstract</a>] </p>\n<p><br />Song YH. [Observation on therapeutic effects of combined acupuncture and medicine therapy and simple medication on renal hypertension of chronic kidney disease] Zhongguo Zhen Jiu = Chinese acupuncture &amp; moxibustion. 2007 Sep;27(9):641-4. [<a href=\"http://www.ncbi.nlm.nih.gov/pubmed/17926612?ordinalpos=7&amp;itool=EntrezSystem2.PEntrez.Pubmed.Pubmed_ResultsPanel.Pubmed_RVDocSum\">PubMed abstract</a>] </p>\n<p><br />Turgut S, Ozalp G, Dikmen S, Savli S, Tuncel G, Kadiogullari N. Acupressure for postoperative nausea and vomiting in gynaecological patients receiving patient-controlled analgesia. European Journal of Anaesthesiology. 2007 Jan;24(1):87-91. [<a href=\"http://www.ncbi.nlm.nih.gov/pubmed/16895618?ordinalpos=2&amp;itool=EntrezSystem2.PEntrez.Pubmed.Pubmed_ResultsPanel.Pubmed_RVDocSum\">PubMed abstract</a>] </p>\n<p><br />Usichenko TI, Kuchling S, Witstruck T, Pavlovic D, Zach M, Hofer A, Merk H, Lehmann C, Wendt M. Auricular acupuncture for pain relief after ambulatory knee surgery: a randomized trial. CMAJ : Canadian Medical Association Journal = Journal de l'Association medicale canadienne. 2007 Jan 16;176(2):179-83. [<a href=\"http://www.cmaj.ca/cgi/content/full/176/2/179\">Full text</a>] </p>\n<p><br />Vincent A, Barton DL, Mandrekar JN, Cha SS, Zais T, Wahner-Roedler DL, Keppler MA, Kreitzer MJ, Loprinzi C. Acupuncture for hot flashes: a randomized, sham-controlled clinical study. Menopause. 2007 Jan-Feb;14(1):45-52. [<a href=\"http://www.ncbi.nlm.nih.gov/pubmed/17019380?ordinalpos=16&amp;itool=EntrezSystem2.PEntrez.Pubmed.Pubmed_ResultsPanel.Pubmed_RVDocSum\">PubMed abstract</a>] </p>\n<p><br />Wang HC, An JM, Han Y, Huang LN, Zhao JW, Wei LX, Dong L, Zhai GR, Li XP, Yang AJ, Gu M. [Multicentral randomized controlled studies on acupuncture at Shaoze (SI 1) for treatment of postpartum hypolactation]. Zhongguo Zhen Jiu = Chinese acupuncture &amp; moxibustion. 2007 Feb;27(2):85-8. [<a href=\"http://www.ncbi.nlm.nih.gov/pubmed/17370485?ordinalpos=67&amp;itool=EntrezSystem2.PEntrez.Pubmed.Pubmed_ResultsPanel.Pubmed_RVDocSum\">PubMed abstract</a>] </p>\n<p><br />Wang LP, Zhou W, Wang Y. [Assessment and investigation of therapeutic effects of different needling methods for treatment of spastic state of post-cerebrovascular disease] Zhongguo Zhen Jiu = Chinese acupuncture &amp; moxibustion. 2007 May;27(5):325-8. [<a href=\"http://www.ncbi.nlm.nih.gov/pubmed/17645251?ordinalpos=27&amp;itool=EntrezSystem2.PEntrez.Pubmed.Pubmed_ResultsPanel.Pubmed_RVDocSum\">PubMed abstract</a>] </p>\n<p><br />Wang XL, Huang HY. [Observation on therapeutic effect of long-time needle retention at Baihui (GV 20) on vertebroarterial cervical spondylopathy] Zhongguo Zhen Jiu = Chinese acupuncture &amp; moxibustion. 2007 Jun;27(6):415-6. [<a href=\"http://www.ncbi.nlm.nih.gov/pubmed/17663103?ordinalpos=1&amp;itool=EntrezSystem2.PEntrez.Pubmed.Pubmed_ResultsPanel.Pubmed_RVDocSum\">PubMed abstract</a>] </p>\n<p><br />Wang XY. [Effects of the improved acupoints and rehabilitation exercise on locomotor ability of the upper limbs and ability of daily life in the patient of cerebral infarction] Zhongguo Zhen Jiu = Chinese acupuncture &amp; moxibustion. 2007 Mar;27(3):179-81. [<a href=\"http://www.ncbi.nlm.nih.gov/pubmed/17432642?ordinalpos=1&amp;itool=EntrezSystem2.PEntrez.Pubmed.Pubmed_ResultsPanel.Pubmed_RVDocSum\">PubMed abstract</a>] </p>\n<p><br /></p>\nWang ZL, Chen LF, Zhu WM. [Observation on the transient analgesic effect of abdominal acupuncture TENS on pain of neck, shoulder, loin and legs] Zhongguo Zhen Jiu = Chinese acupuncture &amp; moxibustion. 2007 Sep;27(9):657-9. [<a href=\"http://www.ncbi.nlm.nih.gov/pubmed/17926616?ordinalpos=3&amp;itool=EntrezSystem2.PEntrez.Pubmed.Pubmed_ResultsPanel.Pubmed_RVDocSum\">PubMed abstract</a>] \n<p><br />***Weidenhammer W, Linde K, Streng A, Hoppe A, Melchart D. Acupuncture for chronic low back pain in routine care: a multicenter observational study. Clinical Journal of Pain. 2007, 23(2):128-35. [<a href=\"http://www.ncbi.nlm.nih.gov/pubmed/17237661?ordinalpos=1&amp;itool=EntrezSystem2.PEntrez.Pubmed.Pubmed_ResultsPanel.Pubmed_RVDocSum\">PubMed abstract</a>]<br /></p>\n<p><br />Wen-dong Q, Wen-jun L, Shu-zhong G. [Effects of precondition of acupoint embedding thread on-enterokinesia and lactation in the postcesarean parturient] Zhongguo Zhen Jiu = Chinese acupuncture &amp; moxibustion. 2007 Jun;27(6):417-20. [<a href=\"http://www.ncbi.nlm.nih.gov/pubmed/17663104?ordinalpos=2&amp;itool=EntrezSystem2.PEntrez.Pubmed.Pubmed_ResultsPanel.Pubmed_RVDocSum\">PubMed abstract</a>]</p>\n<p><br />***Williamson L, Wyatt MR, Yein K, Melton JT. Severe knee osteoarthritis: a randomized controlled trial of acupuncture, physiotherapy (supervised exercise) and standard management for patients awaiting knee replacement. Rheumatology (Oxford). 2007, 46(9):1445-9. [<a href=\"http://rheumatology.oxfordjournals.org/cgi/content/full/46/9/1445\">Full text</a>]<br /></p>\n<p><br />Wu M, Li Z, Yu JE, Lu WW, Ni JX, Xia YL. Multi-centered clinical study on effects of nano-amomi paste in treating children's anorexia. Chinese Journal of Integrative Medicine. 2007 Mar;13(1):55-8. [<a href=\"http://www.ncbi.nlm.nih.gov/pubmed/17578320?ordinalpos=1&amp;itool=EntrezSystem2.PEntrez.Pubmed.Pubmed_ResultsPanel.Pubmed_RVDocSum\">PubMed abstract</a>] </p>\n<p><br />Wu MQ. [Clinical observation on selection of acupoints on the same nerve segment for treatment of prolapxe of lumber intervertebral disc] Zhongguo Zhen Jiu = Chinese acupuncture &amp; moxibustion. 2007 Jul;27(7):497-9. [<a href=\"http://www.ncbi.nlm.nih.gov/pubmed/17722827?ordinalpos=1&amp;itool=EntrezSystem2.PEntrez.Pubmed.Pubmed_ResultsPanel.Pubmed_RVDocSum\">PubMed abstract</a>] </p>\n<p><br />Wu TP, Chen FP, Liu JY, Lin MH, Hwang SJ.A randomized controlled clinical trial of auricular acupuncture in smoking cessation. Journal of the Chinese Medical Association : JCMA. 2007 Aug;70(8):331-8. [<a href=\"http://www.ncbi.nlm.nih.gov/pubmed/17698433?ordinalpos=2&amp;itool=EntrezSystem2.PEntrez.Pubmed.Pubmed_ResultsPanel.Pubmed_RVDocSum\">PubMed abstract</a>] </p>\n<p><br />Xiao L, Jiang GL, Zhao JG, Wang LX, Xing J, Li JJ, Yang ZX. [Clinical observation on effects of acupuncture at Dazhui (GV 14) for abating fever of common cold] Zhongguo Zhen Jiu = Chinese acupuncture &amp; moxibustion. 2007 Mar;27(3):169-72. [<a href=\"http://www.ncbi.nlm.nih.gov/pubmed/17432639?ordinalpos=1&amp;itool=EntrezSystem2.PEntrez.Pubmed.Pubmed_ResultsPanel.Pubmed_RVDocSum\">PubMed abstract</a>] </p>\n<p><br />Xue PW. [Clinical observation on deeply needling Ciliao (BL 32) for treatment of prolapse of lumbar intervertebral disc] Zhongguo Zhen Jiu = Chinese acupuncture &amp; moxibustion. 2007 Mar;27(3):182-4. [<a href=\"http://www.ncbi.nlm.nih.gov/pubmed/17432643?ordinalpos=3&amp;itool=EntrezSystem2.PEntrez.Pubmed.Pubmed_ResultsPanel.Pubmed_RVDocSum\">PubMed abstract</a>] </p>\n<p><br />Xue WH, Ding M, Su XC, Wang YJ, Tan HW. [Clinical observation on warming needle moxibustion plus exercise for treatment of temporomandibular joint dysfunction syndrome] Zhongguo Zhen Jiu = Chinese acupuncture &amp; moxibustion. 2007 May;27(5):322-4. [<a href=\"http://www.ncbi.nlm.nih.gov/pubmed/17645250?ordinalpos=1&amp;itool=EntrezSystem2.PEntrez.Pubmed.Pubmed_ResultsPanel.Pubmed_RVDocSum\">PubMed abstract</a>]</p>\n<p><br />Yao-chi W, Bi-meng Z, Chong-miao W, Jun-feng Z, Ping S, Liu GZ. [Observation on short-term and long-term therapeutic effects of electroacupuncture at Houxi (SI 3) on acute lumbar sprain] Zhongguo Zhen Jiu = Chinese acupuncture &amp; moxibustion. 2007 Jan;27(1):3-5. [<a href=\"http://www.ncbi.nlm.nih.gov/pubmed/17378192?ordinalpos=89&amp;itool=EntrezSystem2.PEntrez.Pubmed.Pubmed_ResultsPanel.Pubmed_RVDocSum\">PubMed abstract</a>] </p>\n<p><br />Yuan SY, Lun X, Liu DS, Qin Z, Chen WT. [Acupoint-injection of BCG polysaccharide nuclear acid for treatment of condyloma acuminatum and its immunoregulatory action on the patient]. Zhongguo Zhen Jiu = Chinese acupuncture &amp; moxibustion. 2007 Jun;27(6):407-11. [<a href=\"http://www.ncbi.nlm.nih.gov/pubmed/17663101?ordinalpos=10&amp;itool=EntrezSystem2.PEntrez.Pubmed.Pubmed_ResultsPanel.Pubmed_RVDocSum\">PubMed abstract</a>]</p>\n<p><br />Zaborowska E, Brynhildsen J, Damberg S, Fredriksson M, Lindh-Astrand L, Nedstrand E, Wyon Y, Hammar M. Effects of acupuncture, applied relaxation, estrogens and placebo on hot flushes in postmenopausal women: an analysis of two prospective, parallel, randomized studies. Climacteric. 2007 Feb;10(1):38-45. [<a href=\"http://www.ncbi.nlm.nih.gov/pubmed/17364603?ordinalpos=3&amp;itool=EntrezSystem2.PEntrez.Pubmed.Pubmed_ResultsPanel.Pubmed_RVDocSum\">PubMed abstract</a>]</p>\n<p><br />Zhang HL, Zhang FM, Fan XF, Zeng Y. [Acupuncture at 7:00 a.m.-11:00 a.m. division for treatment of stroke] Zhongguo Zhen Jiu = Chinese acupuncture &amp; moxibustion. 2007 Sep;27(9):665-7. [<a href=\"http://www.ncbi.nlm.nih.gov/pubmed/17926619?ordinalpos=65&amp;itool=EntrezSystem2.PEntrez.Pubmed.Pubmed_ResultsPanel.Pubmed_RVDocSum\">PubMed abstract</a>]</p>\n<p><br />Zhang Y, Chen F, Wu S. [Clinical observation on O3 acupoint injection for treatment of low back pain] Zhongguo Zhen Jiu = Chinese acupuncture &amp; moxibustion. 2007 Feb;27(2):115-6. [<a href=\"http://www.ncbi.nlm.nih.gov/pubmed/17370494?ordinalpos=8&amp;itool=EntrezSystem2.PEntrez.Pubmed.Pubmed_ResultsPanel.Pubmed_RVDocSum\">PubMed abstract</a>]</p>\n<p><br />Zhao YL, Zhao JW, Wang H. [Sequential acupuncture method for treatment of apoplexy hemiplegia and its effects on plasma ET-1 and NO levels] Zhongguo Zhen Jiu = Chinese acupuncture &amp; moxibustion. 2007 Apr;27(4):237-40. [<a href=\"http://www.ncbi.nlm.nih.gov/pubmed/17585662?ordinalpos=2&amp;itool=EntrezSystem2.PEntrez.Pubmed.Pubmed_ResultsPanel.Pubmed_RVDocSum\">PubMed abstract</a>]</p>\n<p><br />Zhi LX. [Randomized controlled study on superficial needling for treatment of primary dysmenorrhea] Zhongguo Zhen Jiu = Chinese acupuncture &amp; moxibustion. 2007 Jan;27(1):18-21. [<a href=\"http://www.ncbi.nlm.nih.gov/pubmed/17378197?ordinalpos=8&amp;itool=EntrezSystem2.PEntrez.Pubmed.Pubmed_ResultsPanel.Pubmed_RVDocSum\">PubMed abstract</a>]</p>\n<p><br />Zhou CS, Kong DQ, Han ZY. [Clinical observation on acupoint injection of VitB12 for treatment of trigeminal neuralgia] Zhongguo Zhen Jiu = Chinese acupuncture &amp; moxibustion. 2007 Sep;27(9):668-70. [<a href=\"http://www.ncbi.nlm.nih.gov/pubmed/17926620?ordinalpos=9&amp;itool=EntrezSystem2.PEntrez.Pubmed.Pubmed_ResultsPanel.Pubmed_RVDocSum\">PubMed abstract</a>] </p>\n<p><br />Zhou JW, Li J, Li N, Zhang F, Hu LX, Zhao JJ, Zhang Y, Wang CW. [Transient analgesic effect of electroacupuncture at Taiyang (EX-HN 5) for treatment of migraine with hyperactivity of the liver-yang] Zhongguo Zhen Jiu = Chinese acupuncture &amp; moxibustion. 2007 Mar;27(3):159-63. [<a href=\"http://www.ncbi.nlm.nih.gov/pubmed/17432637?ordinalpos=1&amp;itool=EntrezSystem2.PEntrez.Pubmed.Pubmed_ResultsPanel.Pubmed_RVDocSum\">PubMed abstract</a>]</p>\n<p><br />Zhou LY, Zhang XM, Li ZJ, Dong L, Zhang WL, Wang L, Li J, Teng Y, Wang J, Fu SY, Cui H, Wang DS, Kuang HY. [Observation on therapeutic effect of eye-needling combined with medication for treatment of ophthalmoplegia] Zhongguo Zhen Jiu = Chinese acupuncture &amp; moxibustion. 2007 Mar;27(3):165-8. [<a href=\"http://www.ncbi.nlm.nih.gov/pubmed/17432638?ordinalpos=2&amp;itool=EntrezSystem2.PEntrez.Pubmed.Pubmed_ResultsPanel.Pubmed_RVDocSum\">PubMed abstract</a>]</p>\n<p><br />Zhuang LX, Zhao MH, Yang JJ, Deng QP. [A study on the time-effect relationship in the treatment of bronchial asthma with medicinal vesiculation therapy] Zhen Ci Yan Jiu Acupuncture Research. 2007 Feb;32(1):53-7. [<a href=\"http://www.ncbi.nlm.nih.gov/pubmed/17580442?ordinalpos=2&amp;itool=EntrezSystem2.PEntrez.Pubmed.Pubmed_ResultsPanel.Pubmed_RVDocSum\">PubMed abstract</a>]</p>\n<p><br />***<em>Editor's picks</em></p>",
  "resourceType": "Article"
}