{
  "name": "Complementary and Alternative Medicine",
  "title": "Acupuncture evidence update 2008: Virus infections",
  "rootDirectory": "/cam",
  "topics": "COMPLEMENTARY AND ALTERNATIVE MEDICINE,ACUPUNCTURE,CONDITIONS A-Z,CONDITIONS T-Z,VIRUS DISEASES,DATE ADDED,APRIL 2008",
  "publicationDate": "2008-04-21T00:00:00",
  "url": "http://www.library.nhs.uk//cam/ViewResource.aspx?resID=283100",
  "id": "283100",
  "publicationType": "Review",
  "publisher": "CAM Specialist Library",
  "description": "111-1Acupuncture evidence update 2008: Virus infections<p>The following relevant studies on this topic have been published since 1 January 2007. </p>\n<p><em>These studies have met our selection criteria. Where there is an appraisal available we have linked to it. If there is no appraisal and you wish to appraise the selected studies here is a </em><a href=\"http://www.phru.nhs.uk/Pages/PHD/resources.htm\"><em>link to a list of appraisal tools</em></a><em>.</em></p>\n<p> <br />Yu XM, Zhu GM, Chen YL, Fang M, Chen YN. [Systematic assessment of acupuncture for treatment of herpes zoster in domestic clinical studies] Zhongguo Zhen Jiu - Chinese Acupuncture &amp; Moxibustion. 2007, 27(7):536-40. [<a href=\"http://www.ncbi.nlm.nih.gov/pubmed/17722838?ordinalpos=4&amp;itool=EntrezSystem2.PEntrez.Pubmed.Pubmed_ResultsPanel.Pubmed_RVDocSum\">PubMed abstract</a>] <br /></p>",
  "resourceType": "Article"
}