{
  "name": "Complementary and Alternative Medicine",
  "title": "Acupuncture evidence update 2008: Women’s health/ Pregnancy and childbirth",
  "rootDirectory": "/cam",
  "topics": "ACUPUNCTURE,COMPLEMENTARY AND ALTERNATIVE MEDICINE,CONDITIONS P-R,PREGNANCY,CONDITIONS A-Z,APRIL 2008,DATE ADDED",
  "publicationDate": "2008-04-21T00:00:00",
  "url": "http://www.library.nhs.uk//cam/ViewResource.aspx?resID=283102",
  "id": "283102",
  "publicationType": "Review",
  "publisher": "CAM Specialist Library",
  "description": "111-1Acupuncture evidence update 2008: Women’s health/ Pregnancy and childbirth<p>The following relevant studies on this topic have been published since 1 January 2007. </p>\n<p><br /></p>\n<p><em>These studies have met our selection criteria. Where there is an appraisal available we have linked to it. If there is no appraisal and you wish to appraise the selected studies here is a </em><a href=\"http://www.phru.nhs.uk/Pages/PHD/resources.htm\"><em>link to a list of appraisal tools</em></a><em>.</em></p>\n<p><br />Anderson BJ, Haimovici F, Ginsburg ES, Schust DJ, Wayne PM. In vitro fertilization and acupuncture: clinical efficacy and mechanistic basis. Alternative Therapies in Health and Medicine. 2007, 13(3):38-48. [<a href=\"http://www.ncbi.nlm.nih.gov/pubmed/17515023?ordinalpos=6&amp;itool=EntrezSystem2.PEntrez.Pubmed.Pubmed_ResultsPanel.Pubmed_RVDocSum\">PubMed abstract</a>]</p>\n<p><br />***Manheimer E, Zhang G, Udoff L, Haramati A, Langenberg P, Berman BM, Bouter LM. Effects of acupuncture on rates of pregnancy and live birth among women undergoing in vitro fertilisation: systematic review and meta-analysis. BMJ. 2008, 336(7643):545-9. [<a href=\"http://www.bmj.com/cgi/content/full/336/7643/545\">Full text</a>]</p>\n<p><br />***<em>Editor's pick</em> </p>",
  "resourceType": "Article"
}