{
  "name": "Complementary and Alternative Medicine",
  "title": "Annual evidence update on CAM for asthma 2008",
  "rootDirectory": "/cam",
  "topics": "RESPIRATORY,STAFF USE,ASTHMA,COMPLEMENTARY AND ALTERNATIVE MEDICINE,CONDITIONS A-Z,ASTHMA,CONDITIONS A-B,DATE ADDED,KNOWLEDGE UPDATES,APRIL 2008,NKW ASTHMA,2008",
  "publicationDate": "2008-05-05T00:00:00",
  "url": "http://www.library.nhs.uk//cam/ViewResource.aspx?resID=283492",
  "id": "283492",
  "publicationType": "Review",
  "publisher": "CAM Specialist Library",
  "description": "111-1Annual evidence update on CAM for asthma 2008<p><b></b></p><br /><p><img height=\"102\" alt=\"Asthma ©iStockphoto\" src=\"https://rmsadmin.library.nhs.uk/libraryImages/Complementary%20and%20Alternative%20Medicine/contentID283492/nelhImp_0001_Asthma1155.jpg\" width=\"155\" /></p><br /><p><b></b> </p>\n<p><b>Introduction</b></p><br /><p>The evidence update on CAM for asthma aims to identify, organise and present the latest information on this topic. We have searched a large number of databases for studies published or updated since January 2006. Previously published studies are addressed in sections 3.4 - 3.6 of the <a href=\"http://www.sign.ac.uk/guidelines/fulltext/101/index.html\">British Guideline on the Management of Asthma</a> or can be found in the <a href=\"http://www.library.nhs.uk/cam/SearchResults.aspx?catID=10907&amp;searchText=&amp;sort=PUBLICATION_DATE&amp;resultsPerPage=10&amp;summaries=true\">Library's collection</a>.  </p>\n<p>For more details about our methods, please see the <a href=\"http://www.library.nhs.uk/cam/viewResource.aspx?resid=283561&amp;code=c84e23d562d675c0070a146b09f8c4ab\">methodology section</a> and for further information on asthma see the relevant pages from the <a href=\"http://www.library.nhs.uk/respiratory/\">Respiratory Specialist Library</a>.</p><br /><p><b>Contents</b></p><br /><a href=\"http://www.library.nhs.uk/cam/viewResource.aspx?resid=284174&amp;code=8138cbc40d378571e68f29bad79c12b3\">Complementary and alternative medicine use in asthma in the UK: an insight from recent research</a> <br /><p><br />Recent systematic reviews focusing on specific CAM interventions for the management of asthma:</p>\n<ul><li><a href=\"http://www.library.nhs.uk/cam/viewResource.aspx?resid=283534&amp;code=ad6ffcc55d07703840c9dfa01d66c8d8\">Acupuncture</a> \n</li><li><a href=\"http://www.library.nhs.uk/cam/viewResource.aspx?resid=283535&amp;code=16bf4f7aba5756272c19f1155b5bcfc0\">Breathing techniques/ Yoga</a> \n</li><li><a href=\"http://www.library.nhs.uk/cam/viewResource.aspx?resid=283540&amp;code=cea1abcbbe2476b9eeffd898b38fc75d\">Dietary and nutritional therapies</a> \n</li><li><a href=\"http://www.library.nhs.uk/cam/viewResource.aspx?resid=283547&amp;code=251e1b477f6d4112d1f05055f569c256\">Herbal medicine</a> \n</li><li><a href=\"http://www.library.nhs.uk/cam/viewResource.aspx?resid=283551&amp;code=72221908337839cdfc29f7f8af36b6fe\">Homeopathy</a> \n</li><li><a href=\"http://www.library.nhs.uk/cam/viewResource.aspx?resid=283552&amp;code=07af98075e34440639e9b2fb4ca98224\">Relaxation techniques/ Hypnosis</a></li></ul><p><strong><br />Related events</strong></p>\n<p>The Children's Complementary Therapy Network will hold its <a title=\"View more information\" href=\"http://www.library.nhs.uk/cam/ViewResource.aspx?resID=279022\">3rd Annual Children’s Complementary Therapy Network (CCTN) Conference</a> on 17th May at the Birmingham Children’s Hospital. The conference theme is \"Childhood conditions: asthma, eczema and cerebral palsy\".</p>\n<p><strong><br /></strong></p><br /><p><b><a href=\"http://www.library.nhs.uk/cam/viewResource.aspx?resid=282664&amp;code=de19c492a7a2636ffdbb561e2810b312\">List of references</a>                     <a href=\"http://www.library.nhs.uk/cam/viewResource.aspx?resid=283561&amp;code=c84e23d562d675c0070a146b09f8c4ab\">Methodology</a></b>                             </p>\n<p> </p>",
  "resourceType": "Article"
}