{
  "name": "Complementary and Alternative Medicine",
  "title": "Electrical properties of acupuncture points and meridians: a systematic review",
  "rootDirectory": "/cam",
  "topics": "ACUPUNCTURE,COMPLEMENTARY AND ALTERNATIVE MEDICINE,DATE ADDED,MAY 2008",
  "publicationDate": "2008-05-01T00:00:00",
  "url": "http://www.ncbi.nlm.nih.gov/pubmed/18240287?ordinalpos=1&itool=EntrezSystem2.PEntrez.Pubmed.Pubmed_ResultsPanel.Pubmed_RVDocSum",
  "id": "285185",
  "publicationType": "Systematic Review",
  "publisher": "John Wiley & Sons, Ltd",
  "description": "<p><em>This <em>study has met our selection criteria <em>but has not been fully appraised by the CAM SL</em>. Where there is an appraisal available we have linked to it. If there is no appraisal and you wish to appraise this systematic review here is a </em><a href=\"http://www.phru.nhs.uk/Pages/PHD/resources.htm\"><em>link to a list of appraisal tools</em></a><em>.</em></em></p>\n<p><strong>Citation</strong></p>\n<p>Ahn AC, Colbert AP, Anderson BJ, Martinsen OG, Hammerschlag R, Cina S, Wayne PM, Langevin HM. Electrical properties of acupuncture points and meridians: a systematic review. Bioelectromagnetics. 2008, 29(4):245-56. </p>\n<p><strong>Authors' objectives</strong></p>\n<p>According to conventional wisdom within the acupuncture community, acupuncture points and meridians are special conduits for electrical signals. This view gained popularity after anecdotal reports and clinical studies asserted that these anatomical structures are characterized by lower electrical impedance compared to adjacent controls. To ascertain whether evidence exists to support or refute this claim, we conducted a systematic review of studies directly evaluating the electrical characteristics of acupuncture structures and appropriate controls.  </p>\n<p><strong>Authors' conclusions</strong></p>\n<p>Based on this review, the evidence does not conclusively support the claim that acupuncture points or meridians are electrically distinguishable. However, the preliminary findings are suggestive and offer future directions for research based on in-depth interpretation of the data.<br /></p>\n<p><strong>Access</strong></p>\n<p>NHS staff: for full text access to this resource contact your <a href=\"http://www.library.nhs.uk/mylibrary/default.aspx\">local NHS library</a>. <br /></p>\n<p> </p>",
  "resourceType": "CARDEX"
}