{
  "name": "Complementary and Alternative Medicine",
  "title": "Acupuncture application for neurological disorders",
  "rootDirectory": "/cam",
  "topics": "COMPLEMENTARY AND ALTERNATIVE MEDICINE,ACUPUNCTURE,CONDITIONS A-Z,CONDITIONS M-O,DATE ADDED,MAY 2008,NERVOUS SYSTEM DISEASES",
  "publicationDate": "2007-02-01T00:00:00",
  "url": "http://www.ncbi.nlm.nih.gov/pubmed/17359641?ordinalpos=10&itool=EntrezSystem2.PEntrez.Pubmed.Pubmed_ResultsPanel.Pubmed_RVDocSum",
  "id": "285212",
  "publicationType": "Systematic Review",
  "publisher": "Maney",
  "description": "<p><em>This <em>study has met our selection criteria <em>but has not been fully appraised by the CAM SL</em>. Where there is an appraisal available we have linked to it. If there is no appraisal and you wish to appraise this systematic review here is a </em><a href=\"http://www.phru.nhs.uk/Pages/PHD/resources.htm\"><em>link to a list of appraisal tools</em></a><em>.</em></em></p>\n<p><strong>Citation</strong></p>\n<p>Lee H, Park HJ, Park J, Kim MJ, Hong M, Yang J, Choi S, Lee H. Acupuncture application for neurological disorders. Neurological Research. 2007, 29 Suppl 1:S49-54. </p>\n<p><strong>Authors' objectives</strong></p>\n<p>This review was designed to summarize and to evaluate the available evidence of acupuncture for neurological disorders. </p>\n<p><strong>Authors' conclusions</strong></p>\n<p>Owing to paucity and poor quality of the primary studies, no firm conclusion could be drawn on the use of acupuncture for epilepsy, Alzheimer's disease, Parkinson's disease, ataxic disorders, multiple sclerosis, amyotrophic lateral sclerosis and spinal cord injury. For stroke rehabilitation, the evidence from recent high-quality trials and previous systematic reviews is not convincing. More rigorous trials are warranted to establish acupuncture's role in neurological disorders.<br /></p>\n<p><strong>Access</strong></p>\n<p>NHS staff: for full text access to this resource contact your <a href=\"http://www.library.nhs.uk/mylibrary/default.aspx\">local NHS library</a>.  </p>",
  "resourceType": "CARDEX"
}