{
  "name": "Complementary and Alternative Medicine",
  "title": "In vitro fertilization and acupuncture: clinical efficacy and mechanistic basis",
  "rootDirectory": "/cam",
  "topics": "ACUPUNCTURE,COMPLEMENTARY AND ALTERNATIVE MEDICINE,CONDITIONS A-Z,PREGNANCY,CONDITIONS P-R,DATE ADDED,MAY 2008",
  "publicationDate": "2007-05-01T00:00:00",
  "url": "http://www.ncbi.nlm.nih.gov/pubmed/17515023?ordinalpos=6&itool=EntrezSystem2.PEntrez.Pubmed.Pubmed_ResultsPanel.Pubmed_RVDocSum",
  "id": "285202",
  "publicationType": "Systematic Review",
  "publisher": "InnoVision Communications",
  "description": "<em>\n<p><em>This review has been evaluated by a CRD reviewer as potentially meeting the <a href=\"http://www.york.ac.uk/inst/crd/darefaq.htm\">CRD quality criteria</a> and a structured abstract is in the process of being written. This provisional record is for information, please note that the review has not been appraised yet. </em></p></em><em></em>\n<p><strong>Citation</strong></p>\n<p>Anderson BJ, Haimovici F, Ginsburg ES, Schust DJ, Wayne PM. In vitro fertilization and acupuncture: clinical efficacy and mechanistic basis. Alternative Therapies in Health and Medicine. 2007, 13(3):38-48. </p>\n<p><strong>Authors' objectives</strong></p>\n<p>To provide an overview of the use of acupuncture as an adjunct therapy for in vitro fertilization (IVF), including an evidence-based evaluation of its efficacy and safety and an examination of possible mechanisms of action. </p>\n<p><strong>Authors' conclusions</strong></p>\n<p>More high-quality randomized, controlled trials incorporating placebo acupuncture controls, authentic acupuncture interventions, and a range of outcome measures representative of both clinical outcomes and putative mechanistic processes are required to better assess the efficacy of acupuncture as an adjunct for IVF.<br /></p>\n<p><strong>Access</strong></p>\n<p>NHS staff: for full text access to this resource contact your <a href=\"http://www.library.nhs.uk/mylibrary/default.aspx\">local NHS library</a>. <br /></p>\n<p> </p>",
  "resourceType": "CARDEX"
}