{
  "name": "Complementary and Alternative Medicine",
  "title": "Acupuncture for chronic pain in Japan: a review",
  "rootDirectory": "/cam",
  "topics": "ACUPUNCTURE,COMPLEMENTARY AND ALTERNATIVE MEDICINE,CONDITIONS P-R,CONDITIONS A-Z,PAIN,MAY 2008,DATE ADDED",
  "publicationDate": "2007-12-01T00:00:00",
  "url": "http://ecam.oxfordjournals.org/cgi/content/full/4/4/431",
  "id": "285208",
  "publicationType": "Systematic Review",
  "publisher": "Oxford University Press",
  "description": "<p><em>This <em>study has met our selection criteria <em>but has not been fully appraised by the CAM SL</em>. Where there is an appraisal available we have linked to it. If there is no appraisal and you wish to appraise this systematic review here is a </em><a href=\"http://www.phru.nhs.uk/Pages/PHD/resources.htm\"><em>link to a list of appraisal tools</em></a><em>.</em></em></p>\n<p><strong>Citation</strong></p>\n<p>Itoh K, Kitakoji H. Acupuncture for chronic pain in Japan: a review. Evidence-based Complementary &amp; Alternative Medicine. 2007, 4(4):431-8. </p>\n<p><strong>Authors' objectives</strong></p>\n<p>Many Japanese reports of acupuncture and moxibustion for chronic pain are not listed in medical databases such as Medline. Therefore, they are not easily accessible to researchers outside of Japan. The aim of this reviews is to complement existing reviews of acupuncture and moxibustion for chronic pain and to provide more detailed discussion and analysis. </p>\n<p><strong>Authors' conclusions</strong></p>\n<p>The authors conclude that there is limited evidence that acupuncture is more effective than no treatment, and inconclusive evidence that trigger point acupuncture is more effective than placebo, sham acupuncture or standard care.</p>\n<p> </p>",
  "resourceType": "CARDEX"
}