{
  "name": "Complementary and Alternative Medicine",
  "title": "Nonpharmacologic therapies for acute and chronic low back pain: a review of the evidence for an American Pain Society/American College of Physicians clinical practice guideline",
  "rootDirectory": "/cam",
  "topics": "ACUPUNCTURE,COMPLEMENTARY AND ALTERNATIVE MEDICINE,BACK PAIN,CONDITIONS A-B,CONDITIONS A-Z,CHIROPRACTIC,YOGA,MASSAGE,MAY 2008,DATE ADDED",
  "publicationDate": "2007-10-02T00:00:00",
  "url": "http://www.annals.org/cgi/reprint/147/7/492.pdf",
  "id": "285273",
  "publicationType": "Review",
  "publisher": "American College of Physicians",
  "description": "<p><strong>Citation</strong></p>\n<p>Chou R, Huffman LH; American Pain Society; American College of Physicians. Nonpharmacologic therapies for acute and chronic low back pain: a review of the evidence for an American Pain Society/American College of Physicians clinical practice guideline. Annals of Internal Medicine. 2007, 147(7):492-504.</p>\n<p><strong>Authors' objectives</strong></p>\n<p>To assess benefits and harms of acupuncture, back schools, psychological therapies, exercise therapy, functional restoration, interdisciplinary therapy, massage, physical therapies (interferential therapy, low-level laser therapy, lumbar supports, shortwave diathermy, superficial heat, traction, transcutaneous electrical nerve stimulation, and ultrasonography), spinal manipulation, and yoga for acute or chronic low back pain (with or without leg pain).  </p>\n<p><strong>Authors' conclusions</strong></p>\n<p>LIMITATIONS: The primary source of data was systematic reviews. Non-English-language trials were included only if they were included in English-language systematic reviews. CONCLUSIONS: Therapies with good evidence of moderate efficacy for chronic or subacute low back pain are cognitive-behavioral therapy, exercise, spinal manipulation, and interdisciplinary rehabilitation. For acute low back pain, the only therapy with good evidence of efficacy is superficial heat.<br /></p>",
  "resourceType": "CARDEX"
}