{
  "name": "Complementary and Alternative Medicine",
  "title": "The use of complementary and alternative therapies for fibromyalgia",
  "rootDirectory": "/cam",
  "topics": "COMPLEMENTARY AND ALTERNATIVE MEDICINE,ACUPUNCTURE,MASSAGE,CHIROPRACTIC,CONDITIONS A-Z,CONDITIONS F-H,FIBROMYALGIA,DATE ADDED,MAY 2008",
  "publicationDate": "2007-09-01T00:00:00",
  "url": "http://www.ingentaconnect.com/content/maney/ptr/2007/00000012/00000003/art00009",
  "id": "285277",
  "publicationType": "Systematic Review",
  "publisher": "Maney",
  "description": "<p><em>This <em>study has met our selection criteria <em>but has not been fully appraised by the CAM SL</em>. Where there is an appraisal available we have linked to it. If there is no appraisal and you wish to appraise this systematic review here is a </em><a href=\"http://www.phru.nhs.uk/Pages/PHD/resources.htm\"><em>link to a list of appraisal tools</em></a><em>.</em></em></p>\n<p><strong>Citation</strong></p>\n<p>Hardy-Pickering R, Adams N, Sim J, Roe B, Wallymahmed A. The use of complementary and alternative therapies for fibromyalgia.  Physical Therapy Reviews. 2007, (3):249-260.</p>\n<p><strong>Authors' objectives</strong></p>\n<p>This paper reviews fibromyalgia syndrome (FMS), and examines the evidence for non-pharmacological interventions for the management of the condition. </p>\n<p><strong>Authors' conclusions</strong></p>\n<p>Best evidence was found to exist for a combined management programme incorporating exercise, education and aspects of CAM therapies. In terms of specific CAM therapies, results were found to be inconclusive due to methodological difficulties, though moderate evidence was found to exist for balneotherapy and acupuncture and some evidence was found for the effectiveness of massage, holistic movement therapies and chiropractic. Implications for service users and practitioners are discussed. <br /></p>\n<p><strong>Access</strong></p>\n<p>NHS staff: for full text access to this resource contact your <a href=\"http://www.library.nhs.uk/mylibrary/default.aspx\">local NHS library</a>. </p>",
  "resourceType": "CARDEX"
}