{
  "name": "Complementary and Alternative Medicine",
  "title": "Homeopathy Annual Evidence Update: June 2008",
  "rootDirectory": "/cam",
  "topics": "HOMEOPATHY,COMPLEMENTARY AND ALTERNATIVE MEDICINE,DATE ADDED,JUNE 2008",
  "publicationDate": "2008-06-08T00:00:00",
  "url": "http://www.library.nhs.uk//cam/ViewResource.aspx?resID=287641",
  "id": "287641",
  "publicationType": "Review",
  "publisher": "CAM Specialist Library",
  "description": "111-1Homeopathy Annual Evidence Update: June 2008<p><b>Introduction</b></p>\n<p><br />The 2008 Annual Evidence Update on Homeopathy aims to identify, organise and present the most up-to-date evidence on this topic. We have carried out searches in a large number of databases. The searches aimed to identify all relevant systematic reviews and randomised controlled trials (RCTs) published since April 2007. Previously published studies have been included in the <a href=\"http://www.library.nhs.uk/cam/Page.aspx?pagename=NKWHOMEOP\">2007 Homeopathy National Knowledge Week (NKW)</a>.</p>\n<p>The studies included in this evidence update have met our selection criteria but have not been fully appraised by the CAM SL. Where there is an appraisal available we have linked to it. If there is no appraisal and you wish to appraise the selected studies here is a <a href=\"http://www.phru.nhs.uk/Pages/PHD/resources.htm\">link to a list of appraisal tools</a>.</p><br /><p>For more details about the search methods and the selection process for this annual update see the <a href=\"http://www.library.nhs.uk/cam/viewResource.aspx?resid=287513&amp;code=ba57b9ec0c38829cab45b9a8eabbd136\">methodology section</a>.</p><br /><p>For a brief overview of the topic of Homeopathy, including information on clinical uses and safety, see the <a href=\"http://www.library.nhs.uk/cam/ViewResource.aspx?resID=258639&amp;tabID=289&amp;catID=9652\">introductory article</a>.</p>\n<p><strong><br />Contents</strong></p>\n<p> </p>\n<p>\n</p><table width=\"559\"><tbody><tr><td width=\"175\">\n<p><b>Condition<?xml:namespace prefix = o ns = \"urn:schemas-microsoft-com:office:office\" /?><p></p></b></p></td>\n<td width=\"192\">\n<p><b>2008 Update<p></p></b></p></td>\n<td width=\"192\">\n<p><b>2007 NKW<p></p></b></p></td></tr><tr><td width=\"175\">\n<p>Allergies, ENT &amp; respiratory conditions<p></p></p></td>\n<td width=\"192\">\n<p><a href=\"http://www.library.nhs.uk/cam/viewResource.aspx?resid=287981&amp;code=cc76458fc7a72985ebd46db02144f3ea\">2 new RCTs</a></p></td>\n<td width=\"192\">\n<p><a href=\"http://www.library.nhs.uk/cam/viewResource.aspx?resID=262089&amp;code=2b16529848634f1b8950dec76a191769\">Summary of evidence from systematic reviews and RCTs</a><p></p></p></td></tr><tr><td width=\"175\">\n<p>Cancer<p></p></p></td>\n<td width=\"192\">\n<p>No new studies found<p></p></p></td>\n<td width=\"192\">\n<p><a href=\"http://www.library.nhs.uk/cam/viewResource.aspx?resID=262117&amp;code=eb098720c3f7258c7c3f3d1b36ec722c\">Summary of DARE appraisal of systematic review</a><p></p></p></td></tr><tr><td width=\"175\">\n<p>Diabetes <p></p></p>\n<p>New topic 2008<p></p></p></td>\n<td width=\"192\">\n<p><a href=\"http://www.library.nhs.uk/cam/viewResource.aspx?resid=287970&amp;code=37f86b91446fc87433075854970fba19\">Summary of evidence from overview of systematic reviews and controlled trials</a></p></td>\n<td width=\"192\">\n<p>–<p></p></p></td></tr><tr><td width=\"175\">\n<p>Child health<p></p></p></td>\n<td width=\"192\">\n<p><a href=\"http://www.library.nhs.uk/cam/viewResource.aspx?resid=288065&amp;code=0eb6fa02d514e24a5dd22303d4ece470\">New Cochrane review of ADHD</a></p></td>\n<td width=\"192\">\n<p><a href=\"http://www.library.nhs.uk/cam/viewResource.aspx?resID=262022&amp;code=f2cc69a60b05460646ec9333ddaefa08\">Summary of evidence from systematic reviews and RCTs</a><p></p></p></td></tr><tr><td width=\"175\">\n<p>Headache/ migraine<p></p></p></td>\n<td width=\"192\">\n<p>No new studies found<p></p></p></td>\n<td width=\"192\">\n<p><a href=\"http://www.library.nhs.uk/cam/viewResource.aspx?resID=261324&amp;code=75c73ff650ff408334315ce2042594e5\">Summary of evidence from systematic review</a><p></p></p></td></tr><tr><td width=\"175\">\n<p>Infection/ HIV<p></p></p></td>\n<td width=\"192\">\n<p>No new studies found<p></p></p></td>\n<td width=\"192\">\n<p><a href=\"http://www.library.nhs.uk/cam/viewResource.aspx?resID=262078&amp;code=5e01be0312095d39fe3cc9e059a848f7\">Summary of evidence from systematic reviews and RCTs</a><p></p></p></td></tr><tr><td width=\"175\">\n<p>Low back pain  <p></p></p>\n<p>New topic 2008 <p></p></p></td>\n<td width=\"192\">\n<p></p>\n<p><a href=\"http://www.library.nhs.uk/cam/viewResource.aspx?resID=269357&amp;code=5e6fa8e96416975a4b321a68789a8e83\">Commentary from NKW on Low Back Pain</a></p>\n<p></p></td>\n<td width=\"192\">\n<p>–<p></p></p>\n<p><a href=\"http://www.library.nhs.uk/cam/viewResource.aspx?resID=269357&amp;code=5e6fa8e96416975a4b321a68789a8e83\"></a></p> </td></tr><tr><td width=\"175\">\n<p>Mental health (ADHD, anxiety, depression, dementia)<p></p></p></td>\n<td width=\"192\">\n<p><a href=\"http://www.library.nhs.uk/cam/viewResource.aspx?resid=288065&amp;code=0eb6fa02d514e24a5dd22303d4ece470\">New Cochrane review of ADHD</a></p></td>\n<td width=\"192\">\n<p><a href=\"http://www.library.nhs.uk/cam/viewResource.aspx?resID=262013&amp;code=3cf26566851aacca1c3932c61760268c\">Summary of evidence from systematic reviews</a> <p></p></p></td></tr><tr><td width=\"175\">\n<p>Trauma/ injuries and surgery<p></p></p></td>\n<td width=\"192\">\n<p><p><a href=\"http://www.library.nhs.uk/cam/viewResource.aspx?resid=287983&amp;code=4b56b185326819bf0a39613f495f9295\">1 new RCT</a></p></p></td>\n<td width=\"192\">\n<p><a href=\"http://www.library.nhs.uk/cam/viewResource.aspx?resID=261605&amp;code=3d539eb1889f3a14447861323a0ddd96\">Summary of evidence from systematic reviews and RCTs</a><p></p></p></td></tr><tr><td width=\"175\">\n<p>Global reviews of homeopathy<p></p></p></td>\n<td width=\"192\">\n<p>No new studies found<p></p></p></td>\n<td width=\"192\">\n<p><a href=\"http://www.library.nhs.uk/cam/viewResource.aspx?resID=262124&amp;code=4588d36fe4d34bc4ea5cd8a7a1bae9e7\">Summary of evidence from systematic reviews and meta-analyses</a><p></p></p></td></tr></tbody></table> \n<p></p>\n<p><strong>Related events</strong></p>\n<p><a href=\"http://www.homeopathy-soh.org/for-homeopaths/hawm.aspx\">Homeopathy Awareness Week</a>, 14 - 21 June, organised by the Society of Homeopaths.</p>\n<p> </p>\n<p><b><a href=\"http://www.library.nhs.uk/cam/viewResource.aspx?resid=287521&amp;code=83fa68890583a882e1dd289f3c073d54\">References</a>                  <a href=\"http://www.library.nhs.uk/cam/viewResource.aspx?resid=287513&amp;code=ba57b9ec0c38829cab45b9a8eabbd136\">Methodology</a>    </b></p>\n<p> </p>",
  "resourceType": "Article"
}