{
  "name": "Complementary and Alternative Medicine",
  "title": "Homeopathy in people with diabetes",
  "rootDirectory": "/cam",
  "topics": "COMPLEMENTARY AND ALTERNATIVE MEDICINE,HOMEOPATHY,CONDITIONS D-E,DIABETES MELLITUS,CONDITIONS A-Z,DATE ADDED,JUNE 2008,2008",
  "publicationDate": "2008-06-06T00:00:00",
  "url": "http://www.library.nhs.uk//cam/ViewResource.aspx?resID=287970",
  "id": "287970",
  "publicationType": "Editorial Or Opinion Piece",
  "publisher": "CAM Specialist Library",
  "description": "111-1Homeopathy in people with diabetes<p><b>Homeopathy Annual Evidence Update 2008</b></p>\n<p><em>Karen Pilkington, School of Integrated Health, University of Westminster</em><br /></p>\n<p><br /><b>Extent of use</b></p>\n<p>Limited information is available on the extent of use of homeopathy by people with diabetes in the UK. A survey in 1997 of the use of complementary medicine by people with diabetes who attended a UK diabetic clinic revealed that homeopathy was the second most frequently used therapy.<sup>1</sup> However, the survey was conducted in a relatively small sample of patients and the overall prevalence of use was only 17%. In a considerably larger survey of over 2400 people with diabetes in the USA, use of homeopathy was reported as part of a broader category of ‘other therapies’.<sup>2</sup> A second survey of similar size focusing on affordability of complementary medicine reported low use of homeopathy (approximately 1.5% of responders) compared with use of herbs (over 15%).<sup>3</sup> This possibly reflects the low use of homeopathy in general in the USA. In contrast, rates of homeopathy use in Europe and particularly in Germany are much higher. A survey of patients attending paediatric diabetic centres in 4 cities in Germany, found that homeopathy was the most commonly used therapy being used by 14.5% patients.<sup>4</sup> Overall rate of use of complementary therapies was 18.4%. Little research has been published on the reasons why people with diabetes choose to use specific therapies including homeopathy although data from US studies suggests that female gender, higher education and having at least two chronic conditions were associated with higher complementary therapy use while most use is for non-diabetes conditions.<sup>5</sup></p>\n<p><b><br />Effectiveness</b></p>\n<p>Similarly, few studies have been published on the effectiveness of homeopathy in diabetes. A systematic review of homeopathy in 1991 found a single low quality trial reported at a conference.<sup>6</sup> A more recent systematic review <sup>7</sup> did not locate any further randomised trials and only two controlled studies. One study aimed to assess the effect of homeopathy on hyperglycaemia in 85 type 1 and type 2 diabetic patients over a one month period. The use of non-diabetic patients as controls and the fact that a variety of homeopathic, indigenous and allopathic treatments were given prevent useful conclusions being drawn. The second study investigated the effect of a proprietary product containing 17 substances in homoeopathic concentrations combined with alpha-lipoic acid on diabetic neuropathy. Beneficial effects were reported but small numbers of patients were involved and further studies confirming these findings were not found. </p>\n<p><b><br />Conclusion</b></p>\n<p>There is currently insufficient evidence to assess homeopathic treatment in people with diabetes.</p>\n<p><br /><b>References:</b> </p>\n<p><br />1. Leese GP, Gill GV, Houghton GM. Prevalence of complementary medicine usage within a diabetes clinic. <em>Practical Diabetes International</em>. 1997, 14(7): 207–208. [<a href=\"http://www3.interscience.wiley.com/journal/112164537/abstract\">Abstract</a>]</p>\n<p><br />2. Garrow D, Egede LE. National patterns and correlates of complementary and alternative medicine use in adults with diabetes. <em>Journal of Alternative and Complementary Medicine</em>. 2006, 12(9):895-902. [<a href=\"http://www.ncbi.nlm.nih.gov/pubmed/17109581?ordinalpos=9&amp;itool=EntrezSystem2.PEntrez.Pubmed.Pubmed_ResultsPanel.Pubmed_RVDocSum\">PubMed abstract</a>]</p>\n<p><br />3. Pagán JA, Tanguma J. Health care affordability and complementary and alternative medicine utilization by adults with diabetes. <em>Diabetes Care</em>. 2007, 30(8):2030-1. [<a href=\"http://care.diabetesjournals.org/cgi/content/full/30/8/2030\">Full text</a>]</p>\n<p><br />4. Dannemann K, Hecker W, Haberland H, Herbst A, Galler A, Schäfer T, Brähler E, Kiess W, Kapellen TM. Use of complementary and alternative medicine in children with type 1 diabetes mellitus - prevalence, patterns of use, and costs. <em>Pediatric Diabetes</em>. 2008 Mar 5. [Epub ahead of print] [<a href=\"http://www.ncbi.nlm.nih.gov/pubmed/18331412?ordinalpos=5&amp;itool=EntrezSystem2.PEntrez.Pubmed.Pubmed_ResultsPanel.Pubmed_RVDocSum\">PubMed abstract</a>]</p>\n<p><br />5. Bell RA, Suerken CK, Grzywacz JG, Lang W, Quandt SA, Arcury TA. Complementary and alternative medicine use among adults with diabetes in the United States. <em>Alternative Therapies in Health and Medicine</em>. 2006, 12(5):16-22. [<a href=\"http://www.ncbi.nlm.nih.gov/pubmed/17017751?ordinalpos=1&amp;itool=EntrezSystem2.PEntrez.Pubmed.Pubmed_ResultsPanel.Pubmed_RVDocSum\">PubMed abstract</a>]</p>\n<p><br />6. Kleijnen J, Knipschild P, ter Riet G. Clinical trials of homoeopathy. <em>BMJ</em>. 1991, 302(6772):316-23. [<a href=\"http://www.pubmedcentral.nih.gov/articlerender.fcgi?tool=pubmed&amp;pubmedid=1825800\">Full text</a>]</p>\n<p><br />7. Pilkington K, Stenhouse E, Kirkwood G, Richardson J. Diabetes and complementary therapies: Mapping the evidence. <em>Practical Diabetes International</em>. 2007, 24(7):371-6. [<a href=\"http://www3.interscience.wiley.com/journal/116312517/abstract\">Abstract</a>] </p>\n<p> </p>",
  "resourceType": "Article"
}