{
  "name": "Complementary and Alternative Medicine",
  "title": "Ganoderma lucidum for the treatment of cardiovascular risk factors (Cochrane protocol)",
  "rootDirectory": "/cam",
  "topics": "COMPLEMENTARY AND ALTERNATIVE MEDICINE,CARDIOVASCULAR DISEASES,CAM GENERAL,HERBAL MEDICINE,OTHER THERAPIES OR MEDICAL SYSTEMS,CONDITIONS A-Z,TRADITIONAL CHINESE MEDICINE (TCM),CONDITIONS C,AUGUST 2008,RESEARCH,DATE ADDED",
  "publicationDate": "2008-07-16T00:00:00",
  "url": "http://www.mrw.interscience.wiley.com/cochrane/clsysrev/articles/CD007259/frame.html",
  "id": "291586",
  "publicationType": "Systematic Review",
  "publisher": "John Wiley & Sons, Ltd",
  "description": "<i>\n<p>This is the protocol for a Cochrane systematic review. This record will be updated when the review has been completed.</p></i>\n<p><strong>Citation</strong></p>\n<p>Klupp NL, Chang D, Hawke F, Kiat H, Grant SJ, Bensoussan A. Ganoderma lucidum for the treatment of cardiovascular risk factors (Protocol). <i>Cochrane Database of Systematic Reviews</i> 2008, Issue 3. Art. No.: CD007259. DOI: 10.1002/14651858.CD007259.</p>\n<p><strong><strong>Authors'</strong> objectives</strong></p>\n<p>The objective of this systematic review is to evaluate the effectiveness of <i>Ganoderma lucidum</i> for treatment of pharmacologically modifiable risk factors of cardiovascular disease in adults. This will include determining size, direction, and uncertainty of effect for each risk factor (blood pressure, glucose, cholesterol and triglycerides), and the consistency of effects between studies. The strength and consistency of evidence for adverse events will also be evaluated.<br /></p>",
  "resourceType": "CARDEX"
}