{
  "name": "Complementary and Alternative Medicine",
  "title": "Acupuncture for treatment of erectile dysfunction (Cochrane protocol)",
  "rootDirectory": "/cam",
  "topics": "COMPLEMENTARY AND ALTERNATIVE MEDICINE,ACUPUNCTURE,ERECTILE DYSFUNCTION,CAM GENERAL,CONDITIONS A-Z,CONDITIONS D-E,AUGUST 2008,RESEARCH,DATE ADDED",
  "publicationDate": "2008-07-16T00:00:00",
  "url": "http://www.mrw.interscience.wiley.com/cochrane/clsysrev/articles/CD007241/frame.html",
  "id": "291578",
  "publicationType": "Systematic Review",
  "publisher": "John Wiley & Sons, Ltd",
  "description": "<i>\n<p>This is the protocol for a Cochrane systematic review. This record will be updated when the review has been completed.</p></i>\n<p><strong>Citation</strong></p>\n<p>Liu J, Fei Y, Alraek T. Acupuncture for treatment of erectile dysfunction (Protocol). <i>Cochrane Database of Systematic Reviews</i> 2008, Issue 3. Art. No.: CD007241. DOI: 10.1002/14651858.CD007241.</p>\n<p><strong><strong>Authors'</strong> objectives</strong></p>\n<p>The objective of this systematic review is to assess the efficacy and harms of acupuncture in treatment of erectile dysfunction compared with no intervention, sham acupuncture, and pharmacological and non-pharmacological interventions.<br /></p>",
  "resourceType": "CARDEX"
}