{
  "name": "Complementary and Alternative Medicine",
  "title": "Herbal medicines for type 1 diabetes mellitus (Cochrane protocol)",
  "rootDirectory": "/cam",
  "topics": "COMPLEMENTARY AND ALTERNATIVE MEDICINE,DIABETES MELLITUS,CONDITIONS D-E,CONDITIONS A-Z,HERBAL MEDICINE,CAM GENERAL,DATE ADDED,RESEARCH,AUGUST 2008",
  "publicationDate": "2008-07-16T00:00:00",
  "url": "http://www.mrw.interscience.wiley.com/cochrane/clsysrev/articles/CD007306/frame.html",
  "id": "291587",
  "publicationType": "Systematic Review",
  "publisher": "John Wiley & Sons, Ltd",
  "description": "<i>\n<p>This is the protocol for a Cochrane systematic review. This record will be updated when the review has been completed.</p></i>\n<p><strong>Citation</strong></p>\n<p>Baradaran HR, Khamseh ME, Koohpayehzadeh J, Vatankhah N. Herbal medicines for type 1 diabetes mellitus (Protocol). <i>Cochrane Database of Systematic Reviews</i> 2008, Issue 3. Art. No.: CD007306. DOI: 10.1002/14651858.CD007306.</p>\n<p><strong><strong>Authors'</strong> objectives</strong></p>\n<p>To assess the effects of herbal medicine for type 1 diabetes mellitus.<br /></p>",
  "resourceType": "CARDEX"
}