{
  "name": "Complementary and Alternative Medicine",
  "title": "Chinese herbal medicine alone or combined with vitamins for the treatment of gastric precancerous lesions (Cochrane protocol)",
  "rootDirectory": "/cam",
  "topics": "COMPLEMENTARY AND ALTERNATIVE MEDICINE,CAM GENERAL,GASTROINTESTINAL DISEASES,HERBAL MEDICINE,DIETARY AND NUTRITIONAL THERAPIES,OTHER THERAPIES OR MEDICAL SYSTEMS,CONDITIONS A-Z,CONDITIONS F-H,TRADITIONAL CHINESE MEDICINE (TCM),CONDITIONS C,CANCER,AUGUST 2008,RESEARCH,NUTRITIONAL SUPPLEMENTS,DATE ADDED,VITAMINS",
  "publicationDate": "2008-01-23T00:00:00",
  "url": "http://www.mrw.interscience.wiley.com/cochrane/clsysrev/articles/CD006985/frame.html",
  "id": "291598",
  "publicationType": "Systematic Review",
  "publisher": "John Wiley & Sons, Ltd",
  "description": "<i>\n<p>This is the protocol for a Cochrane systematic review. This record will be updated when the review has been completed.</p></i>\n<p><strong>Citation</strong></p>\n<p>Wang P, Tang X, Wu T, Liu G. Chinese herbal medicine alone or combined with vitamins for the treatment of gastric precancerous lesions. (Protocol) <i>Cochrane Database of Systematic Reviews</i> 2008, Issue 1. Art. No.: CD006985. DOI: 10.1002/14651858.CD006985. </p>\n<p><strong><strong>Authors'</strong> objectives</strong></p>\n<p>To assess the therapeutic efficacy and safety of Chinese herbal medicine, given alone or in combination with various vitamins for the treatment of gastric precancerous lesions.<br /></p>",
  "resourceType": "CARDEX"
}