{
  "name": "Complementary and Alternative Medicine",
  "title": "Black cohosh (Cimicifuga spp.) for menopausal symptoms (Cochrane protocol)",
  "rootDirectory": "/cam",
  "topics": "COMPLEMENTARY AND ALTERNATIVE MEDICINE,CONDITIONS M-O,CONDITIONS A-Z,HERBAL MEDICINE,CAM GENERAL,HERBS A-C,MENOPAUSAL SYMPTOMS,BLACK COHOSH (CIMICIFUGA RACEMOSA),DATE ADDED,RESEARCH,AUGUST 2008",
  "publicationDate": "2008-07-16T00:00:00",
  "url": "http://www.mrw.interscience.wiley.com/cochrane/clsysrev/articles/CD007244/frame.html",
  "id": "291583",
  "publicationType": "Systematic Review",
  "publisher": "John Wiley & Sons, Ltd",
  "description": "<i>\n<p>This is the protocol for a Cochrane systematic review. This record will be updated when the review has been completed.</p></i>\n<p><strong>Citation</strong></p>\n<p>Leach MJ, Moore V. Black cohosh (Cimicifuga spp.) for menopausal symptoms (Protocol). <i>Cochrane Database of Systematic Reviews</i> 2008, Issue 3. Art. No.: CD007244. DOI: 10.1002/14651858.CD007244.</p>\n<p><strong><strong>Authors'</strong> objectives</strong></p>\n<p>The objective of this systematic review is to evaluate the clinical effectiveness of black cohosh (<i>Cimicifuga racemosa or Actaea racemosa</i>) in perimenopausal and postmenopausal women.<br /><br />The specific review questions to be addressed are:<br />- How effective is black cohosh in perimenopausal and postmenopausal women at reducing the frequency or intensity of menopausal symptoms?<br />- How safe is black cohosh in perimenopausal and postmenopausal women when taken to alleviate the symptoms of menopause?<br /></p>",
  "resourceType": "CARDEX"
}