{
  "name": "Complementary and Alternative Medicine",
  "title": "Acupuncture for treating fibromyalgia (Cochrane protocol)",
  "rootDirectory": "/cam",
  "topics": "COMPLEMENTARY AND ALTERNATIVE MEDICINE,ACUPUNCTURE,CAM GENERAL,CONDITIONS A-Z,CONDITIONS F-H,FIBROMYALGIA,AUGUST 2008,RESEARCH,DATE ADDED",
  "publicationDate": "2008-04-23T00:00:00",
  "url": "http://www.mrw.interscience.wiley.com/cochrane/clsysrev/articles/CD007070/frame.html",
  "id": "291968",
  "publicationType": "Systematic Review",
  "publisher": "John Wiley & Sons, Ltd",
  "description": "<i>\n<p>This is the protocol for a Cochrane systematic review. This record will be updated when the review has been completed.</p></i>\n<p><strong>Citation</strong></p>\n<p>Deare JC, Zheng Z, Xue CC, Liu J, Shang J, Scott SW. Acupuncture for treating fibromyalgia. (Protocol) <i>Cochrane Database of Systematic Reviews</i> 2008, Issue 2. Art. No.: CD007070. DOI: 10.1002/14651858.CD007070. </p>\n<p><strong><strong>Authors'</strong> objectives</strong></p>\n<p>The review aims to determine whether real acupuncture is more efficacious than other treatments in patients with fibromyalgia. The following comparisons will be made:<br />1. Real acupuncture versus non-acupuncture treatment (e.g. wait list or drug therapy).<br />2. Real acupuncture versus placebo or sham acupuncture.<br />3. Real acupuncture versus standard or usual care (e.g. physiotherapy or exercise).<br />4. A particular style of acupuncture versus another.</p>",
  "resourceType": "CARDEX"
}