{
  "name": "Complementary and Alternative Medicine",
  "title": "Cinnamon for diabetes mellitus (Cochrane protocol)",
  "rootDirectory": "/cam",
  "topics": "COMPLEMENTARY AND ALTERNATIVE MEDICINE,CAM GENERAL,CONDITIONS A-Z,HERBAL MEDICINE,DIABETES MELLITUS,CONDITIONS D-E,AUGUST 2008,RESEARCH,DATE ADDED",
  "publicationDate": "2008-04-23T00:00:00",
  "url": "http://www.mrw.interscience.wiley.com/cochrane/clsysrev/articles/CD007170/frame.html",
  "id": "291974",
  "publicationType": "Systematic Review",
  "publisher": "John Wiley & Sons, Ltd",
  "description": "<i>\n<p>This is the protocol for a Cochrane systematic review. This record will be updated when the review has been completed.</p></i>\n<p><strong>Citation</strong></p>\n<p>Leach M, Kumar S. Cinnamon for diabetes mellitus. (Protocol) <i>Cochrane Database of Systematic Reviews</i> 2008, Issue 2. Art. No.: CD007170. DOI: 10.1002/14651858.CD007170. </p>\n<p><strong><strong>Authors'</strong> objectives</strong></p>\n<p>To evaluate the effects of cinnamon for diabetes mellitus.</p>",
  "resourceType": "CARDEX"
}