{
  "name": "Complementary and Alternative Medicine",
  "title": "Targeted manual therapy for non-specific low-back pain (Cochrane protocol)",
  "rootDirectory": "/cam",
  "topics": "COMPLEMENTARY AND ALTERNATIVE MEDICINE,CONDITIONS A-B,BACK PAIN,CHIROPRACTIC,OSTEOPATHY,CONDITIONS A-Z,CAM GENERAL,DATE ADDED,RESEARCH,AUGUST 2008",
  "publicationDate": "2008-04-23T00:00:00",
  "url": "http://www.mrw.interscience.wiley.com/cochrane/clsysrev/articles/CD007135/frame.html",
  "id": "291975",
  "publicationType": "Systematic Review",
  "publisher": "John Wiley & Sons, Ltd",
  "description": "<i>\n<p>This is the protocol for a Cochrane systematic review. This record will be updated when the review has been completed.</p></i>\n<p><strong>Citation</strong></p>\n<p>McCarthy C, Keating JL, Kent PM, Lall R, Lamb SE, Strimpakos N. Targeted manual therapy for non-specific low-back pain. (Protocol) <i>Cochrane Database of Systematic Reviews</i> 2008, Issue 2. Art. No.: CD007135. DOI: 10.1002/14651858.CD007135. </p>\n<p><strong><strong>Authors'</strong> objectives</strong></p>\n<p>To determine the effectiveness of targeted manual therapy on pain, disability, return-to-work and patient satisfaction in adults with non-specific LBP.</p>",
  "resourceType": "CARDEX"
}