{
  "name": "Complementary and Alternative Medicine",
  "title": "Music for preoperative anxiety (Cochrane protocol)",
  "rootDirectory": "/cam",
  "topics": "COMPLEMENTARY AND ALTERNATIVE MEDICINE,MUSIC THERAPY,ANXIETY,CONDITIONS A-B,CONDITIONS A-Z,OTHER THERAPIES OR MEDICAL SYSTEMS,CAM GENERAL,DATE ADDED,RESEARCH,AUGUST 2008",
  "publicationDate": "2008-01-23T00:00:00",
  "url": "http://www.mrw.interscience.wiley.com/cochrane/clsysrev/articles/CD006908/frame.html",
  "id": "291969",
  "publicationType": "Systematic Review",
  "publisher": "John Wiley & Sons, Ltd",
  "description": "<i>\n<p>This is the protocol for a Cochrane systematic review. This record will be updated when the review has been completed.</p></i>\n<p><strong>Citation</strong></p>\n<p>Dileo C, Bradt J. Music for preoperative anxiety. (Protocol) <i>Cochrane Database of Systematic Reviews</i> 2008, Issue 1. Art. No.: CD006908. DOI: 10.1002/14651858.CD006908. </p>\n<p><strong><strong>Authors'</strong> objectives</strong></p>\n<p>1. To identify randomized controlled trials examining the effects of music therapy or music medicine interventions (as defined by the authors) on preoperative anxiety in surgical patients.<br />2. To compare the efficacy of participation in standard care combined with music therapy or music medicine interventions with standard care alone.<br />3. To compare the efficacy of patient-preferred music with researcher-selected music.<br />4. To compare the efficacy of different types of music interventions (music therapy versus music medicine).</p>",
  "resourceType": "CARDEX"
}