{
  "name": "Complementary and Alternative Medicine",
  "title": "Music interventions for mechanically ventilated patients (Cochrane protocol)",
  "rootDirectory": "/cam",
  "topics": "COMPLEMENTARY AND ALTERNATIVE MEDICINE,CAM GENERAL,OTHER THERAPIES OR MEDICAL SYSTEMS,MUSIC THERAPY,AUGUST 2008,RESEARCH,DATE ADDED",
  "publicationDate": "2008-01-23T00:00:00",
  "url": "http://www.mrw.interscience.wiley.com/cochrane/clsysrev/articles/CD006902/frame.html",
  "id": "291971",
  "publicationType": "Systematic Review",
  "publisher": "John Wiley & Sons, Ltd",
  "description": "<i>\n<p>This is the protocol for a Cochrane systematic review. This record will be updated when the review has been completed.</p></i>\n<p><strong>Citation</strong></p>\n<p>Dileo C, Bradt J, Grocke D. Music interventions for mechanically ventilated patients. (Protocol) <i>Cochrane Database of Systematic Reviews</i> 2008, Issue 1. Art. No.: CD006902. DOI: 10.1002/14651858.CD006902. </p>\n<p><strong><strong>Authors'</strong> objectives</strong></p>\n<p>1. To identify randomized controlled trials examining the effects of music therapy or music medicine interventions (as defined by the authors) on anxiety in mechanically ventilated patients.<br />2. To compare the effects of participation in standard care combined with music therapy or music medicine interventions with standard care alone.<br />3. To compare the effects of patient-selected music with researcher-selected music.<br />4. To compare the effects of different types of music interventions (e.g., music therapy versus music medicine).</p>",
  "resourceType": "CARDEX"
}