{
  "name": "Complementary and Alternative Medicine",
  "title": "Music interventions for improving psychological and physical outcomes in cancer patients (Cochrane protocol)",
  "rootDirectory": "/cam",
  "topics": "COMPLEMENTARY AND ALTERNATIVE MEDICINE,MUSIC THERAPY,CANCER,CONDITIONS C,OTHER THERAPIES OR MEDICAL SYSTEMS,CONDITIONS A-Z,CAM GENERAL,DATE ADDED,RESEARCH,AUGUST 2008",
  "publicationDate": "2008-01-23T00:00:00",
  "url": "http://www.mrw.interscience.wiley.com/cochrane/clsysrev/articles/CD006911/frame.html",
  "id": "291972",
  "publicationType": "Systematic Review",
  "publisher": "John Wiley & Sons, Ltd",
  "description": "<i>\n<p>This is the protocol for a Cochrane systematic review. This record will be updated when the review has been completed.</p></i>\n<p><strong>Citation</strong></p>\n<p>Dileo C, Bradt J, Grocke D, Magill L. Music interventions for improving psychological and physical outcomes in cancer patients. (Protocol) <i>Cochrane Database of Systematic Reviews</i> 2008, Issue 1. Art. No.: CD006911. DOI: 10.1002/14651858.CD006911. </p>\n<p><strong><strong>Authors'</strong> objectives</strong></p>\n<p>1. To identify randomized controlled trials (RCTs) examining the effects of music therapy or music medicine interventions (as defined by the authors) on psychological and physical outcomes in patients with cancer<br />2. To compare the effects of music therapy or music medicine interventions and standard care with (a) standard care alone, (b) standard care and placebo treatments, or (c) standard care and other therapies<br />3. To compare the effects of music therapy versus music medicine interventions (as defined by the authors)</p>",
  "resourceType": "CARDEX"
}