{
  "name": "Complementary and Alternative Medicine",
  "title": "Acupressure for motion sickness (Cochrane protocol)",
  "rootDirectory": "/cam",
  "topics": "COMPLEMENTARY AND ALTERNATIVE MEDICINE,ACUPUNCTURE,ACUPRESSURE,CAM GENERAL,OTHER THERAPIES OR MEDICAL SYSTEMS,CONDITIONS A-Z,CONDITIONS M-O,MOTION SICKNESS,AUGUST 2008,RESEARCH,DATE ADDED",
  "publicationDate": "2008-04-23T00:00:00",
  "url": "http://www.mrw.interscience.wiley.com/cochrane/clsysrev/articles/CD007165/frame.html",
  "id": "291962",
  "publicationType": "Systematic Review",
  "publisher": "John Wiley & Sons, Ltd",
  "description": "<i>\n<p>This is the protocol for a Cochrane systematic review. This record will be updated when the review has been completed.</p></i>\n<p><strong>Citation</strong></p>\n<p>Bellorini J, Chamberlain IJ, Burton MJ. Acupressure for motion sickness. (Protocol) <i>Cochrane Database of Systematic Reviews</i> 2008, Issue 2. Art. No.: CD007165. DOI: 10.1002/14651858.CD007165. </p>\n<p><strong><strong>Authors'</strong> objectives</strong></p>\n<p>To assess the effectiveness of acupressure for preventing and treating motion sickness.<br /></p>",
  "resourceType": "CARDEX"
}