{
  "name": "Complementary and Alternative Medicine",
  "title": "Tai Chi for depression (Cochrane protocol)",
  "rootDirectory": "/cam",
  "topics": "COMPLEMENTARY AND ALTERNATIVE MEDICINE,TAI CHI,CONDITIONS D-E,CONDITIONS A-Z,DEPRESSION,OTHER THERAPIES OR MEDICAL SYSTEMS,CAM GENERAL,DATE ADDED,RESEARCH,AUGUST 2008",
  "publicationDate": "2008-04-23T00:00:00",
  "url": "http://www.mrw.interscience.wiley.com/cochrane/clsysrev/articles/CD007143/frame.html",
  "id": "291967",
  "publicationType": "Systematic Review",
  "publisher": "John Wiley & Sons, Ltd",
  "description": "<i>\n<p>This is the protocol for a Cochrane systematic review. This record will be updated when the review has been completed.</p></i>\n<p><strong>Citation</strong></p>\n<p>Chi I, Jordan-Marsh M, Guo M, Xie B, Zhang M. Tai Chi for depression. (Protocol) <i>Cochrane Database of Systematic Reviews</i> 2008, Issue 2. Art. No.: CD007143. DOI: 10.1002/14651858.CD007143. </p>\n<p><strong><strong>Authors'</strong> objectives</strong></p>\n<p>To determine the effectiveness of Tai Chi as an intervention for treating and preventing depression.<br /></p>",
  "resourceType": "CARDEX"
}