{
  "name": "Complementary and Alternative Medicine",
  "title": "Acupuncture for children with cerebral palsy (Cochrane protocol)",
  "rootDirectory": "/cam",
  "topics": "COMPLEMENTARY AND ALTERNATIVE MEDICINE,ACUPUNCTURE,CAM GENERAL,CONDITIONS A-Z,CONDITIONS M-O,AUGUST 2008,NERVOUS SYSTEM DISEASES,RESEARCH,DATE ADDED",
  "publicationDate": "2008-04-23T00:00:00",
  "url": "http://www.mrw.interscience.wiley.com/cochrane/clsysrev/articles/CD007127/frame.html",
  "id": "291977",
  "publicationType": "Systematic Review",
  "publisher": "John Wiley & Sons, Ltd",
  "description": "<i>\n<p>This is the protocol for a Cochrane systematic review. This record will be updated when the review has been completed.</p></i>\n<p><strong>Citation</strong></p>\n<p>Zhang MM, He J, Ai CL, Li J. Acupuncture for children with cerebral palsy. (Protocol) <i>Cochrane Database of Systematic Reviews</i> 2008, Issue 2. Art. No.: CD007127. DOI: 10.1002/14651858.CD007127. </p>\n<p><strong><strong>Authors'</strong> objectives</strong></p>\n<p>The objective of this systematic review is to determine the efficacy and safety of acupuncture therapy for children with cerebral palsy including spastic cerebral palsy, athetoid cerebral palsy and ataxic cerebral palsy. The authors intend to test the following hypotheses:<br /><br />(1) Acupuncture can improve movement function and activities of daily living.<br />(2) Acupuncture can improve cognitive ability.<br />(3) Acupuncture can improve quality of life.<br />(4) Acupuncture is associated with adverse effects.<br /></p>",
  "resourceType": "CARDEX"
}