{
  "name": "Complementary and Alternative Medicine",
  "title": "Distinguished lectures in the science of complementary and alternative medicine",
  "rootDirectory": "/cam",
  "topics": "COMPLEMENTARY AND ALTERNATIVE MEDICINE,CAM GENERAL,AUGUST 2008,DATE ADDED,EDUCATION/CPD",
  "publicationDate": "2007-10-24T00:00:00",
  "url": "http://nccam.nih.gov/news/lectures/",
  "id": "292069",
  "publicationType": "Learning Material%2fcourseware",
  "publisher": "National Institutes of Health (NIH)",
  "description": "<p>Each year, the National Center for Complementary and Alternative Medicine (<a href=\"http://nccam.nih.gov/\">NCCAM</a>) invites two leading figures in science and medicine to participate in the Distinguished Lecture series. The lectures provide a unique perspective on the evolution of complementary and alternative medicine (CAM) practice and research, as well as current use of CAM by the public.</p>\n<p>The lectures are webcast live and archived. For more information about videocasts see <a href=\"http://videocast.nih.gov/\">http://videocast.nih.gov/</a>.</p>",
  "resourceType": "CARDEX"
}