{
  "name": "Complementary and Alternative Medicine",
  "title": "Annual evidence update on CAM for low back pain 2008",
  "rootDirectory": "/cam",
  "topics": "COMPLEMENTARY/ALTERNATIVE MEDICINE,DISEASE MANAGEMENT,SPINAL PROBLEMS,MAJOR NON-INFLAMMATORY,MUSCULOSKELETAL,CONDITIONS,ACUPUNCTURE,HOMEOPATHY,COMPLEMENTARY AND ALTERNATIVE MEDICINE,ALEXANDER TECHNIQUE,MINDFULNESS-BASED STRESS REDUCTION (MBSR),CONDITIONS A-B,BACK PAIN,CONDITIONS A-Z,OTHER THERAPIES OR MEDICAL SYSTEMS,MASSAGE,OSTEOPATHY,REFLEXOLOGY,DIETARY AND NUTRITIONAL THERAPIES,CHIROPRACTIC,HERBAL MEDICINE,DATE ADDED,AUGUST 2008",
  "publicationDate": "2008-09-29T00:00:00",
  "url": "http://www.library.nhs.uk//cam/ViewResource.aspx?resID=292622",
  "id": "292622",
  "publicationType": "Review",
  "publisher": "CAM Specialist Library",
  "description": "111-1Annual evidence update on CAM for low back pain 2008<p> </p>\n<p> <img height=\"159\" alt=\"Wellcome images: Patient with a GP\" src=\"https://rmsadmin.library.nhs.uk/libraryImages/Complementary%20and%20Alternative%20Medicine/contentID292622/nelhImp_0002_WellcomeimageLBP.jpg\" width=\"240\" /><br /></p>\n<p> </p>\n<p><b>Introduction</b><br /></p>\n<p>This annual evidence update on complementary and alternative medicine for low back pain aims to identify, organise and present the latest information on this topic. We have searched a large number of databases for studies published or updated since June 2007. Previously published studies have been included in the <a href=\"http://www.library.nhs.uk/cam/Page.aspx?pagename=NKWLBP\">2007 National Knowledge Week (NKW) on CAM for Low Back Pain</a>.</p>\n<p>For more details about the search methods and the selection process please see the <a>Methodology section</a>. </p>\n<p><br />For further information on low back pain see also the relevant pages from the <a href=\"http://www.library.nhs.uk/musculoskeletal/\">Musculoskeletal Diseases</a> and the <a href=\"http://www.library.nhs.uk/trauma_orthopaedics/\">Trauma &amp; Orthopaedics</a> Specialist Libraries.</p>\n<p><br /><b>Contents</b></p>\n<p><br /><a><strong>Annual evidence update on CAM for low back pain 2008: Editorial</strong></a></p>\n<p><br />Based on the identified guidelines, systematic reviews and/or randomised controlled trials (RCT) with a main focus on low back pain, several topics were selected and brief commentaries focusing on the evidence on specific therapies in the management of low back pain were prepared. </p>\n<p> </p>\n<p>\n</p><table width=\"559\"><tbody><tr><td width=\"175\">\n<p><?xml:namespace prefix = st1 ns = \"urn:schemas-microsoft-com:office:smarttags\" /?><b>CAM</b><b> intervention<?xml:namespace prefix = o ns = \"urn:schemas-microsoft-com:office:office\" /?><p></p></b></p></td>\n<td width=\"192\">\n<p><b>2008 Update<p></p></b></p></td>\n<td width=\"192\">\n<p><b>2007 NKW<p></p></b></p></td></tr><tr><td width=\"175\">\n<p>Acupuncture<p></p></p></td>\n<td width=\"192\">\n<p><a>Update on the evidence from  systematic reviews and RCTs</a></p>\n<p><p> </p></p></td>\n<td width=\"192\">\n<p><a href=\"http://www.library.nhs.uk/cam/viewResource.aspx?resID=269374&amp;code=66a9f0e5934b2605d218ed2c19ec4720\">Summary of evidence from systematic reviews and RCTs</a><p></p></p></td></tr><tr><td width=\"175\">\n<p>Alexander technique<p></p></p>\n<p>New topic 2008<p></p></p>\n<p><p> </p></p></td>\n<td width=\"192\">\n<p><a href=\"http://www.nhs.uk/news/2008/08August/Pages/BackpainandAlexandertechnique.aspx\">Commentary on 1 RCT</a><p></p></p>\n<p><p> </p></p></td>\n<td width=\"192\">\n<p>–<p></p></p></td></tr><tr><td width=\"175\">\n<p>Dietary and nutritional therapies<p></p></p>\n<p>New topic 2008<p></p></p></td>\n<td width=\"192\">\n<p><a>Commentary on systematic review</a><a></a></p>\n<p></p> </td>\n<td width=\"192\">\n<p>–<p></p></p></td></tr><tr><td width=\"175\">\n<p>Herbal medicine<p></p></p></td>\n<td width=\"192\">\n<p><a>Update on the evidence from systematic reviews</a><a></a></p>\n<p></p> </td>\n<td width=\"192\">\n<p><a href=\"http://www.library.nhs.uk/cam/viewResource.aspx?resID=269586&amp;code=2b9f5adca2828fdef5bbd002da00d9b5\">Summary of evidence from systematic reviews</a><p></p></p></td></tr><tr><td width=\"175\">\n<p>Homeopathy<p></p></p></td>\n<td width=\"192\">\n<p>No new studies found<p></p></p></td>\n<td width=\"192\">\n<p><a href=\"http://www.library.nhs.uk/cam/viewResource.aspx?resID=269357&amp;code=5e6fa8e96416975a4b321a68789a8e83\">Summary of evidence from RCTs</a><p></p></p></td></tr><tr><td width=\"175\">\n<p>Massage therapy<p></p></p></td>\n<td width=\"192\">\n<p><a>Summary of evidence from systematic reviews</a><a></a></p>\n<p></p> </td>\n<td width=\"192\">\n<p><a href=\"http://www.library.nhs.uk/cam/viewResource.aspx?resID=269587&amp;code=89763600ee3dffe9f68b370b48ab5cd0\">Relevant systematic reviews</a><p></p></p></td></tr><tr><td width=\"175\">\n<p>Mindfulness meditation<p></p></p>\n<p>New topic 2008<p></p></p>\n<p><p> </p></p></td>\n<td width=\"192\">\n<p><a>Commentary on 1 RCT</a><a></a></p>\n<p></p> </td>\n<td width=\"192\">\n<p>–<p></p></p></td></tr><tr><td width=\"175\">\n<p>Osteopathic manipulative treatment<p></p></p></td>\n<td width=\"192\">\n<p><a>Commentary on 1 RCT (pain outcomes)</a></p>\n<p><a>Commentary on systematic review (psychological outcomes)</a> </p></td>\n<td width=\"192\">\n<p><a href=\"http://www.library.nhs.uk/cam/viewResource.aspx?resID=269491&amp;code=2615f9396a988dea5834a2f20ecc4d24\">Osteopathic manipulative treatment</a><p></p></p></td></tr><tr><td width=\"175\">\n<p>Reflexology<p></p></p>\n<p>New topic 2008<p></p></p>\n<p><p> </p></p></td>\n<td width=\"192\">\n<p><a>Commentary of 2 RCTs</a><a></a></p>\n<p></p> </td>\n<td width=\"192\">\n<p>–<p></p></p></td></tr><tr><td width=\"175\">\n<p>Spinal manipulation<p></p></p></td>\n<td width=\"192\">\n<p><a>Update on the evidence from guideline, systematic reviews and RCTs</a><a></a></p>\n<p></p> </td>\n<td width=\"192\">\n<p><a href=\"http://www.library.nhs.uk/cam/viewResource.aspx?resID=269492&amp;code=a10bb4beb5a5db9b9c0001896dc0827f\">Summary of findings from guidelines, systematic reviews and RCTs</a><p></p></p></td></tr></tbody></table><p> </p>\n<p><b>Acknowledgements</b> </p>\n<p><br />The CAM Specialist Library project team would like to acknowledge the contribution made by a number of people to the development of this annual evidence update and thank them for all their efforts. In particular Alan Breen, Mike Cummings, Carol Fawkes, Peter Fisher, George Lewith, Michael McIntyre and Sonia Williams who wrote the expert commentaries, and Saul Berkovitz who provided comments and feedback.</p>\n<p> </p>\n<p><b><a><b>Studies Found</b></a>                         <a>Methodology</a></b>                          </p>\n<p> </p>",
  "resourceType": "Article"
}