{
  "name": "Complementary and Alternative Medicine",
  "title": "Annual evidence update on CAM for low back pain 2008: Editorial",
  "rootDirectory": "/cam",
  "topics": "COMPLEMENTARY AND ALTERNATIVE MEDICINE,DATE ADDED,AUGUST 2008",
  "publicationDate": "2008-09-29T00:00:00",
  "url": "http://www.library.nhs.uk//cam/ViewResource.aspx?resID=292781",
  "id": "292781",
  "publicationType": "Editorial Or Opinion Piece",
  "publisher": "CAM Specialist Library",
  "description": "111-1Annual evidence update on CAM for low back pain 2008: Editorial<p><em>Dr George Lewith, University of Southampton</em></p>\n<p><br />Haldeman and Dagenais’s recent editorial in <em>The Spine Journal</em>  beautifully illustrates the current therapeutic confusion about the treatment of back pain; a plethora of equally effective interventions, including both conventional and CAM approaches, appear to be on offer in our health “supermarkets”.<sup>1,2</sup> Further research, rather than illuminating the problem often appears to confuse those wishing to refer patients with this pervasive, common and costly chronic benign condition.   </p>\n<p>What can the referrer do when faced with a patient with chronic back pain? Recent evidence suggests that individuals who suffer back pain particularly in middle age, get better very slowly from the acute episodes and very often have ongoing problems. Back pain is perhaps part of the “human condition”, probably exacerbated by our 21st Century indolence and sedentary lifestyle. Therefore excluding dreadful and dangerous interventions is clearly important. Haldeman and Dagenais imply that it is almost impossible to choose the “best therapy” out there but I would suggest some very simple rules of thumb about referral for treatment in this condition.</p>\n<ul><li><strong>Do something that is safe</strong>. That means trying to avoid long-term medication with adverse reactions and potentially dangerous surgical procedures unless absolutely necessary.</li>\n<li><strong>Do something that empowers your patient</strong>.  This probably means discussing with your patient how they think their back pain occurred and what they think might work for them. Matching the patient’s expectations with treatment is the sort of individualisation that maximises placebo effect through motivational concordance<sup>3</sup>.</li>\n<li>If all treatments have relatively equal outcomes for large heterogeneous groups then <strong>individualising the approach based on patient preference</strong> and beliefs may be the most effective referral process.</li>\n<li>If the problem persists, <strong>keep trying</strong> new approaches. The evidence suggests that those who suffer from back pain may engage in therapeutic experimentation until they find the approach that is effective for them.</li>\n<li>Encourage <strong>self-management</strong> in association with whatever treatment the back pain sufferer is using.  It is usually safer and always cheaper!</li></ul><p>Treating chronic low back pain in the community is rather like navigating through chaos!  Identifying the approach that best suits your patient and encouraging them and supporting them through it is probably the only sensible way forward. There is no “perfect solution” to back pain and from the evidence we have now available such a solution is unlikely to emerge. </p>\n<p><br /><strong>References</strong></p><strong></strong>\n<p>1. Haldeman S, Dagenais S. A supermarket approach to the evidence-informed management of chronic low back pain. <em>Spine Journal</em>. 2008, 8(1):1-7. [<a href=\"http://www.sciencedirect.com/science/journal/15299430\">Full text on journal website</a>]</p>\n<p><br />2. Haldeman S, Dagenais S. What have we learned about the evidence-informed management of chronic low back pain? <em>Spine Journal</em>. 2008, 8(1):266-77. [<a href=\"http://www.sciencedirect.com/science/journal/15299430\">Full text on journal website</a>] </p>\n<p><br />3. Hyland ME, Whalley B.  Motivational concordance: An important mechanism in self-help therapeutic rituals involving inert (placebo) substances. <em>Journal of Psychosomatic Research</em> (in press).</p>\n<p> </p>\n<p><a><strong>Link back to Annual evidence update on CAM for low back pain 2008</strong></a><br /><br /></p>",
  "resourceType": "Article"
}