{
  "name": "Complementary and Alternative Medicine",
  "title": "Diet and nutritional therapies in the treatment of lower back pain: Annual evidence update 2008",
  "rootDirectory": "/cam",
  "topics": "COMPLEMENTARY AND ALTERNATIVE MEDICINE,BACK PAIN,CONDITIONS A-B,DIETARY AND NUTRITIONAL THERAPIES,CONDITIONS A-Z,DATE ADDED,SEPTEMBER 2008",
  "publicationDate": "2008-09-29T00:00:00",
  "url": "http://www.library.nhs.uk//cam/ViewResource.aspx?resID=294641",
  "id": "294641",
  "publicationType": "Editorial Or Opinion Piece",
  "publisher": "CAM Specialist Library",
  "description": "111-1Diet and nutritional therapies in the treatment of lower back pain: Annual evidence update 2008<p><em>Commentary by Prof Sonia Williams</em></p><br /><p>Gagnier JJ. Evidence-informed management of chronic low back pain with herbal, vitamin, mineral, and homeopathic supplements. <em>Spine Journal.</em> 2008, 8(1):70-9. [<a href=\"http://www.sciencedirect.com/science/journal/15299430\">Full text on journal website</a>]</p><br /><p>One researcher performed the search strategy, which was limited to systematic reviews, randomised controlled trials and the Cochrane Library and PubMed up to August 2006. He/she found limited research evidence regarding dietary and nutritional therapies in the treatment of chronic back pain. One RCT provided moderate evidence that intramuscular vitamin B12 was effective when compared with a placebo. In addition, there was limited evidence from a further RCT for Vitamin C, zinc and manganese, when used as part of prolotherapy.  No evidence for any other nutritional supplements was found, although hypothetically there were a number of vitamins and minerals that could have, for instance, anti-inflammatory or reparative functions. Since only one person screened and included trial, extracted data and assessed evidence, reviewer bias may have occurred. Further studies were recommended including those comparing nutritional supplements against standard medication, such as NSAIDS.</p>\n<p> </p><strong>\n<p><strong><a><strong>Link back to 2008 Annual evidence update on CAM for low back pain</strong></a><a></a></strong></p>\n<p></p></strong> ",
  "resourceType": "Article"
}