{
  "name": "Complementary and Alternative Medicine",
  "title": "Spinal manipulation for low back and neck pain: 2008 Annual evidence update",
  "rootDirectory": "/cam",
  "topics": "COMPLEMENTARY AND ALTERNATIVE MEDICINE,MAJOR NON-INFLAMMATORY,SPINAL PROBLEMS,COMPLEMENTARY/ALTERNATIVE MEDICINE,DISEASE MANAGEMENT,CONDITIONS,MUSCULOSKELETAL,CONDITIONS A-Z,CHIROPRACTIC,CONDITIONS A-B,BACK PAIN,CONDITIONS M-O,NECK PAIN,SEPTEMBER 2008,DATE ADDED",
  "publicationDate": "2008-09-29T00:00:00",
  "url": "http://www.library.nhs.uk//cam/ViewResource.aspx?resID=294692",
  "id": "294692",
  "publicationType": "Editorial Or Opinion Piece",
  "publisher": "CAM Specialist Library",
  "description": "111-1Spinal manipulation for low back and neck pain: 2008 Annual evidence update<p><em>Prof Alan Breen, Anglo-European College of Chiropractic</em></p>\n<p><br /><strong>Introduction</strong></p>\n<p>This commentary covers the topic of spinal manipulation for low back pain. In view of the recent WHO Task Force review on Whiplash and Related Disorders, we have also included its conclusions on spinal manipulation for neck pain. </p><br /><p><strong>Summary of findings</strong></p>\n<p>Most guidelines and reviews up to June 2007 support spinal manipulation for use in an evidence-based package of care for patients who are not recovering from episodes of low back pain, provided the therapy is delivered by professionals with competent skills. Subsequent reviews consolidate this, finding manipulation to be moderately effective in the sub-acute and chronic stages, and when the acute stage does not respond to simple evidence-based approaches. </p>\n<p>For neck pain, the efficacy of manipulation was found to be greater than that of the therapies to which it was compared, and similar to mobilisation. The very rare vertebro-basilar stroke was found to be no more likely after a chiropractic visit than after a physician visit for neck pain or headache.</p><br /><p><strong>Low back pain</strong></p>\n<p>Only one evidence-based guideline has been published on non-pharmacologic interventions for low back pain in this review period.<sup>1</sup> This recommends the use of spinal manipulation as having good evidence of moderate efficacy for subacute and chronic low back pain, but found no good evidence for its efficacy in the acute stage.  One subsequent trial<sup>2</sup> found that neither manipulation nor diclofenac improved outcomes more than advice and paracetamol in patients with back pain under 6 weeks’ duration.</p>\n<p>For chronic back pain, an updated systematic review of 25 trials up to the end of 2006<sup>3</sup> found strong evidence of manipulation having equivalence to medical care with exercise instruction. There was moderate evidence of superiority to general practice care and equivalence to physical therapy. This review also reported limited evidence of superiority over physical therapy with home exercise and over hospital outpatient care, medication, acupuncture and chemonucleolysis (the latter for disc herniation). A further review<sup>4</sup>,  found medication-assisted manipulation not to be supported.</p>\n<p>In order to try to further assist effective targeting of manipulative treatment, attempts have been made to develop prediction rules to try to identify the patients likely to benefit the most from manipulation.<sup>5</sup> However, these are thought to still lack substantial validation.<sup>6</sup> Known prognostic factors, with the exception of co-morbidity, do not seem to have predictive effects on back pain outcomes in patients receiving care that includes manipulation.<sup>7,8</sup></p><br /><p><strong>Neck pain</strong></p>\n<p>The Neck Pain Task Force of the World Health Organisation collated the evidence to inform clinical practice about the management of neck pain and its associated disorders.<sup>9</sup> It also completed original research on the risks associated with the treatment of neck pain. For non-whiplash associated neck pain without radiculopathy, the Task Force found that therapies involving manual therapy and exercise were more effective than alternative strategies for patients with neck pain, including therapies which include educational interventions addressing self-efficacy. Of the manual therapies however, manipulation and mobilisation yielded comparable clinical outcomes.<sup>10</sup></p><br /><p><strong>Safety of neck manipulation</strong></p>\n<p>The Task Force also reported on vertebro-basilar strokes, which are extremely rare, but have been reported to be associated with chiropractic visits. This association was found to be similar to physician visits, suggesting that such patients may have actually been in the prodromal phase of a stroke when consulting. There was no evidence of excess risk of vertebro-basilar stroke associated with chiropractic care compared to primary care.<sup>11</sup> However, the risk of minor transient adverse effects appears to be higher with cervical manipulation than with mobilisation. The report concluded that the choice between manipulation and mobilisation should depend on patient preference.<sup>10</sup>  </p><br /><p><strong>References:</strong></p><br /><p>1. Chou R, Huffman LH. Nonpharmacologic therapies for acute and chronic low back pain: a review of the evidence for an American Pain Society/American College of Physicians clinical practice guideline. <em>Annals of Internal Medicine.</em> 2007, 147(7):492-504. [<a href=\"http://www.annals.org/cgi/content/full/147/7/492\">Full text</a>]</p>\n<p><br />2. Hancock MJ, Maher CG, Latimer J, McLachlan AJ, Cooper CW, Day RO, et al. Assessment of diclofenac or spinal manipulative therapy, or both, in addition to recommended first-line treatment for acute low back pain: a randomised controlled trial. <em>Lancet</em>. 2007, 370:1638-43. [<a href=\"http://www.ncbi.nlm.nih.gov/pubmed/17993364?ordinalpos=2&amp;itool=EntrezSystem2.PEntrez.Pubmed.Pubmed_ResultsPanel.Pubmed_RVDocSum\">PubMed abstract</a>]</p>\n<p><br />3. Bronfort G, Haas M, Evans R, Kawchuk G, Dagenais S. Evidence-informed management of chronic low back pain with spinal manipulation and mobilization. <em>Spine Journal.</em> 2008, 8(1):213-25. [<a href=\"http://www.sciencedirect.com/science/journal/15299430\">Full text on journal website</a>] </p>\n<p><br />4. Dagenais S, Mayer J, Wooley JR, Haldeman S. Evidence-informed management of chronic low back pain with medicine-assisted manipulation. <em>Spine Journal.</em> 2008, 8(1):142-9. [<a href=\"http://www.sciencedirect.com/science/journal/15299430\">Full text on journal website</a>] </p>\n<p><br />5. Childs JD, Fritz JM, Flynn TW, Irrgang JJ, Johnson KK, Majkowski GR, Delitto A. A clinical prediction rule to identify patients with low back pain most likely to benefit from spinal manipulation: a validation study. <em>Annals of Internal Medicine</em>. 2004, 141(12):920-8. [<a href=\"http://www.annals.org/cgi/content/full/141/12/920\">Full text</a>]<br /></p>\n<p><br />6. Hancock MJ, Maher CG, Latimer J, Herbert RD, McAuley JH. Independent evaluation of a clinical prediction rule for spinal manipulative therapy: a randomised controlled trial. <em>European Spine Journal</em>. 2008, 17(7):936-43. [<a href=\"http://www.ncbi.nlm.nih.gov/pubmed/18427840?ordinalpos=3&amp;itool=EntrezSystem2.PEntrez.Pubmed.Pubmed_ResultsPanel.Pubmed_DefaultReportPanel.Pubmed_RVDocSum\">PubMed abstract</a>]<br /></p>\n<p><br />7. Underwood MR, Morton V, Farrin A. Do baseline characteristics predict response to treatment for low back pain? Secondary analysis of the UK BEAM dataset [ISRCTN32683578]. Rheumatology (Oxford) 2007, 46(8):1297-302. [<a href=\"http://www.ncbi.nlm.nih.gov/pubmed/17522096?ordinalpos=3&amp;itool=EntrezSystem2.PEntrez.Pubmed.Pubmed_ResultsPanel.Pubmed_RVDocSum\">PubMed abstract</a>]</p><br /><p>8. Langworthy JM, Breen AC. Psychosocial factors and their predictive value in chiropractic patients with low back pain: a prospective inception cohort study. <em>Chiropractic &amp; Osteopathy</em>. 2007, Mar 29;15:5. [<a href=\"http://www.chiroandosteo.com/content/15/1/5\">Full text</a>]</p><br /><p>9. Lidgren L. Preface: Neck pain and the decade of the bone and joint 2000-2010. <em>Spine.</em> 2008, 33(4S): p. S1-S2. </p><br /><p>10. Hurwitz EL, Carragee EJ, van der Velde G, Carroll L J, Nordin M, Guzman J, Peloso PM, Holm LW, Cote P, Hogg-Johnson S, Cassidy J D, Haldeman S. Treatment of neck pain: Noninvasive interventions: results of the Bone and Joint Decade 2000-2010 Task Force on Neck Pain and Its Associated Disorders. <em>Spine.</em> 2008, 33(4S) Neck Pain Task Force(Supplement): p. S123-S152. [<a href=\"http://www.spinejournal.org/pt/re/spine/abstract.00007632-200802151-00016.htm;jsessionid=LhGcyTJTmp31BQfxQRRYhrRqT9FTMC0XThRtyCQm6zzh5yxnsgNG!1455807198!181195628!8091!-1\">Abstract on journal website</a>]</p><br /><p>11. Cassidy JD, Boyle E, Cote P, He Y, Hogg-Johnson S, Silver F L, Bondy S J. Risk of vertebrobasilar stroke and chiropractic care: Results of a population-based case-control and case-crossover study. <em>Spine</em>. 2008, 33(4S) Neck Pain Task Force(Supplement): p. S176-S183. [<a href=\"http://www.spinejournal.org/pt/re/spine/abstract.00007632-200802151-00019.htm;jsessionid=LhGcyTJTmp31BQfxQRRYhrRqT9FTMC0XThRtyCQm6zzh5yxnsgNG!1455807198!181195628!8091!-1\">Abstract on journal website</a>]</p>\n<p> </p>\n<p><strong><a><strong>Link back to 2008 Annual evidence update on CAM for low back pain</strong></a> </strong></p>",
  "resourceType": "Article"
}