{
  "name": "Complementary and Alternative Medicine",
  "title": "The effectiveness of shiatsu: findings from a cross-European, prospective observational study",
  "rootDirectory": "/cam",
  "topics": "COMPLEMENTARY AND ALTERNATIVE MEDICINE,OTHER THERAPIES OR MEDICAL SYSTEMS,DATE ADDED,SEPTEMBER 2008,SHIATSU",
  "publicationDate": "2008-10-01T00:00:00",
  "url": "http://www.ncbi.nlm.nih.gov/pubmed/18990043?",
  "id": "294751",
  "publicationType": "Research Study",
  "publisher": "Mary Ann Liebert, Inc.",
  "description": "<p><strong>Citation </strong></p>\n<p>Long AF. The effectiveness of shiatsu: findings from a cross-European, prospective observational study. Journal of Alternative and Complementary Medicine. 2008, 14(8):921-30.</p>\n<p><strong>Author's objectives</strong></p>\n<p>The objective of this study was to explore client perceptions of the short-term and longer-term effects of shiatsu. </p>\n<p><strong>Author's conclusions</strong></p>\n<p>Clients receiving shiatsu reported improvements in symptom severity and changes in their health-related behaviour that they attributed to their treatment, suggestive of a role for shiatsu in maintaining and enhancing health.</p>",
  "resourceType": "CARDEX"
}