{
  "name": "Complementary and Alternative Medicine",
  "title": "Massage for low back pain: 2008 Annual evidence update",
  "rootDirectory": "/cam",
  "topics": "MAJOR NON-INFLAMMATORY,SPINAL PROBLEMS,COMPLEMENTARY/ALTERNATIVE MEDICINE,DISEASE MANAGEMENT,CONDITIONS,MUSCULOSKELETAL,COMPLEMENTARY AND ALTERNATIVE MEDICINE,CONDITIONS A-B,BACK PAIN,CONDITIONS A-Z,MASSAGE,DATE ADDED,SEPTEMBER 2008",
  "publicationDate": "2008-09-29T00:00:00",
  "url": "http://www.library.nhs.uk//cam/ViewResource.aspx?resID=294801",
  "id": "294801",
  "publicationType": "Editorial Or Opinion Piece",
  "publisher": "CAM Specialist Library",
  "description": "111-1Massage for low back pain: 2008 Annual evidence update<p><em>Evidence summary by Peter Fisher, Royal London Homoeopathic Hospital</em></p><br /><p>Imamura et al.<sup>1</sup> conducted a comprehensive ‘evidence-informed’ review of management of chronic low back pain with massage. They briefly discuss types of massage, history, theory etc. before reviewing the evidence from randomised controlled trials (RCTs).</p><br /><p>The review identified a total of 9 RCTs, 5 of ‘higher quality’ (assessed by the Cochrane Collaboration Back Review Group methodological quality criteria), total n=865 and four of ‘lower quality’, n=331. Comparisons were: massage versus inert or sham therapy, massage v conventional physiotherapy, v exercise, v relaxation therapy, v acupuncture, v self-care education, v usual care, and massage plus other intervention, different massage techniques, therapist experience. The outcomes in most trials were pain and/or disability, but two trials (one high and one low quality) measured work-related outcomes. The paper also reviewed harm.</p><br /><p>No serious adverse events were reported. Some massage techniques may cause produce post-massage soreness or bruising. The authors conclude that there is strong evidence that massage is effective for non-specific chronic low back pain (cLBP) and moderate evidence that it provides short- and longer-term relief of symptoms. It is beneficial in terms of symptoms and function, the results are better when it is delivered by a qualified therapist and combined with exercise and education.<sup>1</sup></p><br /><p>Hettinga et al.<sup>2</sup> assessed the scale and quality of RCTs of mobilisation, manipulation and massage on cLBP, using the Van Tulder scale to assess quality. They found ten RCTs, of which only two were of ‘higher quality’. Smaller and lower quality studies showed greater differences between treatment and control groups. The authors conclude that high quality evidence shows that a package of mobilisation and manipulation is effective in terms of pain and function, but manipulation alone is not. In contrast to Imamura et al they found no higher quality evidence on massage. They further conclude that many RCTs in the area have shortcomings in terms of scale and quality.<sup>2</sup></p><br /><p>A small scale RCT published subsequent to these reviews compared massage and relaxation, concluding that patients receiving massage showed greater improvements in function, psychological variables and sleep than those who had relaxation therapy.<sup>3</sup></p><br /><p><strong>References:</strong></p><br /><p>1. Imamura M, Furlan AD, Dryden T, Irvin E. Evidence-informed management of chronic low back pain with massage. <em>Spine Journal.</em> 2008, 8(1):121-33. [<a href=\"http://www.sciencedirect.com/science/journal/15299430\">Full text on journal website</a>]</p><br /><p>2. Hettinga DM, Hurley DA, Jackson A, May S, Mercer C, Roberts L. Assessing the effect of sample size, methodological quality and statistical rigour on outcomes of randomised controlled trials on mobilisation, manipulation and massage for low back pain of at least 6 weeks duration. <em>Physiotherapy</em>. 2008, 94(2):97-104. [<a href=\"http://www.sciencedirect.com/science/journal/00319406\">Abstract on journal website</a>]</p><br /><p>3. Field T, Hernandez RM, Diego M, Fraser M. Lower back pain and sleep disturbance are reduced following massage therapy. <em>Journal of Bodywork &amp; Movement Therapies</em>. 2007; 11:141-5. [<a href=\"http://www.sciencedirect.com/science/journal/13608592\">Full text on journal website</a>]</p>\n<p> </p>\n<p><strong><a><strong>Link back to 2008 Annual evidence update on CAM for low back pain</strong></a></strong> </p>",
  "resourceType": "Article"
}