{
  "name": "Complementary and Alternative Medicine",
  "title": "2008 Annual evidence update on CAM in depression: Studies found",
  "rootDirectory": "/cam",
  "topics": "COMPLEMENTARY AND ALTERNATIVE MEDICINE,CONDITIONS A-Z,DEPRESSION,CONDITIONS D-E,SEPTEMBER 2008,DATE ADDED",
  "publicationDate": "2008-10-06T00:00:00",
  "url": "http://www.library.nhs.uk//cam/ViewResource.aspx?resID=294984",
  "id": "294984",
  "publicationType": "Review",
  "publisher": "CAM Specialist Library",
  "description": "111-12008 Annual evidence update on CAM in depression: Studies found<p>The following relevant studies on this topic have been published since January 2004. </p>\n<p><em>These studies have met our selection criteria. Where there is an appraisal available we have linked to it. If there is no appraisal and you wish to appraise the selected studies here is a </em><a href=\"http://www.phru.nhs.uk/Pages/PHD/resources.htm\"><em>link to a list of appraisal tools</em></a><em>.</em></p><br /><p><strong>Guidelines</strong></p>\n<p><em>Depression: Management of Depression in Primary and Secondary Care</em>. London: National Institute for Clinical Excellence, 2004. [Amended April 2007]. Available at: <a href=\"http://www.nice.org.uk/CG023\">http://www.nice.org.uk/CG023</a>.</p>\n<p><br /><strong>Systematic reviews and/or meta-analyses</strong></p>\n<p><strong>2008</strong> </p>\n<ol><li>Coelho HF, Boddy K, Ernst E. Massage therapy for the treatment of depression: a systematic review. <em>International Journal of Clinical Practice</em>. 2008, 62(2):325-33. [<a href=\"http://www.ncbi.nlm.nih.gov/pubmed/18081800?ordinalpos=2&amp;itool=EntrezSystem2.PEntrez.Pubmed.Pubmed_ResultsPanel.Pubmed_DefaultReportPanel.Pubmed_RVDocSum\">PubMed abstract</a>]</li>\n<li>Even C, Schröder CM, Friedman S, Rouillon F. Efficacy of light therapy in nonseasonal depression: a systematic review. <em>Journal of Affective Disorders</em>. 2008 May;108(1-2):11-23. [<a href=\"http://www.ncbi.nlm.nih.gov/pubmed/17950467?ordinalpos=3&amp;itool=EntrezSystem2.PEntrez.Pubmed.Pubmed_ResultsPanel.Pubmed_DefaultReportPanel.Pubmed_RVDocSum\">PubMed abstract</a>]</li>\n<li>Kasper S, Gastpar M, Muller WE, Volz HP, Dienel A, Kieser M, et al. Efficacy of St. John's wort extract WS 5570 in acute treatment of mild depression: a reanalysis of data from controlled clinical trials. <em>European Archives of Psychiatry Clinical Neuroscience</em>. 2008, 258(1):59-63.  [<a href=\"http://www.ncbi.nlm.nih.gov/pubmed/18084790?dopt=Citation\">PubMed abstract</a>]</li>\n<li>Lee MS, Pittler MH, Ernst E. Effects of reiki in clinical practice: a systematic review of randomised clinical trials. <em>International Journal of Clinical Practice</em>. 2008, 62(6):947-54. [<a href=\"http://www.ncbi.nlm.nih.gov/pubmed/18410352?dopt=Citation\">PubMed abstract</a>]</li>\n<li>Maratos AS, Gold C, Wang X, Crawford MJ. Music therapy for depression. <i>Cochrane Database of Systematic Reviews</i> 2008, Issue 1. Art. No.: CD004517. DOI: 10.1002/14651858.CD004517.pub2. [<a href=\"http://www.mrw.interscience.wiley.com/cochrane/clsysrev/articles/CD004517/frame.html\">Full text</a>]</li>\n<li>Morgan AJ, Jorm AF. Self-help interventions for depressive disorders and depressive symptoms: A systematic review. <em>Annals of General Psychiatry</em>. 2008, 7(1):13. [<a href=\"http://www.pubmedcentral.nih.gov/articlerender.fcgi?tool=pubmed&amp;pubmedid=18710579\">Full text</a>]</li>\n<li>Tsang HW, Chan EP, Cheung WM. Effects of mindful and non-mindful exercises on people with depression: a systematic review. <em>British Journal of Clinical Psychology</em>. 2008, 47(Pt 3):303-22. [<a href=\"http://www.ncbi.nlm.nih.gov/pubmed/18237457?ordinalpos=12&amp;itool=EntrezSystem2.PEntrez.Pubmed.Pubmed_ResultsPanel.Pubmed_DefaultReportPanel.Pubmed_RVDocSum\">PubMed abstract</a>]</li>\n<li>Wang H, Qi H, Wang BS, Cui YY, Zhu L, Rong ZX, Chen HZ. Is acupuncture beneficial in depression: A meta-analysis of 8 randomized controlled trials? <em>Journal of Affective Disorders</em>. 2008, Jun 10. [<a href=\"http://www.ncbi.nlm.nih.gov/pubmed/18550177?ordinalpos=2&amp;itool=EntrezSystem2.PEntrez.Pubmed.Pubmed_ResultsPanel.Pubmed_DefaultReportPanel.Pubmed_RVDocSum\">PubMed abstract</a>] </li>\n<li>Wang L, Sun DW, Zou W, Zhang JY. [Systematic evaluation of therapeutic effect and safety of acupuncture for treatment of depression] <em>Zhongguo Zhen Jiu</em>. 2008, 28(5):381-6. [<a href=\"http://www.ncbi.nlm.nih.gov/pubmed/18652335?ordinalpos=1&amp;itool=EntrezSystem2.PEntrez.Pubmed.Pubmed_ResultsPanel.Pubmed_DefaultReportPanel.Pubmed_RVDocSum\">PubMed abstract</a>]</li>\n<li>Zhou SF, Lai X. An update on clinical drug interactions with the herbal antidepressant St. John's wort. <em>Current Drug Metabolism</em>. 2008 Jun;9(5):394-409. [<a href=\"http://www.ncbi.nlm.nih.gov/pubmed/18537576?ordinalpos=1&amp;itool=EntrezSystem2.PEntrez.Pubmed.Pubmed_ResultsPanel.Pubmed_DefaultReportPanel.Pubmed_RVDocSum\">PubMed abstract</a>]</li></ol><strong>\n<p>2007 </p></strong>\n<ol><li>Clayton EH, Hanstock TL, Garg ML, Hazell PL. Long chain omega-3 polyunsaturated fatty acids in the treatment of psychiatric illnesses in children and adolescents. <em>Acta Neuropsychiatrica</em>. 2007,19(2):92-103. [<a href=\"http://www3.interscience.wiley.com/journal/118521720/abstract\">Abstract</a>]</li>\n<li>Coelho HF, Canter PH, Ernst E. Mindfulness-based cognitive therapy: evaluating current evidence and informing future research. <em>Journal of Consulting and Clinical Psychology</em>. 2007, 75(6):1000-5. [<a href=\"http://www.ncbi.nlm.nih.gov/pubmed/18085916?ordinalpos=1&amp;itool=EntrezSystem2.PEntrez.Pubmed.Pubmed_ResultsPanel.Pubmed_DefaultReportPanel.Pubmed_RVDocSum\">PubMed abstract</a>] </li>\n<li>Ernst E. Herbal remedies for depression and anxiety. <em>Advances in Psychiatric Treatment</em>. 2007, 13(4):312-6. [<a href=\"http://apt.rcpsych.org/cgi/reprint/13/4/312\">Full text</a>] </li>\n<li>Gilbody S, Lightfoot T, Sheldon T. Is low folate a risk factor for depression? A meta-analysis and exploration of heterogeneity. <em>Journal of Epidemiology and Community Health</em>. 2007, 61(7):631-7. [<a href=\"http://www.ncbi.nlm.nih.gov/pubmed/17568057?dopt=Citation\">PubMed abstract</a>] </li>\n<li>Gohil KJ, Patel JA. Herb-drug interactions: A review and study based on assessment of clinical case reports in literature. <em>Indian Journal of Pharmacology</em>. 2007, 39(3):129-39. [<a href=\"http://www.ijp-online.com/article.asp?issn=0253-7613;year=2007;volume=39;issue=3;spage=129;epage=139;aulast=Gohil\">Full text</a>]</li>\n<li>Leo RJ, Ligot JS, Jr. A systematic review of randomized controlled trials of acupuncture in the treatment of depression. <em>Journal of Affective Disorders</em>. 2007, 97(1-3):13-22. [<a href=\"http://www.ncbi.nlm.nih.gov/pubmed/16899301?dopt=Citation\">PubMed Abstract</a>] [<a href=\"http://www.crd.york.ac.uk/CRDWeb/ShowRecord.asp?ID=12007007011\">DARE structured abstract]</a></li>\n<li>Lin PY, Su KP. A meta-analytic review of double-blind, placebo-controlled trials of antidepressant efficacy of omega-3 fatty acids. <em>Journal of Clinical Psychiatry</em>. 2007, 68(7):1056-61. [<a href=\"http://www.ncbi.nlm.nih.gov/pubmed/17685742?dopt=Citation\">PubMed abstract</a>] [<a href=\"http://www.crd.york.ac.uk/CRDWeb/ShowRecord.asp?ID=12007003167\">DARE provisional record</a>]</li>\n<li>Meeks TW, Wetherell JL, Irwin MR, Redwine LS, Jeste DV. Complementary and alternative treatments for late-life depression, anxiety, and sleep disturbance: a review of randomized controlled trials. <em>Journal of Clinical Psychiatry</em>. 2007, 68(10):1461-71.  [<a href=\"http://www.ncbi.nlm.nih.gov/pubmed/17960959?dopt=Citation\">PubMed abstract</a>]</li>\n<li>Ross BM, Seguin J, Sieswerda LE. Omega-3 fatty acids as treatments for mental illness: which disorder and which fatty acid? <em>Lipids in Health and Disease</em>. 2007, 6:21. [<a href=\"http://www.lipidworld.com/content/6/1/21\">Full text</a>] [<a href=\"http://www.crd.york.ac.uk/CRDWeb/ShowRecord.asp?ID=12007003970\">DARE provisional record</a>] </li>\n<li>Sarris J. Herbal medicines in the treatment of psychiatric disorders: a systematic review. <em>Phytotherapy Research</em>. 2007, 21(8):703-16. [<a href=\"http://www.ncbi.nlm.nih.gov/pubmed/17562566?dopt=Citation\">PubMed abstract</a>]</li>\n<li>Thachil AF, Mohan R, Bhugra D. The evidence base of complementary and alternative therapies in depression. <em>Journal of Affective Disorders</em>. 2007, 97(1-3):23-35. [<a href=\"http://www.ncbi.nlm.nih.gov/pubmed/16926053?ordinalpos=4&amp;itool=EntrezSystem2.PEntrez.Pubmed.Pubmed_ResultsPanel.Pubmed_DefaultReportPanel.Pubmed_RVDocSum\">PubMed abstract</a>] </li>\n<li>Vitale A. An integrative review of Reiki touch therapy research. <em>Holistic Nursing Practice</em>. 2007,21(4):167-79. [<a href=\"http://www.ncbi.nlm.nih.gov/pubmed/17627194?ordinalpos=2&amp;itool=EntrezSystem2.PEntrez.Pubmed.Pubmed_ResultsPanel.Pubmed_DefaultReportPanel.Pubmed_RVDocSum\">PubMed abstract</a>] </li>\n<li>Werneke U. Risk management of nutritional supplements in chronic illness: the implications for the care of cancer and depression. <em>Proceedings of the Nutrition Society</em>. 2007, 66(4):483-92. [<a href=\"http://www.ncbi.nlm.nih.gov/pubmed/17961269?ordinalpos=4&amp;itool=EntrezSystem2.PEntrez.Pubmed.Pubmed_ResultsPanel.Pubmed_DefaultReportPanel.Pubmed_RVDocSum\">PubMed abstract</a>]</li></ol><strong>\n<p>2006</p></strong> \n<ol><li>Appleton KM, Hayward RC, Gunnell D, Peters TJ, Rogers PJ, Kessler D, Ness AR. Effects of n-3 long-chain polyunsaturated fatty acids on depressed mood: systematic review of published trials. <em>American Jourbal of Clinical Nutrition</em>. 2006, 84(6):1308-16. [<a href=\"http://www.ajcn.org/cgi/reprint/84/6/1308\">Full text</a>] [<a href=\"http://www.crd.york.ac.uk/CRDWeb/ShowRecord.asp?ID=12007000337\">DARE provisional record</a>] </li>\n<li>Clement K, Covertson C R, Johnson M J, Dearing K. St. John's Wort and the treatment of mild to moderate depression: a systematic review. <em>Holistic Nursing Practice</em>. 2006, 20(4): 197-203. [<a href=\"http://www.ncbi.nlm.nih.gov/pubmed/16825922?dopt=Abstract\">PubMed abstract</a>] [<a href=\"http://www.crd.york.ac.uk/CRDWeb/ShowRecord.asp?ID=12006005330\">DARE provisional record</a>]</li>\n<li>Dugoua JJ, Mills E, Perri D, Koren G. Safety and efficacy of St. John's wort (Hypericum) during pregnancy and lactation. <em>Canadian Journal of Clinical Pharmacology</em>. 2006;13(3):e268-e276. [<a href=\"http://www.cjcp.ca/pdf/CJCP05-036_e268-e276F.pdf\">Full text</a>] </li>\n<li>Freeman MP, Hibbeln JR, Wisner KL, Davis JM, Mischoulon D, Peet M, et al. Omega-3 fatty acids: evidence basis for treatment and future research in psychiatry. <em>Journal of Clinical Psychiatry</em>. 2006, 67(12):1954-67. [<a href=\"http://www.ncbi.nlm.nih.gov/pubmed/17194275?dopt=Citation\">PubMed abstract</a>]</li>\n<li>Jorm AF, Allen NB, O'Donnell CP, Parslow RA, Purcell R, Morgan AJ.  Effectiveness of complementary and self-help treatments for depression in children and adolescents. <em>Medical Journal of Australia.</em> 2006, 185(7):368-72. [<a href=\"http://www.mja.com.au/public/issues/185_07_021006/jor10560_fm.pdf\">Full text</a>]</li>\n<li>Nieuwstraten C, Labiris NR, Holbrook A. Systematic overview of drug interactions with antidepressant medications. <em>Canadian Journal of Psychiatry</em>. 2006, 51(5):300-16. [<a href=\"http://www.ncbi.nlm.nih.gov/pubmed/16986820?ordinalpos=1&amp;itool=EntrezSystem2.PEntrez.Pubmed.Pubmed_ResultsPanel.Pubmed_DefaultReportPanel.Pubmed_RVDocSum\">PubMed abstract</a>] [<a href=\"http://www.crd.york.ac.uk/CRDWeb/ShowRecord.asp?ID=12006002321\">DARE Provisional record]</a></li>\n<li>Pilkington K, Kirkwood G, Rampes H, Richardson J. Aromatherapy and massage for depression: a systematic review. Complementary and Alternative Medicine Evidence Online (CAMEOL) Database. 2006. Available at: <a href=\"http://www.rccm.org.uk/cameol/Default.aspx\">http://www.rccm.org.uk/cameol/Default.aspx</a> [Accessed Aug 2008]</li>\n<li>Pilkington K, Kirkwood G, Rampes H, Richardson J. Reflexology  for depression: a systematic review. Complementary and Alternative Medicine Evidence Online (CAMEOL) Database. 2006. Available at: <a href=\"http://www.rccm.org.uk/cameol/Default.aspx\">http://www.rccm.org.uk/cameol/Default.aspx</a> [Accessed Aug 2008]</li>\n<li>Pilkington K, Rampes H, Richardson J. Complementary medicine for depression. <em>Expert Review of Neurotherapeutics</em>. 2006, 6(11): 1741-51. [<a href=\"http://www.expert-reviews.com/doi/abs/10.1586/14737175.6.11.1741\">Abstract]</a></li>\n<li>Werneke U, Turner T, Priebe S. Complementary medicines in psychiatry: Review of effectiveness and safety. <em>British Journal of Psychiatry.</em> 2006, 188(2):109-21. [<a href=\"http://bjp.rcpsych.org/cgi/content/abstract/188/2/109\">Abstract</a>] </li>\n<li>Williams AL, Katz D, Ali A, Girard C, Goodman J, Bell I. Do essential fatty acids have a role in the treatment of depression? <em>Journal of Affective Disorders</em>. 2006, 93(1-3):117-23. </li></ol><p><strong>2005</strong></p>\n<ol><li>Frazer CJ, Christensen H, Griffiths KM. Effectiveness of treatments for depression in older people. <em>Medical Journal of Australia</em>. 2005, 182(12):627-32. [<a href=\"http://www.mja.com.au/public/issues/182_12_200605/fra10160_fm.pdf\">Full text</a>]</li>\n<li>Golden RN, Gaynes BN, Ekstrom RD, Hamer RM, Jacobsen FM, Suppes T, et al. The efficacy of light therapy in the treatment of mood disorders: a review and meta-analysis of the evidence. <em>American Journal of Psychiatry</em>. 2005, 162(4):656-62. [<a href=\"http://ajp.psychiatryonline.org/cgi/content/full/162/4/656\">Full text</a>]</li>\n<li>Jou HJ, Hsu IP, Ling PY, Huang HT, Lin CT, Wu SC. Extracts of St. John's wort for mild to moderate depression - A meta-analysis of randomized, double-blinded and placebo-controlled trials. <em>Nutritional Sciences Journal</em>. 2005, 30(4):166-73.</li>\n<li>Kirkwood G, Rampes H, Richardson J, Pilkington K. Meditation for depression: a systematic review. Complementary and Alternative Medicine Evidence Online (CAMEOL) Database. 2005. Available at: <a href=\"http://www.rccm.org.uk/cameol/Default.aspx\">http://www.rccm.org.uk/cameol/Default.aspx</a> [Accessed Sept 2008]</li>\n<li>Krasnik C, Montori VM, Guyatt GH, Heels-Ansdell D, Busse JW; Medically Unexplained Syndromes Study Group.The effect of bright light therapy on depression associated with premenstrual dysphoric disorder. <em>American Journal of Obstetrics and Gynecology</em>. 2005, 193(3 Pt 1):658-61. [<a href=\"http://www.ncbi.nlm.nih.gov/pubmed/16150256?ordinalpos=14&amp;itool=EntrezSystem2.PEntrez.Pubmed.Pubmed_ResultsPanel.Pubmed_DefaultReportPanel.Pubmed_RVDocSum\">PubMed abstract</a>]</li>\n<li>Linde K, Berner M, Egger M, Mulrow C. St John's wort for depression: meta-analysis of randomised controlled trials. <em>British Journal of Psychiatry</em>. 2005, 186:99-107. [<a href=\"http://bjp.rcpsych.org/cgi/reprint/186/2/99\">Full text</a>] <em>Duplicate publication of Cocrane review.</em></li>\n<li>Linde K, Knuppel L. Large-scale observational studies of hypericum extracts in patients with depressive disorders--a systematic review. <em>Phytomedicine</em>. 2005, 12(1-2):148-57. [<a href=\"http://www.ncbi.nlm.nih.gov/pubmed/15693723?dopt=Citation\">PubMed abstract</a>] [<a href=\"http://www.crd.york.ac.uk/CRDWeb/ShowRecord.asp?ID=12005009230\">DARE structured abstract</a>] </li>\n<li>Linde K, Mulrow CD, Berner M, Egger M. St John's Wort for depression. <em>Cochrane Database of Systematic Reviews</em> 2005, Issue 2. Art. No.: CD000448. DOI: 10.1002/14651858.CD000448.pub2. </li>\n<li>Mukaino Y, Park J, White A, Ernst E. The effectiveness of acupuncture for depression--a systematic review of randomised controlled trials. <em>Acupuncture in Medicine</em>. 2005, 23(2):70-6. [<a href=\"http://www.acupunctureinmedicine.org.uk/servearticle.php?artid=5\">Full text</a>] [<a href=\"http://www.crd.york.ac.uk/CRDWeb/ShowRecord.asp?ID=12005000902\">DARE provisional record</a>]</li>\n<li>Pilkington K, Kirkwood G, Rampes H, Fisher P, Richardson J. Homeopathy for depression: a systematic review of the research evidence. <em>Homeopathy.</em> 2005, 94(3):153-63. [<a href=\"http://www.ncbi.nlm.nih.gov/pubmed/16060201?ordinalpos=5&amp;itool=EntrezSystem2.PEntrez.Pubmed.Pubmed_ResultsPanel.Pubmed_DefaultReportPanel.Pubmed_RVDocSum\">PubMed abstract</a>] [<a href=\"http://www.crd.york.ac.uk/CRDWeb/ShowRecord.asp?ID=12005004392\">DARE structured abstract</a>] </li>\n<li>Pilkington K, Kirkwood G, Rampes H, Richardson J. Yoga for depression: the research evidence. <em>Journal of Affective Disorders. </em>2005, 89(1-3):13-24. [<a href=\"http://www.ncbi.nlm.nih.gov/pubmed/16185770?ordinalpos=39&amp;itool=EntrezSystem2.PEntrez.Pubmed.Pubmed_ResultsPanel.Pubmed_DefaultReportPanel.Pubmed_RVDocSum\">PubMed abstract</a>] [<a href=\"http://www.crd.york.ac.uk/CRDWeb/ShowRecord.asp?ID=12006006064\">DARE structured abstract</a>]</li>\n<li>Schachter H, Kourad K, Merali Z, Lumb A, Tran K, Miguelez M, et al. Effects of Omega-3 Fatty Acids on Mental Health. Evidence Report/Technology Assessment No. 116. (Prepared by the University of Ottawa Evidence-based Practice Center, Under Contract No. 290-02-0021.) AHRQ Publication No. 05-E022-2. Rockville, MD: Agency for Healthcare Research and Quality. July 2005. [<a href=\"http://www.ncbi.nlm.nih.gov/books/bv.fcgi?rid=hstat1a.chapter.89824\">Full text</a>]</li>\n<li>Sha Y. General situation of electro-acupuncture in treating depressive disorders: Comparing the effect with that of drug therapy. <em>Chinese Journal of Clinical Rehabilitation</em>. 2005, 9(44):181-3. </li>\n<li>Williams AL, Cotter A, Sabina A, Girard C, Goodman J, Katz DL. The role for vitamin B-6 as treatment for depression: a systematic review. Family Practice. 2005, 22(5):532-7. [<a href=\"http://fampra.oxfordjournals.org/cgi/content/full/22/5/532\">Full text</a>] </li>\n<li>Williams AL, Girard C, Jui D, Sabina A, Katz DL. S-adenosylmethionine (SAMe) as treatment for depression: a systematic review. <em>Clininical and Investigative Medicine</em>. 2005, 28(3):132-9. [<a href=\"http://www.ncbi.nlm.nih.gov/pubmed/16021987?ordinalpos=2&amp;itool=EntrezSystem2.PEntrez.Pubmed.Pubmed_ResultsPanel.Pubmed_DefaultReportPanel.Pubmed_RVDocSum\">PubMed abstract</a>]</li></ol><p><strong>2004</strong></p>\n<ol><li>Moyer CA, Rounds J, Hannum JW. A meta-analysis of massage therapy research. <em>Psychological Bulletin</em>. 2004, 130(1):3-18.  [<a href=\"http://www.ncbi.nlm.nih.gov/pubmed/14717648?ordinalpos=24&amp;itool=EntrezSystem2.PEntrez.Pubmed.Pubmed_ResultsPanel.Pubmed_DefaultReportPanel.Pubmed_RVDocSum\">PubMed abstract</a>] [<a href=\"http://www.crd.york.ac.uk/CRDWeb/ShowRecord.asp?ID=12004003309\">DARE provisional record</a>]</li>\n<li>Smith CA, Hay PPJ. Acupuncture for depression. <i>Cochrane Database of Systematic Reviews</i> 2004, Issue 3. Art. No.: CD004046. DOI: 10.1002/14651858.CD004046.pub2. [<a href=\"http://www.mrw.interscience.wiley.com/cochrane/clsysrev/articles/CD004046/frame.html\">Full text</a>]</li>\n<li>Taylor MJ, Carney SM, Goodwin GM, Geddes JR. Folate for depressive disorders: systematic review and meta-analysis of randomized controlled trials. <em>Journal of Psychopharmacology</em>. 2004, 18(2):251-6. [<a href=\"http://www.ncbi.nlm.nih.gov/pubmed/15260915?ordinalpos=13&amp;itool=EntrezSystem2.PEntrez.Pubmed.Pubmed_ResultsPanel.Pubmed_DefaultReportPanel.Pubmed_RVDocSum\">PubMed abstract</a>] <em>Duplicate publication of <a href=\"http://www.mrw.interscience.wiley.com/cochrane/clsysrev/articles/CD003390/frame.html\">2003 Cochrane review</a>.</em></li>\n<li>Taylor MJ, Wilder H, Bhagwagar Z, Geddes J. Inositol for depressive disorders. <i>Cochrane Database of Systematic Reviews</i> 2004, Issue 1. Art. No.: CD004049. DOI: 10.1002/14651858.CD004049.pub2. [<a href=\"http://www.mrw.interscience.wiley.com/cochrane/clsysrev/articles/CD004049/frame.html\">Full text</a>]</li>\n<li>Tuunainen A, Kripke DF, Endo T. Light therapy for non-seasonal depression. <i>Cochrane Database of Systematic Reviews</i> 2004, Issue 2. Art. No.: CD004050. DOI: 10.1002/14651858.CD004050.pub2. [<a href=\"http://www.mrw.interscience.wiley.com/cochrane/clsysrev/articles/CD004050/frame.html\">Full text</a>]</li></ol><p> </p><strong>\n<p><strong><strong><a><strong><strong>Link back to 2008 Annual evidence update on CAM in depression</strong></strong></a></strong></strong></p>\n<p></p></strong> ",
  "resourceType": "Article"
}