{
  "name": "Complementary and Alternative Medicine",
  "title": "2008 Annual evidence update on CAM in depression",
  "rootDirectory": "/cam",
  "topics": "COMPLEMENTARY AND ALTERNATIVE MEDICINE,DEPRESSION,CONDITIONS A-Z,CONDITIONS D-E,SEPTEMBER 2008,DATE ADDED",
  "publicationDate": "2008-10-06T00:00:00",
  "url": "http://www.library.nhs.uk//cam/ViewResource.aspx?resID=295132",
  "id": "295132",
  "publicationType": "Review",
  "publisher": "CAM Specialist Library",
  "description": "111-12008 Annual evidence update on CAM in depression<p> </p>\n<p> </p>\n<p><img height=\"133\" alt=\"Blue evening ©iStockphoto\" src=\"https://rmsadmin.library.nhs.uk/libraryImages/Complementary%20and%20Alternative%20Medicine/contentID295132/nelhImp_0000_200_Blueevening_000007186659Small.jpg\" width=\"200\" /></p>\n<p> </p>\n<p> </p>\n<p><strong>Introduction </strong></p>\n<p>This annual evidence update on complementary and alternative medicine for depression aims to identify, organise and present the latest information on this topic. We have searched a large number of databases for studies published or updated in the last 5 years in order to update work originally conducted as part of the <a href=\"http://www.rccm.org.uk/cameol/include/login.aspx?ReturnUrl=%2fcameol%2fDefault.aspx\">CAMEOL project</a>.  </p>\n<p>For more details about the search methods and the selection process please see the <a>Methodology section</a>. <br /></p>\n<p>This update is linked to the <a href=\"http://www.library.nhs.uk/mentalHealth/Page.aspx?pagename=DEPRESSION\">Annual Evidence Update on depression</a> produced by the Mental Health Specialist Library which is focusing on evidence published since January 2007. For a full list of studies published since January 2007 see <a>Studies Found</a>. For further information on depression including information on other treatments, see the relevant pages on the <a href=\"http://www.library.nhs.uk/mentalHealth/\">Mental Health Specialist Library</a>.</p><br /><p><strong>Contents</strong></p>\n<ul><li><a>Background information</a></li>\n<li><a>Overviews of the evidence on CAM in depression</a></li>\n<li>Evidence on specific therapies and approaches</li>\n<ul><li><a>Acupuncture</a></li>\n<li><a>Diet and nutrition</a> </li>\n<li><a>Herbal medicine (excluding St John's wort)</a></li>\n<li><a>Massage, aromatherapy and reflexology</a></li>\n<li><a>Meditation and mindfulness</a> </li>\n<li><a>St John's wort (Hypericum perforatum)</a> <strong>STOP PRESS: New Cochrane review</strong></li>\n<li><a>Yoga</a></li>\n<li><a>Other therapies</a></li></ul></ul><p> </p>\n<p><strong><strong><a><strong><strong>Studies found</strong></strong></a></strong></strong>                            <strong><strong><strong><strong><a><strong><strong><strong><strong>Methodology</strong></strong></strong></strong></a></strong></strong></strong></strong>   </p>",
  "resourceType": "Article"
}