{
  "name": "Complementary and Alternative Medicine",
  "title": "2008 Annual evidence update on CAM in depression: Acupuncture",
  "rootDirectory": "/cam",
  "topics": "COMPLEMENTARY AND ALTERNATIVE MEDICINE,ACUPUNCTURE,CONDITIONS D-E,CONDITIONS A-Z,DATE ADDED,SEPTEMBER 2008,2008",
  "publicationDate": "2008-10-06T00:00:00",
  "url": "http://www.library.nhs.uk//cam/ViewResource.aspx?resID=295129",
  "id": "295129",
  "publicationType": "Review",
  "publisher": "CAM Specialist Library",
  "description": "111-12008 Annual evidence update on CAM in depression: Acupuncture<p>Three meta-analyses focusing on acupuncture in depression were published between 2004 and 2007 (1-3). All concluded that the evidence was insufficient to determine efficacy of acupuncture compared to medication, wait list control or sham acupuncture. One suggested that the effect of electroacupuncture may not be significantly different from that of antidepressants (2), a finding that was supported by a systematic review that specifically focused on electroacupuncture and included studies from a Chinese database (4). However, both found that a lack of well-designed, large scale studies precluded firm conclusions. </p>\n<p><br />It has recently been suggested that additional reviews of the same literature are unlikely to be helpful (5) for two reasons: </p>\n<ul><li>The lack of published clinical trials of acupuncture in the English-language literature</li>\n<li>The fact that different diagnostic methods (individualized Chinese diagnosis vs Western standardized diagnostic criteria) and treatment approaches (e.g. manual acupuncture in various acupoints, electroacupuncture in two predetermined acupoints) were used in trials. </li></ul><p>Nevertheless, in 2008 a further meta-analysis has been published (6). This review was limited to trials testing active against ‘sham’ acupuncture so that only 8 studies were included, although 3 of these had been published since the previous reviews. Again, the quality of studies was reported as low but a significant difference was found on the reduction of the severity of depression. The difference was small but statistically significant (mean difference in depression scores based on the Hamilton depression scale -0.65 95% CI -1.18 to -0.11) and no difference was found on response rate or remission rate. </p>\n<p><br />The majority of RCTs published since 2004 compare acupuncture against drug therapy. In addition, most trials have been conducted in China with daily acupuncture treatments being provided, a treatment regimen unlikely to be offered in the UK. Three of the studies comparing active and ‘sham’ acupuncture were included in the systematic review by Wang (6) mentioned above. The recent trial by Allen (7) which was conducted in the USA in patients meeting the DSM IV criteria for depression was well-designed. Acupuncture based on traditional Chinese medicine principles was compared with needling at non-specific points and a wait list control group. Patients were treated twice weekly for the first 4 weeks then weekly for the next 4 weeks. Both groups receiving acupuncture improved more than those on the waiting list but no evidence of a difference in efficacy between the specific and non-specific points was found. Response rates after 8 weeks were relatively low and only reached 50% after 16 weeks. Possible reasons for this are discussed including the fact that it is unclear whether non-specific points have an effect. </p>\n<p><br />Overall, there is still a lack of trials conducted in a Western health context although several are currently underway or have recently been completed in the USA and the UK.<br /></p>\n<p><br /><strong>References:</strong></p>\n<ol><li>Smith CA, Hay PPJ. Acupuncture for depression. <i>Cochrane Database of Systematic Reviews</i> 2004, Issue 3. Art. No.: CD004046. DOI: 10.1002/14651858.CD004046.pub2. [<a href=\"http://www.mrw.interscience.wiley.com/cochrane/clsysrev/articles/CD004046/frame.html\">Full text</a>]</li>\n<li>Mukaino Y, Park J, White A, Ernst E. The effectiveness of acupuncture for depression--a systematic review of randomised controlled trials. <em>Acupuncture in Medicine</em>. 2005, 23(2):70-6. [<a href=\"http://www.acupunctureinmedicine.org.uk/servearticle.php?artid=5\">Full text</a>] [<a href=\"http://www.crd.york.ac.uk/CRDWeb/ShowRecord.asp?ID=12005000902\">DARE provisional record</a>]</li>\n<li>Leo RJ, Ligot JS, Jr. A systematic review of randomized controlled trials of acupuncture in the treatment of depression. <em>Journal of Affective Disorders</em>. 2007, 97(1-3):13-22. [<a href=\"http://www.ncbi.nlm.nih.gov/pubmed/16899301?dopt=Citation\">PubMed Abstract</a>] [<a href=\"http://www.crd.york.ac.uk/CRDWeb/ShowRecord.asp?ID=12007007011\">DARE structured abstract]</a></li>\n<li>Sha Y. General situation of electro-acupuncture in treating depressive disorders: Comparing the effect with that of drug therapy. <em>Chinese Journal of Clinical Rehabilitation</em>. 2005, 9(44):181-3. </li>\n<li>Halbreich U. Systematic reviews of clinical trials of acupuncture as treatment for depression: how systematic and accurate are they? <em>CNS Spectrums</em>. 2008, 13(4):293-4, 299-300. [<a href=\"http://download.mblcommunications.com/0408CNS_Halbreich.pdf\">Full text</a>]</li>\n<li>Wang H, Qi H, Wang BS, Cui YY, Zhu L, Rong ZX, Chen HZ. Is acupuncture beneficial in depression: A meta-analysis of 8 randomized controlled trials? <em>Journal of Affective Disorders</em>. 2008, Jun 10. [<a href=\"http://www.ncbi.nlm.nih.gov/pubmed/18550177?ordinalpos=2&amp;itool=EntrezSystem2.PEntrez.Pubmed.Pubmed_ResultsPanel.Pubmed_DefaultReportPanel.Pubmed_RVDocSum\">PubMed abstract</a>]</li>\n<li>Allen JJ, Schnyer RN, Chambers AS, Hitt SK, Moreno FA, Manber R. Acupuncture for depression: a randomized controlled trial. <em>Journal of Clinical Psychiatry</em>. 2006, 67(11):1665-73. [<a href=\"http://www.ncbi.nlm.nih.gov/pubmed/17196044?ordinalpos=36&amp;itool=EntrezSystem2.PEntrez.Pubmed.Pubmed_ResultsPanel.Pubmed_DefaultReportPanel.Pubmed_RVDocSum\">PubMed abstract</a>] (Also located as Allen JJ. <a href=\"http://clinicaltrials.gov/ct2/show/NCT00010517\">Acupuncture in the treatment of depression</a>. clinicaltrials.gov 2006)</li></ol><strong>\n<p><br />List of all relevant studies</p></strong>\n<p><strong><br />Systematic reviews (and DARE appraisals)</strong></p>\n<p>Smith CA, Hay PPJ. Acupuncture for depression. <i>Cochrane Database of Systematic Reviews</i> 2004, Issue 3. Art. No.: CD004046. DOI: 10.1002/14651858.CD004046.pub2. [<a href=\"http://www.mrw.interscience.wiley.com/cochrane/clsysrev/articles/CD004046/frame.html\">Full text</a>]</p>\n<p><br />Mukaino Y, Park J, White A, Ernst E. The effectiveness of acupuncture for depression--a systematic review of randomised controlled trials. <em>Acupuncture in Medicine</em>. 2005, 23(2):70-6. [<a href=\"http://www.acupunctureinmedicine.org.uk/servearticle.php?artid=5\">Full text</a>] [<a href=\"http://www.crd.york.ac.uk/CRDWeb/ShowRecord.asp?ID=12005000902\">DARE provisional record</a>]</p>\n<p><br />Sha Y. General situation of electro-acupuncture in treating depressive disorders: Comparing the effect with that of drug therapy. <em>Chinese Journal of Clinical Rehabilitation</em>. 2005, 9(44):181-3.</p>\n<p><br />Leo RJ, Ligot JS, Jr. A systematic review of randomized controlled trials of acupuncture in the treatment of depression. <em>Journal of Affective Disorders</em>. 2007, 97(1-3):13-22. [<a href=\"http://www.ncbi.nlm.nih.gov/pubmed/16899301?dopt=Citation\">PubMed Abstract</a>] [<a href=\"http://www.crd.york.ac.uk/CRDWeb/ShowRecord.asp?ID=12007007011\">DARE structured abstract]</a></p>\n<p><br />Wang H, Qi H, Wang BS, Cui YY, Zhu L, Rong ZX, Chen HZ. Is acupuncture beneficial in depression: A meta-analysis of 8 randomized controlled trials? <em>Journal of Affective Disorders</em>. 2008, Jun 10. [<a href=\"http://www.ncbi.nlm.nih.gov/pubmed/18550177?ordinalpos=2&amp;itool=EntrezSystem2.PEntrez.Pubmed.Pubmed_ResultsPanel.Pubmed_DefaultReportPanel.Pubmed_RVDocSum\">PubMed abstract</a>]</p>\n<p><br />Wang L, Sun DW, Zou W, Zhang JY. [Systematic evaluation of therapeutic effect and safety of acupuncture for treatment of depression] Zhongguo Zhen Jiu. 2008 May;28(5):381-6. [<a href=\"http://www.ncbi.nlm.nih.gov/pubmed/18652335?ordinalpos=1&amp;itool=EntrezSystem2.PEntrez.Pubmed.Pubmed_ResultsPanel.Pubmed_DefaultReportPanel.Pubmed_RVDocSum\">PubMed abstract</a>] <em>(review published in Chinese of trials of acupuncture plus moxibustion)</em></p>\n<p><br /><strong>Commentary on systematic reviews<br /></strong></p>\n<p>Halbreich U. Systematic reviews of clinical trials of acupuncture as treatment for depression: how systematic and accurate are they? <em>CNS Spectrums</em>. 2008, 13(4):293-4, 299-300. [<a href=\"http://download.mblcommunications.com/0408CNS_Halbreich.pdf\">Full text</a>]</p>\n<p><strong><strong><br />Randomized and controlled clinical trials </strong></strong></p>\n<p><strong>Acupuncture vs sham</strong></p><strong>\n<p></p></strong>Allen JJ, Schnyer RN, Chambers AS, Hitt SK, Moreno FA, Manber R. Acupuncture for depression: a randomized controlled trial. <em>Journal of Clinical Psychiatry</em>. 2006, 67(11):1665-73. [<a href=\"http://www.ncbi.nlm.nih.gov/pubmed/17196044?ordinalpos=36&amp;itool=EntrezSystem2.PEntrez.Pubmed.Pubmed_ResultsPanel.Pubmed_DefaultReportPanel.Pubmed_RVDocSum\">PubMed abstract</a>] (Also located as Allen JJ. <a href=\"http://clinicaltrials.gov/ct2/show/NCT00010517\">Acupuncture in the treatment of depression</a>. clinicaltrials.gov 2006)\n<p><br />Fan L, Fu WB, Meng CR, Zhu XP, Mi JP, Li WX, et al. [Effect of acupuncture at routine acupoint and non-acupoint on depressive neurosis evaluated with Hamilton depression scale]. [Chinese] <em>Zhongguo Linchuang Kangfu</em>. 2005;9:14-6. [<a href=\"http://www.mrw.interscience.wiley.com/cochrane/clcentral/articles/474/CN-00557474/frame.html\">Abstract]</a></p>\n<p><br />Fu WB, Fan L, Zhu XP, He Q, Wang L, Zhuang LX, Liu YS, Tang CZ, Li YW, Yan J. Clinical research on acupuncture treatment of depressive neurosis by using liver-function-regulating method. <em>Acupuncture Research</em>. 2006, 31(6):355-358.</p>\n<p><br />Quah-Smith JI, Tang WM, Russell J. Laser acupuncture for mild to moderate depression in a primary care setting--a randomised controlled trial. <em>Acupuncture in Medicine.</em> 2005, 23(3):103-11. [<a href=\"http://www.acupunctureinmedicine.org.uk/servearticle.php?artid=497\">Full text</a>]</p>\n<p> <br /><strong>Acupuncture vs drug</strong>   </p>\n<p>Duan DM, Tu Y, Chen LP. [Assessment of effectiveness of electroacupuncture and fluoxetine for treatment of depression with physical symptoms] <em>Zhongguo Zhen Jiu</em>. 2008, 28(3):167-70. Chinese. [<a href=\"http://www.ncbi.nlm.nih.gov/pubmed/18447212?ordinalpos=3&amp;itool=EntrezSystem2.PEntrez.Pubmed.Pubmed_ResultsPanel.Pubmed_DefaultReportPanel.Pubmed_RVDocSum\">PubMed abstract</a>]  </p>\n<p><br />Fu WB, Fan L, Zhu XP, He Q, Wang L, Zhuang LX, Liu YS, Tang CZ, Li YW, Meng CR, Zhang HL, Yan J. [Acupuncture for treatment of depressive neurosis: a multi-center randomized controlled study]<em>Zhongguo Zhen Jiu</em>. 2008 Jan;28(1):3-6. Chinese. [<a href=\"http://www.ncbi.nlm.nih.gov/pubmed/18257177?ordinalpos=6&amp;itool=EntrezSystem2.PEntrez.Pubmed.Pubmed_ResultsPanel.Pubmed_DefaultReportPanel.Pubmed_RVDocSum\">PubMed abstract</a>]</p>\n<p><br />Han C, Li X, Luo H, Zhao X, Li X. Clinical study on electro-acupuncture treatment for 30 cases of mental depression.<br /><em>Journal of Traditional Chinese Medicine</em>. 2004, 24(3):172-6. [<a href=\"http://www.ncbi.nlm.nih.gov/pubmed/15510791?ordinalpos=2&amp;itool=EntrezSystem2.PEntrez.Pubmed.Pubmed_ResultsPanel.Pubmed_DefaultReportPanel.Pubmed_RVDocSum\">PubMed abstract</a>] <br /></p>\n<p><br />Han C,  Li X,  Luo H. Randomized clinical trial comparing the effects of electro-acupuncture and maprotiline in treating depression. <em>International Journal of Clinical Acupuncture</em>. 2006, 15(1):7-14. </p>\n<p><br />Hou Q, Yan L, Fu L, Du YH. [Tiaoshen shugan acupuncture versus routine acupuncture for intervention of depression and anxiety]. [Chinese] <em>Zhongguo Linchuang Kangfu</em>. 2005, 9:11-3.</p>\n<p><br />Huang Y, Xia DB. [Clinical observation on treatment of depression with scalp electro-acupuncture: a report of 30 cases]. [Chinese] <em>Zhong Xi Yi Jie He Xue Bao.</em> 2004, 2(2):151.</p>\n<p><br />Huang Y, Htut WM, Li D, Tang A, Li Q, Shi N, Xia D, Zhao C, Zou J, Gong W. Studies on the clinical observation and cerebral glucose metabolism in depression treated by electro-scalp acupuncture compared to fluoxetine. <em>International Journal of Clinical Acupuncture. </em>2005, 14(1):7-26.</p>\n<p><br />Li SJ, Liu T. [Clinical observation on treatment of melancholia by acupuncture following principle of relieving depression and regulating mentality] <em>Zhongguo Zhong Xi Yi Jie He Za Zhi</em>. 2007, 27(2):155-7. Chinese. [<a href=\"http://www.ncbi.nlm.nih.gov/pubmed/17343005?ordinalpos=10&amp;itool=EntrezSystem2.PEntrez.Pubmed.Pubmed_ResultsPanel.Pubmed_DefaultReportPanel.Pubmed_RVDocSum\">PubMed abstract</a>]</p>\n<p><br />Roschke J, Wolf C, Wagner P, Bach S. [Adjuvant whole-body acupuncture in depression: a placebo-controlled study under standardized mianserin therapy]. [German] <em>Akupunktur und Traditionelle Chinesische Medizin</em>. 2004;32:170-2. [<a href=\"http://www.mrw.interscience.wiley.com/cochrane/clcentral/articles/844/CN-00516844/frame.html\">Abstract</a>]</p>\n<p><br />Song Y, Zhou D, Fan J, Luo H, Halbreich U. Effects of electroacupuncture and fluoxetine on the density of GTP-binding-proteins in platelet membrane in patients with major depressive disorder. <em>Journal of Affective Disorders</em>. 2007, 98(3):253-7. [<a href=\"http://www.ncbi.nlm.nih.gov/pubmed/16919758?ordinalpos=3&amp;itool=EntrezSystem2.PEntrez.Pubmed.Pubmed_ResultsPanel.Pubmed_DefaultReportPanel.Pubmed_RVDocSum\">PubMed abstract</a>]</p>\n<p><br />Wang J, Jiang JF, Wang LL. [Clinical observation on governor vessel Daoqi method for treatment of dyssomnia in the patient of depression] <em>Zhongguo Zhen Jiu</em>. 2006, 26(5):328-30. Chinese. [<a href=\"http://www.ncbi.nlm.nih.gov/pubmed/16739844?ordinalpos=11&amp;itool=EntrezSystem2.PEntrez.Pubmed.Pubmed_ResultsPanel.Pubmed_DefaultReportPanel.Pubmed_RVDocSum\">PubMed abstract</a>] </p>\n<p><br />Yan M, Mao X, Wu JL. [Comparison of electroacupuncture and amitriptyline in treating depression]. [Chinese] <em>Zhongguo Linchuang Kangfu.</em> 2004, 8:3548-9. [<a href=\"http://www.mrw.interscience.wiley.com/cochrane/clcentral/articles/321/CN-00497321/frame.html\">Abstract</a>]</p>\n<p><br />Zhang GJ, Shi ZY, Liu S, Gong SH, Liu JQ, Liu JS. Clinical observation on treatment of depression by electro-acupuncture combined with Paroxetine. <em>Chinese Journal of Integrative Medicine</em>. 2007, 13(3):228-30. [<a href=\"http://www.ncbi.nlm.nih.gov/pubmed/17898957?ordinalpos=1&amp;itool=EntrezSystem2.PEntrez.Pubmed.Pubmed_ResultsPanel.Pubmed_DefaultReportPanel.Pubmed_RVDocSum\">PubMed abstract</a>]</p>\n<p><br />Jiahui Z, Peng S. Clinical observation on acupuncture treatment of depressive neurosis in 30 cases. <em>Journal of Traditional Chinese Medicine</em>. 2006, 26(3):191-2. [<a href=\"http://www.ncbi.nlm.nih.gov/pubmed/17078447?ordinalpos=2&amp;itool=EntrezSystem2.PEntrez.Pubmed.Pubmed_ResultsPanel.Pubmed_DefaultReportPanel.Pubmed_RVDocSum\">PubMed record</a>] <em>(also located with authors as Zhao J and Sang P)<br /><strong></strong></em></p>\n<p><strong><br />Acupuncture versus other interventions </strong></p>\n<p>Manber R, Schnyer RN, Allen JJ et al. Acupuncture: a promising treatment for depression during pregnancy. <em>Journal of Affective Disorders.</em> 2004, 83(1): 89–95. [<a href=\"http://www.ncbi.nlm.nih.gov/pubmed/15546651?ordinalpos=6&amp;itool=EntrezSystem2.PEntrez.Pubmed.Pubmed_ResultsPanel.Pubmed_DefaultReportPanel.Pubmed_RVDocSum\">PubMed abstract</a>]<br /></p>\n<p><strong><br />Ongoing or unpublished studies (from Current Controlled Trials)</strong></p>\n<p>Garnham M. Is acupuncture effective in improving the course of recovery from depression? <a href=\"http://www.controlled-trials.com/ISRCTN12159894\">ISRCTN12159894</a>. Start date 2003. Completed</p>\n<p><br />Leavey G. Pilot Study on the use of Acupuncture for mild to moderate depression in a primary care setting. <a href=\"http://www.controlled-trials.com/ISRCTN18747033/\">ISRCTN18747033</a>. Start date: 2004. Completed</p>\n<p><br />MacPherson H. Acupuncture for depression: a pilot for a randomised controlled trial. <a href=\"http://www.controlled-trials.com/ISRCTN59267538\">ISRCTN59267538</a>. Start date 2007. Completed</p><br /><p>Mulsant BH. Electroacupuncture for major depression: a pilot study. <a href=\"http://clinicaltrials.gov/ct2/show/NCT00071110\">NCT00071110</a>. Start date 2004. Completed</p>\n<p><br /><strong>Other studies of interest</strong></p>\n<p><strong><em>Methodology studies</em></strong></p>\n<p>MacPherson H, Schroer S. Acupuncture as a complex intervention for depression: a consensus method to develop a standardised treatment protocol for a randomised controlled trial. <em>Complementary Therapies in Medicine</em>. 2007, 15(2):92-100. [<a href=\"http://www.ncbi.nlm.nih.gov/pubmed/17544859?ordinalpos=4&amp;itool=EntrezSystem2.PEntrez.Pubmed.Pubmed_ResultsPanel.Pubmed_DefaultReportPanel.Pubmed_RVDocSum\">PubMed abstract</a>]</p>\n<p><br />MacPherson H, Thorpe L, Thomas K, Geddes D. Acupuncture for depression: first steps toward a clinical evaluation. <em>Journal of Alternative and Complementary Medicine</em>. 2004, 10(6):1083-91. [<a href=\"http://www.ncbi.nlm.nih.gov/pubmed/15674005?ordinalpos=29&amp;itool=EntrezSystem2.PEntrez.Pubmed.Pubmed_ResultsPanel.Pubmed_DefaultReportPanel.Pubmed_RVDocSum\">PubMed abstract</a>]</p>\n<p><br />Whiting M, Leavey G, Scammell A, Au S, King M. Using acupuncture to treat depression: a feasibility study. <em>Complementary Therapies in Medicine</em>. 2008, 16(2):87-91. Epub 2007 Sep 29. [<a href=\"http://www.ncbi.nlm.nih.gov/pubmed/18514910?ordinalpos=8&amp;itool=EntrezSystem2.PEntrez.Pubmed.Pubmed_ResultsPanel.Pubmed_DefaultReportPanel.Pubmed_RVDocSum\">PubMed abstract</a>]</p>\n<p> </p>\n<p>Further information on RCTs including those published in languages other than English will be available on the <a href=\"http://www.rccm.org.uk/cameol/include/login.aspx?ReturnUrl=%2fcameol%2fDefault.aspx\">CAMEOL database</a>.</p>\n<p><strong><a><strong>Link back to 2008 Annual evidence update on CAM in depression</strong></a><br /></strong> </p>",
  "resourceType": "Article"
}