{
  "name": "Complementary and Alternative Medicine",
  "title": "2008 Annual evidence update on CAM in depression: Overviews of the evidence on CAM in depression",
  "rootDirectory": "/cam",
  "topics": "COMPLEMENTARY AND ALTERNATIVE MEDICINE,DEPRESSION,CONDITIONS A-Z,CONDITIONS D-E,OCTOBER 2008,DATE ADDED",
  "publicationDate": "2008-10-06T00:00:00",
  "url": "http://www.library.nhs.uk//cam/ViewResource.aspx?resID=295165",
  "id": "295165",
  "publicationType": "Review",
  "publisher": "CAM Specialist Library",
  "description": "111-12008 Annual evidence update on CAM in depression: Overviews of the evidence on CAM in depression<p>A number of overviews of the evidence on a range of complementary therapies in depression have been published. The following have taken a systematic approach to identifying relevant research evidence:</p>\n<p><strong><br />General overviews</strong> <br /></p>\n<blockquote>\n<p>Morgan AJ, Jorm AF. Self-help interventions for depressive disorders and depressive symptoms: A systematic review. <em>Annals of General Psychiatry</em>. 2008, 7(1):13. [<a href=\"http://www.pubmedcentral.nih.gov/articlerender.fcgi?tool=pubmed&amp;pubmedid=18710579\">Full text</a>]</p>\n<p>Pilkington K, Rampes H, Richardson J. Complementary medicine for depression. <em>Expert Review of Neurotherapeutics</em>. 2006, 6(11): 1741-51. [<a href=\"http://www.expert-reviews.com/doi/abs/10.1586/14737175.6.11.1741\">Abstract]</a></p>\n<p>Thachil AF, Mohan R, Bhugra D. The evidence base of complementary and alternative therapies in depression. <em>Journal of Affective Disorders</em>. 2007, 97(1-3):23-35. [<a href=\"http://www.ncbi.nlm.nih.gov/pubmed/16926053?ordinalpos=4&amp;itool=EntrezSystem2.PEntrez.Pubmed.Pubmed_ResultsPanel.Pubmed_DefaultReportPanel.Pubmed_RVDocSum\">PubMed abstract</a>] </p>\n<p>Werneke U, Turner T, Priebe S. Complementary medicines in psychiatry: Review of effectiveness and safety. <em>British Journal of Psychiatry.</em> 2006, 188(2):109-21. [<a href=\"http://bjp.rcpsych.org/cgi/content/abstract/188/2/109\">Abstract</a>]</p></blockquote>\n<p><strong>Overviews focused on special populations</strong> \n</p><blockquote>\n<p>Frazer CJ, Christensen H, Griffiths KM. Effectiveness of treatments for depression in older people. Medical Journal of Australia. 2005,  20;182(12):627-32. [<a href=\"http://www.mja.com.au/public/issues/182_12_200605/fra10160_fm.html\">Full text</a>]</p>\n<p>Jorm AF, Allen NB, O'Donnell CP, Parslow RA, Purcell R, Morgan AJ.  Effectiveness of complementary and self-help treatments for depression in children and adolescents. <em>Medical Journal of Australia.</em> 2006, 185(7):368-72. [<a href=\"http://www.mja.com.au/public/issues/185_07_021006/jor10560_fm.pdf\">Full text</a>]</p>\n<p>Meeks TW, Wetherell JL, Irwin MR, Redwine LS, Jeste DV. Complementary and alternative treatments for late-life depression, anxiety, and sleep disturbance: a review of randomized controlled trials. <em>Journal of Clinical Psychiatry</em>. 2007, 68(10):1461-71.  [<a href=\"http://www.ncbi.nlm.nih.gov/pubmed/17960959?dopt=Citation\">PubMed abstract</a>]</p></blockquote>\n<p> </p><strong>\n<p><strong><strong><a><strong><strong>Link back to 2008 Annual evidence update on CAM in depression</strong></strong></a></strong></strong></p>\n<p></p></strong> ",
  "resourceType": "Article"
}