{
  "name": "Complementary and Alternative Medicine",
  "title": "2008 Annual evidence update on CAM in depression: Herbal medicine (excluding St John's wort)",
  "rootDirectory": "/cam",
  "topics": "COMPLEMENTARY AND ALTERNATIVE MEDICINE,CONDITIONS D-E,TRADITIONAL CHINESE MEDICINE (TCM),CONDITIONS A-Z,DEPRESSION,HERBAL MEDICINE,OTHER THERAPIES OR MEDICAL SYSTEMS,DATE ADDED,OCTOBER 2008",
  "publicationDate": "2008-10-06T00:00:00",
  "url": "http://www.library.nhs.uk//cam/ViewResource.aspx?resID=295167",
  "id": "295167",
  "publicationType": "Review",
  "publisher": "CAM Specialist Library",
  "description": "111-12008 Annual evidence update on CAM in depression: Herbal medicine (excluding St John's wort)<p><em>Note: see separate section for <a>St John’s wort/Hypericum perforatum</a></em></p>\n<p><strong><br />Systematic reviews </strong></p>\n<p>Two recent reviews have addressed a range of herbs in depression (Ernst 2007, Sarris 2007). Both focus primarily on St John’s wort (Hypericum perforatum) which is covered in a <a>separate section</a>. Several herbs are described as promising including Lavender (Lavendula angustifolia) and Saffron (Crocus sativus L). Trials on individual herbs or herbal mixtures are listed below. </p>\n<blockquote>\n<p>Ernst E. Herbal remedies for depression and anxiety. <em>Advances in Psychiatric Treatment</em>. 2007, 13(4):312-6. [<a href=\"http://apt.rcpsych.org/cgi/reprint/13/4/312\">Full text</a>] </p>\n<p>Sarris J. Herbal medicines in the treatment of psychiatric disorders: a systematic review. <em>Phytotherapy Research</em>. 2007, 21(8):703-16. [<a href=\"http://www.ncbi.nlm.nih.gov/pubmed/17562566?dopt=Citation\">PubMed abstract</a>]</p></blockquote><strong>\n<p>Safety </p></strong>\n<p>Recent systematic reviews of the safety of herbs specifically used in depression include a review of complementary medicines used in psychiatry (Werneke 2006), a review of case reports of herb-drug interactions (Gohil and Patel 2007) and those listed in the section on St John’s wort. </p>\n<blockquote>\n<p>Gohil KJ, Patel JA. Herb-drug interactions: A review and study based on assessment of clinical case reports in literature. <em>Indian Journal of Pharmacology</em>. 2007, 39(3):129-39. [<a href=\"http://www.ijp-online.com/article.asp?issn=0253-7613;year=2007;volume=39;issue=3;spage=129;epage=139;aulast=Gohil\">Full text</a>] </p>\n<p>Werneke U, Turner T, Priebe S. Complementary medicines in psychiatry: Review of effectiveness and safety. <em>British Journal of Psychiatry.</em> 2006, 188(2):109-21. [<a href=\"http://bjp.rcpsych.org/cgi/content/abstract/188/2/109\">Abstract</a>] </p></blockquote><strong><strong>\n<p>Randomized controlled trials</p></strong> (RCTs)</strong>\n<p><strong>Chinese herbal medicine</strong></p>\n<p>The only trial of Chinese herbal medicine to be included in either of the systematic reviews mentioned above was that by Luo et al. (2006). In Luo’s trial 66 patients with depression were randomised to treatment with  maprotiline plus placebo Chinese herbal mixture or herbal mixture plus placebo maprotiline (63 completed the trial). The results suggested that there was little difference between the Chinese herbal mixture danzhi xiaoyao powder and the antidepressant, maprotiline and that both were highly effective. However, it is unclear whether the study was large enough to detect any difference between the two treatments. The study by Li et al. (2007) presented further results from the same trial. There have been no further trials to confirm these findings and in the case of the other herbal mixtures, only single studies have been published to date.<br /></p>\n<blockquote>\n<p>Li YJ, Luo HC, Qian RQ. [Effect of Danzhi Xiaoyao Powder on neuro-immuno-endocrine system in patients with depression]<em>Zhongguo Zhong Xi Yi Jie He Za Zhi</em>. 2007, 27(3):197-200. Chinese. [<a href=\"http://www.ncbi.nlm.nih.gov/pubmed/17432674?ordinalpos=2&amp;itool=EntrezSystem2.PEntrez.Pubmed.Pubmed_ResultsPanel.Pubmed_DefaultReportPanel.Pubmed_RVDocSum\">PubMed abstract</a>]</p>\n<p><br />Luo HC, Qian RQ, Zhao XY, Bi J, Xin H, Jiang X, Xu K, Yan S. [Clinical observation on effect of danzhi xiaoyao powder in treating depression] <em>Zhongguo Zhong Xi Yi Jie He Za Zhi</em>. 2006 Mar;26(3):212-4. Chinese. [<a href=\"http://www.ncbi.nlm.nih.gov/pubmed/16613263?ordinalpos=3&amp;itool=EntrezSystem2.PEntrez.Pubmed.Pubmed_ResultsPanel.Pubmed_DefaultReportPanel.Pubmed_RVDocSum\">PubMed abstract</a>]</p>\n<p><br />Shen ZM, Zhu ML, Zhao AQ. [Comparative observation on efficacy of jieyu pill and maprotiline in treating depression]Zhongguo Zhong Xi Yi Jie He Za Zhi. 2004 May;24(5):415-7. Chinese. [<a href=\"http://www.ncbi.nlm.nih.gov/pubmed/15199625?ordinalpos=6&amp;itool=EntrezSystem2.PEntrez.Pubmed.Pubmed_ResultsPanel.Pubmed_DefaultReportPanel.Pubmed_RVDocSum\">PubMed abstract</a>]</p>\n<p><br />Zhang G, Ruan J. Treatment of mental depression due to liver-qi stagnancy with herbal decoction and by magnetic therapy at the acupoints--a report of 45 cases. <em>Journal of Traditional Chinese Medicine</em>. 2004, 24(1):20-1. [<a href=\"http://www.ncbi.nlm.nih.gov/pubmed/15119163?dopt=Citation\">PubMed record</a>]</p>\n<p><br />Zhang ZJ, Kang WH, Li Q, Tan QR. The beneficial effects of the herbal medicine Free and Easy Wanderer Plus (FEWP) for mood disorders: double-blind, placebo-controlled studies. <em>Journal of Psychiatric Research</em>. 2007, 41(10):828-36. [<a href=\"http://www.ncbi.nlm.nih.gov/pubmed/17010995?dopt=Citation\">PubMed abstract</a>]</p>\n<p><br />Zhang HW, Wang CY, Xu HN, Zhao X, Dai Q, Li J, et al. [Clinical study on effect of fluoxetine combined with Chinese medicine or tibetan drugs in treating senile depression in plateau district]. <em>Zhongguo Zhong Xi Yi Jie He Za Zhi.</em> 2006, 26(3):202-4. [<a href=\"http://www.ncbi.nlm.nih.gov/pubmed/16613260?dopt=Citation\">PubMed abstract</a>]</p></blockquote>\n<p><strong>Crocus sativus L. (Saffron)</strong></p>\n<p>A series of randomised controlled trials have been conducted in Iran on Crocus sativus, which has been used in traditional Persian medicine to treat depression. Two studies suggested that Crocus sativus petal and stigma (saffron) were more effective than placebo in mild to moderate depression (Akhondzadeh et al., 2005; Moshiri et al., 2006) while two studies of saffron suggested similar effectiveness to the antidepressants imipramine and fluoxetine (Akhondzadeh et al., 2004; Noorbala et al., 2005). These studies have been included in previous systematic reviews (Ernst, Sarris) where the potential limitations are discussed including the fact that all the trials were small (30-40 patients) and there was limited follow-up (6-8 weeks).  Since these reviews were published, a further trial by the same group of researchers has been published (Akhondzadeh et al 2007). Crocus sativus petal was compared with fluoxetine but as with previous studies, the trial was small and limited to 8 weeks of treatment. In view of these preliminary positive results, it seems that larger scale trials are required. However, it may be that the cost of Saffron extract prohibits any realistic consideration of its potential as a possible treatment for depression. </p>\n<blockquote>\n<p><br />Akhondzadeh BA, Moshiri E, Noorbala AA, Jamshidi AH, Abbasi SH, Akhondzadeh S. Comparison of petal of Crocus sativus L. and fluoxetine in the treatment of depressed outpatients: a pilot double-blind randomized trial. <em>Progress in Neuro-psychopharmacology &amp; Biological Psychiatry</em>. 2007, 31(2):439-42. [<a href=\"http://www.ncbi.nlm.nih.gov/pubmed/17174460?dopt=Citation\">PubMed abstract</a>]</p>\n<p><br />Akhondzadeh S, Fallah-Pour H, Afkham K, Jamshidi AH, Khalighi-Cigaroudi F. Comparison of Crocus sativus L. and imipramine in the treatment of mild to moderate depression: a pilot double-blind randomized trial [ISRCTN45683816]. <em>BMC Complementary and Alternative Medicine</em>. 2004 Sep 2;4:12. [<a href=\"http://www.biomedcentral.com/1472-6882/4/12\">Full text</a>] (stigma)</p>\n<p><br />Akhondzadeh S, Tahmacebi-Pour N, Noorbala AA, Amini H, Fallah-Pour H, Jamshidi AH, et al. Crocus sativus L. in the treatment of mild to moderate depression: a double-blind, randomized and placebo-controlled trial. <em>Phytotherapy Research</em>. 2005, 19(2):148-51. [<a href=\"http://www.ncbi.nlm.nih.gov/pubmed/15852492?dopt=Citation\">PubMed abstract</a>] (stigma)</p>\n<p><br />Moshiri E, Basti AA, Noorbala AA, Jamshidi AH, Hesameddin AS, Akhondzadeh S. Crocus sativus L. (petal) in the treatment of mild-to-moderate depression: a double-blind, randomized and placebo-controlled trial. <em>Phytomedicine.</em> 2006, 13(9-10):607-11. [<a href=\"http://www.ncbi.nlm.nih.gov/pubmed/16979327?dopt=Citation\">PubMed abstract</a>]</p>\n<p><br />Noorbala AA, Tahmasebi-Pour N, Akhondzadeh S, Khani M, Jamshidi AH. Crocus sativus L. in the treatment of mild to moderate depression: A double-blind, randomised and placebo controlled trial. <em>Faslnamahi Giyahani Daruyi</em> [<em>Journal of Medicinal Plants]</em>. 2004, 3(10)(pp 31-38+XV). (unobtainable)</p>\n<p><br />Noorbala AA, Akhondzadeh S, Tahmacebi-Pour N, Jamshidi AH. Hydro-alcoholic extract of Crocus sativus L. versus fluoxetine in the treatment of mild to moderate depression: a double-blind, randomized pilot trial. <em>Journal of Ethnopharmacology</em>. 2005, 97(2):281-4. [<a href=\"http://www.ncbi.nlm.nih.gov/pubmed/15707766?dopt=Citation\">PubMed abstract</a>] (stigma)</p></blockquote>\n<p><strong>Echium amoenum (Boraginaceae)</strong></p>\n<p>Only one trial has been published on the use of this herb, which is a wild herb found in Iran, in treating depression. The herb appeared to be superior to placebo but, as the authors point out, it was a small trial (35 participants) and the duration of treatment was short (6 weeks).</p>\n<blockquote>\n<p>Saiiah Bargard M, Assadi SM, Amini H, Saiiah M, Akhondzadeh S, Kamalinejad M. Efficacy of aqueous extract of Echium amoenum L. in the treatment of mild to moderate major depressive disorder: A randomized double blind clinical trial. <em>Faslnamahi Giyahani Daruyi</em> [<em>Journal of Medicinal Plants]</em>. 2004, 3(10)(pp 61-68+XIX). (unobtainable) [<a href=\"http://www.mrw.interscience.wiley.com/cochrane/clcentral/articles/805/CN-00557805/frame.html\">Abstract</a>]</p>\n<p><br />Sayyah M, Sayyah M, Kamalinejad M. A preliminary randomized double blind clinical trial on the efficacy of aqueous extract of Echium amoenum in the treatment of mild to moderate major depression. <em>Progress in Neuropsychopharmacology &amp; Biological Psychiatry</em>. 2006 Jan;30(1):166-9. [<a href=\"http://www.ncbi.nlm.nih.gov/pubmed/16309809?dopt=Citation\">PubMed abstract</a>]</p></blockquote>\n<p><strong>Lavendula angustifolia (Lavender)</strong></p>\n<p>One small randomised controlled trial comparing lavender with an antidepressant was included in the two systematic reviews of herbs in depression. The trial was conducted in Iran in 45 patients with a score of a least 18 on the Hamilton Scale for depression and utilised a tincture of lavender. After 4 weeks of treatment, the results demonstrated that the Lavender extract was less effective than the antidepressant drug (imipramine) but a combination of both agents was more effective than imipramine alone. Confirmation of these preliminary results is not possible as no further trials of lavender in depression have been published.  </p><br /><p><strong>Rhodiola rosea L. (Roseroot)</strong></p>\n<p>The herb Roseroot has been used in northern Europe as a remedy for negative stress reactions. The potential of the herb Roseroot in the treatment of depression has previously been highlighted although no published trials could be found (see Sarris 2007 above). A trial has been published recently in which 89 patients with mild to moderate depression were randomised to one of three groups (340mg per day of Roseroot extract, 680 mg per day of extract or placebo). After 6 weeks improvements were seen in the Roseroot groups but not the placebo group with no serious side effects in any group. Based on these preliminary results, the researchers recommend that larger multicentre studies with a 12 week follow-up are now required.</p>\n<blockquote>\n<p>Darbinyan V, Aslanyan G, Amroyan E, Gabrielyan E, Malmstrom C, Panossian A. Clinical trial of Rhodiola rosea L. extract SHR-5 in the treatment of mild to moderate depression. <em>Nordic Journal of Psychiatry.</em> 2007, 61(5):343-8. [<a href=\"http://www.ncbi.nlm.nih.gov/pubmed/17990195?dopt=Citation\">Pubmed abstract</a>]</p></blockquote>\n<p> </p><strong>\n<p><strong><a><strong>Link back to 2008 Annual evidence update on CAM in depression</strong></a><a></a></strong></p>\n<p></p></strong> ",
  "resourceType": "Article"
}