{
  "name": "Complementary and Alternative Medicine",
  "title": "2008 Annual evidence update on CAM in depression: St John's wort (Hypericum perforatum)",
  "rootDirectory": "/cam",
  "topics": "COMPLEMENTARY AND ALTERNATIVE MEDICINE,OCTOBER 2008,DATE ADDED",
  "publicationDate": "2008-10-06T00:00:00",
  "url": "http://www.library.nhs.uk//cam/ViewResource.aspx?resID=295205",
  "id": "295205",
  "publicationType": "Review",
  "publisher": "CAM Specialist Library",
  "description": "111-12008 Annual evidence update on CAM in depression: St John's wort (Hypericum perforatum)<p><strong>Systematic reviews</strong> </p>\n<p>A large number of systematic reviews and meta-analyses have been published on St John’s wort and have been summarised previously.(1) The Cochrane review of St John’s wort in depression published in 2005 concluded that ‘current evidence regarding hypericum extracts is inconsistent and confusing’ as several recent placebo-controlled trials suggested minimal beneficial effects in patients who met the criteria for depression while other trials suggested that hypericum and standard antidepressants had similar beneficial effects.(2) (<em><strong>see STOP PRESS below</strong></em>). The authors also highlighted the possible variability in pharmaceutical quality of preparations on the market and those included in the trials. Since this review was published, a number of trials have been published and are listed below under the heading RCTs as have several more reviews. One study involved a reanalysis of data from patients in the acute phase of mild depression from previous trials.(3) Over 200 patients of the original 1,200 patients had a Hamilton Rating Scale for Depression (HAMD) scores of 20 or less and were included in the re-analysis (3). The results indicated that St John’s wort leads to a substantial increase in the probability of remission in patients with mild depression.  </p>\n<p><strong><br />Safety<br /></strong></p>\n<p>Other systematic reviews have focused on safety of St John’s wort. Systematic reviews of safety published up to 2005 have been discussed previously (1).  These concluded that the available evidence suggested that St John’s wort is, in general, well-tolerated although there have been case reports of adverse effects including allergy or photosensitivity and possible induction of manic episodes in susceptible individuals. The main safety concern is the potential to interact with other drugs and the list of those drugs likely to be affected is constantly being extended. Three of the systematic reviews found during this Evidence Update address safety, one focusing on safety in pregnancy and lactation (4), and two on drug interactions (5,6). See also articles listed in the safety section of Herbal Medicine and the updated Cochrane review (<em>see Stop Press below</em>).</p>\n<p> <br /><strong>STOP PRESS (8th October 2008)</strong></p>\n<p>An update of the Cochrane review has been published today. It now focuses on major depression and concludes that:</p>\n<blockquote>\n<p><em>“The available evidence suggests that the hypericum extracts tested in the included trials a) are superior to placebo in patients with major depression; b) are similarly effective as standard antidepressants; c) and have fewer side effects than standard antidepressants. The association of country of origin and precision with effects sizes complicates the interpretation.” </em></p></blockquote>\n<p>Linde K, Berner MM, Kriston L. St John's wort for major depression. <i>Cochrane Database of Systematic Reviews</i> 2008, Issue 4. Art. No.: CD000448. DOI: 10.1002/14651858.CD000448.pub3. [<a href=\"http://www.mrw.interscience.wiley.com/cochrane/clsysrev/articles/CD000448/frame.html\">Full text</a>] <em>See also <a href=\"http://www.nhs.uk/news/2008/10October/Pages/StJohn'swortanddepression.aspx\">analysis from Behind the Headlines</a>.</em> </p>\n<p><strong><br />References:</strong></p>\n<ol><li>Pilkington K, Boshnakova A, Richardson J. St John's wort for depression: time for a different perspective? <em>Complementary Therapies in Medicine</em>. 2006, 14(4):268-81. [<a href=\"http://www.ncbi.nlm.nih.gov/pubmed/17105697?dopt=Citation\">PubMed abtract</a>]</li>\n<li>Linde K, Mulrow CD, Berner M, Egger M. St John's Wort for depression. <i>Cochrane Database of Systematic Reviews</i> 2005, Issue 2. Art. No.: CD000448. DOI: 10.1002/14651858.CD000448.pub2. </li>\n<li>Kasper S, Gastpar M, Muller WE, Volz HP, Dienel A, Kieser M, et al. Efficacy of St. John's wort extract WS 5570 in acute treatment of mild depression: a reanalysis of data from controlled clinical trials. <em>European Archives of Psychiatry and Clinical Neuroscience.</em> 2008, 258(1):59-63. [<a href=\"http://www.ncbi.nlm.nih.gov/pubmed/18084790?dopt=Citation\">PubMed abstract</a>]</li>\n<li>Dugoua JJ, Mills E, Perri D, Koren G. Safety and efficacy of St. John's wort (Hypericum) during pregnancy and lactation. <em>Canadian Journal of Clinical Pharmacology.</em> 2006, 13(3):e268-e276. [<a href=\"http://www.cjcp.ca/pdf/CJCP05-036_e268-e276F.pdf\">Full text</a>]</li>\n<li>Nieuwstraten C, Labiris NR, Holbrook A. Systematic overview of drug interactions with antidepressant medications. <em>Canadian Journal of Psychiatry</em>. 2006, 51:300-16. [<a href=\"http://www.ncbi.nlm.nih.gov/pubmed/16986820?dopt=Citation\">PubMed abstract</a>] [<a href=\"http://www.crd.york.ac.uk/CRDWeb/ShowRecord.asp?ID=12006002321\">DARE provisional record</a>]</li>\n<li>Zhou SF, Lai X. An update on clinical drug interactions with the herbal antidepressant St. John's wort. <em>Current Drug Metabolism</em>. 2008, 9(5):394-409. [<a href=\"http://www.ncbi.nlm.nih.gov/pubmed/18537576?ordinalpos=1&amp;itool=EntrezSystem2.PEntrez.Pubmed.Pubmed_ResultsPanel.Pubmed_DefaultReportPanel.Pubmed_RVDocSum\">PubMed abstract</a>]</li></ol><strong>\n<p><br />List of all relevant studies</p></strong> \n<p><strong>Systematic reviews (and DARE appraisals)</strong></p>\n<p>Clement K, Covertson CR, Johnson MJ, Dearing K. St. John's wort and the treatment of mild to moderate depression: a systematic review. <em>Holistic Nursing Practice</em>. 2006, 20(4):197-203. [<a href=\"http://www.ncbi.nlm.nih.gov/pubmed/16825922?dopt=Citation\">PubMed abstract</a>] [<a href=\"http://www.crd.york.ac.uk/CRDWeb/ShowRecord.asp?ID=12006005330\">DARE provisional record</a>]</p>\n<p><br />Dugoua JJ, Mills E, Perri D, Koren G. Safety and efficacy of St. John's wort (Hypericum) during pregnancy and lactation. <em>Canadian Journal of Clinical Pharmacology.</em> 2006, 13(3):e268-e276. [<a href=\"http://www.cjcp.ca/pdf/CJCP05-036_e268-e276F.pdf\">Full text</a>]</p>\n<p><br />Jou HJ, Hsu IP, Ling PY, Huang HT, Lin CT, Wu SC. Extracts of St. John's wort for mild to moderate depression: a meta-analysis of randomized, double-blinded and placebo-controlled trials. <em>Nutritional Sciences Journal</em>. 2005, 30(4): 166-173. [<a href=\"http://www.crd.york.ac.uk/CRDWeb/ShowRecord.asp?ID=12006009241\">DARE provisional record</a>] </p>\n<p><br />Kasper S, Gastpar M, Muller WE, Volz HP, Dienel A, Kieser M, et al. Efficacy of St. John's wort extract WS 5570 in acute treatment of mild depression: a reanalysis of data from controlled clinical trials. <em>European Archives of Psychiatry and Clinical Neuroscience.</em> 2008, 258(1):59-63. [<a href=\"http://www.ncbi.nlm.nih.gov/pubmed/18084790?dopt=Citation\">PubMed abstract</a>]</p>\n<p><br />Linde K, Knuppel L. Large-scale observational studies of hypericum extracts in patients with depressive disorders: a systematic review. <em>Phytomedicine</em>. 2005, 12:148-57  [<a href=\"http://www.ncbi.nlm.nih.gov/pubmed/15693723?dopt=Citation\">PubMed abstract</a>] [<a href=\"http://www.crd.york.ac.uk/CRDWeb/ShowRecord.asp?ID=12005009230\">DARE appraisal</a>]</p>\n<p><br />Linde K, Berner M, Egger M, Mulrow C. St John's wort for depression: meta-analysis of randomised controlled trials. <em>British Journal of Psychiatry</em>. 2005;186:99-107. [<a href=\"http://bjp.rcpsych.org/cgi/content/full/186/2/99\">Full text</a>] <em>Duplicate publication of Cochrane review below.</em></p>\n<p><br />Linde K, Mulrow CD, Berner M, Egger M. St John's Wort for depression. <i>Cochrane Database of Systematic Reviews</i> 2005, Issue 2. Art. No.: CD000448. DOI: 10.1002/14651858.CD000448.pub2. [<a href=\"http://www.mrw.interscience.wiley.com/cochrane/clsysrev/articles/CD000448/frame.html\">Full text</a>]</p>\n<p><br />Nieuwstraten C, Labiris NR, Holbrook A. Systematic overview of drug interactions with antidepressant medications. <em>Canadian Journal of Psychiatry</em>. 2006, 51:300-16. [<a href=\"http://www.ncbi.nlm.nih.gov/pubmed/16986820?dopt=Citation\">PubMed abstract</a>] [<a href=\"http://www.crd.york.ac.uk/CRDWeb/ShowRecord.asp?ID=12006002321\">DARE provisional record</a>]</p>\n<p><br />Zhou SF, Lai X. An update on clinical drug interactions with the herbal antidepressant St. John's wort. <em>Current Drug Metabolism</em>. 2008, 9(5):394-409. [<a href=\"http://www.ncbi.nlm.nih.gov/pubmed/18537576?ordinalpos=1&amp;itool=EntrezSystem2.PEntrez.Pubmed.Pubmed_ResultsPanel.Pubmed_DefaultReportPanel.Pubmed_RVDocSum\">PubMed abstract</a>]</p>\n<p><strong><br />Randomized controlled trials (RCTs) </strong></p>\n<p>Anghelescu IG, Kohnen R, Szegedi A, Klement S, Kieser M. Comparison of Hypericum extract WS 5570 and paroxetine in ongoing treatment after recovery from an episode of moderate to severe depression: results from a randomized multicenter study. <em>Pharmacopsychiatry</em>. 2006, 39(6):213-9. [<a href=\"http://www.ncbi.nlm.nih.gov/pubmed/17124643?ordinalpos=5&amp;itool=EntrezSystem2.PEntrez.Pubmed.Pubmed_ResultsPanel.Pubmed_DefaultReportPanel.Pubmed_RVDocSum\">PubMed abstract</a>]</p>\n<p>Bjerkenstedt L, Edman GV, Alken RG, Mannel M. Hypericum extract LI 160 and fluoxetine in mild to moderate depression: a randomized, placebo-controlled multi-center study in outpatients. <em>European Archives in Psychiatry and Clinical Neuroscience</em>. 2005 Feb;255(1):40-7. [<a href=\"http://www.ncbi.nlm.nih.gov/pubmed/15538592?ordinalpos=7&amp;itool=EntrezSystem2.PEntrez.Pubmed.Pubmed_ResultsPanel.Pubmed_DefaultReportPanel.Pubmed_RVDocSum\">PubMed abstract</a>]</p>\n<p>Farabaugh A, Mischoulon D, Fava M, Wu SL, Mascarini A, Tossani E, et al. The relationship between early changes in the HAMD-17 anxiety/somatization factor items and treatment outcome among depressed outpatients. <em>International Clinical Psychopharmacology.</em> 2005 Mar;20(2):87-91. [<a href=\"http://www.ncbi.nlm.nih.gov/pubmed/15729083?ordinalpos=14&amp;itool=EntrezSystem2.PEntrez.Pubmed.Pubmed_ResultsPanel.Pubmed_DefaultReportPanel.Pubmed_RVDocSum\">PubMed abstract</a>]</p>\n<p>Fava M, Alpert J, Nierenberg AA, Mischoulon D, Otto MW, Zajecka J, et al. A Double-blind, randomized trial of St John's wort, fluoxetine, and placebo in major depressive disorder. <em>Journal of Clinical Psychopharmacology.</em> 2005, 25(5):441-7. [<a href=\"http://www.ncbi.nlm.nih.gov/pubmed/16160619?ordinalpos=17&amp;itool=EntrezSystem2.PEntrez.Pubmed.Pubmed_ResultsPanel.Pubmed_DefaultReportPanel.Pubmed_RVDocSum\">PubMed abstract</a>]</p>\n<p>Gastpar M, Zeller K. [Comparison of hypericum extract STW3 and sertraline in the treatment of mode-rate depression: a double-blind randomized 24-week-study]. <em>Psychopharmakotherapie.</em> 2005, 12:146-53. </p>\n<p>Gastpar M, Singer A, Zeller K. Efficacy and tolerability of hypericum extract STW3 in long-term treatment with a once-daily dosage in comparison with sertraline. <em>Pharmacopsychiatry</em>. 2005, 38(2):78-86. [<a href=\"http://www.ncbi.nlm.nih.gov/pubmed/15744631?ordinalpos=8&amp;itool=EntrezSystem2.PEntrez.Pubmed.Pubmed_ResultsPanel.Pubmed_DefaultReportPanel.Pubmed_RVDocSum\">PubMed abstract</a>]</p>\n<p>Gastpar M, Singer A, Zeller K. Comparative efficacy and safety of a once-daily dosage of hypericum extract STW3-VI and citalopram in patients with moderate depression: a double-blind, randomised, multicentre, placebo-controlled study. <em>Pharmacopsychiatry</em>. 2006 Mar;39(2):66-75. [<a href=\"http://www.ncbi.nlm.nih.gov/pubmed/16555167?ordinalpos=5&amp;itool=EntrezSystem2.PEntrez.Pubmed.Pubmed_ResultsPanel.Pubmed_DefaultReportPanel.Pubmed_RVDocSum\">PubMed abstract</a>]</p>\n<p>Kasper S, Dienel A, Kieser M. Continuation and long-term maintenance treatment with Hypericum extract WS 5570 after successful acute treatment of mild to moderate depression--rationale and study design. <em>International Journal of Methods in Psychiatric Research</em>. 2004, 13(3):176-83. [<a href=\"http://www.ncbi.nlm.nih.gov/pubmed/15297901?ordinalpos=18&amp;itool=EntrezSystem2.PEntrez.Pubmed.Pubmed_ResultsPanel.Pubmed_DefaultReportPanel.Pubmed_RVDocSum\">PubMed abstract</a>]</p>\n<p>Kasper S, Anghelescu IG, Szegedi A, Dienel A, Kieser M. Superior efficacy of St John's wort extract WS 5570 compared to placebo in patients with major depression: a randomized, double-blind, placebo-controlled, multi-center trial [ISRCTN77277298]. <em>BMC Medicine.</em> 2006, 4:14. [<a href=\"http://www.biomedcentral.com/1741-7015/4/14\">Full text</a>]</p>\n<p>Kasper S, Anghelescu IG, Szegedi A, Dienel A, Kieser M. Placebo controlled continuation treatment with Hypericum extract WS 5570 after recovery from a mild or moderate depressive episode. <em>Wiener Medizinische Wochenschrift</em>. 2007, 157(13-14):362-6. [<a href=\"http://www.ncbi.nlm.nih.gov/pubmed/17704988?ordinalpos=9&amp;itool=EntrezSystem2.PEntrez.Pubmed.Pubmed_ResultsPanel.Pubmed_DefaultReportPanel.Pubmed_RVDocSum\">PubMed abstract</a>]</p>\n<p>Moreno RA, Teng CT, Almeida KM, Tavares JH. Hypericum perforatum versus fluoxetine in the treatment of mild to moderate depression: a randomized double-blind trial in a Brazilian sample. <em>Revista Brasileira de Psiquiatria</em>. 2006;28:29-32. [<a href=\"http://www.ncbi.nlm.nih.gov/pubmed/16612487?ordinalpos=13&amp;itool=EntrezSystem2.PEntrez.Pubmed.Pubmed_ResultsPanel.Pubmed_DefaultReportPanel.Pubmed_RVDocSum\">PubMed abstract</a>]</p>\n<p>Papakostas GI, Crawford CM, Scalia MJ, Fava M. Timing of clinical improvement and symptom resolution in the treatment of major depressive disorder. A replication of findings with the use of a double-blind, placebo-controlled trial of Hypericum perforatum versus fluoxetine. <em>Neuropsychobiology</em>. 2007;56(2-3):132-7. [<a href=\"http://www.ncbi.nlm.nih.gov/pubmed/18259086?ordinalpos=8&amp;itool=EntrezSystem2.PEntrez.Pubmed.Pubmed_ResultsPanel.Pubmed_DefaultReportPanel.Pubmed_RVDocSum\">PubMed abstract</a>]</p>\n<p>Randlov C, Mehlsen J, Thomsen CF, Hedman C, von FH, Winther K. The efficacy of St. John's Wort in patients with minor depressive symptoms or dysthymia--a double-blind placebo-controlled study. <em>Phytomedicine</em>. 2006 Mar;13(4):215-21. [<a href=\"http://www.ncbi.nlm.nih.gov/pubmed/16423519?ordinalpos=16&amp;itool=EntrezSystem2.PEntrez.Pubmed.Pubmed_ResultsPanel.Pubmed_DefaultReportPanel.Pubmed_RVDocSum\">PubMed abstract</a>]</p>\n<p>Szegedi A, Kohnen R, Dienel A, Kieser M. Acute treatment of moderate to severe depression with hypericum extract WS 5570 (St John's wort): randomised controlled double blind non-inferiority trial versus paroxetine. <em>BMJ.</em> 2005, 330(7490):503. [<a href=\"http://www.ncbi.nlm.nih.gov/pubmed/15708844?ordinalpos=29&amp;itool=EntrezSystem2.PEntrez.Pubmed.Pubmed_ResultsPanel.Pubmed_DefaultReportPanel.Pubmed_RVDocSum\">PubMed abstract</a>] <em>Erratum in: BMJ. 2005 Apr 2;330(7494):759. dosage error in text. </em></p>\n<p>Uebelhack R, Gruenwald J, Graubaum HJ, Busch R. Efficacy and tolerability of Hypericum extract STW 3-VI in patients with moderate depression: a double-blind, randomized, placebo-controlled clinical trial. <em>Advances in Therapy</em>. 2004, 21(4):265-75. [<a href=\"http://www.ncbi.nlm.nih.gov/pubmed/15605620?ordinalpos=10&amp;itool=EntrezSystem2.PEntrez.Pubmed.Pubmed_ResultsPanel.Pubmed_DefaultReportPanel.Pubmed_RVDocSum\">PubMed abstract</a>]</p>\n<p><strong><br />Other studies of interest (linked to RCTs)</strong> </p>\n<p>Gelenberg AJ, Shelton RC, Crits-Christoph P, Keller MB, Dunner DL, Hirschfeld RM, et al. The effectiveness of St. John's Wort in major depressive disorder: a naturalistic phase 2 follow-up in which nonresponders were provided alternate medication. <em>Journal of Clinical Psychiatry.</em> 2004, 65(8):1114-9. [<a href=\"http://www.ncbi.nlm.nih.gov/pubmed/15323598?ordinalpos=26&amp;itool=EntrezSystem2.PEntrez.Pubmed.Pubmed_ResultsPanel.Pubmed_DefaultReportPanel.Pubmed_RVDocSum\">PubMed abstract</a>]</p>\n<p>Kieser M, Szegedi A. Predicting stable treatment response in patients with major depression treated with hypericum extract WS 5570/5572. <em>Pharmacopsychiatry</em>. 2005, 38(5):194-200. [<a href=\"http://www.ncbi.nlm.nih.gov/pubmed/16189745?ordinalpos=17&amp;itool=EntrezSystem2.PEntrez.Pubmed.Pubmed_ResultsPanel.Pubmed_DefaultReportPanel.Pubmed_RVDocSum\">PubMed abstract</a>]</p>\n<p>Lecrubier Y, Bech P. The Ham D(6) is more homogenous and as sensitive as the Ham D(17). <em>European Psychiatry</em>. 2007, 22(4):252-5. [<a href=\"http://www.ncbi.nlm.nih.gov/pubmed/17344030?ordinalpos=12&amp;itool=EntrezSystem2.PEntrez.Pubmed.Pubmed_ResultsPanel.Pubmed_DefaultReportPanel.Pubmed_RVDocSum\">PubMed abstract</a>]</p>\n<p>Mischoulon D, Schwartz F, Papakostas G, Farabaugh A, Cusin C, Nierenberg AA, et al. Characterization of the placebo response in the Hypericum Depression Trial Group's study. 46th Annual NCDEU Meeting; 2006 June 12-15; Boca Raton , FLorida. 2006, p. 265. [<a href=\"http://www.nimh.nih.gov/research-funding/scientific-meetings/recurring-meetings/ncdeu/past/ncdeufinalupdate7-3-06.pdf\">Abstract</a>]</p>\n<p>Vitiello B, Shader RI, Parker CB, Ritz L, Harlan W, Greenblatt DJ, et al. Hyperforin plasma level as a marker of treatment adherence in the National Institutes of Health Hypericum Depression Trial. <em>Journal of Clinical Psychopharmacology</em>. 2005, 25(3):243-9. [<a href=\"http://www.ncbi.nlm.nih.gov/pubmed/15876903?ordinalpos=7&amp;itool=EntrezSystem2.PEntrez.Pubmed.Pubmed_ResultsPanel.Pubmed_DefaultReportPanel.Pubmed_RVDocSum\">PubMed abstract</a>]</p>\n<p>Murck H, Fava M, Alpert J, Nierenberg AA, Mischoulon D, Otto MW, et al. Hypericum extract in patients with MDD and reversed vegetative signs: re-analysis from data of a double-blind, randomized trial of hypericum extract, fluoxetine, and placebo. <em>International Journal of Neuropsychopharmacology</em>. 2005, 8(2):215-21. [<a href=\"http://www.ncbi.nlm.nih.gov/pubmed/15458612?ordinalpos=15&amp;itool=EntrezSystem2.PEntrez.Pubmed.Pubmed_ResultsPanel.Pubmed_DefaultReportPanel.Pubmed_RVDocSum\">PubMed abstract</a>]</p>\n<p> </p><strong>\n<p><strong><strong><strong><strong><a><strong><strong><strong><strong>Link back to 2008 Annual evidence update on CAM in depression</strong></strong></strong></strong></a></strong></strong></strong></strong></p>\n<p></p></strong> ",
  "resourceType": "Article"
}