{
  "name": "Complementary and Alternative Medicine",
  "title": "2008 Annual evidence update on CAM in depression: Massage, aromatherapy and reflexology",
  "rootDirectory": "/cam",
  "topics": "AROMATHERAPY,COMPLEMENTARY AND ALTERNATIVE MEDICINE,REFLEXOLOGY,MASSAGE,DEPRESSION,CONDITIONS A-Z,CONDITIONS D-E,DATE ADDED,OCTOBER 2008",
  "publicationDate": "2008-10-06T00:00:00",
  "url": "http://www.library.nhs.uk//cam/ViewResource.aspx?resID=295216",
  "id": "295216",
  "publicationType": "Review",
  "publisher": "CAM Specialist Library",
  "description": "111-12008 Annual evidence update on CAM in depression: Massage, aromatherapy and reflexology<p>Four randomised controlled trials were included in a recent systematic review focusing on massage therapy for the treatment of depression (Coelho et al 2008). Three of the trials compared massage therapy with relaxation therapy in depressed adolescents, women with postnatal depression and women who were depressed during pregnancy respectively. In the fourth trial, massage was compared against acupuncture in depressed pregnant women.  The authors concluded that there was a lack of evidence on massage therapy for depression. This is in contrast to a previous review of CAM for depression which had concluded that ‘MT appears to have short-term benefits’ although no detailed appraisal of the individual studies had been carried out (<a href=\"http://www.mja.com.au/public/issues/176_10_200502/jor10311_fm.html\">Jorm et al 2002</a>). A meta-analysis of massage in a range of conditions also had positive conclusions: that ‘reductions in trait anxiety and depression following a course of treatment were among massage therapy’s largest effects’ but included trials where depression was one of the outcome measures rather than the diagnosis (Moyer 2004). A broader systematic review found that massage therapy compared favourably with relaxing activities such as viewing a videotape, yoga plus progressive muscular relaxation or no treatment in various patient populations (Pilkington et al 2006a). Consequently, further studies examining specific forms of massage and benefits to different patient groups are likely to be valuable.  </p>\n<p>Only one study has attempted to examine whether aromatherapy had an additive effect with massage (Lemon 2004). The trial, which compared individualised aromatherapy massage with massage alone in elderly patients with anxiety and/or depression, reported promising results but no further trials have been published so the findings are unconfirmed. </p>\n<p>Similarly, although several studies have been published reporting the effects of reflexology on mood or depression in patients with co-morbid conditions such as cancer, a systematic review conducted in 2004 found no published trials focusing specifically on depression (Pilkington et al 2006b). One trial was subsequently been published in Korean (Song and Kim 2006a) but appears to have been retracted (Song and Kim 2006b). </p>\n<p><br /><strong>Systematic reviews </strong></p>\n<p>Coelho HF, Boddy K, Ernst E. Massage therapy for the treatment of depression: a systematic review. <em>International Journal of Clinical Practice</em>. 2008, 62(2):325-33. [<a href=\"http://www.ncbi.nlm.nih.gov/pubmed/18081800?ordinalpos=2&amp;itool=EntrezSystem2.PEntrez.Pubmed.Pubmed_ResultsPanel.Pubmed_DefaultReportPanel.Pubmed_RVDocSum\">PubMed abstract</a>] </p>\n<p>Moyer CA, Rounds J, Hannum JW. A meta-analysis of massage therapy research. <em>Psychological Bulletin</em>. 2004, 130(1):3-18.  [<a href=\"http://www.ncbi.nlm.nih.gov/pubmed/14717648?ordinalpos=24&amp;itool=EntrezSystem2.PEntrez.Pubmed.Pubmed_ResultsPanel.Pubmed_DefaultReportPanel.Pubmed_RVDocSum\">PubMed abstract</a>] [<a href=\"http://www.crd.york.ac.uk/CRDWeb/ShowRecord.asp?ID=12004003309\">DARE provisional record</a>] </p>\n<p>Pilkington K, Kirkwood G, Rampes H, Richardson J. Aromatherapy and massage for depression: a systematic review. Complementary and Alternative Medicine Evidence Online (CAMEOL) Database. (2006) Available at: <a href=\"http://www.rccm.org.uk/cameol/Default.aspx\">http://www.rccm.org.uk/cameol/Default.aspx</a> [Accessed Aug 2008].</p>\n<p>Pilkington K, Kirkwood G, Rampes H, Richardson J. Reflexology  for depression: a systematic review. Complementary and Alternative Medicine Evidence Online (CAMEOL) Database. (2006) Available at: <a href=\"http://www.rccm.org.uk/cameol/Default.aspx\">http://www.rccm.org.uk/cameol/Default.aspx</a> [Accessed Aug 2008].</p>\n<p><strong><br />Randomized controlled trials (RCTs) </strong></p>\n<p>Feijo L, Hernandez-Reif M, Field T, Burns W, Valley-Gray S, Simco E. Mothers' depressed mood and anxiety levels are reduced after massaging their preterm infants. <em>Infant Behavior &amp; Development</em>. 2006, 29(3):476-80. [<a href=\"http://www.ncbi.nlm.nih.gov/pubmed/17138300?ordinalpos=2&amp;itool=EntrezSystem2.PEntrez.Pubmed.Pubmed_ResultsPanel.Pubmed_DefaultReportPanel.Pubmed_RVDocSum\">PubMed abstract</a>]</p>\n<p>Field T, Diego MA, Hernandez-Reif M, Schanberg S, Kuhn C. Massage therapy effects on depressed pregnant women. <em>Journal of Psychosomatic Obstetrics and Gynaecology</em>. 2004, 25(2):115-22. [<a href=\"http://www.ncbi.nlm.nih.gov/pubmed/15715034?ordinalpos=8&amp;itool=EntrezSystem2.PEntrez.Pubmed.Pubmed_ResultsPanel.Pubmed_DefaultReportPanel.Pubmed_RVDocSum\">PubMed abstract</a>] (included in SR by Coelho et al 2008)</p>\n<p>Fujita M, Endoh Y, Saimon N, Yamaguchi S. Effect of massaging babies on mothers: pilot study on the changes in mood states and salivary cortisol level. <em>Complementary Therapies in Clinical Practice</em>. 2006, 12(3):181-5. [<a href=\"http://www.ncbi.nlm.nih.gov/pubmed/16835028?ordinalpos=1&amp;itool=EntrezSystem2.PEntrez.Pubmed.Pubmed_ResultsPanel.Pubmed_DefaultReportPanel.Pubmed_RVDocSum\">PubMed abstract</a>]</p>\n<p>Lemon K. An assessment of treating depression and anxiety with aromatherapy. <em>International Journal of Aromatherapy</em>. 2004, 14:63-9.</p>\n<p>Manber R, Schnyer RN, Allen JJB et al. Acupuncture: a promising treatment for depression during pregnancy. Journal of Affective Disorders 2004; 83: 89–95. [<a href=\"http://www.ncbi.nlm.nih.gov/pubmed/15546651?ordinalpos=6&amp;itool=EntrezSystem2.PEntrez.Pubmed.Pubmed_ResultsPanel.Pubmed_DefaultReportPanel.Pubmed_RVDocSum\">PubMed abstract</a>] (included in SR by Coelho et al 2008; massage was the control intervention)</p>\n<p>Muller-Oerlinghausen B, Berg C, Scherer P, Mackert A, Moestl HP, Wolf J. [Effects of slow-stroke massage as complementary treatment of depressed hospitalized patients]. <em>Deutsche Medizinische Wochenschrift</em>. 2004 Jun 11;129(24):1363-8. [<a href=\"http://www.ncbi.nlm.nih.gov/pubmed/15188088?ordinalpos=3&amp;itool=EntrezSystem2.PEntrez.Pubmed.Pubmed_ResultsPanel.Pubmed_DefaultReportPanel.Pubmed_RVDocSum\">PubMed abstract</a>]</p>\n<p>Muller-Oerlinghausen B, Berg C, Droll W. [The efficacy of Slow Stroke Massage in depression]. <em>Psychiatrische Praxis</em>. 2007 Sep;34 Suppl 3:S305-S308. [<a href=\"http://www.ncbi.nlm.nih.gov/pubmed/17786889?ordinalpos=1&amp;itool=EntrezSystem2.PEntrez.Pubmed.Pubmed_ResultsPanel.Pubmed_DefaultReportPanel.Pubmed_RVDocSum\">PubMed abstract</a>]</p>\n<p>O'Higgins M, Roberts IS-J, Glover V. Postnatal depression and mother and infant outcomes after infant massage. <em>Journal of Affective Disorders</em>, 2008, 109(1-2)189-92. [<a href=\"http://www.ncbi.nlm.nih.gov/pubmed/18086500?ordinalpos=7&amp;itool=EntrezSystem2.PEntrez.Pubmed.Pubmed_ResultsPanel.Pubmed_DefaultReportPanel.Pubmed_RVDocSum\">PubMed abstrcat</a>]</p>\n<p>Song RH, Kim DH. [The effects of foot reflexion massage on sleep disturbance, depression disorder, and the physiological index of the elderly]. <em>Taehan Kanho Hakhoe chi</em>. 2006, 36 (1):15-24. [<a href=\"http://www.ncbi.nlm.nih.gov/pubmed/16520560?ordinalpos=4&amp;itool=EntrezSystem2.PEntrez.Pubmed.Pubmed_ResultsPanel.Pubmed_DefaultReportPanel.Pubmed_RVDocSum\">PubMed abstract</a>] <em><strong>Retraction:</strong> Song RH, Kim DH. Journal of Korean Academy of Nursing. 2006, Feb;36(1):432-432. </em></p>\n<p> </p><strong>\n<p><strong><a><strong>Link back to 2008 Annual evidence update on CAM in depression</strong></a><a></a></strong></p>\n<p></p></strong> ",
  "resourceType": "Article"
}