{
  "name": "Complementary and Alternative Medicine",
  "title": "2008 Annual evidence update on CAM in depression: Yoga",
  "rootDirectory": "/cam",
  "topics": "COMPLEMENTARY AND ALTERNATIVE MEDICINE,YOGA,DEPRESSION,CONDITIONS A-Z,CONDITIONS D-E,DATE ADDED,OCTOBER 2008",
  "publicationDate": "2008-10-06T00:00:00",
  "url": "http://www.library.nhs.uk//cam/ViewResource.aspx?resID=295220",
  "id": "295220",
  "publicationType": "Review",
  "publisher": "CAM Specialist Library",
  "description": "111-12008 Annual evidence update on CAM in depression: Yoga<p>A review of clinical trials of yoga in depression published up to 2004 found 5 randomised controlled trials, each of which utilised different forms of yoga interventions and participants with mild to severe symptoms. (Pilkington 2005) All trials reported positive findings although various methodological details were missing. No adverse effects were reported with the exception of fatigue and breathlessness in participants in one study. It was concluded that the initial indications are of potentially beneficial effects of yoga interventions on depressive disorders. Several of the interventions may not be feasible in those with reduced or impaired mobility. Nevertheless, further investigation of yoga as a therapeutic intervention was considered valuable.  </p><br /><p>Subsequently, 2 further RCTs have been published, both of which were conducted in India. In the first, 69 older adults (60+ years) in a residential home participated in yoga classes or received Ayurveda or were randomised to a wait list group to be offered treatment at a later stage (Krishnamurthy 2007). Yoga consisted of regulated breathing, physical postures (asanas) and relaxation for 75 minutes 6 times weekly over a period of 6 months. Scores on the short version of the Geriatric Depression Scale decreased for those in the yoga group but no significant changes were seen in other groups. This trial had the benefit of a long duration of treatment as is often required in depression but the attrition rate in the Ayurvda group was considerable (11 patients discontinued treatment). The groups were reported to be well-matched initially but the actual numbers participating were small and the context of the study limits applicability in practice. The second study included patients between 18 and 45 years of age with a DSM IV diagnosis of depression (Sharma 2005). Fifteen patients participated in Sahaj Yoga (a meditation-based form of yoga) while 15 participated in a control intervention which provided the same environment and attention as yoga subjects. However, actual meditation was not practiced and participants were instructed to simply place their hands at different positions as during Sahaj Yoga practice and thereafter sit quietly with their eyes closed. The intervention lasted for 30 minutes 3 times weekly for 8 weeks. Both groups continued on their current medication. A significant decrease in scores on the Hamilton rating scale for depression was reported in both groups but the percentage improvement in the Sahaj Yoga group was significantly higher.The number of patients who went into remission (scores of 7 or less) after two months of intervention were also significantly higher in the yoga group. Further outcomes from this study were reported in Sharma et al 2006. Trials of yoga conducted in a Western health context are still required in order to see if these preliminary positive results are translated into practice.</p>\n<p><br /><strong>Systematic reviews </strong></p>\n<p>Pilkington K, Kirkwood G, Rampes H, Richardson J. Yoga for depression: the research evidence. <em>Journal of Affective Disorders. </em>2005, 89(1-3):13-24. [<a href=\"http://www.ncbi.nlm.nih.gov/pubmed/16185770?ordinalpos=39&amp;itool=EntrezSystem2.PEntrez.Pubmed.Pubmed_ResultsPanel.Pubmed_DefaultReportPanel.Pubmed_RVDocSum\">PubMed abstract</a>] [<a href=\"http://www.crd.york.ac.uk/CRDWeb/ShowRecord.asp?ID=12006006064\">DARE structured abstract</a>]</p>\n<p><strong><br />Randomized controlled trials (RCTs)</strong></p>\n<p>Krishnamurthy MN, Telles S. Assessing depression following two ancient Indian interventions: effects of yoga and ayurveda on older adults in a residential home. <em>Journal of Gerontological Nursing</em>. 2007, 33(2):17-23. [<a href=\"http://www.ncbi.nlm.nih.gov/pubmed/17310659?ordinalpos=1&amp;itool=EntrezSystem2.PEntrez.Pubmed.Pubmed_ResultsPanel.Pubmed_DefaultReportPanel.Pubmed_RVDocSum\">PubMed abstract</a>]</p>\n<p><br />Sharma VK, Das S, Mondal S, Goswampi U, Gandhi A. Effect of Sahaj Yoga on depressive disorders. <em>Indian Journal of Physiology and Pharmacololy</em>. 2005, 49(4):462-8. [<a href=\"http://www.ncbi.nlm.nih.gov/pubmed/16579401?ordinalpos=2&amp;itool=EntrezSystem2.PEntrez.Pubmed.Pubmed_ResultsPanel.Pubmed_DefaultReportPanel.Pubmed_RVDocSum\">PubMed abstract</a>]</p>\n<p><br />Sharma VK, Das S, Mondal S, Goswami U, Gandhi A. Effect of Sahaj Yoga on neuro-cognitive functions in patients suffering from major depression. <em>Indian Journal of Physiology and Pharmacololy.</em> 2006, 50(4):375-83. [<a href=\"http://www.ncbi.nlm.nih.gov/pubmed/17402267?ordinalpos=1&amp;itool=EntrezSystem2.PEntrez.Pubmed.Pubmed_ResultsPanel.Pubmed_DefaultReportPanel.Pubmed_RVDocSum\">PubMed abstract</a>]</p>\n<p><br />Woolery A, Myers H, Sternlieb B, Zeltzer L. A yoga intervention for young adults with elevated symptoms of depression. <em>Alternative Therapies in Health and Medicine</em>. 2004, 10(2):60-3. (included in systematic review above) [<a href=\"http://www.ncbi.nlm.nih.gov/pubmed/15055096?ordinalpos=10&amp;itool=EntrezSystem2.PEntrez.Pubmed.Pubmed_ResultsPanel.Pubmed_DefaultReportPanel.Pubmed_RVDocSum\">PubMed abstract</a>]</p>\n<p><strong><br />Other studies of interest</strong></p>\n<p>Shapiro D, Cook IA, Davydov DM, Ottaviani C, Leuchter AF, Abrams M. Yoga as a complementary treatment of depression: effects of traits and moods on treatment outcome. <em>Evidence-based Complementary and Alternative Medicine</em>. 2007, 4(4):493-502. [<a href=\"http://ecam.oxfordjournals.org/cgi/content/full/4/4/493\">Full text</a>]</p>\n<p> </p><strong>\n<p><strong><strong><a><strong><strong>Link back to 2008 Annual evidence update on CAM in depression</strong></strong></a></strong></strong></p>\n<p></p></strong> ",
  "resourceType": "Article"
}