{
  "name": "Complementary and Alternative Medicine",
  "title": "2008 Annual evidence update on CAM in depression: Diet and nutrition",
  "rootDirectory": "/cam",
  "topics": "COMPLEMENTARY AND ALTERNATIVE MEDICINE,CONDITIONS D-E,CONDITIONS A-Z,DEPRESSION,DIETARY AND NUTRITIONAL THERAPIES,OCTOBER 2008,DATE ADDED",
  "publicationDate": "2008-10-06T00:00:00",
  "url": "http://www.library.nhs.uk//cam/ViewResource.aspx?resID=295244",
  "id": "295244",
  "publicationType": "Review",
  "publisher": "CAM Specialist Library",
  "description": "111-12008 Annual evidence update on CAM in depression: Diet and nutrition<strong>Omega-3 fatty acids</strong> \n<p>A series of reviews focusing on omega-3 fatty acids in depression have been published in recent years. The review by Williams et al (2006) only searched for studies published up to 2001 and included varied study types. Appleton et al (2006) searched up to June 2006 and found 18 randomized controlled trials, 12 of which reported data that could be included in a meta-analysis. The authors reported that trial evidence was limited and difficult to summarize and evaluate because of considerable heterogeneity. However, results from 6 trials in patients with major depression were combined with trials in patients with depressed mood associated with other psychiatric or medical conditions. One of these was a large trial in angina sufferers which reported no effects. The authors concluded that the evidence available provides little support for the use of omega-3 fatty acids to improve depressed mood. Lin and Su (2007) found 10 double-blind, placebo-controlled studies (329 patients in total) by searching the literature up to August 2006. Studies included patients with depression and those with bipolar disorder. An effect size of 0.61 was calculated by the authors who reported that omega-3 fatty acids significantly improved depression in patients with clearly defined depression. Due to publication bias and heterogeneity, more large-scale trials are required and Lin and Su suggest that these should be directed at defining the most appropriate target group, the therapeutic dose of EPA, and the composition of omega-3 fatty acids in treating depression. A Cochrane review on this topic has been planned (Silvers et al 2003). </p>\n<p><strong><br />Systematic reviews</strong></p>\n<p>Appleton KM, Hayward RC, Gunnell D, Peters TJ, Rogers PJ, Kessler D, Ness AR. Effects of n-3 long-chain polyunsaturated fatty acids on depressed mood: systematic review of published trials. <em>American Jourbal of Clinical Nutrition</em>. 2006, 84(6):1308-16. [<a href=\"http://www.ajcn.org/cgi/reprint/84/6/1308\">Full text</a>] </p>\n<p>Lin PY, Su KP. A meta-analytic review of double-blind, placebo-controlled trials of antidepressant efficacy of omega-3 fatty acids. <em>Journal of Clinical Psychiatry</em>. 2007, 68(7):1056-61. [<a href=\"http://www.ncbi.nlm.nih.gov/pubmed/17685742?dopt=Citation\">PubMed abstract</a>] [<a href=\"http://www.crd.york.ac.uk/CRDWeb/ShowRecord.asp?ID=12007003167\">DARE provisional record</a>] </p>\n<p>Williams AL, Katz D, Ali A, Girard C, Goodman J, Bell I. Do essential fatty acids have a role in the treatment of depression? <em>Journal of Affective Disorders</em>. 2006, 93(1-3):117-23. [<a href=\"http://www.ncbi.nlm.nih.gov/pubmed/16650900?ordinalpos=6&amp;itool=EntrezSystem2.PEntrez.Pubmed.Pubmed_ResultsPanel.Pubmed_DefaultReportPanel.Pubmed_RVDocSum\">Pubmed abstract</a>]</p><br /><p><strong>Systematic reviews on mental illness in general </strong></p>\n<p>Clayton EH, Hanstock TL, Garg ML, Hazell PL. Long chain omega-3 polyunsaturated fatty acids in the treatment of psychiatric illnesses in children and adolescents. <em>Acta Neuropsychiatrica</em>. 2007,19(2):92-103. [<a href=\"http://www3.interscience.wiley.com/journal/118521720/abstract\">Abstract</a>] </p>\n<p>Freeman MP, Hibbeln JR, Wisner KL, Davis JM, Mischoulon D, Peet M, et al. Omega-3 fatty acids: evidence basis for treatment and future research in psychiatry. <em>Journal of Clinical Psychiatry</em>. 2006, 67(12):1954-67. [<a href=\"http://www.ncbi.nlm.nih.gov/pubmed/17194275?dopt=Citation\">PubMed abstract</a>] <em>(meta-analyses of various disorders including major depression)</em></p>\n<p>Ross BM, Seguin J, Sieswerda LE. Omega-3 fatty acids as treatments for mental illness: which disorder and which fatty acid? <em>Lipids in Health and Disease</em>. 2007, 6:21. [<a href=\"http://www.lipidworld.com/content/6/1/21\">Full text</a>] </p>\n<p>Schachter H, Kourad K, Merali Z, Lumb A, Tran K, Miguelez M, et al. Effects of Omega-3 Fatty Acids on Mental Health. Evidence Report/Technology Assessment No. 116. (Prepared by the University of Ottawa Evidence-based Practice Center, Under Contract No. 290-02-0021.) AHRQ Publication No. 05-E022-2. Rockville, MD: Agency for Healthcare Research and Quality. July 2005. [<a href=\"http://www.ncbi.nlm.nih.gov/books/bv.fcgi?rid=hstat1a.chapter.89824\">Full text</a>]   </p>\n<p><br /><strong>Randomized controlled trials (RCTs)</strong></p>\n<p>Freeman MP, Hibbeln J, Wisner K, Watchman M, Brumbach B, Hill R, et al. Double-blind dose-finding study of omega-3 fatty acids for postpartum depression. <em>Neuropsychopharmacology</em>. 2004;29 Suppl 1:S102. </p>\n<p>Freeman MP, Hibbeln JR, Wisner KL, Brumbach BH, Watchman M, Gelenberg AJ. Randomized dose-ranging pilot trial of omega-3 fatty acids for postpartum depression. <em>Acta Psychiatrica Scandinavica</em>. 2006, 113(1):31-5. [<a href=\"http://www.ncbi.nlm.nih.gov/pubmed/16390366?ordinalpos=12&amp;itool=EntrezSystem2.PEntrez.Pubmed.Pubmed_ResultsPanel.Pubmed_DefaultReportPanel.Pubmed_RVDocSum\">PubMed abstract</a>]</p>\n<p>Freeman MP, Sinha P. Tolerability of omega-3 fatty acid supplements in perinatal women. <em>Prostaglandins, Leukotrienes and Essential Fatty Acids</em>. 2007, 77(3-4):203-8. [<a href=\"http://www.ncbi.nlm.nih.gov/pubmed/17981449?ordinalpos=3&amp;itool=EntrezSystem2.PEntrez.Pubmed.Pubmed_ResultsPanel.Pubmed_DefaultReportPanel.Pubmed_RVDocSum\">PubMed abstract</a>]</p>\n<p>Grenyer BF, Crowe T, Meyer B, Owen AJ, Grigonis-Deane EM, Caputi P, et al. Fish oil supplementation in the treatment of major depression: a randomised double-blind placebo-controlled trial. <em>Progress in Neuropsychopharmacology and Biological Psychiatry</em>. 2007, 31(7):1393-6. [<a href=\"http://www.ncbi.nlm.nih.gov/pubmed/17659823?ordinalpos=8&amp;itool=EntrezSystem2.PEntrez.Pubmed.Pubmed_ResultsPanel.Pubmed_DefaultReportPanel.Pubmed_RVDocSum\">PubMed abstract</a>]</p>\n<p>Nemets H, Nemets B, Apter A, Bracha Z, Belmaker RH. Omega-3 treatment of childhood depression: a controlled, double-blind pilot study. <em>American Journal of Psychiatry</em>. 2006 Jun;163(6):1098-100. [<a href=\"http://ajp.psychiatryonline.org/cgi/content/full/163/6/1098\">Full text</a>]</p>\n<p>Rees AM, Parker GB, Owen CA. Omega-3 polyunsaturated fatty acids as a treatment for major depression. <em>Australian and New Zealand Journal of Psychiatry.</em> 2005, 39 Suppl 2:A52. </p>\n<p>Rogers PJ, Appleton KM, Kessler D, Peters TJ, Gunnell D, Hayward RC, et al. No effect of n-3 long-chain polyunsaturated fatty acid (EPA and DHA) supplementation on depressed mood and cognitive function: a randomised controlled trial. <em>British Journal of Nutrition</em>. 2008 99(2):421-31. [<a href=\"http://www.ncbi.nlm.nih.gov/pubmed/17956647?ordinalpos=6&amp;itool=EntrezSystem2.PEntrez.Pubmed.Pubmed_ResultsPanel.Pubmed_DefaultReportPanel.Pubmed_RVDocSum\">PubMed abstract</a>]</p>\n<p>Silvers KM, Woolley CC, Hamilton FC, Watts PM, Watson RA. Randomised double-blind placebo-controlled trial of fish oil in the treatment of depression. <em>Prostaglandins, Leukotrienes and Essential Fatty Acids.</em> 2005 Mar;72(3):211-8. [<a href=\"http://www.ncbi.nlm.nih.gov/pubmed/15664306?ordinalpos=17&amp;itool=EntrezSystem2.PEntrez.Pubmed.Pubmed_ResultsPanel.Pubmed_DefaultReportPanel.Pubmed_RVDocSum\">PubMed abstract</a>]</p>\n<p><strong><br />Ongoing studies </strong></p>\n<p>Carney RM. Omega-3 for depression and other cardiac risk factors. controlled-trials.com 2006. <a href=\"http://clinicaltrials.gov/ct2/show/NCT00116857\">NCT00116857</a>.</p>\n<p>Silvers KM, Hackett ML, Scott KM. Omega 3 fatty acids for depression. (Protocol) <i>Cochrane Database of Systematic Reviews</i> 2003, Issue 4. Art. No.: CD004692. DOI: 10.1002/14651858.CD004692. [<a href=\"http://www.mrw.interscience.wiley.com/cochrane/clsysrev/articles/CD004692/frame.html\">Full text</a>]</p><strong>\n<p><br />Folate</p>\n<p></p></strong><strong>Systematic review</strong>\n<p>Taylor MJ, Carney SM, Goodwin GM, Geddes JR. Folate for depressive disorders: systematic review and meta-analysis of randomized controlled trials. <em>Journal of Psychopharmacology</em>. 2004, 18(2):251-6. [<a href=\"http://www.ncbi.nlm.nih.gov/pubmed/15260915?ordinalpos=13&amp;itool=EntrezSystem2.PEntrez.Pubmed.Pubmed_ResultsPanel.Pubmed_DefaultReportPanel.Pubmed_RVDocSum\">PubMed abstract</a>] <em>Duplicate publication of <a href=\"http://www.mrw.interscience.wiley.com/cochrane/clsysrev/articles/CD003390/frame.html\">2003 Cochrane review</a>.</em> </p>\n<p><strong><br />Randomized controlled trials (RCTs)</strong></p>\n<p>Liu CJ, Ning YL, Jia ZL, et a. [The plumentary therapeutic efficiency of folic acid for depression] [Chinese]. <em>Chinese Journal of Behavioral Medical Science</em>. 2004;13:169-70.</p>\n<p><strong><br />Ongoing studies </strong></p>\n<p>Christensen H. Beyond Ageing Project: A Randomized Controlled Trial to Assess the Benefit of Improving Mental Health Literacy in Depression as Well as the Effect of Folate and B12, and Physical Activity, in Preventing Major Depression and Cognitive Impairment Among Australians Aged 65-74 Years. clinicaltrials.gov 2005. <a href=\"http://clinicaltrials.gov/ct2/show/NCT00214682\">NCT00214682</a>.</p>\n<p>Roberts SH, Bedson E, Hughes D, Lloyd K, Moat S, Pirmohamed M, et al. Folate augmentation of treatment - evaluation for depression (FolATED): protocol of a randomised controlled trial. <em>BMC Psychiatry</em>. 2007, 7:65. [<a href=\"http://www.biomedcentral.com/1471-244X/7/65\">Full text</a>]</p>\n<p><strong><br />Other articles of interest</strong></p>\n<p>Gilbody S, Lightfoot T, Sheldon T. Is low folate a risk factor for depression? A meta-analysis and exploration of heterogeneity. <em>Journal of Epidemiology and Community Health</em>. 2007, 61(7):631-7. [<a href=\"http://www.ncbi.nlm.nih.gov/pubmed/17568057?dopt=Citation\">PubMed abstract</a>] </p>\n<p><br /><strong>Inositol</strong></p>\n<p><strong>Systematic review </strong></p>\n<p>Taylor MJ, Wilder H, Bhagwagar Z, Geddes J. Inositol for depressive disorders. <i>Cochrane Database of Systematic Reviews</i> 2004, Issue 1. Art. No.: CD004049. DOI: 10.1002/14651858.CD004049.pub2. [<a href=\"http://www.mrw.interscience.wiley.com/cochrane/clsysrev/articles/CD004049/frame.html\">Full text</a>]</p>\n<p><strong><br />SAMe</strong></p>\n<p><strong>Systematic review</strong></p>\n<p>Williams AL, Girard C, Jui D, Sabina A, Katz DL. S-adenosylmethionine (SAMe) as treatment for depression: a systematic review. <em>Clininical and Investigative Medicine</em>. 2005, 28(3):132-9. [<a href=\"http://www.ncbi.nlm.nih.gov/pubmed/16021987?ordinalpos=2&amp;itool=EntrezSystem2.PEntrez.Pubmed.Pubmed_ResultsPanel.Pubmed_DefaultReportPanel.Pubmed_RVDocSum\">PubMed abstract</a>]</p>\n<p><strong><br /></strong></p>\n<p><strong>Vitamin B6</strong></p>\n<p><strong>Systematic review </strong></p>\n<p>Williams AL, Cotter A, Sabina A, Girard C, Goodman J, Katz DL. The role for vitamin B-6 as treatment for depression: a systematic review. Family Practice. 2005, 22(5):532-7. [<a href=\"http://fampra.oxfordjournals.org/cgi/content/full/22/5/532\">Full text</a>] </p>\n<p><strong><br />Evidence on other supplements</strong></p>\n<p><strong>Randomized controlled trials (RCTs)</strong> </p>\n<p>Booij L, Merens W, Markus CR, Van-Der-Does AJW. Diet rich in alpha-lactalbumin improves memory in unmedicated recovered depressed patients and matched controls. <em>Journal of Psychopharmacology</em>. 2006, 20:526-35. [<a href=\"http://www.ncbi.nlm.nih.gov/pubmed/16174675?ordinalpos=12&amp;itool=EntrezSystem2.PEntrez.Pubmed.Pubmed_ResultsPanel.Pubmed_DefaultReportPanel.Pubmed_RVDocSum\">PubMed abstract</a>]</p>\n<p>Gariballa S, Forster S. Effects of dietary supplements on depressive symptoms in older patients: a randomised double-blind placebo-controlled trial. <em>Clinical Nutrition</em>. 2007, 26(5):545-51. [<a href=\"http://www.ncbi.nlm.nih.gov/pubmed/17662509?ordinalpos=19&amp;itool=EntrezSystem2.PEntrez.Pubmed.Pubmed_ResultsPanel.Pubmed_DefaultReportPanel.Pubmed_RVDocSum\">PubMed abstract</a>]</p>\n<p>Hvas AM, Juul S, Lauritzen L, Nexo E, Ellegaard J. No effect of vitamin B-12 treatment on cognitive function and depression: a randomized placebo controlled study. <em>Journal of Affective Disorders</em>. 2004, 81(3):269-73. [<a href=\"http://www.ncbi.nlm.nih.gov/pubmed/15337331?ordinalpos=6&amp;itool=EntrezSystem2.PEntrez.Pubmed.Pubmed_ResultsPanel.Pubmed_DefaultReportPanel.Pubmed_RVDocSum\">PubMed abstract</a>]</p>\n<p>Ille R, Spona J, Zickl M, Hofmann P, Lahousen T, Dittrich N, et al. \"Add-On\"-therapy with an individualized preparation consisting of free amino acids for patients with a major depression. <em>European Archives of Psychiatry and Clinical Neuroscience</em>. 2007, 257(4):222-9. [<a href=\"http://www.ncbi.nlm.nih.gov/pubmed/17401733?ordinalpos=3&amp;itool=EntrezSystem2.PEntrez.Pubmed.Pubmed_ResultsPanel.Pubmed_DefaultReportPanel.Pubmed_RVDocSum\">PubMed abstract</a>]</p>\n<p>Merens W, Booij L, Markus R, Zitman FG, Onkenhout W, Van der Does AJ. The effects of a diet enriched with alpha-lactalbumin on mood and cortisol response in unmedicated recovered depressed subjects and controls. <em>British Journal of Nutrition</em>. 2005, 94(3):415-22. [<a href=\"http://www.ncbi.nlm.nih.gov/pubmed/16176613?ordinalpos=1&amp;itool=EntrezSystem2.PEntrez.Pubmed.Pubmed_ResultsPanel.Pubmed_DefaultReportPanel.Pubmed_RVDocSum\">PubMed abstract]</a></p><br /><p><strong>Safety </strong></p>\n<p>Werneke U. Risk management of nutritional supplements in chronic illness: the implications for the care of cancer and depression. <em>Proceedings of the Nutrition Society</em>. 2007, 66(4):483-92. [<a href=\"http://www.ncbi.nlm.nih.gov/pubmed/17961269?ordinalpos=4&amp;itool=EntrezSystem2.PEntrez.Pubmed.Pubmed_ResultsPanel.Pubmed_DefaultReportPanel.Pubmed_RVDocSum\">PubMed abstract</a>]</p>\n<p><br /><strong><a><strong>Link back to 2008 Annual evidence update on CAM in depression</strong></a></strong></p>",
  "resourceType": "Article"
}