{
  "name": "Complementary and Alternative Medicine",
  "title": "2008 Annual evidence update on CAM in depression: Other therapies",
  "rootDirectory": "/cam",
  "topics": "COMPLEMENTARY AND ALTERNATIVE MEDICINE,DEPRESSION,CONDITIONS A-Z,CONDITIONS D-E,DATE ADDED,OCTOBER 2008",
  "publicationDate": "2008-10-06T00:00:00",
  "url": "http://www.library.nhs.uk//cam/ViewResource.aspx?resID=295245",
  "id": "295245",
  "publicationType": "Review",
  "publisher": "CAM Specialist Library",
  "description": "111-12008 Annual evidence update on CAM in depression: Other therapies<p><strong>Ayurveda </strong></p>\n<p><strong>Randomized controlled trial </strong> </p>\n<p>Krishnamurthy MN, Telles S. Assessing depression following two ancient Indian interventions: effects of yoga and ayurveda on older adults in a residential home. <em>Journal of Gerontological Nursing</em>. 2007, 33(2):17-23. [<a href=\"http://www.ncbi.nlm.nih.gov/pubmed/17310659?ordinalpos=1&amp;itool=EntrezSystem2.PEntrez.Pubmed.Pubmed_ResultsPanel.Pubmed_DefaultReportPanel.Pubmed_RVDocSum\">PubMed abstract</a>]</p>\n<p><br /><strong>Dance therapy</strong>  </p>\n<p><strong>Randomized controlled trials (RCTs)</strong> </p>\n<p>Haboush A, Floyd M, Caron J, LaSota M, Alvarez K. Ballroom dance lessons for geriatric depression: An exploratory study. <em>Arts in Psychotherapy</em>. 2006, 33:89-97. </p>\n<p>Jeong YJ, Hong SC, Lee MS, Park MC, Kim YK, Suh CM. Dance movement therapy improves emotional responses and modulates neurohormones in adolescents with mild depression. <em>International Journal of Neuroscience</em>. 2005, 115(12):1711-20. [<a href=\"http://www.ncbi.nlm.nih.gov/pubmed/16287635?ordinalpos=2&amp;itool=EntrezSystem2.PEntrez.Pubmed.Pubmed_ResultsPanel.Pubmed_DefaultReportPanel.Pubmed_RVDocSum\">PubMed abstract</a>]</p>\n<p><br /><strong>Homeopathy</strong></p>\n<p><strong>Systematic review</strong></p>\n<p>Pilkington K, Kirkwood G, Rampes H, Fisher P, Richardson J. Homeopathy for depression: a systematic review of the research evidence. <em>Homeopathy.</em> 2005, 94(3):153-63. [<a href=\"http://www.ncbi.nlm.nih.gov/pubmed/16060201?ordinalpos=5&amp;itool=EntrezSystem2.PEntrez.Pubmed.Pubmed_ResultsPanel.Pubmed_DefaultReportPanel.Pubmed_RVDocSum\">PubMed abstract</a>] [<a href=\"http://www.crd.york.ac.uk/CRDWeb/ShowRecord.asp?ID=12005004392\">DARE structured abstract</a>] </p>\n<p><strong>Randomized controlled trial</strong> </p>\n<p>Katz T, Fisher P, Katz A, Davidson J, Feder G. The feasibility of a randomised, placebo-controlled clinical trial of homeopathic treatment of depression in general practice. <em>Homeopathy</em>. 2005, 94(3):145-52. [<a href=\"http://www.ncbi.nlm.nih.gov/pubmed/16060200?ordinalpos=3&amp;itool=EntrezSystem2.PEntrez.Pubmed.Pubmed_ResultsPanel.Pubmed_DefaultReportPanel.Pubmed_RVDocSum\">PubMed abstract</a>] (included in above SR)</p>\n<p><br /><strong>Hypnosis</strong> </p>\n<p><strong>Randomized controlled trials (RCTs)</strong> </p>\n<p>Alladin A, Alibhai A. Cognitive hypnotherapy for depression: an empirical investigation. <em>International Journal of Clinical and Experimental Hypnosis</em>. 2007, 55(2):147-66. [<a href=\"http://www.ncbi.nlm.nih.gov/pubmed/17365072?ordinalpos=7&amp;itool=EntrezSystem2.PEntrez.Pubmed.Pubmed_ResultsPanel.Pubmed_DefaultReportPanel.Pubmed_RVDocSum\">PubMed abstract</a>]</p>\n<p>Guse T, Wissing M, Hartman W. The effect of a prenatal hypnotherapeutic programme on postnatal maternal psychological well-being. <em>Journal of Reproductive and Infant Psychology</em>. 2006;24:163-77. [<a href=\"http://www.informaworld.com/smpp/content~content=a745955550~db=all~order=page\">Abstract</a>]</p>\n<p><strong>Ongoing studies </strong></p>\n<p>Butler LD. Meditation and hypnosis for chronic depressed mood. <a href=\"http://clinicaltrials.gov/ct2/show/NCT00226863\">NCT00226863</a>. controlled trials com 2006.</p>\n<p><br /><strong>Light therapy</strong></p>\n<p><strong>Systematic reviews</strong></p>\n<p>Even C, Schröder CM, Friedman S, Rouillon F.Efficacy of light therapy in nonseasonal depression: a systematic review. <em>Journal of Affective Disorders</em>. 2008 May;108(1-2):11-23. [<a href=\"http://www.ncbi.nlm.nih.gov/pubmed/17950467?ordinalpos=3&amp;itool=EntrezSystem2.PEntrez.Pubmed.Pubmed_ResultsPanel.Pubmed_DefaultReportPanel.Pubmed_RVDocSum\">PubMed abstract</a>]</p>\n<p>Golden RN, Gaynes BN, Ekstrom RD, Hamer RM, Jacobsen FM, Suppes T, et al. The efficacy of light therapy in the treatment of mood disorders: a review and meta-analysis of the evidence. <em>American Journal of Psychiatry</em>. 2005, 162(4):656-62. [<a href=\"http://ajp.psychiatryonline.org/cgi/content/full/162/4/656\">Full text</a>]</p>\n<p>Krasnik C, Montori VM, Guyatt GH, Heels-Ansdell D, Busse JW; Medically Unexplained Syndromes Study Group.The effect of bright light therapy on depression associated with premenstrual dysphoric disorder. <em>American Journal of Obstetrics and Gynecology</em>. 2005, 193(3 Pt 1):658-61. [<a href=\"http://www.ncbi.nlm.nih.gov/pubmed/16150256?ordinalpos=14&amp;itool=EntrezSystem2.PEntrez.Pubmed.Pubmed_ResultsPanel.Pubmed_DefaultReportPanel.Pubmed_RVDocSum\">PubMed abstract</a>]</p>\n<p>Tuunainen A, Kripke DF, Endo T. Light therapy for non-seasonal depression. <i>Cochrane Database of Systematic Reviews</i> 2004, Issue 2. Art. No.: CD004050. DOI: 10.1002/14651858.CD004050.pub2. [<a href=\"http://www.mrw.interscience.wiley.com/cochrane/clsysrev/articles/CD004050/frame.html\">Full text</a>]</p>\n<p><em>RCTs not included for light therapy</em></p>\n<p><strong><br />Music therapy </strong></p>\n<p><strong><strong>Systematic review</strong></strong></p>\n<p>Maratos AS, Gold C, Wang X, Crawford MJ. Music therapy for depression. <i>Cochrane Database of Systematic Reviews</i> 2008, Issue 1. Art. No.: CD004517. DOI: 10.1002/14651858.CD004517.pub2. [<a href=\"http://www.mrw.interscience.wiley.com/cochrane/clsysrev/articles/CD004517/frame.html\">Full text</a>] </p>\n<p><br /><strong>Qigong </strong></p>\n<p><strong>Randomized controlled trial</strong>  </p>\n<p>Tsang HW, Fung KM, Chan AS, Lee G, Chan F. Effect of a qigong exercise programme on elderly with depression. <em>International Journal of Geriatric Psychiatry</em>. 2006, 21(9):890-7. [<a href=\"http://www.ncbi.nlm.nih.gov/pubmed/16955451?ordinalpos=3&amp;itool=EntrezSystem2.PEntrez.Pubmed.Pubmed_ResultsPanel.Pubmed_DefaultReportPanel.Pubmed_RVDocSum\">PubMed abstract</a>]</p>\n<p><br /><strong>Reiki</strong></p>\n<p><strong>Systematic review</strong></p>\n<p>Lee MS, Pittler MH, Ernst E. Effects of reiki in clinical practice: a systematic review of randomised clinical trials. <em>International Journal of Clinical Practice</em>. 2008, 62(6):947-54. [<a href=\"http://www.ncbi.nlm.nih.gov/pubmed/18410352?dopt=Citation\">PubMed abstract</a>] </p>\n<p>Vitale A. An integrative review of Reiki touch therapy research. <em>Holistic Nursing Practice</em>. 2007,21(4):167-79. [<a href=\"http://www.ncbi.nlm.nih.gov/pubmed/17627194?ordinalpos=2&amp;itool=EntrezSystem2.PEntrez.Pubmed.Pubmed_ResultsPanel.Pubmed_DefaultReportPanel.Pubmed_RVDocSum\">PubMed abstract</a>] </p>\n<p><strong>Ongoing s<strong>ystematic review </strong></strong></p>\n<p>Joyce J, Herbison P. Reiki treatment for psychological symptoms. (Protocol) <i>Cochrane Database of Systematic Reviews</i> 2007, Issue 4. Art. No.: CD006833. DOI: 10.1002/14651858.CD006833. [<a href=\"http://www.mrw.interscience.wiley.com/cochrane/clsysrev/articles/CD006833/frame.html\">Full text</a>] </p>\n<p><strong>Randomized controlled trial </strong> </p>\n<p>Shore AG. Long-term effects of energetic healing on symptoms of psychological depression and self-perceived stress. <em>Alternative Therapies in Health and Medicine</em>. 2004, 10(3):42-8. [erratum appears in <em>Alternative Therapies in Health and Medicine</em>. 2004, 10(4):14]. [<a href=\"http://www.ncbi.nlm.nih.gov/pubmed/15154152?ordinalpos=1&amp;itool=EntrezSystem2.PEntrez.Pubmed.Pubmed_ResultsPanel.Pubmed_DefaultReportPanel.Pubmed_RVDocSum\">PubMed abstract</a>] </p>\n<p><br /><strong>Relaxation techniques</strong></p>\n<p><strong><strong>Ongoing systematic review*</strong></strong></p>\n<p>Jorm AF, Morgan A, Hetrick SE. Relaxation for depression. (Protocol) <em>Cochrane Database of Systematic Reviews.</em> 2008, Issue 2. John Wiley &amp; Sons, Ltd. DOI: 10.1002./14651858.CD007142.</p>\n<p><em>*New: This review has been published on 8th October 2008 (see citation and link to full text below)</em></p>\n<p>Jorm AF, Morgan AJ, Hetrick SE. Relaxation for depression. <i>Cochrane Database of Systematic Reviews</i> 2008, Issue 4. Art. No.: CD007142. DOI: 10.1002/14651858.CD007142.pub2. [<a href=\"http://www.mrw.interscience.wiley.com/cochrane/clsysrev/articles/CD007142/frame.html\">Full text</a>]</p>\n<p><strong>Ongoing r<strong>andomized controlled trial</strong></strong> </p>\n<p>Krogh J, Petersen L, Timmermann M, Saltin B, Nordentoft M. Design paper: the DEMO trial: a randomized, parallel-group, observer-blinded clinical trial of aerobic versus non-aerobic versus relaxation training for patients with light to moderate depression. <em>Contemporary Clinical Trials</em>. 2007, 28(1):79-89. [<a href=\"http://www.ncbi.nlm.nih.gov/pubmed/16935032?ordinalpos=2&amp;itool=EntrezSystem2.PEntrez.Pubmed.Pubmed_ResultsPanel.Pubmed_DefaultReportPanel.Pubmed_RVDocSum\">PubMed abstract</a>]</p>\n<p><strong><br />Tai chi </strong></p>\n<p><strong>Systematic review</strong></p>\n<p>Tsang HW, Chan EP, Cheung WM. Effects of mindful and non-mindful exercises on people with depression: a systematic review. <em>British Journal of Clinical Psychology</em>. 2008, 47(Pt 3):303-22. [<a href=\"http://www.ncbi.nlm.nih.gov/pubmed/18237457?ordinalpos=12&amp;itool=EntrezSystem2.PEntrez.Pubmed.Pubmed_ResultsPanel.Pubmed_DefaultReportPanel.Pubmed_RVDocSum\">PubMed abstract</a>] </p>\n<p><strong>Ongoing s<strong>ystematic review </strong></strong></p>\n<p>Chi I, Jordan-Marsh M, Guo M, Xie B, Zhang M. Tai Chi for depression. (Protocol) <i>Cochrane Database of Systematic Reviews</i> 2008, Issue 2. Art. No.: CD007143. DOI: 10.1002/14651858.CD007143. [<a href=\"http://www.mrw.interscience.wiley.com/cochrane/clsysrev/articles/CD007143/frame.html\">Full text</a>]</p>\n<p><strong>Randomized controlled trials (RCTs)</strong> </p>\n<p>Cho KL.  Effect of Tai Chi on depressive symptoms amongst Chinese older patients with major depression: the role of social support.  <em>Medicine &amp; Sport Science</em>. 2008, 52:146-54. [<a href=\"http://www.ncbi.nlm.nih.gov/pubmed/18487894?ordinalpos=1&amp;itool=EntrezSystem2.PEntrez.Pubmed.Pubmed_ResultsPanel.Pubmed_DefaultReportPanel.Pubmed_RVDocSum\">PubMed abstract</a>]</p>\n<p>Chou KL, Lee PW, Yu EC, Macfarlane D, Cheng YH, Chan SS, et al. Effect of Tai Chi on depressive symptoms amongst Chinese older patients with depressive disorders: a randomized clinical trial. <em>International Journal of Geriatric Psychiatry</em>. 2004, 19(11):1105-7. [<a href=\"http://www.ncbi.nlm.nih.gov/pubmed/15497192?ordinalpos=3&amp;itool=EntrezSystem2.PEntrez.Pubmed.Pubmed_ResultsPanel.Pubmed_DefaultReportPanel.Pubmed_RVDocSum\">PubMed record</a>]</p>\n<p><br /><strong>Traditional Chinese Medicine (TCM) </strong></p>\n<p><strong><strong>Randomized controlled trials (RCTs) </strong></strong></p>\n<p>Chen LP, Wang FW, Werner H. Effect of the combination of acupuncture and shuyusan in the treatment of depression. <em>Chinese Journal of Clinical Rehabilitation.</em> 2004, 8:4250-1.</p>\n<p>He Q, Zhang J, Tang Y. A controlled study on the treatment of mental depression by acupuncture plus TCM medication. <em>Journal of Traditional Chinese Medicine.</em> 2007, 27(3):166-169. [<a href=\"http://www.ncbi.nlm.nih.gov/pubmed/17955648?ordinalpos=2&amp;itool=EntrezSystem2.PEntrez.Pubmed.Pubmed_ResultsPanel.Pubmed_DefaultReportPanel.Pubmed_RVDocSum\">PubMed abstract</a>]<br /> </p>\n<p><strong><strong><strong><strong><strong><strong><strong><strong><a><strong><strong><strong><strong><strong><strong><strong><strong>Link back to 2008 Annual evidence update on CAM in depression</strong></strong></strong></strong></strong></strong></strong></strong></a></strong></strong></strong></strong></strong></strong></strong></strong></p>\n<p> </p>",
  "resourceType": "Article"
}