{
  "name": "Complementary and Alternative Medicine",
  "title": "2008 Annual evidence update on CAM in depression: Search strategy",
  "rootDirectory": "/cam",
  "topics": "COMPLEMENTARY AND ALTERNATIVE MEDICINE,DATE ADDED,OCTOBER 2008",
  "publicationDate": "2008-10-06T00:00:00",
  "url": "http://www.library.nhs.uk//cam/ViewResource.aspx?resID=295323",
  "id": "295323",
  "publicationType": "Reference Material",
  "publisher": "CAM Specialist Library",
  "description": "111-12008 Annual evidence update on CAM in depression: Search strategy<p><strong>Search strategy used for AMED (OVID)</strong></p>\n<p><em>This strategy has been modified for searching other databases or search platforms</em></p><br /><p>1. exp Complementary therapies/<br />2. exp Complementary medicine/<br />3. exp Acupressure/ or acupressure.mp.<br />4. exp Acupuncture/ or acupuncture.mp.<br />5. exp Acupuncture therapy/<br />6. albizzia bark.mp.<br />7. albizzia.mp.<br />8. Alexander therapy.mp.<br />9. Alexander principle.mp.<br />10. Alexander technique.mp. or exp Alexander technique/<br />11. exp Amino acids/ or amino-acid.mp.<br />12. exp Aroma therapy/<br />13. aromatherapy.mp.<br />14. art therapy.mp. or exp Art therapy/<br />15. aurum metallicum.mp.<br />16. exp Ayurvedic medicine/ or Ayurved.mp.<br />17. ayurved*.mp.<br />18. exp Biofeedback/ or biofeedback.mp.<br />19. chiropractic.mp. or exp Chiropractic/<br />20. colour therapy.mp. or exp Color therapy/<br />21. Color therapy/ or color therapy.mp.<br />22. curanderismo.mp.<br />23. curcuma root.mp. or exp Curcuma/<br />24. exp Curcuma/ or curcuma.mp.<br />25. electroacupuncture.mp. or exp Electroacupuncture/<br />26. damiana.mp. [mp=abstract, heading words, title]<br />27. exp Dance therapy/ or dance therapy.mp.<br />28. dietary supplement.mp. or exp Dietary supplements/<br />29. dietary supplement*.mp.<br />30. energ* healing.mp. [mp=abstract, heading words, title]<br />31. energy healing.mp.<br />32. energetic healing.mp.<br />33. fish oils.mp. or exp Fish oils/<br />34. fish oil.mp. [mp=abstract, heading words, title]<br />35. exp Folic acid/ or folate.mp.<br />36. folate*.mp.<br />37. exp Folk remedies/<br />38. folk remed*.mp. [mp=abstract, heading words, title]<br />39. gingko.mp. or exp Ginkgo biloba/<br />40. exp Panax ginseng/ or ginseng.mp.<br />41. glutamine.mp.<br />42. health food*.mp. [mp=abstract, heading words, title]<br />43. herbal medicine*.mp. [mp=abstract, heading words, title]<br />44. exp Herbalism/<br />45. herb*.mp. [mp=abstract, heading words, title]<br />46. exp Homeopathy/ or exp Homeopathic drugs/<br />47. homeopath*.mp. [mp=abstract, heading words, title]<br />48. hypnosis.mp. or exp Hypnosis/<br />49. hypnotherapy.mp. [mp=abstract, heading words, title]<br />50. hypericum.mp. or exp Hypericum/<br />51. ignatia.mp.<br />52. imagery.mp. or exp Imagery/<br />53. inositol.mp.<br />54. exp Kava/ or kava kava.mp.<br />55. lavender.mp.<br />56. lavendula.mp.<br />57. lemon balm.mp.<br />58. light therapy.mp. or exp Phototherapy/<br />59. massage.mp. or exp Massage/<br />60. mbsr.mp.<br />61. exp Meditation/ or meditation.mp.<br />62. megavitamins.mp.<br />63. mindfulness.mp.<br />64. exp Music therapy/ or music therapy.mp.<br />65. natrium.mp.<br />66. Natural progesterone.mp.<br />67. exp Naturopathy/ or naturopathy.mp.<br />68. naturopath*.mp.<br />69. Negative air ionisation.mp.<br />70. nutritional supplements.mp.<br />71. nutritional therap*.mp. [mp=abstract, heading words, title]<br />72. omega.mp.<br />73. exp Fatty acids/<br />74. osteopath*.mp. or exp Osteopathy/<br />75. Phenylalanine.mp. or exp Phenylalanine/<br />76. exp Phytotherapy/ or phytotherapy.mp.<br />77. exp Reflexology/<br />78. reflexo*.mp.<br />79. reiki.mp.<br />80. exp Relaxation/<br />81. relaxation.mp. [mp=abstract, heading words, title]<br />82. S-adenosyl-methionine.mp.<br />83. Selenium.mp. or exp Selenium/<br />84. exp Shiatsu/ or shiatsu.mp.<br />85. healing.mp.<br />86. exp Mental healing/ or spiritual healing.mp.<br />87. exp Hypericum perforatum/ or St johns wort.mp.<br />88. exp Tai chi/ or tai chi.mp.<br />89. exp Drugs chinese herbal/ or exp Traditional medicine chinese/ or TCM.mp.<br />90. traditional chinese medicine.mp. [mp=abstract, heading words, title]<br />91. exp Therapeutic touch/ or therapeutic touch.mp.<br />92. thorowax root formula.mp. [mp=abstract, heading words, title]<br />93. transcendental.mp.<br />94. Tryptophan.mp. or exp Tryptophan/<br />95. peony bark.mp. [mp=abstract, heading words, title]<br />96. turnera diffusa.mp.<br />97. Tyrosine.mp.<br />98. valerian.mp.<br />99. Vervain.mp.<br />100. Vitamins.mp. or exp Vitamins/<br />101. exp Yoga/ or yoga.mp.<br />102. 1 or 2 or 3 or 4 or 5 or 6 or 7 or 8 or 9 or 10 or 11 or 12 or 13 or 14 or 15 or 16 or 17 or 18 or 19 or 20 or 21 or 22 or 23 or 24 or 25 or 26 or 27 or 28 or 29 or 30 or 31 or 32 or 33 or 34 or 35 or 36 or 37 or 38 or 39 or 40 or 41 or 42 or 43 or 44 or 45 or 46 or 47 or 48 or 49 or 50 or 51 or 52 or 53 or 54 or 55 or 56 or 57 or 58 or 59 or 60 or 61 or 62 or 63 or 64 or 65 or 66 or 67 or 68 or 69 or 70 or 71 or 72 or 73 or 74 or 75 or 76 or 77 or 78 or 79 or 80 or 81 or 82 or 83 or 84 or 85 or 86 or 87 or 88 or 89 or 90 or 91 or 92 or 93 or 94 or 95 or 96 or 97 or 98 or 99 or 100 or 101<br />103. exp Depression/ or depression.mp.<br />104. depressive disorder/ or exp Depressive disorders/ or depressive disorder.mp.<br />105. exp depressive disorder/ or depressive disorder.mp.<br />106. dysthymia.mp.<br />107. 103 or 104 or 105 or 106<br />108. 102 and 107</p>\n<p> </p><?xml:namespace prefix = o ns = \"urn:schemas-microsoft-com:office:office\" /?><p><strong>\n<p><p><strong><a><p><strong>Back to Methodology section</strong></p></a><a></a></strong></p></p>\n<p></p></strong></p> ",
  "resourceType": "Article"
}