{
  "name": "Complementary and Alternative Medicine",
  "title": "The use of expertise-based randomized controlled trials to assess spinal manipulation and acupuncture for low back pain: a systematic review",
  "rootDirectory": "/cam",
  "topics": "COMPLEMENTARY AND ALTERNATIVE MEDICINE,ACUPUNCTURE,CONDITIONS A-B,BACK PAIN,CONDITIONS A-Z,CHIROPRACTIC,OCTOBER 2008,DATE ADDED",
  "publicationDate": "2008-04-15T00:00:00",
  "url": "http://www.ncbi.nlm.nih.gov/pubmed/18404113?ordinalpos=4&itool=EntrezSystem2.PEntrez.Pubmed.Pubmed_ResultsPanel.Pubmed_RVDocSum",
  "id": "295345",
  "publicationType": "Systematic Review",
  "publisher": "Lippincott Williams & Wilkins",
  "description": "<p><em>This <em>study has met our selection criteria <em>but has not been fully appraised by the CAM SL</em>. Where there is an appraisal available we have linked to it. If there is no appraisal and you wish to appraise this systematic review here is a </em><a href=\"http://www.phru.nhs.uk/Pages/PHD/resources.htm\"><em>link to a list of appraisal tools</em></a><em>.</em></em></p>\n<p><strong>Citation</strong></p>\n<p>Johnston BC, da Costa BR, Devereaux PJ, Akl EA, Busse JW. The use of expertise-based randomized controlled trials to assess spinal manipulation and acupuncture for low back pain: a systematic review. <em>Spine</em>. 2008, 33(8):914-8. </p>\n<p><strong>Authors' objectives</strong></p>\n<p>To assess current use of expertise-based randomization in trials of acupuncture or spinal manipulation for low back pain.  </p>\n<p><strong>Authors' conclusions</strong></p>\n<p>Investigators designing acupuncture or spinal manipulation trials in which 2 or more active therapies are compared should consider expertise-based randomization to increase the validity and feasibility of their efforts.<br /></p>\n<p><strong>Access</strong></p>\n<p>NHS staff: for full text access to this resource contact your <a href=\"http://www.library.nhs.uk/mylibrary/default.aspx\">local NHS library</a>. </p>\n<p> </p>",
  "resourceType": "CARDEX"
}