{
  "name": "Complementary and Alternative Medicine",
  "title": "Safety of alternative treatments for menopausal symptoms after breast cancer: a qualitative systematic review",
  "rootDirectory": "/cam",
  "topics": "COMPLEMENTARY AND ALTERNATIVE MEDICINE,CANCER,CONDITIONS A-B,CONDITIONS C,CONDITIONS M-O,CONDITIONS A-Z,HERBAL MEDICINE,MENOPAUSAL SYMPTOMS,BREAST CANCER,CAM GENERAL,OCTOBER 2008,DATE ADDED,SAFETY",
  "publicationDate": "2007-02-01T00:00:00",
  "url": "http://www.ncbi.nlm.nih.gov/pubmed/17364601?ordinalpos=11&itool=EntrezSystem2.PEntrez.Pubmed.Pubmed_ResultsPanel.Pubmed_RVDocSum",
  "id": "296094",
  "publicationType": "Systematic Review",
  "publisher": "Parthenon",
  "description": "<p><em>This <em>study has met our selection criteria <em>but has not been fully appraised by the CAM SL</em>. Where there is an appraisal available we have linked to it. If there is no appraisal and you wish to appraise this systematic review here is a </em><a href=\"http://www.phru.nhs.uk/Pages/PHD/resources.htm\"><em>link to a list of appraisal tools</em></a><em>.</em></em></p>\n<p><strong>Citation</strong></p>\n<p>Antoine C, Liebens F, Carly B, Pastijn A, Rozenberg S. Safety of alternative treatments for menopausal symptoms after breast cancer: a qualitative systematic review. <em>Climacteric</em>. 2007, 10(1):23-6.</p>\n<p><strong>Authors' objectives</strong></p>\n<p>This qualitative review analyzes systematically the safety of drugs used to alleviate menopausal symptoms, other than hormone replacement therapy, in breast cancer patients. </p>\n<p><strong>Authors' conclusions</strong></p>\n<p>There are no valuable data indicating the absence of a harmful effect of drugs used to alleviate climacteric symptoms in breast cancer patients. There is a need for randomized trials to assess the safety of these drugs. In the meantime, patients should be informed about the absence of safety data.<br /></p>\n<p><strong>Access</strong></p>\n<p>NHS staff: for full text access to this resource contact your <a href=\"http://www.library.nhs.uk/mylibrary/default.aspx\">local NHS library</a>.  </p>",
  "resourceType": "CARDEX"
}