{
  "name": "Complementary and Alternative Medicine",
  "title": "Effects of reiki in clinical practice: a systematic review of randomised clinical trials",
  "rootDirectory": "/cam",
  "topics": "COMPLEMENTARY AND ALTERNATIVE MEDICINE,OTHER THERAPIES OR MEDICAL SYSTEMS,DEPRESSION,PAIN,CONDITIONS A-Z,CONDITIONS D-E,CONDITIONS P-R,CONDITIONS A-B,HEALING,ANXIETY,DATE ADDED,OCTOBER 2008",
  "publicationDate": "2008-06-01T00:00:00",
  "url": "http://www.ncbi.nlm.nih.gov/pubmed/18410352?dopt=Citation",
  "id": "296060",
  "publicationType": "Systematic Review",
  "publisher": "Blackwell",
  "description": "<p><em>This <em>study has met our selection criteria <em>but has not been fully appraised by the CAM SL</em>. Where there is an appraisal available we have linked to it. If there is no appraisal and you wish to appraise this systematic review here is a </em><a href=\"http://www.phru.nhs.uk/Pages/PHD/resources.htm\"><em>link to a list of appraisal tools</em></a><em>.</em></em></p>\n<p><strong>Citation</strong></p>\n<p>Lee MS, Pittler MH, Ernst E. Effects of reiki in clinical practice: a systematic review of randomised clinical trials. <em>International Journal of Clinical Practice</em>. 2008, 62(6):947-54.  </p>\n<p><strong>Authors' objectives</strong></p>\n<p>The aim of this systematic review is to summarise and critically evaluate the evidence for the effectiveness of reiki.  </p>\n<p><strong>Authors' conclusions</strong></p>\n<p>The evidence is insufficient to suggest that reiki is an effective treatment for any condition. Therefore the value of reiki remains unproven.<br /></p>\n<p><strong>Access</strong></p>\n<p>NHS staff: for full text access to this resource contact your <a href=\"http://www.library.nhs.uk/mylibrary/default.aspx\">local NHS library</a>.  </p>",
  "resourceType": "CARDEX"
}