{
  "name": "Complementary and Alternative Medicine",
  "title": "Efficacy of St. John's wort extract WS 5570 in acute treatment of mild depression: a reanalysis of data from controlled clinical trials",
  "rootDirectory": "/cam",
  "topics": "COMPLEMENTARY AND ALTERNATIVE MEDICINE,CONDITIONS D-E,CONDITIONS A-Z,DEPRESSION,HERBAL MEDICINE,ST JOHN'S WORT (HYPERICUM PERFORATUM),HERBS R-Z,OCTOBER 2008,DATE ADDED",
  "publicationDate": "2008-02-01T00:00:00",
  "url": "http://www.ncbi.nlm.nih.gov/pubmed/18084790?dopt=Citation",
  "id": "296052",
  "publicationType": "Research Study",
  "publisher": "Springer-Verlag",
  "description": "<p><em>This <em>study has met our selection criteria <em>but has not been fully appraised by the CAM SL</em>. Where there is an appraisal available we have linked to it. If there is no appraisal and you wish to appraise this systematic review here is a </em><a href=\"http://www.phru.nhs.uk/Pages/PHD/resources.htm\"><em>link to a list of appraisal tools</em></a><em>.</em></em></p>\n<p><strong>Citation</strong></p>\n<p>Kasper S, Gastpar M, Muller WE, Volz HP, Dienel A, Kieser M, et al. Efficacy of St. John's wort extract WS 5570 in acute treatment of mild depression: a reanalysis of data from controlled clinical trials. <em>European Archives of Psychiatry Clinical Neuroscience</em>. 2008, 258(1):59-63. </p>\n<p><strong>Authors' objectives</strong></p>\n<p>Based on the original data from two double-blind, randomized, placebo-controlled clinical trials and the acute phase of a long-term study that investigated the antidepressant efficacy of St. John's wort extract WS 5570, the author aimed to present a re-analysis of a subset of patients suffering from an acute episode of mild depression according to DSM criteria.</p>\n<p><strong>Authors' conclusions</strong></p>\n<p>The analysis showed that St. John's wort extract WS 5570 had a meaningful beneficial effect during acute treatment of patients suffering from mild depression and leads to a substantial increase in the probability of remission.<br /></p>\n<p><strong>Access</strong></p>\n<p>NHS staff: for full text access to this resource contact your <a href=\"http://www.library.nhs.uk/mylibrary/default.aspx\">local NHS library</a>.  </p>\n<p> </p>",
  "resourceType": "CARDEX"
}