{
  "name": "Complementary and Alternative Medicine",
  "title": "Psychological response in spinal manipulation (PRISM): a systematic review of psychological outcomes in randomised controlled trials",
  "rootDirectory": "/cam",
  "topics": "COMPLEMENTARY AND ALTERNATIVE MEDICINE,OSTEOPATHY,CHIROPRACTIC,CONDITIONS A-Z,BACK PAIN,CONDITIONS A-B,DATE ADDED,OCTOBER 2008",
  "publicationDate": "2007-12-01T00:00:00",
  "url": "http://www.ncbi.nlm.nih.gov/pubmed/18054729?ordinalpos=1&itool=EntrezSystem2.PEntrez.Pubmed.Pubmed_ResultsPanel.Pubmed_RVDocSum",
  "id": "296050",
  "publicationType": "Systematic Review",
  "publisher": "Elsevier",
  "description": "<p><em>This <em>study has met our selection criteria <em>but has not been fully appraised by the CAM SL</em>. Where there is an appraisal available we have linked to it. If there is no appraisal and you wish to appraise this systematic review here is a </em><a href=\"http://www.phru.nhs.uk/Pages/PHD/resources.htm\"><em>link to a list of appraisal tools</em></a><em>.</em></em></p>\n<p><strong>Citation</strong></p>\n<p>Williams NH, Hendry M, Lewis R, Russell I, Westmoreland A, Wilkinson C. Psychological response in spinal manipulation (PRISM): a systematic review of psychological outcomes in randomised controlled trials. <em>Complementary Therapies in Medicine</em>. 2007, 15(4):271-83. </p>\n<p><strong>Authors' objectives</strong></p>\n<p>The most important risk factors for back and neck pain are psychosocial. Nevertheless, systematic reviews of spinal manipulation have concentrated on pain and spine related disability, and ignored psychological outcomes. The aim of this review was to assess whether spinal manipulation was effective in improving psychological outcome. </p>\n<p><strong>Authors' conclusions</strong></p>\n<p>There was some evidence that spinal manipulation improved psychological outcomes compared with verbal interventions.<br /></p>\n<p><strong>Access</strong></p>\n<p>NHS staff: for full text access to this resource contact your <a href=\"http://www.library.nhs.uk/mylibrary/default.aspx\">local NHS library</a>.  </p>\n<p> </p>",
  "resourceType": "CARDEX"
}