{
  "name": "Complementary and Alternative Medicine",
  "title": "Herbal remedies for depression and anxiety",
  "rootDirectory": "/cam",
  "topics": "COMPLEMENTARY AND ALTERNATIVE MEDICINE,HERBAL MEDICINE,CONDITIONS A-Z,DEPRESSION,ANXIETY,CONDITIONS A-B,CONDITIONS D-E,DATE ADDED,OCTOBER 2008",
  "publicationDate": "2007-07-01T00:00:00",
  "url": "http://apt.rcpsych.org/cgi/reprint/13/4/312",
  "id": "296112",
  "publicationType": "Systematic Review",
  "publisher": "Royal College of Psychiatrists",
  "description": "<p><em>This <em>study has met our selection criteria <em>but has not been fully appraised by the CAM SL</em>. Where there is an appraisal available we have linked to it. If there is no appraisal and you wish to appraise this systematic review here is a </em><a href=\"http://www.phru.nhs.uk/Pages/PHD/resources.htm\"><em>link to a list of appraisal tools</em></a><em>.</em></em></p>\n<p><strong>Citation</strong></p>\n<p>Ernst E. Herbal remedies for depression and anxiety. <em>Advances in Psychiatric Treatment</em>. 2007, 13(4):312-6. </p>\n<p><strong>Author's objectives</strong></p>\n<p>To report the results of a systematic review of the published literature on herbal remedies used for anxiety or depression.  </p>\n<p><strong>Author's conclusions</strong></p>\n<p>Our knowledge of herbal remedies is incomplete<sup></sup>and the subject merits rigorous study.</p>",
  "resourceType": "CARDEX"
}