{
  "name": "Complementary and Alternative Medicine",
  "title": "An update on clinical drug interactions with the herbal antidepressant St. John's wort",
  "rootDirectory": "/cam",
  "topics": "COMPLEMENTARY AND ALTERNATIVE MEDICINE,CAM GENERAL,HERBS R-Z,HERBAL MEDICINE,ST JOHN'S WORT (HYPERICUM PERFORATUM),CONDITIONS A-Z,DEPRESSION,CONDITIONS D-E,SAFETY,DATE ADDED,OCTOBER 2008",
  "publicationDate": "2008-06-01T00:00:00",
  "url": "http://www.ncbi.nlm.nih.gov/pubmed/18537576?ordinalpos=1&itool=EntrezSystem2.PEntrez.Pubmed.Pubmed_ResultsPanel.Pubmed_DefaultReportPanel.Pubmed_RVDocSum",
  "id": "296106",
  "publicationType": "Systematic Review",
  "publisher": "Bentham Science Publishers",
  "description": "<p><em>This <em>study has met our selection criteria <em>but has not been fully appraised by the CAM SL</em>. Where there is an appraisal available we have linked to it. If there is no appraisal and you wish to appraise this systematic review here is a </em><a href=\"http://www.phru.nhs.uk/Pages/PHD/resources.htm\"><em>link to a list of appraisal tools</em></a><em>.</em></em></p>\n<p><strong>Citation</strong></p>\n<p>Zhou SF, Lai X. An update on clinical drug interactions with the herbal antidepressant St. John's wort. <em>Current Drug Metabolism</em>. 2008, 9(5):394-409. </p>\n<p><strong>Authors' objectives</strong></p>\n<p>To update the knowledge regarding drug interactions with SJW by a systematic review of all the available evidence, including worldwide published literature and spontaneous case reports. </p>\n<p><strong>Authors' conclusions</strong></p>\n<p>Further clinical and mechanistic studies are warranted to explore the interaction of SJW with other important drugs and clinical significance.<br /></p>\n<p><strong>Access</strong></p>\n<p>NHS staff: for full text access to this resource contact your <a href=\"http://www.library.nhs.uk/mylibrary/default.aspx\">local NHS library</a>.  </p>",
  "resourceType": "CARDEX"
}