{
  "name": "Complementary and Alternative Medicine",
  "title": "Long chain omega-3 polyunsaturated fatty acids in the treatment of psychiatric illnesses in children and adolescents",
  "rootDirectory": "/cam",
  "topics": "COMPLEMENTARY AND ALTERNATIVE MEDICINE,CONDITIONS D-E,CONDITIONS A-B,SCHIZOPHRENIA,DEPRESSION,CONDITIONS A-Z,DIETARY AND NUTRITIONAL THERAPIES,CONDITIONS S,AUTISTIC DISORDER,ATTENTION DEFICIT / HYPERACTIVITY DISORDER,OCTOBER 2008,DATE ADDED,OMEGA-3 FATTY ACIDS,NUTRITIONAL SUPPLEMENTS,LIPIDS",
  "publicationDate": "2007-04-10T00:00:00",
  "url": "http://www3.interscience.wiley.com/journal/118521720/abstract",
  "id": "296109",
  "publicationType": "Systematic Review",
  "publisher": "John Wiley & Sons, Ltd",
  "description": "<p><em>This <em>study has met our selection criteria <em>but has not been fully appraised by the CAM SL</em>. Where there is an appraisal available we have linked to it. If there is no appraisal and you wish to appraise this systematic review here is a </em><a href=\"http://www.phru.nhs.uk/Pages/PHD/resources.htm\"><em>link to a list of appraisal tools</em></a><em>.</em></em></p>\n<p><strong>Citation</strong></p>\n<p>Clayton EH, Hanstock TL, Garg ML, Hazell PL. Long chain omega-3 polyunsaturated fatty acids in the treatment of psychiatric illnesses in children and adolescents. <em>Acta Neuropsychiatrica</em>. 2007,19(2):92-103.</p>\n<p><strong>Authors' objectives</strong></p>\n<p>Long chain omega-3 polyunsaturated fatty acids (LCn-3PUFA) are in increasing use in the general population to treat health problems. The objective of the current article is to review the evidence for the rationale and benefit of LCn-3PUFA in the treatment of common psychiatric disorders in children and adolescents. </p>\n<p><strong>Authors' conclusions</strong></p>\n<p>While children and adolescents are receiving LCn-3PUFA for a range of psychiatric indications, there is only evidence of likely benefit for unipolar depression.<br /></p>\n<p><strong>Access</strong></p>\n<p>NHS staff: for full text access to this resource contact your <a href=\"http://www.library.nhs.uk/mylibrary/default.aspx\">local NHS library</a>.  </p>",
  "resourceType": "CARDEX"
}