{
  "name": "Complementary and Alternative Medicine",
  "title": "Is low folate a risk factor for depression? A meta-analysis and exploration of heterogeneity",
  "rootDirectory": "/cam",
  "topics": "COMPLEMENTARY AND ALTERNATIVE MEDICINE,CONDITIONS D-E,DEPRESSION,DIETARY AND NUTRITIONAL THERAPIES,CONDITIONS A-Z,DATE ADDED,VITAMINS,FOLIC ACID,NUTRITIONAL SUPPLEMENTS,OCTOBER 2008",
  "publicationDate": "2007-07-01T00:00:00",
  "url": "http://www.ncbi.nlm.nih.gov/pubmed/17568057?dopt=Citation",
  "id": "296309",
  "publicationType": "Systematic Review",
  "publisher": "British Medical Association",
  "description": "<p><em>This <em>study has met our selection criteria <em>but has not been fully appraised by the CAM SL</em>. Where there is an appraisal available we have linked to it. If there is no appraisal and you wish to appraise this systematic review here is a </em><a href=\"http://www.phru.nhs.uk/Pages/PHD/resources.htm\"><em>link to a list of appraisal tools</em></a><em>.</em></em></p>\n<p><strong>Citation</strong></p>\n<p>Gilbody S, Lightfoot T, Sheldon T. Is low folate a risk factor for depression? A meta-analysis and exploration of heterogeneity. <em>Journal of Epidemiology and Community Health</em>. 2007, 61(7):631-7.</p>\n<p><strong>Authors' objectives</strong></p>\n<p>To conduct a systematic review of observational studies which examine the association between depression and folate. </p>\n<p><strong>Authors' conclusions</strong></p>\n<p>There is accumulating evidence that low folate status is associated with depression. Much of this evidence comes from case-control and cross-sectional studies. Cohort studies and definitive randomised-controlled trials to test the therapeutic benefit of folate are required to confirm or refute a causal relationship.<br /></p>\n<p><strong>Access</strong></p>\n<p>Full text of this article is <a href=\"http://jech.bmj.com/cgi/content/full/61/7/631\">free for registered users</a>.  </p>",
  "resourceType": "CARDEX"
}