{
  "name": "Complementary and Alternative Medicine",
  "title": "Herb-drug interactions: A review and study based on assessment of clinical case reports in literature",
  "rootDirectory": "/cam",
  "topics": "COMPLEMENTARY AND ALTERNATIVE MEDICINE,ST JOHN'S WORT (HYPERICUM PERFORATUM),HERBAL MEDICINE,CAM GENERAL,HERBS R-Z,OCTOBER 2008,DATE ADDED,SAFETY",
  "publicationDate": "2007-06-01T00:00:00",
  "url": "http://www.ijp-online.com/article.asp?issn=0253-7613;year=2007;volume=39;issue=3;spage=129;epage=139;aulast=Gohil",
  "id": "296311",
  "publicationType": "Systematic Review",
  "publisher": "Indian Pharmacological Society",
  "description": "<p><em>This <em>study has met our selection criteria <em>but has not been fully appraised by the CAM SL</em>. Where there is an appraisal available we have linked to it. If there is no appraisal and you wish to appraise this systematic review here is a </em><a href=\"http://www.phru.nhs.uk/Pages/PHD/resources.htm\"><em>link to a list of appraisal tools</em></a><em>.</em></em></p>\n<p><strong>Citation</strong></p>\n<p>Gohil KJ, Patel JA. Herb-drug interactions: A review and study based on assessment of clinical case reports in literature. <em>Indian Journal of Pharmacology</em>. 2007, 39(3):129-39. </p>\n<p><strong>Authors' objectives</strong></p>\n<p>To conduct a systematic review of literature on interactions between conventional drugs and various herbs. </p>\n<p><strong>Authors' conclusions</strong></p>\n<p>Herb-drug interactions are a stark reality today. Hence, proper reporting of cases, careful vigilance, evidence-based appraisal and constantly updated reviews of such herb-drug interactions are very important to promote systematic research.</p>",
  "resourceType": "CARDEX"
}