{
  "name": "Complementary and Alternative Medicine",
  "title": "Herbal medicines in the treatment of psychiatric disorders: a systematic review",
  "rootDirectory": "/cam",
  "topics": "COMPLEMENTARY AND ALTERNATIVE MEDICINE,CONDITIONS A-B,ANXIETY,CONDITIONS D-E,DEPRESSION,HERBAL MEDICINE,CONDITIONS A-Z,ANXIETY DISORDERS,CAM GENERAL,OCTOBER 2008,DATE ADDED,SAFETY",
  "publicationDate": "2007-08-01T00:00:00",
  "url": "http://www.ncbi.nlm.nih.gov/pubmed/17562566?dopt=Citation",
  "id": "296484",
  "publicationType": "Systematic Review",
  "publisher": "John Wiley & Sons, Ltd",
  "description": "<p><em>This <em>study has met our selection criteria <em>but has not been fully appraised by the CAM SL</em>. Where there is an appraisal available we have linked to it. If there is no appraisal and you wish to appraise this systematic review here is a </em><a href=\"http://www.phru.nhs.uk/Pages/PHD/resources.htm\"><em>link to a list of appraisal tools</em></a><em>.</em></em></p>\n<p><strong>Citation</strong></p>\n<p>Sarris J. Herbal medicines in the treatment of psychiatric disorders: a systematic review. <em>Phytotherapy Research</em>. 2007, 21(8):703-16. </p>\n<p><strong>Authors' objectives</strong></p>\n<p>This paper reports a critical review of 27 herbal medicines and formulas in treating a broad range of psychiatric disorders (in addition to anxiety and depression), including obsessive-compulsive, seasonal affective, bipolar depressive, psychotic, phobic and somatoform disorders.  </p>\n<p><strong>Authors' conclusions</strong></p>\n<p>While depression and anxiety are commonly researched, the efficacy of herbal medicines in other mental disorders requires attention. The review addresses current issues in herbal psychotherapy: herbal safety, future areas of application, the relationship of herbal medicine with pharmaceuticals and the potential prescriptive integration of phytomedicines with synthetic psychotropic medicines. Particular attention is given to clinical and safety issues with St John's wort and kava. <br /></p>\n<p><strong>Access</strong></p>\n<p>NHS staff: for full text access to this resource contact your <a href=\"http://www.library.nhs.uk/mylibrary/default.aspx\">local NHS library</a>. </p>",
  "resourceType": "CARDEX"
}