{
  "name": "Complementary and Alternative Medicine",
  "title": "An integrative review of Reiki touch therapy research",
  "rootDirectory": "/cam",
  "topics": "COMPLEMENTARY AND ALTERNATIVE MEDICINE,HEALING,THERAPEUTIC TOUCH,OTHER THERAPIES OR MEDICAL SYSTEMS,OCTOBER 2008,DATE ADDED",
  "publicationDate": "2007-07-01T00:00:00",
  "url": "http://www.ncbi.nlm.nih.gov/pubmed/17627194?ordinalpos=2&itool=EntrezSystem2.PEntrez.Pubmed.Pubmed_ResultsPanel.Pubmed_DefaultReportPanel.Pubmed_RVDocSum",
  "id": "296487",
  "publicationType": "Systematic Review",
  "publisher": "Lippincott Williams & Wilkins",
  "description": "<p><em>This <em>study has met our selection criteria <em>but has not been fully appraised by the CAM SL</em>. Where there is an appraisal available we have linked to it. If there is no appraisal and you wish to appraise this systematic review here is a </em><a href=\"http://www.phru.nhs.uk/Pages/PHD/resources.htm\"><em>link to a list of appraisal tools</em></a><em>.</em></em></p>\n<p><strong>Citation</strong></p>\n<p>Vitale A. An integrative review of Reiki touch therapy research. <em>Holistic Nursing Practice</em>. 2007,21(4):167-79. </p>\n<p><strong>Authors' objectives</strong></p>\n<p>The purpose of this integrative review is to begin the systematic process of evaluating the findings of published Reiki research.  </p>\n<p><strong>Authors' conclusions</strong></p>\n<p>A summary of Reiki studies table illustrates the study descriptions and Reiki treatment protocols specified in the investigations. Synthesis of findings for clinical practice and implications for future research are explored.<br /></p>\n<p><strong>Access</strong></p>\n<p>NHS staff: for full text access to this resource contact your <a href=\"http://www.library.nhs.uk/mylibrary/default.aspx\">local NHS library</a>. </p>",
  "resourceType": "CARDEX"
}