{
  "name": "Complementary and Alternative Medicine",
  "title": "The evidence base of complementary and alternative therapies in depression",
  "rootDirectory": "/cam",
  "topics": "COMPLEMENTARY AND ALTERNATIVE MEDICINE,CONDITIONS A-Z,DEPRESSION,CONDITIONS D-E,DATE ADDED,OCTOBER 2008",
  "publicationDate": "2007-01-01T00:00:00",
  "url": "http://www.ncbi.nlm.nih.gov/pubmed/16926053?ordinalpos=4&itool=EntrezSystem2.PEntrez.Pubmed.Pubmed_ResultsPanel.Pubmed_DefaultReportPanel.Pubmed_RVDocSum",
  "id": "296485",
  "publicationType": "Systematic Review",
  "publisher": "Elsevier",
  "description": "<p><em>This <em>study has met our selection criteria <em>but has not been fully appraised by the CAM SL</em>. Where there is an appraisal available we have linked to it. If there is no appraisal and you wish to appraise this systematic review here is a </em><a href=\"http://www.phru.nhs.uk/Pages/PHD/resources.htm\"><em>link to a list of appraisal tools</em></a><em>.</em></em></p>\n<p><strong>Citation</strong></p>\n<p>Thachil AF, Mohan R, Bhugra D. The evidence base of complementary and alternative therapies in depression. <em>Journal of Affective Disorders</em>. 2007, 97(1-3):23-35. </p>\n<p><strong>Authors' objectives</strong></p>\n<p>This paper reviews the evidence of efficacy of different types of CAM in depression with the aim of identifying the highest level of evidence.  </p>\n<p><strong>Authors' conclusions</strong></p>\n<p>None of the CAM studies show evidence of efficacy in depression according to the hierarchy of evidence. The RCT model and the principles underlying many types of CAM are dissonant, making its application in the evaluation of those types of CAM difficult. The hierarchy of evidence we used has limited utility in grading trials of CAM.<br /></p>\n<p><strong>Access</strong></p>\n<p>NHS staff: for full text access to this resource contact your <a href=\"http://www.library.nhs.uk/mylibrary/default.aspx\">local NHS library</a>. </p>",
  "resourceType": "CARDEX"
}