{
  "name": "Complementary and Alternative Medicine",
  "title": "Safety and efficacy of St. John's wort (Hypericum) during pregnancy and lactation",
  "rootDirectory": "/cam",
  "topics": "COMPLEMENTARY AND ALTERNATIVE MEDICINE,CONDITIONS A-Z,ST JOHN'S WORT (HYPERICUM PERFORATUM),HERBAL MEDICINE,DEPRESSION,CONDITIONS D-E,CONDITIONS P-R,PREGNANCY,CAM GENERAL,HERBS R-Z,DATE ADDED,SAFETY,OCTOBER 2008",
  "publicationDate": "2006-11-03T00:00:00",
  "url": "http://www.cjcp.ca/pdf/CJCP05-036_e268-e276F.pdf",
  "id": "296577",
  "publicationType": "Systematic Review",
  "publisher": "Canadian Society for Clinical Pharmacology",
  "description": "<p><em>This <em>study has met our selection criteria <em>but has not been fully appraised by the CAM SL</em>. Where there is an appraisal available we have linked to it. If there is no appraisal and you wish to appraise this systematic review here is a </em><a href=\"http://www.phru.nhs.uk/Pages/PHD/resources.htm\"><em>link to a list of appraisal tools</em></a><em>.</em></em></p>\n<p><strong>Citation</strong></p>\n<p>Dugoua JJ, Mills E, Perri D, Koren G. Safety and efficacy of St. John's wort (Hypericum) during pregnancy and lactation. <em>Canadian Journal of Clinical Pharmacology</em>. 2006;13(3):e268-e276.</p>\n<p><strong>Authors' objectives</strong></p>\n<p>To systematically review the literature for evidence on the use, safety, and pharmacology of St. John's wort focusing on issues pertaining to pregnancy and lactation.  </p>\n<p><strong>Authors' conclusions</strong></p>\n<p>Caution is warranted with the use of St John's wort during pregnancy until further high quality human research is conducted to determine its safety. St John's wort use during lactation appears to be of minimal risk, but may cause side effects. Caution is warranted when using medications along with St John's wort.</p>",
  "resourceType": "CARDEX"
}