{
  "name": "Complementary and Alternative Medicine",
  "title": "Risk management of nutritional supplements in chronic illness: the implications for the care of cancer and depression",
  "rootDirectory": "/cam",
  "topics": "COMPLEMENTARY AND ALTERNATIVE MEDICINE,CONDITIONS A-Z,DIETARY AND NUTRITIONAL THERAPIES,DEPRESSION,CANCER,CONDITIONS C,CONDITIONS D-E,CAM GENERAL,DATE ADDED,SAFETY,NUTRITIONAL SUPPLEMENTS,OCTOBER 2008",
  "publicationDate": "2008-11-01T00:00:00",
  "url": "http://www.ncbi.nlm.nih.gov/pubmed/17961269?ordinalpos=4&itool=EntrezSystem2.PEntrez.Pubmed.Pubmed_ResultsPanel.Pubmed_DefaultReportPanel.Pubmed_RVDocSum",
  "id": "296507",
  "publicationType": "Systematic Review",
  "publisher": "CABI Publishing",
  "description": "<p><em>This <em>study has met our selection criteria <em>but has not been fully appraised by the CAM SL</em>. Where there is an appraisal available we have linked to it. If there is no appraisal and you wish to appraise this systematic review here is a </em><a href=\"http://www.phru.nhs.uk/Pages/PHD/resources.htm\"><em>link to a list of appraisal tools</em></a><em>.</em></em></p>\n<p><strong>Citation</strong></p>\n<p>Werneke U. Risk management of nutritional supplements in chronic illness: the implications for the care of cancer and depression. <em>Proceedings of the Nutrition Society</em>. 2007, 66(4):483-92. </p>\n<p><strong>Authors' objectives</strong></p>\n<p>The aim of this review is to systematically explore the main dimensions that clinicians have to consider when advising patients suffering from these conditions.  </p>\n<p><strong>Authors' conclusions</strong></p>\n<p>Supplements predominantly used by patients with cancer include vitamins A, C and E, beta-carotene and ubiquinone 10. Supplements predominantly used by patients with depression include S-adenosylmethionine, l-tryptophan and 5-hydroxytryptophan and inositol. Supplements potentially used by both groups include n-3 fatty acids, Se and folic acid. Four dimensions are identified and discussed: effectiveness; safety; communication; medico-legal aspects. These dimensions have to be addressed in an illness- and case-specific context. This task can be complex given the emerging clinical evidence, patients' own preferences and expectations and current prescribing guidelines.<br /></p>\n<p><strong>Access</strong></p>\n<p>NHS staff: for full text access to this resource contact your <a href=\"http://www.library.nhs.uk/mylibrary/default.aspx\">local NHS library</a>. </p>",
  "resourceType": "CARDEX"
}