{
  "name": "Complementary and Alternative Medicine",
  "title": "Complementary cancer therapy: a systematic review of prospective clinical trials on anthroposophic mistletoe extracts",
  "rootDirectory": "/cam",
  "topics": "COMPLEMENTARY AND ALTERNATIVE MEDICINE,HERBS H-P,MISTLETOE (VISCUM ALBUM),CANCER,CONDITIONS C,HERBAL MEDICINE,CONDITIONS A-Z,NOVEMBER 2008,DATE ADDED",
  "publicationDate": "2007-03-26T00:00:00",
  "url": "http://www.ncbi.nlm.nih.gov/pubmed/17507307?ordinalpos=4&itool=EntrezSystem2.PEntrez.Pubmed.Pubmed_ResultsPanel.Pubmed_DefaultReportPanel.Pubmed_RVDocSum",
  "id": "297844",
  "publicationType": "Systematic Review",
  "publisher": "I. Holzapfel Publishers",
  "description": "<p><em>This review has been evaluated by a CRD reviewer as potentially meeting the <a href=\"http://www.york.ac.uk/inst/crd/darefaq.htm\">CRD quality criteria</a> and a structured abstract is in the process of being written. This provisional record is for information, please note that the review has not been appraised yet. </em></p>\n<p><strong>Citation</strong></p>\n<p>Kienle G S, Kiene H. Complementary cancer therapy: a systematic review of prospective clinical trials on anthroposophic mistletoe extracts. <em>European Journal of Medical Research</em>. 2007, 12(3):103-119.</p>\n<p><strong>Authors' objectives</strong></p>\n<p>To evaluate prospective clinical trials on the effectiveness of anthroposophic mistletoe therapy for cancer.  </p>\n<p><strong>Authors' conclusions</strong></p>\n<p>Regarding quality of studies and consistency of results, the best evidence for efficacy of mistletoe therapy exists for improvement of QoL and reduction of side effects of cytotoxic therapies (chemotherapy, radiation). Survival benefit has been shown but not beyond critique. Tumour remissions are described in cohort studies that investigate the application of high dose or local mistletoe extracts. As several reasonably well-conducted studies indicate beneficial effects, further properly designed trials should be encouraged to investigate clinical efficacy and its possible dependency on the mode of application.</p>\n<p><strong>Access</strong></p>\n<p>NHS staff: for full text access to this resource contact your <a href=\"http://www.library.nhs.uk/mylibrary/default.aspx\">local NHS library</a>. </p>",
  "resourceType": "CARDEX"
}