{
  "name": "Complementary and Alternative Medicine",
  "title": "Adherence to Mediterranean diet and health status: meta-analysis",
  "rootDirectory": "/cam",
  "topics": "COMPLEMENTARY AND ALTERNATIVE MEDICINE,DIETARY AND NUTRITIONAL THERAPIES,NOVEMBER 2008,2008,SPECIAL DIETS,DATE ADDED",
  "publicationDate": "2008-09-11T00:00:00",
  "url": "http://www.bmj.com/cgi/content/full/337/sep11_2/a1344",
  "id": "299289",
  "publicationType": "Systematic Review",
  "publisher": "BMJ Publishing Group",
  "description": "<p><em>This study has met our selection criteria but has not been fully appraised by the CAM specialist collection. Where there is an appraisal available we have linked to it. If there is no appraisal and you wish to appraise this systematic review here is a <a href=\"http://www.phru.nhs.uk/Pages/PHD/resources.htm\">link to a list of appraisal tools</a></em>.</p><br /><p><strong>Citation</strong></p>Sofi F, Cesari F, Abbate R, Gensini G F, Casini A. Adherence to Mediterranean diet and health status: meta-analysis. BMJ. 2008, 337: a1344.  \n<p><strong>Authors' objectives</strong></p>\n<p>To systematically review all the prospective cohort studies that have analysed the relation between adherence to a Mediterranean diet, mortality, and incidence of chronic diseases in a primary prevention setting. </p>\n<p><strong>Authors' conclusions</strong></p>\n<p>Greater adherence to a Mediterranean diet is associated with a significant improvement in health status, as seen by a significant reduction in overall mortality (9%), mortality from cardiovascular diseases (9%), incidence of or mortality from cancer (6%), and incidence of Parkinson's disease and Alzheimer's disease (13%). These results seem to be clinically relevant for public health, in particular for encouraging a Mediterranean-like dietary pattern for primary prevention of major chronic diseases.</p>",
  "resourceType": "CARDEX"
}