{
  "name": "Complementary and Alternative Medicine",
  "title": "Calcium supplements in healthy children do not affect weight gain, height, or body composition",
  "rootDirectory": "/cam",
  "topics": "COMPLEMENTARY AND ALTERNATIVE MEDICINE,DIETARY AND NUTRITIONAL THERAPIES,CONDITIONS A-Z,OBESITY,CONDITIONS M-O,DATE ADDED,MINERALS,CALCIUM,NUTRITIONAL SUPPLEMENTS,NOVEMBER 2008",
  "publicationDate": "2006-10-14T00:00:00",
  "url": "http://www.nature.com/oby/journal/v15/n7/full/oby2007213a.html",
  "id": "299417",
  "publicationType": "Systematic Review",
  "publisher": "Nature Publishing Group",
  "description": "<p><em>This review has been evaluated by a CRD reviewer as potentially meeting the <a href=\"http://www.york.ac.uk/inst/crd/darefaq.htm\">CRD quality criteria</a> and a structured abstract is in the process of being written. This provisional record is for information, please note that the review has not been appraised yet. </em></p>\n<p><strong>Citation</strong></p>\n<p>Winzenberg T, Shaw K, Fryer J, Jones G. Calcium supplements in healthy children do not affect weight gain, height, or body composition. <em>Obesity</em>. 2007, 15(7):1789-1798. </p>\n<p><strong>Authors' objectives</strong></p>\n<p>Calcium intake is a potential factor influencing weight gain and may reduce body weight, but the evidence for this in children is conflicting. The aim of this study was to use data from randomized controlled trials to determine whether calcium supplementation in healthy children affects weight or body composition.  </p>\n<p><strong>Authors' conclusions</strong></p>\n<p>There is no evidence to support the use of calcium supplementation as a public health intervention to reduce weight gain or body fat in healthy children. Although our results do not rule out an effect of dietary supplementation with dairy products on weight gain or body composition, there is little evidence to support this hypothesis.</p>",
  "resourceType": "CARDEX"
}