{
  "name": "Complementary and Alternative Medicine",
  "title": "A systematic review of randomised clinical trials of individualised herbal medicine in any indication",
  "rootDirectory": "/cam",
  "topics": "COMPLEMENTARY AND ALTERNATIVE MEDICINE,HERBAL MEDICINE,NOVEMBER 2008,DATE ADDED",
  "publicationDate": "2007-10-01T00:00:00",
  "url": "http://pmj.bmj.com/cgi/content/full/83/984/633",
  "id": "299898",
  "publicationType": "Systematic Review",
  "publisher": "BMJ Publishing Group",
  "description": "<p><em>This review has been evaluated by a CRD reviewer as potentially meeting the <a href=\"http://www.york.ac.uk/inst/crd/darefaq.htm\">CRD quality criteria</a> and a structured abstract is in the process of being written. This provisional record is for information, please note that the review has not been appraised yet. </em></p>\n<p><strong>Citation</strong></p>Guo R, Canter P H, Ernst E. A systematic review of randomised clinical trials of individualised herbal medicine in any indication. <em>Postgraduate Medical Journal</em>. 2007, 83: 633-637. \n<p><strong>Authors' objectives</strong></p>\n<p>To summarise and critically evaluate the evidence from randomised clinical trials for the effectiveness of individualised herbal medicine in any indication. </p>\n<p><strong>Authors' conclusions</strong></p>\n<p>There is a sparsity of evidence regarding the effectiveness of individualised herbal medicine and no convincing evidence to support the use of individualised herbal medicine in any indication.</p>\n<p> </p>",
  "resourceType": "CARDEX"
}