{
  "name": "Complementary and Alternative Medicine",
  "title": "National Center for Complementary and Alternative Medicine (NCCAM): Research",
  "rootDirectory": "/cam",
  "topics": "COMPLEMENTARY AND ALTERNATIVE MEDICINE,CAM GENERAL,DATE ADDED,RESEARCH,NOVEMBER 2008",
  "publicationDate": "2008-10-23T00:00:00",
  "url": "http://nccam.nih.gov/research/",
  "id": "299905",
  "publicationType": "Reference Material",
  "publisher": "National Institutes of Health (NIH)",
  "description": "<p>Information about all aspects of CAM research from the US National Center for Complementary and Alternative Medicine (<a href=\"http://nccam.nih.gov/\">NCCAM</a>) including:</p>\n<ul><li>Funding opportunities \n</li><li>Research resources \n</li><li>Research centers program \n</li><li>Clinical trials \n</li><li>Research training</li></ul><p> </p>",
  "resourceType": "CARDEX"
}