{
  "name": "Complementary and Alternative Medicine",
  "title": "NCCAM Education Grant Program Focus of October 2007 Issue of Academic Medicine",
  "rootDirectory": "/cam",
  "topics": "COMPLEMENTARY AND ALTERNATIVE MEDICINE,CAM GENERAL,NOVEMBER 2008,EDUCATION/CPD,DATE ADDED",
  "publicationDate": "2007-10-25T00:00:00",
  "url": "http://nccam.nih.gov/research/r25/amarticle.htm",
  "id": "299904",
  "publicationType": "Learning Material%2fcourseware",
  "publisher": "National Institutes of Health (NIH)",
  "description": "<p>The October 2007 issue of the journal <cite>Academic Medicine</cite>, published by the American Association of Medical Colleges, highlights the results of 15 Education Project Grants funded by the US National Center for Complementary and Alternative Medicine (NCCAM), part of the National Institutes of Health. </p>\n<p>The NCCAM-funded research papers appear in <a href=\"http://www.academicmedicine.org/pt/re/acmed/toc.00001888-200710000-00000.htm;jsessionid=HyNGyszKpphSWjygV885BrynjFRSTKzWQJ9tvpnvJCRn2StnnVrn!1821113646!181195629!8091!-1\"><cite>Academic Medicine</cite></a>, Volume 82, Number 10, October 2007. </p>\n<p><strong>Access</strong></p>\n<p>Full-text online access to the articles requires subscription to the journal. NHS staff: for full text access to this resource contact your <a href=\"http://www.library.nhs.uk/mylibrary/default.aspx\">local NHS library</a>. </p>",
  "resourceType": "CARDEX"
}