{
  "name": "Complementary and Alternative Medicine",
  "title": "Relaxation therapy for preventing and treating preterm labour (Cochrane protocol)",
  "rootDirectory": "/cam",
  "topics": "COMPLEMENTARY AND ALTERNATIVE MEDICINE,PREGNANCY,RELAXATION TECHNIQUES,CONDITIONS P-R,CONDITIONS A-Z,OTHER THERAPIES OR MEDICAL SYSTEMS,LABOUR,CONDITIONS I-L,DECEMBER 2008,DATE ADDED",
  "publicationDate": "2008-10-08T00:00:00",
  "url": "http://www.mrw.interscience.wiley.com/cochrane/clsysrev/articles/CD007426/frame.html",
  "id": "300343",
  "publicationType": "Systematic Review",
  "publisher": "John Wiley & Sons, Ltd",
  "description": "<i>\n<p>This is the protocol for a Cochrane systematic review. This record will be updated when the review has been completed.</p></i>\n<p><strong>Citation</strong></p>\n<p>Khianman B, Pattanittum P, Thinkhamrop J, Lumbiganon P. Relaxation therapy for preventing and treating preterm labour (Protocol). <i>Cochrane Database of Systematic Reviews</i> 2008, Issue 4. Art. No.: CD007426. DOI: 10.1002/14651858.CD007426.</p>\n<p><strong><strong>Authors'</strong> objectives</strong></p>\n<p>To evaluate the effectiveness of relaxation therapies for preventing and/or treating preterm labour and/or preterm birth.</p>",
  "resourceType": "CARDEX"
}