{
  "name": "Complementary and Alternative Medicine",
  "title": "Acupuncture for menopausal hot flushes (Cochrane protocol)",
  "rootDirectory": "/cam",
  "topics": "ACUPUNCTURE,COMPLEMENTARY AND ALTERNATIVE MEDICINE,CONDITIONS M-O,CONDITIONS F-H,CONDITIONS A-Z,CAM GENERAL,MENOPAUSAL SYMPTOMS,HOT FLUSHES,DECEMBER 2008,DATE ADDED,RESEARCH",
  "publicationDate": "2008-10-08T00:00:00",
  "url": "http://www.mrw.interscience.wiley.com/cochrane/clsysrev/articles/CD007410/frame.html",
  "id": "300320",
  "publicationType": "Systematic Review",
  "publisher": "John Wiley & Sons, Ltd",
  "description": "<i>\n<p>This is the protocol for a Cochrane systematic review. This record will be updated when the review has been completed.</p></i>\n<p><strong>Citation</strong></p>\n<p>Dodin S, Asselin G, Blanchet C, Thiebaut C, Gravel K, Marc I, Maunsell E, Ernst E, Wu T. Acupuncture for menopausal hot flushes (Protocol). <i>Cochrane Database of Systematic Reviews</i> 2008, Issue 4. Art. No.: CD007410. DOI: 10.1002/14651858.CD007410.</p>\n<p><strong><strong>Authors'</strong> objectives</strong></p>\n<p>To determine whether acupuncture is efficacious and safe in reducing menopausal hot flushes and improving quality of life among affected women.</p>",
  "resourceType": "CARDEX"
}