{
  "name": "Complementary and Alternative Medicine",
  "title": "Padma 28 for intermittent claudication (Cochrane protocol)",
  "rootDirectory": "/cam",
  "topics": "COMPLEMENTARY AND ALTERNATIVE MEDICINE,ARTERIOSCLEROSIS,HERBAL MEDICINE,CONDITIONS A-Z,CONDITIONS A-B,DATE ADDED,DECEMBER 2008",
  "publicationDate": "2008-10-08T00:00:00",
  "url": "http://www.mrw.interscience.wiley.com/cochrane/clsysrev/articles/CD007371/frame.html",
  "id": "300342",
  "publicationType": "Systematic Review",
  "publisher": "John Wiley & Sons, Ltd",
  "description": "<i>\n<p>This is the protocol for a Cochrane systematic review. This record will be updated when the review has been completed.</p></i>\n<p><strong>Citation</strong></p>\n<p>Seo S, Cochrane PVD Group. Padma 28 for intermittent claudication (Protocol). <i>Cochrane Database of Systematic Reviews</i> 2008, Issue 4. Art. No.: CD007371. DOI: 10.1002/14651858.CD007371.</p>\n<p><strong><strong>Authors'</strong> objectives</strong></p>\n<p>To determine whether Padma 28 is efficacious compared with placebo or other medications in increasing pain-free and maximum walking distance for patients with intermittent claudication.<br /></p>",
  "resourceType": "CARDEX"
}