{
  "name": "Complementary and Alternative Medicine",
  "title": "Effectiveness of treatments for depression in older people",
  "rootDirectory": "/cam",
  "topics": "COMPLEMENTARY AND ALTERNATIVE MEDICINE,DEPRESSION,CONDITIONS A-Z,OTHER THERAPIES OR MEDICAL SYSTEMS,DIETARY AND NUTRITIONAL THERAPIES,HERBAL MEDICINE,CONDITIONS D-E,LIGHT THERAPY,DECEMBER 2008,DATE ADDED",
  "publicationDate": "2005-06-20T00:00:00",
  "url": "http://www.mja.com.au/public/issues/182_12_200605/fra10160_fm.pdf",
  "id": "301089",
  "publicationType": "Systematic Review",
  "publisher": "Australasian Medical Publishing Co.",
  "description": "<p><em>This <em>study has met our selection criteria <em>but has not been fully appraised by the CAM SL</em>. Where there is an appraisal available we have linked to it. If there is no appraisal and you wish to appraise this systematic review here is a </em><a href=\"http://www.phru.nhs.uk/Pages/PHD/resources.htm\"><em>link to a list of appraisal tools</em></a><em>.</em></em></p>\n<p><strong>Citation</strong></p>\n<p>Frazer CJ, Christensen H, Griffiths KM. Effectiveness of treatments for depression in older people. <em>Medical Journal of Australia</em>. 2005, 182(12):627-32. </p>\n<p><strong>Authors' objectives</strong></p>\n<p>To conduct a systematic review of the evidence for the effectiveness of a range of possible treatments for depression in older people. </p>\n<p><strong>Authors' conclusions</strong></p>\n<p>The treatments with the best evidence of effectiveness are antidepressants, electroconvulsive therapy, cognitive behaviour therapy, psychodynamic psychotherapy, reminiscence therapy, problem-solving therapy, bibliotherapy (for mild to moderate depression) and exercise. There is limited evidence to support the effectiveness of transcranial magnetic stimulation, dialectical behaviour therapy, interpersonal therapy, light therapy (for people in nursing homes or hospitals), St John's wort and folate in reducing depressive symptoms.</p>",
  "resourceType": "CARDEX"
}