{
  "name": "Complementary and Alternative Medicine",
  "title": "Effectiveness of complementary and self-help treatments for depression in children and adolescents",
  "rootDirectory": "/cam",
  "topics": "COMPLEMENTARY AND ALTERNATIVE MEDICINE,DEPRESSION,CONDITIONS A-Z,CONDITIONS D-E,DECEMBER 2008,DATE ADDED",
  "publicationDate": "2006-10-02T00:00:00",
  "url": "http://www.mja.com.au/public/issues/185_07_021006/jor10560_fm.pdf",
  "id": "301077",
  "publicationType": "Systematic Review",
  "publisher": "Australasian Medical Publishing Co.",
  "description": "<p><em>This <em>study has met our selection criteria <em>but has not been fully appraised by the CAM SL</em>. Where there is an appraisal available we have linked to it. If there is no appraisal and you wish to appraise this systematic review here is a </em><a href=\"http://www.phru.nhs.uk/Pages/PHD/resources.htm\"><em>link to a list of appraisal tools</em></a><em>.</em></em></p>\n<p><strong>Citation</strong></p>\n<p>Jorm AF, Allen NB, O'Donnell CP, Parslow RA, Purcell R, Morgan AJ.  Effectiveness of complementary and self-help treatments for depression in children and adolescents. <em>Medical Journal of Australia.</em> 2006, 185(7):368-72. </p>\n<p><strong>Authors' objectives</strong></p>\n<p>To review the evidence for the effectiveness of complementary and self-help treatments for depression in children and adolescents. </p>\n<p><strong>Authors' conclusions</strong></p>\n<p>Given that antidepressant medication is not recommended as a first line treatment for children and adolescents with mild to moderate depression, and that the effects of psychological treatments are modest, there is a pressing need to extend the range of treatments available for this age group.</p>",
  "resourceType": "CARDEX"
}