{
  "name": "Complementary and Alternative Medicine",
  "title": "Complementary medicines in psychiatry: review of effectiveness and safety",
  "rootDirectory": "/cam",
  "topics": "COMPLEMENTARY AND ALTERNATIVE MEDICINE,DEPRESSION,CONDITIONS A-Z,HERBAL MEDICINE,DIETARY AND NUTRITIONAL THERAPIES,CONDITIONS D-E,SCHIZOPHRENIA,DRUG USE DISORDERS,CONDITIONS S,DECEMBER 2008,DATE ADDED",
  "publicationDate": "2006-02-01T00:00:00",
  "url": "http://www.ncbi.nlm.nih.gov/pubmed/16449696?ordinalpos=7&itool=EntrezSystem2.PEntrez.Pubmed.Pubmed_ResultsPanel.Pubmed_DefaultReportPanel.Pubmed_RVDocSum",
  "id": "301084",
  "publicationType": "Systematic Review",
  "publisher": "Royal College of Psychiatrists",
  "description": "<p><em>This <em>study has met our selection criteria <em>but has not been fully appraised by the CAM SL</em>. Where there is an appraisal available we have linked to it. If there is no appraisal and you wish to appraise this systematic review here is a </em><a href=\"http://www.phru.nhs.uk/Pages/PHD/resources.htm\"><em>link to a list of appraisal tools</em></a><em>.</em></em></p>\n<p><strong>Citation</strong></p>\n<p>Werneke U, Turner T, Priebe S. Complementary medicines in psychiatry: Review of effectiveness and safety. <em>British Journal of Psychiatry.</em> 2006, 188(2):109-21. </p>\n<p><strong>Authors' objectives</strong></p>\n<p>To review the complementary medicines routinely encountered in psychiatric practice, their effectiveness, potential adverse effects and interactions.  </p>\n<p><strong>Authors' conclusions</strong></p>\n<p>Potentially useful substances include ginkgo and hydergine as cognitive enhancers, passion flower and valerian as sedatives, St John's wort and s-adenosylmethionine as antidepressants, and selenium and folate to complement antidepressants. The evidence is less conclusive for the use of omega-3 fatty acids as augmentation treatment in schizophrenia, melatonin for tardive dyskinesia and 18-methoxycoronaridine, an ibogaine derivative, for the treatment of cocaine and heroin addiction. </p>\n<p>Systematic clinical trials are needed to test promising substances. Meanwhile, those wishing to take psychotropic complementary medicines require appropriate advice.</p>\n<p><strong>Access</strong></p>\n<p>NHS staff: for full text access to this resource contact your <a href=\"http://www.library.nhs.uk/mylibrary/default.aspx\">local NHS library</a>. </p>",
  "resourceType": "CARDEX"
}