{
  "name": "Complementary and Alternative Medicine",
  "title": "Do essential fatty acids have a role in the treatment of depression?",
  "rootDirectory": "/cam",
  "topics": "COMPLEMENTARY AND ALTERNATIVE MEDICINE,CONDITIONS D-E,DIETARY AND NUTRITIONAL THERAPIES,CONDITIONS A-Z,DEPRESSION,DATE ADDED,OMEGA-3 FATTY ACIDS,NUTRITIONAL SUPPLEMENTS,LIPIDS,DECEMBER 2008",
  "publicationDate": "2006-07-01T00:00:00",
  "url": "http://www.ncbi.nlm.nih.gov/pubmed/16650900?ordinalpos=4&itool=EntrezSystem2.PEntrez.Pubmed.Pubmed_ResultsPanel.Pubmed_DefaultReportPanel.Pubmed_RVDocSum",
  "id": "301085",
  "publicationType": "Systematic Review",
  "publisher": "Elsevier",
  "description": "<p><em>This <em>study has met our selection criteria <em>but has not been fully appraised by the CAM SL</em>. Where there is an appraisal available we have linked to it. If there is no appraisal and you wish to appraise this systematic review here is a </em><a href=\"http://www.phru.nhs.uk/Pages/PHD/resources.htm\"><em>link to a list of appraisal tools</em></a><em>.</em></em></p>\n<p><strong>Citation</strong></p>\n<p>Williams AL, Katz D, Ali A, Girard C, Goodman J, Bell I. Do essential fatty acids have a role in the treatment of depression? <em>Journal of Affective Disorders</em>. 2006, 93(1-3):117-23. </p>\n<p><strong>Authors' objectives</strong></p>\n<p>To report the result of a systematic review examining the therapeutic efficacy of essential fatty acids for depression. </p>\n<p><strong>Authors' conclusions</strong></p>\n<p>The evidence implies promise of a treatment effect of omega-3 fatty acids for depression in adults; although a statement of definitive clinical efficacy is premature. Further study of essential fatty acids as independent and adjuvant therapy for adult depression is indicated, including more sophisticated investigation of dose-response in particular populations.<br /></p>\n<p><strong>Access</strong></p>\n<p>NHS staff: for full text access to this resource contact your <a href=\"http://www.library.nhs.uk/mylibrary/default.aspx\">local NHS library</a>. </p>",
  "resourceType": "CARDEX"
}