{
  "name": "Complementary and Alternative Medicine",
  "title": "Complementary medicine for depression",
  "rootDirectory": "/cam",
  "topics": "COMPLEMENTARY AND ALTERNATIVE MEDICINE,CONDITIONS D-E,CONDITIONS A-Z,DEPRESSION,DATE ADDED,DECEMBER 2008",
  "publicationDate": "2006-11-01T00:00:00",
  "url": "http://www.ncbi.nlm.nih.gov/pubmed/17144787?ordinalpos=4&itool=EntrezSystem2.PEntrez.Pubmed.Pubmed_ResultsPanel.Pubmed_DefaultReportPanel.Pubmed_RVDocSum",
  "id": "301080",
  "publicationType": "Review",
  "publisher": "Future Drugs Ltd.",
  "description": "<p><em>This <em>study has met our selection criteria <em>but has not been fully appraised by the CAM SL</em>. Where there is an appraisal available we have linked to it. If there is no appraisal and you wish to appraise this systematic review here is a </em><a href=\"http://www.phru.nhs.uk/Pages/PHD/resources.htm\"><em>link to a list of appraisal tools</em></a><em>.</em></em></p>\n<p><strong>Citation</strong></p>\n<p>Pilkington K, Rampes H, Richardson J. Complementary medicine for depression. <em>Expert Review of Neurotherapeutics</em>. 2006, 6(11): 1741-51. </p>\n<p><strong>Authors' objectives</strong></p>\n<p>To provide a summary of the current evidence for acupuncture, aromatherapy and massage, homeopathy, meditation, reflexology, herbal medicine, yoga, and several dietary supplements and relaxation techniques.  </p>\n<p><strong>Authors' conclusions</strong></p>\n<p>The quantity and quality of individual studies vary widely, but research interest in complementary therapies is increasing, particularly in herbal and nutritional products. Major questions are still to be answered with respect to the effectiveness and appropriate role of these therapies in the management of depression. Areas for further research and some of the potential challenges to research design are discussed. Finally, several ongoing developments in information provision on this topic are highlighted.<br /></p>\n<p><strong>Access</strong></p>\n<p>NHS staff: for full text access to this resource contact your <a href=\"http://www.library.nhs.uk/mylibrary/default.aspx\">local NHS library</a>. </p>",
  "resourceType": "CARDEX"
}