{
  "name": "Complementary and Alternative Medicine",
  "title": "The role for vitamin B-6 as treatment for depression: a systematic review",
  "rootDirectory": "/cam",
  "topics": "COMPLEMENTARY AND ALTERNATIVE MEDICINE,CONDITIONS D-E,DIETARY AND NUTRITIONAL THERAPIES,CONDITIONS A-Z,DEPRESSION,DATE ADDED,VITAMIN B 6,VITAMINS,NUTRITIONAL SUPPLEMENTS,DECEMBER 2008",
  "publicationDate": "2005-10-01T00:00:00",
  "url": "http://fampra.oxfordjournals.org/cgi/content/full/22/5/532",
  "id": "301094",
  "publicationType": "Systematic Review",
  "publisher": "Oxford University Press",
  "description": "<p><em>This <em>study has met our selection criteria <em>but has not been fully appraised by the CAM SL</em>. Where there is an appraisal available we have linked to it. If there is no appraisal and you wish to appraise this systematic review here is a </em><a href=\"http://www.phru.nhs.uk/Pages/PHD/resources.htm\"><em>link to a list of appraisal tools</em></a><em>.</em></em></p>\n<p><strong>Citation</strong></p>\n<p>Williams AL, Cotter A, Sabina A, Girard C, Goodman J, Katz DL. The role for vitamin B-6 as treatment for depression: a systematic review. <em>Family Practice</em>. 2005, 22(5):532-7. </p>\n<p><strong>Authors' objectives</strong></p>\n<p>To assess the evidence evaluating vitamin B-6 supplementation as treatment for depression. </p>\n<p><strong>Authors' conclusions</strong></p>\n<p>Viewed as a whole, meaningful treatment effect of vitamin B-6 for depression in general was not apparent. However, examination of papers addressing depression in pre-menopausal women only, reveals a consistent message about the value of using vitamin B-6 supplementation. Further study of vitamin B-6 as independent and adjuvant therapy for hormone related depression in women is indicated.</p>",
  "resourceType": "CARDEX"
}