{
  "name": "Complementary and Alternative Medicine",
  "title": "S-adenosylmethionine (SAMe) as treatment for depression: a systematic review",
  "rootDirectory": "/cam",
  "topics": "COMPLEMENTARY AND ALTERNATIVE MEDICINE,DEPRESSION,CONDITIONS A-Z,DIETARY AND NUTRITIONAL THERAPIES,CONDITIONS D-E,DECEMBER 2008,NUTRITIONAL SUPPLEMENTS,OTHER SUPPLEMENTS,SAME (S-ADENOSYL-L-METHIONINE),DATE ADDED",
  "publicationDate": "2005-06-01T00:00:00",
  "url": "http://www.ncbi.nlm.nih.gov/pubmed/16021987?ordinalpos=2&itool=EntrezSystem2.PEntrez.Pubmed.Pubmed_ResultsPanel.Pubmed_DefaultReportPanel.Pubmed_RVDocSum",
  "id": "301095",
  "publicationType": "Systematic Review",
  "publisher": "Canadian Society for Clinical Investigation",
  "description": "<p><em>This <em>study has met our selection criteria <em>but has not been fully appraised by the CAM SL</em>. Where there is an appraisal available we have linked to it. If there is no appraisal and you wish to appraise this systematic review here is a </em><a href=\"http://www.phru.nhs.uk/Pages/PHD/resources.htm\"><em>link to a list of appraisal tools</em></a><em>.</em></em></p>\n<p><strong>Citation</strong></p>\n<p>Williams AL, Girard C, Jui D, Sabina A, Katz DL. S-adenosylmethionine (SAMe) as treatment for depression: a systematic review. <em>Clininical and Investigative Medicine</em>. 2005, 28(3):132-9.</p>\n<p><strong>Authors' objectives</strong></p>\n<p>To assess the evidence evaluating S-adenosylmethionine (SAMe) supplementation as treatment for depression.  </p>\n<p><strong>Authors' conclusions</strong></p>\n<p>All of the studies reviewed were short term, making translation to the clinical setting difficult. However, there appears to be a role for SAMe in the treatment of major depression in adults. Questions remain about mechanism of action, bioavailability, and absorption of oral SAMe. Further study of SAMe as independent and adjuvant therapy for major depression in adults is indicated.<br /></p>\n<p><strong>Access</strong></p>\n<p>NHS staff: for full text access to this resource contact your <a href=\"http://www.library.nhs.uk/mylibrary/default.aspx\">local NHS library</a>. </p>",
  "resourceType": "CARDEX"
}