{
  "name": "Complementary and Alternative Medicine",
  "title": "Qingrelishi-category Chinese medicine for chronic prostatitis: a systematic review",
  "rootDirectory": "/cam",
  "topics": "COMPLEMENTARY AND ALTERNATIVE MEDICINE,CONDITIONS M-O,TRADITIONAL CHINESE MEDICINE (TCM),HERBAL MEDICINE,OTHER THERAPIES OR MEDICAL SYSTEMS,CONDITIONS A-Z,DATE ADDED,DECEMBER 2008,MALE UROGENITAL DISEASES",
  "publicationDate": "2007-04-01T00:00:00",
  "url": "http://www.ncbi.nlm.nih.gov/pubmed/17491276?ordinalpos=14&itool=EntrezSystem2.PEntrez.Pubmed.Pubmed_ResultsPanel.Pubmed_DefaultReportPanel.Pubmed_RVDocSum",
  "id": "301345",
  "publicationType": "Systematic Review",
  "publisher": "Zhonghua Nan Ke Xue",
  "description": "<p><em>This review has been evaluated by a CRD reviewer as potentially meeting the <a href=\"http://www.york.ac.uk/inst/crd/darefaq.htm\">CRD quality criteria</a> and a structured abstract is in the process of being written. This provisional record is for information, please note that the review has not been appraised yet. </em></p>\n<p><strong>Citation</strong></p>\nQiu MX, Xiong GB, Zhou SY, Wang D, Shao JC, Wang JY. Qingrelishi-category Chinese medicine for chronic prostatitis: a systematic review. <em>Zhonghua Nan Ke Xue = National Journal of Andrology</em>. 2007; 13(4): 370-377. [Article in Chinese]\n<p><strong>Authors' objectives</strong></p>\n<p>To evaluate the efficacy and safety of the Qingrelishi-category Chinese medicine (for dispelling heat and resolving dampness) in the treatment of chronic prostatitis.  </p>\n<p><strong>Authors' conclusions</strong></p>\n<p>Qingrelishi may be effective in the treatment of chronic prostatitis. However, the evidence is not strong due to the generally low methodological quality and the variations of the herbs. More randomized clinical trials are required.</p>\n<p><strong>Access</strong></p>\nArticle is in Chinese.",
  "resourceType": "CARDEX"
}