{
  "name": "Complementary and Alternative Medicine",
  "title": "A systematic review of population and community dietary interventions to prevent cancer",
  "rootDirectory": "/cam",
  "topics": "COMPLEMENTARY AND ALTERNATIVE MEDICINE,CONDITIONS A-Z,DIETARY AND NUTRITIONAL THERAPIES,CANCER,CONDITIONS C,DECEMBER 2008,DATE ADDED",
  "publicationDate": "2007-06-01T00:00:00",
  "url": "http://journals.cambridge.org/action/displayAbstract?fromPage=online&aid=1053780&fulltextType=RA&fileId=S0954422407733073",
  "id": "301317",
  "publicationType": "Systematic Review",
  "publisher": "Cambridge University Press",
  "description": "<p><em>This review has been evaluated by a CRD reviewer as potentially meeting the <a href=\"http://www.york.ac.uk/inst/crd/darefaq.htm\">CRD quality criteria</a> and a structured abstract is in the process of being written. This provisional record is for information, please note that the review has not been appraised yet. </em></p>\n<p><strong>Citation</strong></p>\nThorogood M, Simera I, Dowler E, Summerbell C, Brunner E. A systematic review of population and community dietary interventions to prevent cancer. <em>Nutrition Research Reviews.</em> 2007; 20(1): 74-88.\n<p><strong>Authors' objectives</strong></p>\n<p>Diet is an important factor in the causation of cancer. Previous systematic reviews of one-to-one interventions to encourage dietary change have found that such interventions can achieve modest improvements in diet. However, such interventions are resource intensive and unlikely to be good value for money at a population level. Interventions that address groups, communities or whole populations may be less resource intensive and effect change in a wider population. The authors report a systematic review of such interventions.  </p>\n<p><strong>Authors' conclusions</strong></p>\n<p>The authors found eighteen studies based in the community, seventeen based on worksites, five based in churches and one based in a supermarket. Interventions which targeted fruit and vegetable intake were most likely to be successful, particularly in worksites and churches. There was also evidence of small positive effects on reducing fat intake in worksites and churches. Overall the community-based interventions showed little effect. The studies included in the present review were generally poorly reported. Dietary changes are reported in the relatively short-term studies reviewed here but may not be sustained in the long term. The effects that we have identified are small but the reach is potentially very wide, in some cases as wide as a whole country. The cost effectiveness of such strategies remains to be evaluated.</p>\n<p><strong>Access</strong></p>\n<p>NHS staff: for full text access to this resource contact your <a href=\"http://www.library.nhs.uk/mylibrary/default.aspx\">local NHS library</a>. </p>",
  "resourceType": "CARDEX"
}