{
  "name": "Complementary and Alternative Medicine",
  "title": "A systematic review of valerian as a sleep aid: safe but not effective",
  "rootDirectory": "/cam",
  "topics": "COMPLEMENTARY AND ALTERNATIVE MEDICINE,SLEEP DISORDERS,VALERIAN (VALERIANA OFFICINALIS),CONDITIONS S,CONDITIONS I-L,HERBS R-Z,INSOMNIA,HERBAL MEDICINE,CONDITIONS A-Z,DATE ADDED,DECEMBER 2008",
  "publicationDate": "2007-06-01T00:00:00",
  "url": "http://www.ncbi.nlm.nih.gov/pubmed/17517355?ordinalpos=2&itool=EntrezSystem2.PEntrez.Pubmed.Pubmed_ResultsPanel.Pubmed_DefaultReportPanel.Pubmed_RVDocSum",
  "id": "301462",
  "publicationType": "Systematic Review",
  "publisher": "Elsevier",
  "description": "<p><em>This review has been evaluated by a CRD reviewer as potentially meeting the <a href=\"http://www.york.ac.uk/inst/crd/darefaq.htm\">CRD quality criteria</a> and a structured abstract is in the process of being written. This provisional record is for information, please note that the review has not been appraised yet. </em></p>\n<p><strong>Citation</strong></p>\nTaibi D M, Landis C A, Petry H, Vitiello M V. A systematic review of valerian as a sleep aid: safe but not effective. <em>Sleep Medicine Reviews</em>. 2007, 11(3): 209-230.\n<p><strong>Authors' objectives</strong></p>\n<p>Valerian is an herb that is widely available in a variety of commercial preparations and is commonly used as a sleep aid. A recent systematic review and meta-analysis of valerian concluded that evidence in support of the effectiveness of the herb was inconclusive. Therefore, in an effort to more closely examine this issue, a systematic review was conducted to examine the evidence on the efficacy of valerian as a sleep aid with specific attention to the type of preparations tested and the characteristics of the subjects studied.  </p>\n<p><strong>Authors' conclusions</strong></p>\n<p>Overall, the evidence, while supporting that valerian is a safe herb associated with only rare adverse events, does not support the clinical efficacy of valerian as a sleep aid for insomnia.</p>\n<p><strong>Access</strong></p>\n<p>NHS staff: for full text access to this resource contact your <a href=\"http://www.library.nhs.uk/mylibrary/default.aspx\">local NHS library</a>. </p>",
  "resourceType": "CARDEX"
}