{
  "name": "Complementary and Alternative Medicine",
  "title": "Heterogeneity and lack of good quality studies limit association between folate, vitamins B-6 and B-12, and cognitive function",
  "rootDirectory": "/cam",
  "topics": "COMPLEMENTARY AND ALTERNATIVE MEDICINE,CONDITIONS C,DIETARY AND NUTRITIONAL THERAPIES,CONDITIONS A-Z,COGNITION DISORDERS,NUTRITIONAL SUPPLEMENTS,DATE ADDED,VITAMINS,VITAMIN B 12,FOLIC ACID,VITAMIN B 6,DECEMBER 2008",
  "publicationDate": "2007-07-01T00:00:00",
  "url": "http://jn.nutrition.org/cgi/content/full/137/7/1789",
  "id": "301531",
  "publicationType": "Systematic Review",
  "publisher": "American Society for Nutrition",
  "description": "<p><em>This review has been evaluated by a CRD reviewer as potentially meeting the <a href=\"http://www.york.ac.uk/inst/crd/darefaq.htm\">CRD quality criteria</a> and a structured abstract is in the process of being written. This provisional record is for information, please note that the review has not been appraised yet. </em></p>\n<p><strong>Citation</strong></p>\nRaman G, Tatsioni A, Chung M, Rosenberg IH, Lau J, Lichtenstein AH, Balk EM. Heterogeneity and lack of good quality studies limit association between folate, vitamins B-6 and B-12, and cognitive function. <em>Journal of Nutrition</em>. 2007; 137(7): 1789-1794.\n<p><strong>Authors' objectives</strong></p>\n<p>To conduct a systematic review to evaluate the association between folate, vitamin B-6, vitamin B-12, and cognitive function in the elderly. </p>\n<p><strong>Authors' conclusions</strong></p>\n<p>Although the majority of studies indicated that low blood folate concentrations predicted poorer cognitive function, data supporting this association were limited because of the heterogeneity in cognition-assessment methodology, and scarcity of good quality studies and standardized threshold levels for categorizing low B-vitamin status. </p>",
  "resourceType": "CARDEX"
}