{
  "name": "Complementary and Alternative Medicine",
  "title": "Antioxidants and other nutrients do not interfere with chemotherapy or radiation therapy and can increase kill and increase survival, part 2",
  "rootDirectory": "/cam",
  "topics": "COMPLEMENTARY AND ALTERNATIVE MEDICINE,CONDITIONS A-Z,DIETARY AND NUTRITIONAL THERAPIES,CANCER,CONDITIONS C,DECEMBER 2008,DATE ADDED,NUTRITIONAL SUPPLEMENTS",
  "publicationDate": "2007-03-01T00:00:00",
  "url": "http://www.ncbi.nlm.nih.gov/pubmed/17405678?ordinalpos=2&itool=EntrezSystem2.PEntrez.Pubmed.Pubmed_ResultsPanel.Pubmed_DefaultReportPanel.Pubmed_RVDocSum",
  "id": "301506",
  "publicationType": "Systematic Review",
  "publisher": "InnoVision Communications",
  "description": "<p><em>This review has been evaluated by a CRD reviewer as potentially meeting the <a href=\"http://www.york.ac.uk/inst/crd/darefaq.htm\">CRD quality criteria</a> and a structured abstract is in the process of being written. This provisional record is for information, please note that the review has not been appraised yet. </em></p>\n<p><strong>Citation</strong></p>\nSimone CB, Simone NL, Simone V, Simone CB. Antioxidants and other nutrients do not interfere with chemotherapy or radiation therapy and can increase kill and increase survival, part 2. <em>Alternative Therapies in Health and Medicine</em>. 2007; 13(2): 40-47.\n<p><strong>Authors' objectives</strong></p>\n<p>To assess all evidence concerning antioxidant and other nutrients used concomitantly with chemotherapy and/or radiation therapy.  </p>\n<p><strong>Authors' conclusions</strong></p>\n<p>Since the 1970s, 280 peer-reviewed in vitro and in vivo studies, including 50 human studies involving 8,521 patients, 5,081 of whom were given nutrients, have consistently shown that they do not interfere with therapeutic modalities for cancer. Furthermore, non-prescription antioxidants and other nutrients enhance the killing of therapeutic modalities for cancer, decrease their side effects, and protect normal tissue. In 15 human studies, 3,738 patients who took non-prescription antioxidants and other nutrients actually had increased survival.</p>\n<p><strong>Related article:</strong></p>\n<p>Simone CB 2nd, Simone NL, Simone V, Simone CB. Antioxidants and other nutrients do not interfere with chemotherapy or radiation therapy and can increase kill and increase survival, part 1. Altern Ther Health Med. 2007 Jan-Feb;13(1):22-8. [<a href=\"http://www.ncbi.nlm.nih.gov/sites/entrez?Db=PubMed&amp;Cmd=ShowDetailView&amp;TermToSearch=17283738&amp;ordinalpos=1&amp;itool=EntrezSystem2.PEntrez.Pubmed.Pubmed_ResultsPanel.Pubmed_RVAbstractPlus\">PubMed abstract</a>]</p>\n<p><strong>Access</strong></p>\n<p>NHS staff: for full text access to this resource contact your <a href=\"http://www.library.nhs.uk/mylibrary/default.aspx\">local NHS library</a>. </p>",
  "resourceType": "CARDEX"
}