{
  "name": "Complementary and Alternative Medicine",
  "title": "Meta-analysis: Lactobacillus GG for treating acute diarrhoea in children",
  "rootDirectory": "/cam",
  "topics": "COMPLEMENTARY AND ALTERNATIVE MEDICINE,DIARRHOEA,CONDITIONS A-Z,DIETARY AND NUTRITIONAL THERAPIES,CONDITIONS D-E,DECEMBER 2008,DATE ADDED",
  "publicationDate": "2007-04-15T00:00:00",
  "url": "http://www.ncbi.nlm.nih.gov/pubmed/17402990?ordinalpos=1&itool=EntrezSystem2.PEntrez.Pubmed.Pubmed_ResultsPanel.Pubmed_DefaultReportPanel.Pubmed_RVDocSum",
  "id": "301537",
  "publicationType": "Systematic Review",
  "publisher": "John Wiley & Sons, Ltd",
  "description": "<p><em>This review has been evaluated by a CRD reviewer as potentially meeting the <a href=\"http://www.york.ac.uk/inst/crd/darefaq.htm\">CRD quality criteria</a> and a structured abstract is in the process of being written. This provisional record is for information, please note that the review has not been appraised yet. </em></p>\n<p><strong>Citation</strong></p>\n<p>Meta-analysis: Lactobacillus GG for treating acute diarrhoea in children. Szajewska H, Skórka A, Ruszczynski M, Gieruszczak-Bialek D. <em>Aliment Pharmacol Ther</em>. 2007, 25(8):871-81.</p>\n<p><strong>Authors' objectives</strong></p>\n<p>To review evidence for the effectiveness of Lactobacillus GG (LGG) in treating acute infectious diarrhoea in children. </p>\n<p><strong>Authors' conclusions</strong></p>\n<p>The use of LGG is associated with moderate clinical benefits in the treatment of acute diarrhoea in children. These findings should be interpreted with caution due to the important methodological limitations and heterogeneity of most of the studies.</p>\n<p><strong>Access</strong></p>\n<p>NHS staff: for full text access to this resource contact your <a href=\"http://www.library.nhs.uk/mylibrary/default.aspx\">local NHS library</a>.  </p>",
  "resourceType": "CARDEX"
}