{
  "name": "Complementary and Alternative Medicine",
  "title": "Need for additional calcium to reduce the risk of hip fracture with vitamin D supplementation: evidence from a comparative metaanalysis of randomized controlled trials",
  "rootDirectory": "/cam",
  "topics": "COMPLEMENTARY AND ALTERNATIVE MEDICINE,CONDITIONS F-H,CONDITIONS M-O,CONDITIONS T-Z,DIETARY AND NUTRITIONAL THERAPIES,CONDITIONS A-Z,OSTEOPOROSIS,WOUNDS AND INJURIES,DATE ADDED,CALCIUM,VITAMINS,VITAMIN D,MINERALS,NUTRITIONAL SUPPLEMENTS,DECEMBER 2008,FRACTURES",
  "publicationDate": "2007-04-01T00:00:00",
  "url": "http://jcem.endojournals.org/cgi/content/full/92/4/1415",
  "id": "301602",
  "publicationType": "Systematic Review",
  "publisher": "Endocrine Society",
  "description": "<p><em>This review has been evaluated by a CRD reviewer as potentially meeting the <a href=\"http://www.york.ac.uk/inst/crd/darefaq.htm\">CRD quality criteria</a> and a structured abstract is in the process of being written. This provisional record is for information, please note that the review has not been appraised yet. </em></p>\n<p><strong>Citation</strong></p>\nBoonen S, Lips P, Bouillon R, Bischoff-Ferrari HA, Vanderschueren D, Haentjens P. Need for additional calcium to reduce the risk of hip fracture with vitamin D supplementation: evidence from a comparative metaanalysis of randomized controlled trials. <em>Journal of Clinical Endocrinology and Metabolism</em>. 2007; 92(4): 1415-1423.\n<p><strong>Authors' objectives</strong></p>\n<p>The purpose of this study was to extend the <a href=\"http://www.library.nhs.uk/cam/viewResource.aspx?resid=243590&amp;code=506b13b1c290ec488765bd6f35bd6368\">metaanalysis of Bischoff-Ferrari et al.</a>, which found that 700-800 IU/d vitamin D reduced hip fracture risk in elderly individuals by 25%, by defining the need for additional calcium supplementation in individuals receiving vitamin D for the prevention of hip fractures.  </p>\n<p><strong>Authors' conclusions</strong></p>\n<p>These analyses, designed to extend the findings of Bischoff-Ferrari et al., suggest that oral vitamin D appears to reduce the risk of hip fractures only when calcium supplementation is added.</p>",
  "resourceType": "CARDEX"
}