{
  "name": "Complementary and Alternative Medicine",
  "title": "Petasites hybridus (butterbur) for treating allergic rhinitis",
  "rootDirectory": "/cam",
  "topics": "COMPLEMENTARY AND ALTERNATIVE MEDICINE,CONDITIONS,ENT AND AUDIOLOGY,NOSE & SINUS DISORDERS,SINUSITIS,RHINOSINUSITIS,RHINITIS,ALLERGIES,THERAPEUTIC INTERVENTIONS,COMPLEMENTARY THERAPIES,NON-DRUG TREATMENTS,HERBAL REMEDIES,BUTTERBUR (PETASITES VULGARIS),CONDITIONS A-Z,HERBAL MEDICINE,CONDITIONS A-B,DECEMBER 2008,DATE ADDED",
  "publicationDate": "2007-06-01T00:00:00",
  "url": "http://www.medicinescomplete.com/journals/fact/current/fact1202a05t01.htm",
  "id": "301605",
  "publicationType": "Systematic Review",
  "publisher": "Pharmaceutical Press",
  "description": "<p><em>This review has been evaluated by a CRD reviewer as potentially meeting the <a href=\"http://www.york.ac.uk/inst/crd/darefaq.htm\">CRD quality criteria</a> and a structured abstract is in the process of being written. This provisional record is for information, please note that the review has not been appraised yet. </em></p>\n<p><strong>Citation</strong></p>\nGuo R, Pittler M H. Petasites hybridus (butterbur) for treating allergic rhinitis. <em>Focus on Alternative and Complementary Therapies.</em> 2007; 12(2): 81-84.\n<p><strong>Authors' objectives</strong></p>\n<p>The aim of this study was to systematically review the literature to obtain all trials published on this topic and summarise their results.</p>\n<p><strong>Authors' conclusions</strong></p>\n<p>There is encouraging evidence to suggest that <em>P. hybridus</em> may be an effective herbal treatment for intermittent allergic rhinitis. However, because of the possible financial interests of the sponsor of three large trials of <em>P. hybridus</em> extract, independent replication is required before any firm conclusion can be drawn.</p>",
  "resourceType": "CARDEX"
}