{
  "name": "Complementary and Alternative Medicine",
  "title": "Prenatal multivitamin supplementation and rates of pediatric cancers: a meta-analysis",
  "rootDirectory": "/cam",
  "topics": "COMPLEMENTARY AND ALTERNATIVE MEDICINE,DIETARY AND NUTRITIONAL THERAPIES,CONDITIONS A-Z,CONDITIONS P-R,CONDITIONS C,CANCER,PREGNANCY,DECEMBER 2008,VITAMINS,DATE ADDED,NUTRITIONAL SUPPLEMENTS",
  "publicationDate": "2007-05-01T00:00:00",
  "url": "http://www.ncbi.nlm.nih.gov/pubmed/17314929?ordinalpos=7&itool=EntrezSystem2.PEntrez.Pubmed.Pubmed_ResultsPanel.Pubmed_DefaultReportPanel.Pubmed_RVDocSum",
  "id": "301614",
  "publicationType": "Systematic Review",
  "publisher": "Nature Publishing Group",
  "description": "<p><em>This review has been evaluated by a CRD reviewer as potentially meeting the <a href=\"http://www.york.ac.uk/inst/crd/darefaq.htm\">CRD quality criteria</a> and a structured abstract is in the process of being written. This provisional record is for information, please note that the review has not been appraised yet. </em></p>\n<p><strong>Citation</strong></p>\nGoh YI, Bollano E, Einarson TR, Koren G. Prenatal multivitamin supplementation and rates of pediatric cancers: a meta-analysis. <em>Clinical Pharmacology and Therapeutics</em>. 2007; 81(5): 685-691.\n<p><strong>Authors' objectives</strong></p>\n<p>To conduct a systematic review and meta-analysis to assess the potential protective effect of prenatal multivitamins on several pediatric cancers.  </p>\n<p><strong>Authors' conclusions</strong></p>\n<p>Maternal ingestion of prenatal multivitamins is associated with a decreased risk for pediatric brain tumors, neuroblastoma, and leukemia. Presently, it is not known which constituent(s) among the multivitamins confer this protective effect.</p>\n<p><strong>Access</strong></p>\n<p>NHS staff: for full text access to this resource contact your <a href=\"http://www.library.nhs.uk/mylibrary/default.aspx\">local NHS library</a>. </p>",
  "resourceType": "CARDEX"
}