{
  "name": "Complementary and Alternative Medicine",
  "title": "Effects of Ginkgo biloba on blood coagulation parameters: a systematic review of randomised clinical trials",
  "rootDirectory": "/cam",
  "topics": "COMPLEMENTARY AND ALTERNATIVE MEDICINE,HERBS D-G,HERBAL MEDICINE,GINKGO (GINKGO BILOBA),DATE ADDED,DECEMBER 2008",
  "publicationDate": "2005-07-01T00:00:00",
  "url": "http://pt.wkhealth.com/pt/re/eim/abstract.01197065-200502030-00007.htm;jsessionid=JL5LpxGtC8zXtyzfQHzkhbvLlSpF0wLyhQJ1zJ282Kj1F6wd3tWn!-1007298285!181195629!8091!-1",
  "id": "301728",
  "publicationType": "Systematic Review",
  "publisher": "Adis International",
  "description": "<p><em>This review has been evaluated by a CRD reviewer as potentially meeting the <a href=\"http://www.york.ac.uk/inst/crd/darefaq.htm\">CRD quality criteria</a> and a structured abstract is in the process of being written. This provisional record is for information, please note that the review has not been appraised yet. </em></p>\n<p><strong>Citation</strong></p>\nSavovic J, Wider B, Ernst E. Effects of Ginkgo biloba on blood coagulation parameters: a systematic review of randomised clinical trials. <em>Evidence-Based Integrative Medicine</em>. 2005; 2(3): 167-176.\n<p><strong>Authors' objectives</strong></p>\n<p>A systematic literature review was conducted to investigate the effects of Ginkgo biloba preparations on blood coagulation parameters. </p>\n<p><strong>Authors' conclusions</strong></p>\n<p>Available evidence does not demonstrate that extract of G. biloba causes significant changes in blood coagulation parameters. A limited number of studies on concomitant use of G. biloba with ASA or warfarin also do not suggest that G. biloba has an additive effect to the clinical effects of these two drugs. Currently available evidence is limited and, therefore, further studies are needed to assess effects of G. biloba on a variety of blood coagulation parameters.</p>\n<p><strong>Access</strong></p>\n<p>NHS staff: for full text access to this resource contact your <a href=\"http://www.library.nhs.uk/mylibrary/default.aspx\">local NHS library</a>. </p>",
  "resourceType": "CARDEX"
}