{
  "name": "Complementary and Alternative Medicine",
  "title": "Literature review of back massage and similar techniques to promote sleep in elderly people",
  "rootDirectory": "/cam",
  "topics": "COMPLEMENTARY AND ALTERNATIVE MEDICINE,CONDITIONS A-Z,MASSAGE,SLEEP DISORDERS,CONDITIONS S,DATE ADDED,DECEMBER 2008",
  "publicationDate": "2006-06-01T00:00:00",
  "url": "http://www.ncbi.nlm.nih.gov/pubmed/16821325?ordinalpos=2&itool=EntrezSystem2.PEntrez.Pubmed.Pubmed_ResultsPanel.Pubmed_DefaultReportPanel.Pubmed_RVDocSum",
  "id": "301702",
  "publicationType": "Systematic Review",
  "publisher": "Hans Huber",
  "description": "<p><em>This review has been evaluated by a CRD reviewer as potentially meeting the <a href=\"http://www.york.ac.uk/inst/crd/darefaq.htm\">CRD quality criteria</a> and a structured abstract is in the process of being written. This provisional record is for information, please note that the review has not been appraised yet. </em></p>\n<p><strong>Citation</strong></p>\nSchiff A. Ruckenmassage und verwandte Techniken zur Forderung des Schlafes bei alteren Menschen: eine Literaturanalyse. [Literature review of back massage and similar techniques to promote sleep in elderly people]. <em>Pflege.</em> 2006, 19(3):163-173. [German]\n<p><strong>Authors' objectives</strong></p>\n<p>To review the use of back massage and similar techniques to promote sleep in elderly people. </p>\n<p><strong>Authors' conclusions</strong></p>\n<p>The results indicate that these interventions promote relaxation and sleep and that they are perceived as very pleasant by the elderly. However, they do not explain in detail the reasons for effects these and the role of touch. This review shows that further research (RCTs) is necessary to determine the effects of back massage and \"Atemstimulierende Einreibung\" on relaxation and sleep.</p>",
  "resourceType": "CARDEX"
}