{
  "name": "Complementary and Alternative Medicine",
  "title": "Clinical studies of red clover (Trifolium pratense) dietary supplements in menopause: a literature review",
  "rootDirectory": "/cam",
  "topics": "COMPLEMENTARY AND ALTERNATIVE MEDICINE,CONDITIONS F-H,CONDITIONS M-O,CONDITIONS A-Z,HERBAL MEDICINE,HERBS R-Z,MENOPAUSAL SYMPTOMS,OSTEOPOROSIS,RED CLOVER (TRIFOLIUM PRATENSE),HOT FLUSHES,DECEMBER 2008,DATE ADDED",
  "publicationDate": "2006-03-01T00:00:00",
  "url": "http://www.ncbi.nlm.nih.gov/pubmed/16645539?ordinalpos=1&itool=EntrezSystem2.PEntrez.Pubmed.Pubmed_ResultsPanel.Pubmed_DefaultReportPanel.Pubmed_RVDocSum",
  "id": "301725",
  "publicationType": "Systematic Review",
  "publisher": "Lippincott Williams & Wilkins",
  "description": "<p><em>This review has been evaluated by a CRD reviewer as potentially meeting the <a href=\"http://www.york.ac.uk/inst/crd/darefaq.htm\">CRD quality criteria</a> and a structured abstract is in the process of being written. This provisional record is for information, please note that the review has not been appraised yet. </em></p>\n<p><strong>Citation</strong></p>\nBooth NL, Piersen C E, Banuvar S, Geller SE, Shulman LP, Farnsworth NR. Clinical studies of red clover (Trifolium pratense) dietary supplements in menopause: a literature review. <em>Menopause.</em> 2006, 13(2):251-264.\n<p><strong>Authors' objectives</strong></p>\n<p>To review the evidence from clinical studies of red clover botanical dietary supplements in menopause.  </p>\n<p><strong>Authors' conclusions</strong></p>\n<p>Clinical evidence is presently lacking to support the efficacy of semipurified red clover isoflavone extracts for alleviation of climacteric vasomotor symptoms or reduction of low-density lipoprotein levels in the blood. Furthermore, the safety of use of red clover isoflavone supplements in patients with breast or endometrial cancer has not been established. Limited evidence suggests possible efficacy in maintenance of bone health and improvement of arterial compliance, a risk factor for atherosclerosis. This literature review covers red clover botanical dietary supplement clinical studies having a possible impact on the health care of mature and menopausal women, and provides historical perspective regarding the traditional uses of red clover.</p>\n<p><strong>Access</strong></p>\n<p>NHS staff: for full text access to this resource contact your <a href=\"http://www.library.nhs.uk/mylibrary/default.aspx\">local NHS library</a>. </p>",
  "resourceType": "CARDEX"
}