{
  "name": "Complementary and Alternative Medicine",
  "title": "Public perceptions of herbal medicines: General public qualitative & quantitative research",
  "rootDirectory": "/cam",
  "topics": "COMPLEMENTARY AND ALTERNATIVE MEDICINE,CAM GENERAL,TRADITIONAL CHINESE MEDICINE (TCM),HERBAL MEDICINE,OTHER THERAPIES OR MEDICAL SYSTEMS,JANUARY 2009,REGULATION,SAFETY,USE OF CAM",
  "publicationDate": "2008-11-01T00:00:00",
  "url": "http://www.mhra.gov.uk/home/idcplg?IdcService=GET_FILE&dDocName=CON036073&RevisionSelectionMethod=Latest",
  "id": "304140",
  "publicationType": "Report",
  "publisher": "Medicines and Healthcare products Regulatory Agency (MHRA)",
  "description": "<p>This report presents the findings of a programme of research carried out among the general public by Ipsos MORI on behalf of the <a href=\"http://www.mhra.gov.uk/index.htm\">Medicines and Healthcare products Regulatory Agency</a> (MHRA). </p><br /><p>The research programme comprised qualitative research involving four general public discussion groups and a large-scale quantitative survey of behaviour, attitudes and opinions.</p>\n<p>The report is divided into a number of sections. These comprise: a summary of key findings, sections on methodology and analysis, and summaries of the findings arising from the qualitative research and quantitative survey. </p>\n<p>Currently, most herbal medicines on the UK market are not subject to systematic regulation. While some herbal medicines have a product licence and a few over-the-counter (OTC) products now have a traditional herbal registration, the majority of herbal medicines are sold as unlicensed herbal remedies. These latter products are subject to only minimal regulation. In the coming years all manufactured OTC herbal medicines will require a traditional herbal registration or product licence and the MHRA therefore needs to understand public perceptions on the issues in order to communicate effectively about the changes in regulation. </p>",
  "resourceType": "CARDEX"
}