{
  "name": "Complementary and Alternative Medicine",
  "title": "Mind-body interventions during pregnancy for preventing or treating women's anxiety (Cochrane protocol)",
  "rootDirectory": "/cam",
  "topics": "COMPLEMENTARY AND ALTERNATIVE MEDICINE,CONDITIONS A-Z,CONDITIONS A-B,PREGNANCY,ANXIETY,CONDITIONS P-R,FEBRUARY 2009",
  "publicationDate": "2009-01-21T00:00:00",
  "url": "http://www.mrw.interscience.wiley.com/cochrane/clsysrev/articles/CD007559/frame.html",
  "id": "305662",
  "publicationType": "Systematic Review",
  "publisher": "John Wiley & Sons, Ltd",
  "description": "<i>\n<p>This is the protocol for a Cochrane systematic review. This record will be updated when the review has been completed.</p></i>\n<p><strong>Citation</strong></p>\n<p>Marc I, Blanchet C, Ernst E, Hodnett ED, Turcot L, Dodin S. Mind-body interventions during pregnancy for preventing or treating women's anxiety (Protocol). <i>Cochrane Database of Systematic Reviews</i> 2009, Issue 1. Art. No.: CD007559. DOI: 10.1002/14651858.CD007559.</p>\n<p><strong><strong>Authors'</strong> objectives</strong></p>\n<p>To assess the benefits of mind-body interventions during pregnancy in preventing or treating women’s anxiety and in influencing perinatal outcomes.</p>",
  "resourceType": "CARDEX"
}