{
  "name": "Complementary and Alternative Medicine",
  "title": "Chinese herbal medicine for allergic rhinitis (Cochrane protocol)",
  "rootDirectory": "/cam",
  "topics": "COMPLEMENTARY AND ALTERNATIVE MEDICINE,ALLERGIES,CONDITIONS A-B,TRADITIONAL CHINESE MEDICINE (TCM),CONDITIONS A-Z,OTHER THERAPIES OR MEDICAL SYSTEMS,HERBAL MEDICINE,FEBRUARY 2009",
  "publicationDate": "2009-01-21T00:00:00",
  "url": "http://www.mrw.interscience.wiley.com/cochrane/clsysrev/articles/CD007643/frame.html",
  "id": "305642",
  "publicationType": "Systematic Review",
  "publisher": "John Wiley & Sons, Ltd",
  "description": "<i>\n<p>This is the protocol for a Cochrane systematic review. This record will be updated when the review has been completed.</p></i>\n<p><strong>Citation</strong></p>\n<p>Yang AWH, Liu JP, Xue CCL. Chinese herbal medicine for allergic rhinitis (Protocol). <i>Cochrane Database of Systematic Reviews</i> 2009, Issue 1. Art. No.: CD007643. DOI: 10.1002/14651858.CD007643.</p>\n<p><strong><strong>Authors'</strong> objectives</strong></p>\n<p>To assess the therapeutic effectiveness of Chinese herbal medicine for allergic rhinitis, and consider adverse events.</p>",
  "resourceType": "CARDEX"
}