{
  "name": "Complementary and Alternative Medicine",
  "title": "Aromatherapy for treatment of postoperative nausea and vomiting (Cochrane protocol)",
  "rootDirectory": "/cam",
  "topics": "COMPLEMENTARY AND ALTERNATIVE MEDICINE,AROMATHERAPY,CONDITIONS A-Z,CONDITIONS M-O,CONDITIONS T-Z,NAUSEA,VOMITING,CAM GENERAL,FEBRUARY 2009,RESEARCH",
  "publicationDate": "2009-01-21T00:00:00",
  "url": "http://www.mrw.interscience.wiley.com/cochrane/clsysrev/articles/CD007598/frame.html",
  "id": "305635",
  "publicationType": "Systematic Review",
  "publisher": "John Wiley & Sons, Ltd",
  "description": "<i>\n<p>This is the protocol for a Cochrane systematic review. This record will be updated when the review has been completed.</p></i>\n<p><strong>Citation</strong></p>\n<p>Hines S, Steels E, Chang A, Gilshenan K. Aromatherapy for treatment of postoperative nausea and vomiting (Protocol). <i>Cochrane Database of Systematic Reviews</i> 2009, Issue 1. Art. No.: CD007598. DOI: 10.1002/14651858.CD007598.</p>\n<p><strong><strong>Authors'</strong> objectives</strong> </p>\n<ul><li>To establish what effect the use of aromatherapy has on the severity of established postoperative nausea and vomiting \n</li><li>To establish what effect the use of aromatherapy has on the duration of established postoperative nausea and vomiting \n</li><li>To establish whether aromatherapy can be used with safety, and clinical and cost effectiveness comparable to standard pharmacological treatments, to treat established postoperative nausea and vomiting.</li></ul>",
  "resourceType": "CARDEX"
}