{
  "name": "Complementary and Alternative Medicine",
  "title": "Garlic for the prevention of cardiovascular morbidity and mortality in hypertensive patients (Cochrane protocol)",
  "rootDirectory": "/cam",
  "topics": "COMPLEMENTARY AND ALTERNATIVE MEDICINE,CARDIOVASCULAR DISEASES,GARLIC (ALLIUM SATIVUM),HERBS D-G,CONDITIONS F-H,HIGH BLOOD PRESSURE,HYPERTENSION,CONDITIONS C,CONDITIONS A-Z,HERBAL MEDICINE,FEBRUARY 2009",
  "publicationDate": "2009-01-21T00:00:00",
  "url": "http://www.mrw.interscience.wiley.com/cochrane/clsysrev/articles/CD007653/frame.html",
  "id": "305658",
  "publicationType": "Systematic Review",
  "publisher": "John Wiley & Sons, Ltd",
  "description": "<i>\n<p>This is the protocol for a Cochrane systematic review. This record will be updated when the review has been completed.</p></i>\n<p><strong>Citation</strong></p>\n<p>Huynh F, Fowkes C, Tejani A. Garlic for the prevention of cardiovascular morbidity and mortality in hypertensive patients (Protocol). <i>Cochrane Database of Systematic Reviews</i> 2009, Issue 1. Art. No.: CD007653. DOI: 10.1002/14651858.CD007653.</p>\n<p><strong>Authors' objectives</strong></p>\n<p>Primary objective \n</p><p>To determine whether garlic monotherapy can provide a therapeutic advantage over placebo for the treatment of adults with hypertension, as determined by a hierarchy of clinically important outcomes: </p>\n<p>   - all cause mortality<br />   - cardiovascular events (fatal or non-fatal myocardial infarction)<br />   - cerebrovascular events (fatal or non fatal strokes) </p><br /><p>Secondary objectives </p>\n<p>To determine whether garlic monotherapy can provide a therapeutic advantage over placebo in reduction of systolic and diastolic blood pressure in adults with hypertension.</p>\n<p>To determine the incidence of withdrawal due to adverse effects associated with garlic monotherapy.</p>",
  "resourceType": "CARDEX"
}