{
  "name": "Complementary and Alternative Medicine",
  "title": "Meta-analysis of the effects of n-3 polyunsaturated fatty acids on lipoproteins and other emerging lipid cardiovascular risk markers in patients with type 2 diabetes",
  "rootDirectory": "/cam",
  "topics": "COMPLEMENTARY AND ALTERNATIVE MEDICINE,DIABETES MELLITUS,CONDITIONS D-E,CONDITIONS C,CONDITIONS A-Z,DIETARY AND NUTRITIONAL THERAPIES,CARDIOVASCULAR DISEASES,FEBRUARY 2009,NUTRITIONAL SUPPLEMENTS,LIPIDS,OMEGA-3 FATTY ACIDS",
  "publicationDate": "2007-05-31T00:00:00",
  "url": "http://www.springerlink.com/content/a423601u71802314/",
  "id": "305861",
  "publicationType": "Systematic Review",
  "publisher": "Springer-Verlag",
  "description": "<p><em>This <em>study has met our selection criteria <em>but has not been fully appraised by the CAM SL</em>. Where there is an appraisal available we have linked to it. If there is no appraisal and you wish to appraise this systematic review here is a </em><a href=\"http://www.phru.nhs.uk/Pages/PHD/resources.htm\"><em>link to a list of appraisal tools</em></a><em>.</em></em></p>\n<p><strong>Citation</strong></p>\n<p>Hartweg J, Farmer AJ, Perera R, Holman RR, and Neil HA. Meta-analysis of the effects of n-3 polyunsaturated fatty acids on lipoproteins and other emerging lipid cardiovascular risk markers in patients with type 2 diabetes. <em>Diabetologia.</em> 2007, 50(8), 1593-602. </p>\n<p><strong>Authors' objectives</strong></p>\n<p>To determine the effects of marine-derived <i>n</i>-3 polyunsaturated fatty acids (PUFA) on established and emerging lipid and lipoprotein cardiovascular risk markers in patients with type 2 diabetes.  </p>\n<p><strong>Authors' conclusions</strong></p>\n<p>In addition to recognised triacylglycerol-lowering effects, <i>n</i>-3 PUFA supplementation decreases VLDL-cholesterol and VLDL-triacylglycerol, but may have an adverse effect on LDL-cholesterol. Larger and longer term clinical trials are required to conclusively establish the effect of <i>n</i>-3 PUFA on cardiovascular risk markers and outcomes in type 2 diabetic patients. <br /></p>\n<p><strong>Access</strong></p>\n<p>NHS staff: for full text access to this resource contact your <a href=\"http://www.library.nhs.uk/mylibrary/default.aspx\">local NHS library</a>. </p>",
  "resourceType": "CARDEX"
}