{
  "name": "Complementary and Alternative Medicine",
  "title": "The influence of yoga-based programs on risk profiles in adults with type 2 diabetes mellitus: A systematic review",
  "rootDirectory": "/cam",
  "topics": "COMPLEMENTARY AND ALTERNATIVE MEDICINE,YOGA,CONDITIONS A-Z,CONDITIONS D-E,DIABETES MELLITUS,FEBRUARY 2009",
  "publicationDate": "2007-12-01T00:00:00",
  "url": "http://ecam.oxfordjournals.org/cgi/content/full/4/4/469",
  "id": "305859",
  "publicationType": "Systematic Review",
  "publisher": "Oxford University Press",
  "description": "<p><em>This <em>study has met our selection criteria <em>but has not been fully appraised by the CAM SL</em>. Where there is an appraisal available we have linked to it. If there is no appraisal and you wish to appraise this systematic review here is a </em><a href=\"http://www.phru.nhs.uk/Pages/PHD/resources.htm\"><em>link to a list of appraisal tools</em></a><em>.</em></em></p>\n<p><strong>Citation</strong></p>\n<p>Innes K.E. and Vincent H.K. The influence of yoga-based programs on risk profiles in adults with type 2 diabetes mellitus: A systematic review. <em>Evidence-based Complementary and Alternative Medicine.</em> 2007, 4(4): 469-486. </p>\n<p><strong>Authors' objectives</strong></p>\n<p>This article critically reviews the published literature regarding the effects of yoga-based programs on physiologic and anthropometric risk profiles and related clinical outcomes in adults with type 2 diabetes mellitus (DM 2). </p>\n<p><strong>Authors' conclusions</strong></p>\n<p>Yoga may improve risk profiles in adults with DM 2, and may have promise for the prevention and management of cardiovascular complications in this population. However, the limitations characterizing most studies preclude drawing firm conclusions. Additional high-quality RCTs are needed to confirm and further elucidate the effects of standardized yoga programs in populations with DM 2. </p>",
  "resourceType": "CARDEX"
}