{
  "name": "Complementary and Alternative Medicine",
  "title": "Review of selected Chinese herbal medicines in the treatment of type 2 diabetes",
  "rootDirectory": "/cam",
  "topics": "COMPLEMENTARY AND ALTERNATIVE MEDICINE,DIABETES MELLITUS,TRADITIONAL CHINESE MEDICINE (TCM),CONDITIONS D-E,CONDITIONS A-Z,HERBAL MEDICINE,OTHER THERAPIES OR MEDICAL SYSTEMS,FEBRUARY 2009",
  "publicationDate": "2008-07-01T00:00:00",
  "url": "http://tde.sagepub.com/cgi/content/abstract/34/4/645",
  "id": "305857",
  "publicationType": "Systematic Review",
  "publisher": "Sage",
  "description": "<p><em>This <em>study has met our selection criteria <em>but has not been fully appraised by the CAM SL</em>. Where there is an appraisal available we have linked to it. If there is no appraisal and you wish to appraise this systematic review here is a </em><a href=\"http://www.phru.nhs.uk/Pages/PHD/resources.htm\"><em>link to a list of appraisal tools</em></a><em>.</em></em></p>\n<p><strong>Citation</strong></p>\n<p>Wang E and Wylie-Rosett J. Review of selected Chinese herbal medicines in the treatment of type 2 diabetes. <em>Diabetes Educator</em>. 2008, 34(4), 645-54.  </p>\n<p><strong>Authors' objectives</strong></p>\n<p>The purpose of this article is to examine how Chinese herbal medicines are used in the treatment of diabetes, focusing on potential benefits and risks. </p>\n<p><strong>Authors' conclusions</strong></p>\n<p>The use of Chinese herbal medicines in diabetes is promising but still far from proven. Diabetes educators need to be aware of the risks and benefits of herbal medicines. Patients should be asked about the use and source of herbal medicines and carefully monitored for drug interactions and adverse effects.<br /></p>\n<p><strong>Access</strong></p>\n<p>NHS staff: for full text access to this resource contact your <a href=\"http://www.library.nhs.uk/mylibrary/default.aspx\">local NHS library</a>.  </p>",
  "resourceType": "CARDEX"
}