{
  "name": "Complementary and Alternative Medicine",
  "title": "Massage for symptom relief in patients with cancer: systematic review",
  "rootDirectory": "/cam",
  "topics": "COMPLEMENTARY AND ALTERNATIVE MEDICINE,CANCER,CONDITIONS C,CONDITIONS A-Z,MASSAGE,MARCH 2009",
  "publicationDate": "2008-09-01T00:00:00",
  "url": "http://www.ncbi.nlm.nih.gov/pubmed/18727744?ordinalpos=3&itool=EntrezSystem2.PEntrez.Pubmed.Pubmed_ResultsPanel.Pubmed_DefaultReportPanel.Pubmed_RVDocSum",
  "id": "307873",
  "publicationType": "Systematic Review",
  "publisher": "John Wiley & Sons, Ltd",
  "description": "<p><em>This <em>study has met our selection criteria <em>but has not been fully appraised by the CAM SL</em>. Where there is an appraisal available we have linked to it. If there is no appraisal and you wish to appraise this systematic review here is a </em><a href=\"http://www.phru.nhs.uk/Pages/PHD/resources.htm\"><em>link to a list of appraisal tools</em></a><em>.</em></em></p>\n<p><strong>Citation</strong></p>\n<p>Wilkinson S, Barnes K, Storey L. Massage for symptom relief in patients with cancer: systematic review. J Adv Nurs. 2008 Sep;63(5):430-9. </p>\n<p><strong>Authors' objectives</strong></p>\n<p>To assess evidence of the effectiveness of massage for patients with cancer, in terms of reducing physical or psychological symptoms, improving quality of life, or producing unwanted side effects.</p>\n<p><strong>Authors' conclusions</strong></p>\n<p>Ten trials met the inclusion criteria and their results suggest that massage might reduce anxiety in patients with cancer in the short term and may have a beneficial effect on physical symptoms of cancer, such as pain and nausea. However, the lack of rigorous research evidence precludes drawing definitive conclusions. </p>\n<p>Further well-designed large trials with longer follow-up periods are needed to be able to draw firm conclusions about the efficacy and effectiveness of massage for cancer patients.<br /></p>\n<p><strong>Access</strong></p>\n<p>NHS staff: for full text access to this resource contact your <a href=\"http://www.library.nhs.uk/mylibrary/default.aspx\">local NHS library</a>. </p>",
  "resourceType": "CARDEX"
}