{
  "name": "Complementary and Alternative Medicine",
  "title": "Use of complementary and alternative medicine by cancer patients: systematic review",
  "rootDirectory": "/cam",
  "topics": "COMPLEMENTARY AND ALTERNATIVE MEDICINE,CONDITIONS A-Z,CANCER,CONDITIONS C,CAM GENERAL,MARCH 2009,DATE ADDED,USE OF CAM",
  "publicationDate": "2008-02-01T00:00:00",
  "url": "http://www.scielosp.org/pdf/rsp/v42n1/en_6114.pdf",
  "id": "307875",
  "publicationType": "Review",
  "publisher": "Universidade De Sao Paulo",
  "description": "<p><strong>Citation</strong></p>\n<p>Spadacio C, Barros NF. Use of complementary and alternative medicine by cancer patients: systematic review. Rev Saude Publica. 2008, 42(1):158-64. </p>\n<p><strong>Authors' objectives</strong></p>\n<p>A systematic literature review of the profile of patients who choose to use this type of medicine, as well as their motivations, was carried out on the PubMed database. </p>\n<p><strong>Authors' conclusions</strong></p>\n<p>From the 43 articles analyzed, it could be concluded that the use of complementary and alternative medicine is part of these patients' social scope. Moreover, its use plays an important role in the identity construction of cancer patients, helping them to make decisions related to conventional treatment.</p>",
  "resourceType": "CARDEX"
}