{
  "name": "Complementary and Alternative Medicine",
  "title": "Is Tai Chi an effective adjunct in cancer care? A systematic review of controlled clinical trials",
  "rootDirectory": "/cam",
  "topics": "COMPLEMENTARY AND ALTERNATIVE MEDICINE,CONDITIONS A-Z,OTHER THERAPIES OR MEDICAL SYSTEMS,CANCER,TAI CHI,CONDITIONS C,MARCH 2009",
  "publicationDate": "2007-06-01T00:00:00",
  "url": "http://www.springerlink.com/content/e24q3013g22mp718/",
  "id": "308495",
  "publicationType": "Systematic Review",
  "publisher": "Springer-Verlag",
  "description": "<p><em>This review has been evaluated by a CRD reviewer as potentially meeting the <a href=\"http://www.york.ac.uk/inst/crd/darefaq.htm\">CRD quality criteria</a> and a structured abstract is in the process of being written. This provisional record is for information, please note that the review has not been appraised yet. </em></p>\n<p><strong>Citation</strong></p>\n<p>Lee MS, Pittler MH, Ernst E. Is Tai Chi an effective adjunct in cancer care? A systematic review of controlled clinical trials. Support Care Cancer. 2007 Jun;15(6):597-601. </p>\n<p><strong>Authors' objectives</strong></p>\n<p>The aim of this systematic review is to summarize and critically evaluate the evidence available from controlled clinical trials of tai chi as a supportive therapy for cancer patients.  </p>\n<p><strong>Authors' conclusions</strong></p>\n<p>The evidence is not convincing enough to suggest that tai chi is an effective supportive treatment for cancer. Further research should attempt to answer the many open questions related to the usefulness of tai chi for supportive cancer care. </p>\n<p><strong>Access</strong></p>\n<p>NHS staff: for full text access to this resource contact your <a href=\"http://www.library.nhs.uk/mylibrary/default.aspx\">local NHS library</a>. </p>",
  "resourceType": "CARDEX"
}