{
  "name": "Complementary and Alternative Medicine",
  "title": "Qigong for cancer treatment: a systematic review of controlled clinical trials",
  "rootDirectory": "/cam",
  "topics": "COMPLEMENTARY AND ALTERNATIVE MEDICINE,CONDITIONS C,CANCER,OTHER THERAPIES OR MEDICAL SYSTEMS,CONDITIONS A-Z,QI GONG,MARCH 2009",
  "publicationDate": "2007-07-26T00:00:00",
  "url": "http://www.ncbi.nlm.nih.gov/pubmed/17653892?ordinalpos=3&itool=EntrezSystem2.PEntrez.Pubmed.Pubmed_ResultsPanel.Pubmed_DefaultReportPanel.Pubmed_RVDocSum",
  "id": "308497",
  "publicationType": "Systematic Review",
  "publisher": "Informa Healthcare",
  "description": "<p><em>This <em>study has met our selection criteria <em>but has not been fully appraised by the CAM SL</em>. Where there is an appraisal available we have linked to it. If there is no appraisal and you wish to appraise this systematic review here is a </em><a href=\"http://www.phru.nhs.uk/Pages/PHD/resources.htm\"><em>link to a list of appraisal tools</em></a><em>.</em></em></p>\n<p><strong>Citation</strong></p>\n<p>Lee MS, Chen KW, Sancier KM, Ernst E. Qigong for cancer treatment: a systematic review of controlled clinical trials. Acta Oncol. 2007;46(6):717-22. </p>\n<p><strong>Authors' objectives</strong></p>\n<p>The aim of this systematic review is to summarize and critically evaluate the effectiveness of qigong used as a stand-alone or additional therapy in cancer care.  </p>\n<p><strong>Authors' conclusions</strong></p>\n<p>The authors concluded that the effectiveness of qigong in cancer care was not yet supported by the evidence from rigorous clinical trials. <br /></p>\n<p><strong>Access</strong></p>\n<p>NHS staff: for full text access to this resource contact your <a href=\"http://www.library.nhs.uk/mylibrary/default.aspx\">local NHS library</a>. </p>",
  "resourceType": "CARDEX"
}