{
  "name": "Complementary and Alternative Medicine",
  "title": "Laetrile for cancer: a systematic review of the clinical evidence",
  "rootDirectory": "/cam",
  "topics": "COMPLEMENTARY AND ALTERNATIVE MEDICINE,CONDITIONS A-Z,DIETARY AND NUTRITIONAL THERAPIES,CANCER,CONDITIONS C,MARCH 2009,LAETRILE,NUTRITIONAL SUPPLEMENTS,CARBOHYDRATES & CARBOHYDRATE DERIVATIVES",
  "publicationDate": "2007-06-01T00:00:00",
  "url": "http://www.ncbi.nlm.nih.gov/pubmed/17106659?ordinalpos=1&itool=EntrezSystem2.PEntrez.Pubmed.Pubmed_ResultsPanel.Pubmed_DefaultReportPanel.Pubmed_RVDocSum",
  "id": "308513",
  "publicationType": "Systematic Review",
  "publisher": "Springer-Verlag",
  "description": "<p><em>This <em>study has met our selection criteria <em>but has not been fully appraised by the CAM SL</em>. Where there is an appraisal available we have linked to it. If there is no appraisal and you wish to appraise this systematic review here is a </em><a href=\"http://www.phru.nhs.uk/Pages/PHD/resources.htm\"><em>link to a list of appraisal tools</em></a><em>.</em></em></p>\n<p><strong>Citation</strong></p>\n<p>Milazzo S, Lejeune S, Ernst E. Laetrile for cancer: a systematic review of the clinical evidence. Support Care Cancer. 2007 Jun;15(6):583-95.</p>\n<p><strong>Authors' objectives</strong></p>\n<p>The aim of this review is to summarize all types of clinical data related to the effectiveness or safety of laetrile interventions as a treatment of any type of cancer.  </p>\n<p><strong>Authors' conclusions</strong></p>\n<p>Thirty six reports met the inclusion criteria. No controlled clinical trials were found. Three articles were nonconsecutive case series, 2 were consecutive case series, 6 were best case series, and 25 were case reports. None of these publications proved the effectiveness of laetrile.  Therefore, the claim that laetrile has beneficial effects for cancer patients is not supported by sound clinical data.<br /></p>\n<p><strong>Access</strong></p>\n<p>NHS staff: for full text access to this resource contact your <a href=\"http://www.library.nhs.uk/mylibrary/default.aspx\">local NHS library</a>. </p>",
  "resourceType": "CARDEX"
}