{
  "name": "Complementary and Alternative Medicine",
  "title": "Reasons for and characteristics associated with complementary and alternative medicine use among adult cancer patients: a systematic review",
  "rootDirectory": "/cam",
  "topics": "COMPLEMENTARY AND ALTERNATIVE MEDICINE,CONDITIONS C,CANCER,CONDITIONS A-Z,CAM GENERAL,MARCH 2009,USE OF CAM",
  "publicationDate": "2005-12-01T00:00:00",
  "url": "http://www.ncbi.nlm.nih.gov/pubmed/16282504?ordinalpos=&itool=EntrezSystem2.PEntrez.Pubmed.Pubmed_ResultsPanel.SmartSearch&log$=citationsensor",
  "id": "308526",
  "publicationType": "Systematic Review",
  "publisher": "Sage",
  "description": "<p><em>This <em>study has met our selection criteria <em>but has not been fully appraised by the CAM SL</em>. Where there is an appraisal available we have linked to it. If there is no appraisal and you wish to appraise this systematic review here is a </em><a href=\"http://www.phru.nhs.uk/Pages/PHD/resources.htm\"><em>link to a list of appraisal tools</em></a><em>.</em></em></p>\n<p><strong>Citation</strong></p>\n<p>Verhoef MJ, Balneaves LG, Boon HS, Vroegindewey A. Reasons for and characteristics associated with complementary and alternative medicine use among adult cancer patients: a systematic review. Integr Cancer Ther. 2005 Dec;4(4):274-86. </p>\n<p><strong>Authors' objectives</strong></p>\n<p>To conduct a systematic review of reasons for and sociodemographic and disease characteristics associated with complementary and alternative medicine (CAM) use in cancer patients.  </p>\n<p><strong>Authors' conclusions</strong></p>\n<p>Reasons for and characteristics associated with CAM use among cancer patients have been studied extensively. Future CAM research among cancer patients should focus on identifying decision-making processes and building theoretical decision-making models. These can be used in the development of decisional aids for patients when confronted with the choice to use CAM as part of their cancer treatment.<br /></p>\n<p><strong>Access</strong></p>\n<p>NHS staff: for full text access to this resource contact your <a href=\"http://www.library.nhs.uk/mylibrary/default.aspx\">local NHS library</a>. </p>",
  "resourceType": "CARDEX"
}