{
  "name": "Complementary and Alternative Medicine",
  "title": "Safety and efficacy of massage therapy for patients with cancer",
  "rootDirectory": "/cam",
  "topics": "COMPLEMENTARY AND ALTERNATIVE MEDICINE,CONDITIONS A-Z,MASSAGE,CANCER,CONDITIONS C,MARCH 2009",
  "publicationDate": "2005-07-01T00:00:00",
  "url": "http://www.moffitt.org/CCJRoot/v12n3/pdf/158.pdf",
  "id": "308523",
  "publicationType": "Review",
  "publisher": "H. Lee Moffitt Cancer Center and Research Institute",
  "description": "<p><em>This <em>study has met our selection criteria <em>but has not been fully appraised by the CAM SL</em>. Where there is an appraisal available we have linked to it. If there is no appraisal and you wish to appraise this systematic review here is a </em><a href=\"http://www.phru.nhs.uk/Pages/PHD/resources.htm\"><em>link to a list of appraisal tools</em></a><em>.</em></em></p>\n<p><strong>Citation</strong></p>\n<p>Corbin L. Safety and efficacy of massage therapy for patients with cancer. Cancer Control. 2005 Jul;12(3):158-64. </p>\n<p><strong>Authors' objectives</strong></p>\n<p>This article reviews and summarizes the literature on massage and cancer to help provide the clinician with information to help facilitate discussions with patients.  </p>\n<p><strong>Authors' conclusions</strong></p>\n<p>Conventional care for patients with cancer can safely incorporate massage therapy, although cancer patients may be at higher risk of rare adverse events. The strongest evidence for benefits of massage is for stress and anxiety reduction, although research for pain control and management of other symptoms common to patients with cancer, including pain, is promising. The oncologist should feel comfortable discussing massage therapy with patients and be able to refer patients to a qualified massage therapist as appropriate.</p>",
  "resourceType": "CARDEX"
}