{
  "name": "Complementary and Alternative Medicine",
  "title": "Impact of antioxidant supplementation on chemotherapeutic toxicity: a systematic review of the evidence from randomized controlled trials",
  "rootDirectory": "/cam",
  "topics": "COMPLEMENTARY AND ALTERNATIVE MEDICINE,CONDITIONS C,CANCER,DIETARY AND NUTRITIONAL THERAPIES,CONDITIONS A-Z,NUTRITIONAL SUPPLEMENTS,MARCH 2009",
  "publicationDate": "2008-09-15T00:00:00",
  "url": "http://www.ncbi.nlm.nih.gov/pubmed/18623084?ordinalpos=5&itool=EntrezSystem2.PEntrez.Pubmed.Pubmed_ResultsPanel.Pubmed_DefaultReportPanel.Pubmed_RVDocSum",
  "id": "308522",
  "publicationType": "Systematic Review",
  "publisher": "John Wiley & Sons, Ltd",
  "description": "<p><em>This <em>study has met our selection criteria <em>but has not been fully appraised by the CAM SL</em>. Where there is an appraisal available we have linked to it. If there is no appraisal and you wish to appraise this systematic review here is a </em><a href=\"http://www.phru.nhs.uk/Pages/PHD/resources.htm\"><em>link to a list of appraisal tools</em></a><em>.</em></em></p>\n<p><strong>Citation</strong></p>\n<p>Block KI, Koch AC, Mead MN, Tothy PK, Newman RA, Gyllenhaal C. Impact of antioxidant supplementation on chemotherapeutic toxicity: a systematic review of the evidence from randomized controlled trials. Int J Cancer. 2008 Sep 15;123(6):1227-39. </p>\n<p><strong>Authors' objectives</strong></p>\n<p>The objective of this study is to systematically review the randomized, controlled clinical trial evidence evaluating the effects of concurrent use of antioxidants with chemotherapy on toxic side effects.  </p>\n<p>Antioxidants evaluated were: glutathione (11), melatonin (7), vitamin A (1), an antioxidant mixture (2), N-acetylcysteine (2), vitamin E (5), selenium (2), L-carnitine (1), Co-Q10 (1) and ellagic acid (1).</p>\n<p><strong>Authors' conclusions</strong></p>\n<p>This review provides the first systematically reviewed evidence that antioxidant supplementation during chemotherapy holds potential for reducing dose-limiting toxicities. However, well-designed studies evaluating larger populations of patients given specific antioxidants defined by dose and schedule relative to chemotherapy are warranted. <br /></p>\n<p><strong>Access</strong></p>\n<p>NHS staff: for full text access to this resource contact your <a href=\"http://www.library.nhs.uk/mylibrary/default.aspx\">local NHS library</a>. </p>",
  "resourceType": "CARDEX"
}