{
  "name": "Complementary and Alternative Medicine",
  "title": "Cereal grains, legumes, and weight management: a comprehensive review of the scientific evidence",
  "rootDirectory": "/cam",
  "topics": "COMPLEMENTARY AND ALTERNATIVE MEDICINE,CONDITIONS M-O,OBESITY,CONDITIONS A-Z,DIETARY AND NUTRITIONAL THERAPIES,MARCH 2009,SPECIAL DIETS,FOOD AND BEVERAGES",
  "publicationDate": "2008-04-01T00:00:00",
  "url": "http://www.ncbi.nlm.nih.gov/pubmed/18366531",
  "id": "309057",
  "publicationType": "Systematic Review",
  "publisher": "John Wiley & Sons, Ltd",
  "description": "<p><em>This review has been evaluated by a CRD reviewer as potentially meeting the <a href=\"http://www.york.ac.uk/inst/crd/darefaq.htm\">CRD quality criteria</a> and a structured abstract is in the process of being written. This provisional record is for information, please note that the review has not been appraised yet. </em></p>\n<p><strong>Citation</strong></p>\nWilliams PG, Grafenauer SJ, O'Shea JE. Cereal grains, legumes, and weight management: a comprehensive review of the scientific evidence. <em>Nutrition Reviews.</em> 2008, 66(4): 171-182.\n<p><strong>Authors' objectives</strong></p>\n<p>To assess the evidence on the effect of cereal grains and legumes on weight management. </p>\n<p><strong>Authors' conclusions</strong></p>\n<p>There is strong evidence that a diet high in whole grains is associated with lower body mass index, smaller waist circumference, and reduced risk of being overweight; that a diet high in whole grains and legumes can help reduce weight gain; and that significant weight loss is achievable with energy-controlled diets that are high in cereals and legumes. There is weak evidence that high intakes of refined grains may cause small increases in waist circumference in women. There is no evidence that low-carbohydrate diets that restrict cereal intakes offer long-term advantages for sustained weight loss. There is insufficient evidence to make clear conclusions about the protective effect of legumes on weight.</p>\n<p><strong>Access</strong></p>\n<p>NHS staff: for full text access to this resource contact your <a href=\"http://www.library.nhs.uk/mylibrary/default.aspx\">local NHS library</a>. </p>",
  "resourceType": "CARDEX"
}