{
  "name": "Complementary and Alternative Medicine",
  "title": "Office of Cancer Complementary and Alternative Medicine (OCCAM) monthly lecture series",
  "rootDirectory": "/cam",
  "topics": "COMPLEMENTARY AND ALTERNATIVE MEDICINE,CAM GENERAL,CANCER,CONDITIONS C,CONDITIONS A-Z,APRIL 2009,EDUCATION/CPD,RESEARCH",
  "publicationDate": "",
  "url": "http://www.cancer.gov/cam/news_lectures.html",
  "id": "311241",
  "publicationType": "Learning Material%2fcourseware",
  "publisher": "Office of Cancer Complementary and Alternative Medicine (OCCAM)",
  "description": "<p>The US <a href=\"http://www.cancer.gov/cam/index.html\">Office of Cancer Complementary and Alternative Medicine (OCCAM)</a> has created a monthly lecture series about the variety of ongoing research in cancer and CAM.</p>\n<p>An archived videocast is posted approximately three to four weeks following the lecture to the OCCAM Web site at <a href=\"http://www.cancer.gov/cam/news_lectures.html\">http://www.cancer.gov/cam/news_lectures.html</a>. </p>",
  "resourceType": "CARDEX"
}