{
  "name": "Complementary and Alternative Medicine",
  "title": "2009 Annual Evidence Update on Acupuncture",
  "rootDirectory": "/cam",
  "topics": "ACUPUNCTURE,COMPLEMENTARY AND ALTERNATIVE MEDICINE,APRIL 2009",
  "publicationDate": "2009-04-20T00:00:00",
  "url": "http://www.library.nhs.uk//cam/ViewResource.aspx?resID=311356",
  "id": "311356",
  "publicationType": "Annual Evidence Update",
  "publisher": "Complementary and Alternative Medicine Specialist Library",
  "description": "111-12009 Annual Evidence Update on Acupuncture<p>Published: 20 April 2009</p>\n<p><strong></strong> </p>\n<p><img height=\"141\" alt=\"Acupuncture ©iStockphoto\" src=\"https://rmsadmin.library.nhs.uk/libraryImages/Complementary%20and%20Alternative%20Medicine/contentID311356/nelhImp_0001_Acupunctureear_000004507537Small.jpg\" width=\"212\" /></p>\n<p><strong></strong> </p>\n<p><strong>Introduction</strong></p>\n<p><br />The 2009 Annual Evidence Update on Acupuncture aims to identify, organise and present all relevant systematic reviews and large-scale randomised controlled trials (RCTs) published between February 2008 and February 2009. </p>\n<p>Previously published studies have been included in the <a href=\"http://www.library.nhs.uk/cam/ViewResource.aspx?resID=282828&amp;tabID=289\">2008 Annual Evidence Update on Acupuncture</a> or can be found by searching this website.<br /></p>\n<p><br />We have searched a large number of databases and used strict selection criteria for the identified studies, in order to base the annual update on the best current evidence available. The studies included in this update have met our selection criteria but have not been fully appraised. Where there is an appraisal available we have linked to it. If there is no appraisal and you wish to appraise the selected studies here is a <a href=\"http://www.phru.nhs.uk/Pages/PHD/resources.htm\">link to a list of appraisal tools</a>. </p>\n<p>For more details about the search methods and the selection process for this annual update see the <a>methodology section</a>.</p>\n<p>The full results are listed below. For a list of studies selected by the topic editor as being of particular importance <a>click here</a>.</p>\n<p>For a brief overview of the topic of Acupuncture, including information on clinical uses and safety, see the <a href=\"http://www.library.nhs.uk/cam/ViewResource.aspx?resID=125440&amp;tabID=289&amp;catID=9386\">introductory article</a>. </p>\n<p> </p>\n<p><strong>Contents</strong></p>\n<ul><li><a>Methodology</a></li>\n<li>Results of the 2009 Annual Evidence Update on Acupuncture </li>\n<ul><li>Systematic reviews and meta-analyses categorised by health topic</li>\n<ul><li><a>General reviews of acupuncture</a></li>\n<li><a>Allergies/ENT</a>  </li>\n<li><a>Cancer</a> </li>\n<li><a>Cardiovascular diseases</a> </li>\n<li><a>Child health</a> </li>\n<li><a>Male urogenital diseases</a> </li>\n<li><a>Mental health</a> </li>\n<li><a>Musculoskeletal diseases</a>  </li>\n<li><a>Neurological disorders</a> </li>\n<li><a>Obesity</a> </li>\n<li><a>Pain</a> </li>\n<li><a>Skin disorders</a> </li>\n<li><a>Stroke</a></li>\n<li><a>Surgery/Theatres</a> </li>\n<li><a>Women’s health/Pregnancy and childbirth</a></li></ul><li><a>Systematic reviews and meta-analyses (all topics)</a></li>\n<li><a>Cost-effectiveness studies</a></li>\n<li><a>Randomised controlled trials (RCTs)</a></li></ul><li><a>Additional resources - systematic reviews and guidelines covering a range of interventions including acupuncture</a></li></ul><p><strong>Acknowledgement</strong></p>\n<p>The CAM Specialist Library project team would like to thank the topic editor Dr Mike Cummings for his contribution to the development of the 2009 Annual Evidence Update on Acupuncture. </p>",
  "resourceType": "Article"
}