{
  "name": "Complementary and Alternative Medicine",
  "title": "2009 Annual Evidence Update on Acupuncture - General reviews of acupuncture",
  "rootDirectory": "/cam",
  "topics": "ACUPUNCTURE,COMPLEMENTARY AND ALTERNATIVE MEDICINE,APRIL 2009",
  "publicationDate": "2009-04-20T00:00:00",
  "url": "http://www.library.nhs.uk//cam/ViewResource.aspx?resID=311503",
  "id": "311503",
  "publicationType": "Annual Evidence Update",
  "publisher": "Complementary and Alternative Medicine Specialist Library",
  "description": "111-12009 Annual Evidence Update on Acupuncture - General reviews of acupuncture<p>The following relevant studies on this topic have been published between February 2008 and February 2009. </p>\n<p><em>These studies have met our <a href=\"http://www.library.nhs.uk/cam/viewResource.aspx?resid=311545&amp;code=35f065d75bc2229f67fe2299ac6e8c02\">selection criteria</a> but have not been fully appraised. Where there is an appraisal available we have linked to it. If there is no appraisal and you wish to appraise the selected studies here is a </em><a href=\"http://www.phru.nhs.uk/Pages/PHD/resources.htm\"><em>link to a list of appraisal tools</em></a><em>.</em></p><br /><ol><li>Bergqvist D. Vascular injuries caused by acupuncture. <em>European Journal of Vascular and Endovascular Surgery</em>. 2008, 36(2):160-3. [<a href=\"http://www.ncbi.nlm.nih.gov/pubmed/18538597?dopt=Citation\">PubMed abstract</a>]</li>\n<li>Colbert AP, Cleaver J, Brown KA, Harling N, Hwang Y, Schiffke HC, Brons J, Qin Y. Magnets applied to acupuncture points as therapy - a literature review. <em>Acupuncture in Medicine</em>. 2008, 26(3):160-70. [<a href=\"http://www.acupunctureinmedicine.org.uk/servearticle.php?artid=674\">Full text</a>]</li>\n<li>Geng LL, Lin RS, Sun XY, Wu L, Zhong MM, Zhao B, Zheng J, Liu JP. [Critical appraisal of randomized clinical trials in Chinese Acupuncture and Moxibustion from 2000 to 2006]. <em>Zhongguo Zhen Jiu</em>. 2008, 28(6):439-43. [Article in Chinese] [<a href=\"http://www.ncbi.nlm.nih.gov/pubmed/18630544?dopt=Citation\">PubMed abstract</a>] </li>\n<li>Gold JI, Nicolaou CD, Belmont KA, Katz AR, Benaron DM, Yu W. Pediatric acupuncture: a review of clinical research. <em>Evidence-based Complementary and Alternative Medicine</em>. 2008 Jan 10. [<a href=\"http://ecam.oxfordjournals.org/cgi/reprint/nem181v1\">Full text</a>]</li>\n<li>Jindal V, Ge A, Mansky PJ. Safety and efficacy of acupuncture in children: a review of the evidence. <em>Journal of Pediatric Hematololy/Oncology</em>. 2008, 30(6):431-42. [<a href=\"http://www.pubmedcentral.nih.gov/articlerender.fcgi?tool=pubmed&amp;pubmedid=18525459\">Full text</a>]</li>\n<li>Kong JC, Lee MS, Shin BC. Randomized clinical trials on acupuncture in Korean literature: a systematic review. <em>Evidence-based Complementary and Alternative Medicine</em>. 2009, 6(1):41-8. [<a href=\"http://ecam.oxfordjournals.org/cgi/content/full/6/1/41\">Full text</a>]</li>\n<li>Libonate J, Evans S, Tsao JC. Efficacy of acupuncture for health conditions in children: a review. <em>ScientificWorldJournal</em>. 2008, 13;8:670-82. [<a href=\"http://www.ncbi.nlm.nih.gov/pubmed/18661055?dopt=Citation\">PubMed abstract</a>]</li></ol><p><a href=\"http://www.library.nhs.uk/CAM/ViewResource.aspx?resID=311356&amp;pgID=1\">Link back to 2009 Annual Evidence Update on Acupuncture</a></p>",
  "resourceType": "Article"
}