{
  "name": "Complementary and Alternative Medicine",
  "title": "2009 Annual Evidence Update on Acupuncture - Cost-effectiveness studies",
  "rootDirectory": "/cam",
  "topics": "ACUPUNCTURE,COMPLEMENTARY AND ALTERNATIVE MEDICINE,APRIL 2009",
  "publicationDate": "2009-04-20T00:00:00",
  "url": "http://www.library.nhs.uk//cam/ViewResource.aspx?resID=311715",
  "id": "311715",
  "publicationType": "Annual Evidence Update",
  "publisher": "Complementary and Alternative Medicine Specialist Library",
  "description": "111-12009 Annual Evidence Update on Acupuncture - Cost-effectiveness studies<p>The following relevant studies on this topic have been published between February 2008 and February 2009. </p>\n<p><em>These studies have met our <a href=\"http://www.library.nhs.uk/cam/viewResource.aspx?resid=311545&amp;code=35f065d75bc2229f67fe2299ac6e8c02\">selection criteria</a> but have not been fully appraised. Where there is an appraisal available we have linked to it. If there is no appraisal and you wish to appraise the selected studies here is a </em><a href=\"http://www.phru.nhs.uk/Pages/PHD/resources.htm\"><em>link to a list of appraisal tools</em></a><em>.</em></p><br /><p>***<em>Editor's picks</em></p>\n<ol><li>*** Reinhold T, Witt CM, Jena S, Brinkhaus B, Willich SN. Quality of life and cost-effectiveness of acupuncture treatment in patients with osteoarthritis pain. <em>European Journal of Health Economics</em>. 2008, 9(3):209-19. [<a href=\"http://www.ncbi.nlm.nih.gov/pubmed/17638034?ordinalpos=2&amp;itool=EntrezSystem2.PEntrez.Pubmed.Pubmed_ResultsPanel.Pubmed_DefaultReportPanel.Pubmed_RVDocSum\">PubMed abstract</a>] [<a href=\"http://www.crd.york.ac.uk/CRDWeb/ShowRecord.asp?ID=22008101155\">EED provisional abstract</a>] </li>\n<li>*** Witt CM, Reinhold T, Jena S, Brinkhaus B, Willich SN. Cost-effectiveness of acupuncture treatment in patients with headache. <em>Cephalalgia</em>. 2008, 28(4):334-45. [<a href=\"http://www.ncbi.nlm.nih.gov/pubmed/18315686\">PubMed abstract</a>] [<a href=\"http://www.crd.york.ac.uk/CRDWeb/ShowRecord.asp?ID=22008000737\">EED abstract</a>] </li></ol><p><a href=\"http://www.library.nhs.uk/CAM/ViewResource.aspx?resID=311356&amp;pgID=1\">Link back to 2009 Annual Evidence Update on Acupuncture</a></p>",
  "resourceType": "Article"
}