{
  "name": "Complementary and Alternative Medicine",
  "title": "2009 Annual Evidence Update on Acupuncture - RCTs",
  "rootDirectory": "/cam",
  "topics": "COMPLEMENTARY AND ALTERNATIVE MEDICINE,APRIL 2009",
  "publicationDate": "2009-04-20T00:00:00",
  "url": "http://www.library.nhs.uk//cam/ViewResource.aspx?resID=311722",
  "id": "311722",
  "publicationType": "Annual Evidence Update",
  "publisher": "Complementary and Alternative Medicine Specialist Library",
  "description": "111-12009 Annual Evidence Update on Acupuncture - RCTs<p>The following relevant studies on this topic have been published between February 2008 and February 2009. </p>\n<p><em>These studies have met our <a href=\"http://www.library.nhs.uk/cam/viewResource.aspx?resid=311545&amp;code=35f065d75bc2229f67fe2299ac6e8c02\">selection criteria</a> but have not been fully appraised. Where there is an appraisal available we have linked to it. If there is no appraisal and you wish to appraise the selected studies here is a </em><a href=\"http://www.phru.nhs.uk/Pages/PHD/resources.htm\"><em>link to a list of appraisal tools</em></a><em>.</em></p><br /><p>***<em>Editor's picks</em></p>\n<ol><li>Bertisch SM, Legedza AR, Phillips RS, Davis RB, Stason WB, Goldman RH, et al. The impact of psychological factors on placebo responses in a randomized controlled trial comparing sham device to dummy pill. J Eval Clin Pract 2009 Feb;15(1):14-9. [<a href=\"http://www.ncbi.nlm.nih.gov/pubmed/19239577?dopt=Citation\">PubMed abstract</a>] </li>\n<li>Borud EK, Martinussen M, Eggen AE, Grimsgaard S. The Women's Health Questionnaire (WHQ): A psychometric evaluation of the 36-item Norwegian version. Scand J Psychol 2008 Dec 15. [<a href=\"http://www.ncbi.nlm.nih.gov/pubmed/19170970?dopt=Citation\">PubMed abstract</a>] </li>\n<li>*** Brinkhaus B, Witt CM, Jena S, Liecker B, Wegscheider K, Willich SN. Acupuncture in patients with allergic rhinitis: a pragmatic randomized trial. Ann Allergy Asthma Immunol 2008 Nov;101(5):535-43. [<a href=\"http://www.ncbi.nlm.nih.gov/pubmed/19055209?dopt=Citation\">PubMed abstract</a>] </li>\n<li>Chen GL, Xiao GM, Zheng XL. [Observation on therapeutic effect of multiple cupping at back-shu points on chronic fatigue syndrome]. Zhongguo zhen jiu = Chinese acupuncture &amp; moxibustion 2008;28:405-7. [<a href=\"http://www.mrw.interscience.wiley.com/cochrane/clcentral/articles/630/CN-00640630/frame.html\">Abstract</a>] </li>\n<li>Chen RH, Chen RL. [Effect of needling the mimetic muscle on recovery of mimetic function in the patient of spontaneous facial paralysis]. Zhongguo Zhen Jiu 2008 Nov;28(11):789-91. [<a href=\"http://www.ncbi.nlm.nih.gov/pubmed/19055279?dopt=Citation\">PubMed abstract</a>] </li>\n<li>Chen RX, Kang MF, He WL, Chen SY, Zhang B. [Moxibustion on heat-sensitive acupoints for treatment of myofascial pain syndrome: a multi-central randomized controlled trial]. Zhongguo zhen jiu = Chinese acupuncture &amp; moxibustion 2008;28:395-8. [<a href=\"http://www.mrw.interscience.wiley.com/cochrane/clcentral/articles/627/CN-00640627/frame.html\">Abstract</a>] </li>\n<li>Chen ZX. [Clinical observation on acupuncture combined with diet control for treatment of simple obesity]. Zhongguo Zhen Jiu 2008 Dec;28(12):888-90. [<a href=\"http://www.ncbi.nlm.nih.gov/pubmed/19127915?dopt=Citation\">PubMed abstract</a>] </li>\n<li>Chen ZX. [Control study on acupuncture and medication for treatment of primary simple premature ejaculation]. Zhongguo Zhen Jiu 2009 Jan;29(1):13-5. [<a href=\"http://www.ncbi.nlm.nih.gov/pubmed/19186715?dopt=Citation\">PubMed abstract</a>] </li>\n<li>Chin Feman SP, Nguyen LT, Quilty MT, Kerr CE, Nam BH, Conboy LA, et al. Effectiveness of recruitment in clinical trials: an analysis of methods used in a trial for irritable bowel syndrome patients. Contemp Clin Trials 2008 Mar;29(2):241-51. [<a href=\"http://www.pubmedcentral.nih.gov/articlerender.fcgi?tool=pubmed&amp;pubmedid=17919993\">Full text</a>] </li>\n<li>Deng G, Rusch V, Vickers A, Malhotra V, Ginex P, Downey R, et al. Randomized controlled trial of a special acupuncture technique for pain after thoracotomy. J Thorac Cardiovasc Surg 2008 Dec;136(6):1464-9. [<a href=\"http://www.ncbi.nlm.nih.gov/pubmed/19114190?dopt=Citation\">PubMed abstract</a>] </li>\n<li>Domar AD, Meshay I, Kelliher J, Alper M, Powers RD. The impact of acupuncture on in vitro fertilization outcome. Fertil Steril 2008 Mar 1. [<a href=\"http://www.ncbi.nlm.nih.gov/pubmed/18314118?dopt=Citation\">PubMed abstract</a>] </li>\n<li>Elden H, Hagberg H, Olsen MF, Ladfors L, Ostgaard HC. Regression of pelvic girdle pain after delivery: follow-up of a randomised single blind controlled trial with different treatment modalities. Acta Obstetricia et Gynecologica Scandinavica 2008;87:201-8. [<a href=\"http://www.mrw.interscience.wiley.com/cochrane/clcentral/articles/696/CN-00629696/frame.html\">Abstract</a>] </li>\n<li>*** Elden H, Ostgaard HC, Fagevik OM, Ladfors L, Hagberg H. Treatments of pelvic girdle pain in pregnant women: adverse effects of standard treatment, acupuncture and stabilising exercises on the pregnancy, mother, delivery and the fetus/neonate. BMC Complementary and Alternative Medicine 2008;8:34. [<a href=\"http://www.biomedcentral.com/1472-6882/8/34\">Full text</a>] </li>\n<li>Elden H, Fagevik-Olsen M, Ostgaard HC, Stener-Victorin E, Hagberg H. Acupuncture as an adjunct to standard treatment for pelvic girdle pain in pregnant women: randomised double-blinded controlled trial comparing acupuncture with non-penetrating sham acupuncture. BJOG 2008 Dec;115(13):1655-68. [<a href=\"http://www.ncbi.nlm.nih.gov/pubmed/18947338?dopt=Citation\">PubMed abstract</a>] </li>\n<li>Facco E, Liguori A, Petti F, Zanette G, Coluzzi F, De NM, et al. Traditional acupuncture in migraine: a controlled, randomized study. Headache 2008;48:398-407. [<a href=\"http://www.mrw.interscience.wiley.com/cochrane/clcentral/articles/820/CN-00627820/frame.html\">Abstract</a>] </li>\n<li>Fei CT, Xu YJ, Xu SQ, Gao CL. [Observation on therapeutic effect of auricular point sticking combined with Tongshiji treatment on child ametropic amblyopia]. Zhongguo zhen jiu = Chinese acupuncture &amp; moxibustion 2008;28:270-2. [<a href=\"http://www.mrw.interscience.wiley.com/cochrane/clcentral/articles/645/CN-00639645/frame.html\">Abstract</a>] </li>\n<li>Fu LX, Shi HY, Chang WX, Shou ST, Zhao H, Liu XQ, et al. [Study on electroacupuncture at shuigou (GV 26) for treatment of mild and moderate shock: a multicentral and randomized controlled trial]. Zhongguo zhen jiu = Chinese acupuncture &amp; moxibustion 2008;28:473-6. [<a href=\"http://www.mrw.interscience.wiley.com/cochrane/clcentral/articles/240/CN-00650240/frame.html\">Abstract</a>] </li>\n<li>Fu WB, Fan L, Zhu XP, He Q, Wang L, Zhuang LX, et al. [Acupuncture for treatment of depressive neurosis: a multi-center randomized controlled study]. Zhongguo zhen jiu = Chinese acupuncture &amp; moxibustion 2008;28:3-6. [<a href=\"http://www.mrw.interscience.wiley.com/cochrane/clcentral/articles/450/CN-00622450/frame.html\">Abstract</a>] </li>\n<li>Goldman RH, Stason WB, Park SK, Kim R, Schnyer RN, Davis RB, et al. Acupuncture for treatment of persistent arm pain due to repetitive use: a randomized controlled clinical trial. The Clinical journal of pain 2008;24:211-8. [<a href=\"http://www.mrw.interscience.wiley.com/cochrane/clcentral/articles/936/CN-00637936/frame.html\">Abstract</a>] </li>\n<li>Hansson Y, Carlsson C, Olsson E. Intramuscular and periosteal acupuncture in patients suffering from chronic musculoskeletal pain - a controlled trial. Acupunct Med 2008 Dec;26(4):214-23. [<a href=\"http://www.ncbi.nlm.nih.gov/pubmed/19098692?dopt=Citation\">PubMed abstract</a>] </li>\n<li>He JQ, Chen BY, Huang T, Li N, Bai J, Gu M, et al. [Randomized controlled multi-central study on acupuncture at Tanzhong (CV 17) for treatment of postpartum hypolactation]. Zhongguo zhen jiu = Chinese acupuncture &amp; moxibustion 2008;28:317-20. [<a href=\"http://www.mrw.interscience.wiley.com/cochrane/clcentral/articles/969/CN-00649969/frame.html\">Abstract</a>] </li>\n<li>Huang YF, Wang TF, Liu Y, Zhang SX. [Clinical observation on Jiquan (HT 1) for treatment of cervical spondylosis of nerve root type]. Zhongguo zhen jiu = Chinese acupuncture &amp; moxibustion 2008;28:427-8. [<a href=\"http://www.mrw.interscience.wiley.com/cochrane/clcentral/articles/634/CN-00640634/frame.html\">Abstract</a>] </li>\n<li>Huang ZG. [Observation on therapeutic effect of warming needle therapy on chronic colitis]. Zhongguo Zhen Jiu 2008 Nov;28(11):795-7. [<a href=\"http://www.ncbi.nlm.nih.gov/pubmed/19055281?dopt=Citation\">PubMed abstract</a>] </li>\n<li>*** Jena S, Witt CM, Brinkhaus B, Wegscheider K, Willich SN. Acupuncture in patients with headache. Cephalalgia 2008 Sep;28(9):969-79. [<a href=\"http://www.ncbi.nlm.nih.gov/pubmed/18624803?dopt=Citation\">PubMed abstract</a>] </li>\n<li>Kaptchuk TJ, Kelley JM, Conboy LA, Davis RB, Kerr CE, Jacobson EE, et al. Components of placebo effect: randomised controlled trial in patients with irritable bowel syndrome. BMJ 2008;336:999-1003. [<a href=\"http://www.mrw.interscience.wiley.com/cochrane/clcentral/articles/176/CN-00631176/frame.html\">Abstract</a>] </li>\n<li>Kindberg S, Klunder L, Strom J, Henriksen TB. Ear acupuncture or local anaesthetics as pain relief during postpartum surgical repair: a randomised controlled trial. BJOG 2008 Dec 19. [<a href=\"http://www.ncbi.nlm.nih.gov/pubmed/19120322?dopt=Citation\">PubMed abstract</a>] </li>\n<li>Li CH, Wang YZ, Guo XY. [Acupuncture at Siguan points for treatment of primary dysmenorrhea]. Zhongguo zhen jiu = Chinese acupuncture &amp; moxibustion 2008;28:187-90. [<a href=\"http://www.mrw.interscience.wiley.com/cochrane/clcentral/articles/436/CN-00631436/frame.html\">Abstract</a>] </li>\n<li>Li J, Han CH, Cheng XH, Zhu GX, Gong XH, Hou WG, et al. [Observation on therapeutic effects of elongated needle therapy on dysuria induced by benign prostatic hyperplasia]. Zhongguo Zhen Jiu 2008 Oct;28(10):707-9. [<a href=\"http://www.mrw.interscience.wiley.com/cochrane/clcentral/articles/436/CN-00631436/frame.html\">PubMed abstract</a>] </li>\n<li>Li N, He HB, Wang CW, Yang CM. [Observation on therapeutic effect of electroacupuncture at Chengshan (BL 57) and Changqiang (GV 1) on hemorrhoidal pain]. Zhongguo Zhen Jiu 2008 Nov;28(11):792-4. [<a href=\"http://www.ncbi.nlm.nih.gov/pubmed/19055280?dopt=Citation\">PubMed abstract</a>] </li>\n<li>Liang SY. [Observation on therapeutic effect of tendon-muscle picking therapy on myofascitis of back]. Zhongguo zhen jiu = Chinese acupuncture &amp; moxibustion 2008;28:621-2. [<a href=\"http://www.mrw.interscience.wiley.com/cochrane/clcentral/articles/922/CN-00650922/frame.html\">Abstract</a>] </li>\n<li>Liu B, Wang HM, Wang FY. [Observation on therapeutic effect of electroacupuncture combined with local blocking therapy on acute gouty arthritis]. Zhongguo zhen jiu = Chinese acupuncture &amp; moxibustion 2008;28:659-61. [<a href=\"http://www.mrw.interscience.wiley.com/cochrane/clcentral/articles/243/CN-00651243/frame.html\">Abstract</a>] </li>\n<li>Liu M, Huang ZM. [Effects of small needle-knife comprehensive therapy on pain and lumbar flexion range in the chronic nonspecific low back pain patient]. Zhongguo Zhen Jiu 2008 Oct;28(10):733-5. [<a href=\"http://www.ncbi.nlm.nih.gov/pubmed/18972730?dopt=Citation\">PubMed abstract</a>] </li>\n<li>Liu QG, Wang CY, Jiao S, Tang LX, Peng MH, Tian LF, et al. [Electroacupuncture at Zhongji (CV 3) for treatment of benign hyperplasia of prostate: a multi-central randomized controlled study]. Zhongguo zhen jiu = Chinese acupuncture &amp; moxibustion 2008;28:555-9. [<a href=\"http://www.mrw.interscience.wiley.com/cochrane/clcentral/articles/913/CN-00650913/frame.html\">Abstract</a>] </li>\n<li>Liu XD, Zhang JL, Zheng HG, Liu FY, Chen Y. [Clinical randomized study of bee-sting therapy for rheumatoid arthritis]. Zhen ci yan jiu = Acupuncture research / [Zhongguo yi xue ke xue yuan Yi xue qing bao yan jiu suo bian ji ] 2008;33:197-200. [<a href=\"http://www.mrw.interscience.wiley.com/cochrane/clcentral/articles/172/CN-00651172/frame.html\">Abstract</a>] </li>\n<li>Liu YC, Zhang HX, Chen GH, Wu WL, Hu JJ, Wan WJ, et al. [Therapeutic effects of scalp-acupuncture in patients with vascular dementia induced by cerebral infarction: a randomized controlled trial]. Zhong Xi Yi Jie He Xue Bao 2008 Aug;6(8):806-9. [<a href=\"http://www.ncbi.nlm.nih.gov/pubmed/18664348?dopt=Citation\">PubMed abstract</a>] </li>\n<li>Ma LX, Yang F, Zhu J, He ZP, Chen Y, Xu HY, et al. [A comparative study of effects of electroacupuncture with different stimulation parameters on medicine-induced abortion]. Zhongguo zhen jiu = Chinese acupuncture &amp; moxibustion 2008;28:477-80. [<a href=\"http://www.mrw.interscience.wiley.com/cochrane/clcentral/articles/241/CN-00650241/frame.html\">Abstract</a>] </li>\n<li>Mårtensson L, Stener VE, Wallin G. Acupuncture versus subcutaneous injections of sterile water as treatment for labour pain. Acta Obstetricia et Gynecologica Scandinavica 2008;87:171-7. [<a href=\"http://www.mrw.interscience.wiley.com/cochrane/clcentral/articles/695/CN-00629695/frame.html\">Abstract</a>] </li>\n<li>Meng P, Wang LL, Xu B, Sun HX. [Application of acupuncture compound anesthesia in transvaginal ultrasound-guided oocyte retrieval]. Zhongguo zhen jiu = Chinese acupuncture &amp; moxibustion 2008;28:451-5. [<a href=\"http://www.mrw.interscience.wiley.com/cochrane/clcentral/articles/635/CN-00640635/frame.html\">Abstract</a>] </li>\n<li>Meng P, Wang LL. [Analgesic effect of acupuncture compound anesthesia for patients of different pain thresholds]. Zhongguo Zhen Jiu 2009 Jan;29(1):29-31. [<a href=\"http://www.ncbi.nlm.nih.gov/pubmed/19186718?dopt=Citation\">PubMed abstract</a>] </li>\n<li>Myers SS, Phillips RS, Davis RB, Cherkin DC, Legedza A, Kaptchuk TJ, et al. Patient expectations as predictors of outcome in patients with acute low back pain. Journal of general internal medicine : official journal of the Society for Research and Education in Primary Care Internal Medicine 2008;23:148-53. [<a href=\"http://www.mrw.interscience.wiley.com/cochrane/clcentral/articles/646/CN-00621646/frame.html\">Abstract</a>] </li>\n<li>Nedeljkovic M, Ljustina-Pribic R, Savic K. Innovative approach to laser acupuncture therapy of acute obstruction in asthmatic children. Med Pregl 2008 Mar;61(3-4):123-30. [<a href=\"http://www.ncbi.nlm.nih.gov/pubmed/18773686?dopt=Citation\">PubMed abstract</a>] </li>\n<li>Peng KZ, Xiang KW, Cui J. [Observation on therapeutic effect of intradermal needle combined with Tuina on lumbar disc herniation]. Zhongguo Zhen Jiu 2008 Dec;28(12):894-6. [<a href=\"http://www.ncbi.nlm.nih.gov/pubmed/19127917?dopt=Citation\">PubMed abstract</a>] </li>\n<li>*** Reinhold T, Witt CM, Jena S, Brinkhaus B, Willich SN. Quality of life and cost-effectiveness of acupuncture treatment in patients with osteoarthritis pain. Eur J Health Econ 2008 Aug;9(3):209-19. [<a href=\"http://www.ncbi.nlm.nih.gov/pubmed/17638034?dopt=Citation\">PubMed abstract</a>] </li>\n<li>Ritenbaugh C, Hammerschlag R, Calabrese C, Mist S, Aickin M, Sutherland E, et al. A pilot whole systems clinical trial of traditional chinese medicine and naturopathic medicine for the treatment of temporomandibular disorders. Journal of Alternative and Complementary Medicine 2008;14:475-87. [<a href=\"http://www.mrw.interscience.wiley.com/cochrane/clcentral/articles/342/CN-00640342/frame.html\">PubMed abstract</a>] </li>\n<li>Sahmeddini MA, Fazelzadeh A. Does auricular acupuncture reduce postoperative vomiting after cholecystectomy? J Altern Complement Med 2008 Dec;14(10):1275-9. [<a href=\"http://www.ncbi.nlm.nih.gov/pubmed/19130635?dopt=Citation\">PubMed abstract</a>] </li>\n<li>Sertel S, Herrmann S, Greten HJ, Haxsen V, El-Bitar S, Simon CH, et al. Additional use of acupuncture to NSAID effectively reduces post-tonsillectomy pain. Eur Arch Otorhinolaryngol 2008 Nov 4. [<a href=\"http://www.ncbi.nlm.nih.gov/pubmed/18982338?dopt=Citation\">PubMed abstract</a>] </li>\n<li>Shang YJ, Ma CC, Cai YY, Wang DS, Kong LL. [Clinical study on acupuncture combined with rehabilitation therapy for treatment of poststroke shoulder-hand syndrome]. Zhongguo zhen jiu = Chinese acupuncture &amp; moxibustion 2008;28:331-3. [<a href=\"http://www.mrw.interscience.wiley.com/cochrane/clcentral/articles/973/CN-00649973/frame.html\">Abstract</a>]</li>\n<li>She RP. [Observation on therapeutic effect of deeply needling Qiangji 4 points on prolapse of lumbar intervertebral disc]. Zhongguo zhen jiu = Chinese acupuncture &amp; moxibustion 2008;28:341-4. [<a href=\"http://www.mrw.interscience.wiley.com/cochrane/clcentral/articles/976/CN-00649976/frame.html\">Abstract</a>] </li>\n<li>Smith CA, Crowther CA, Collins CT, Coyle ME. Acupuncture to induce labor: a randomized controlled trial. Obstet Gynecol 2008 Nov;112(5):1067-74. [<a href=\"http://www.ncbi.nlm.nih.gov/pubmed/18978107?dopt=Citation\">PubMed abstract</a>] </li>\n<li>So EW, Ng EH, Wong YY, Lau EY, Yeung WS, Ho PC. A randomized double blind comparison of real and placebo acupuncture in IVF treatment. Hum Reprod 2009 Feb;24(2):341-8. [<a href=\"http://humrep.oxfordjournals.org/cgi/content/full/24/2/341\">Full text</a>] </li>\n<li>Song FJ, Zheng SL, Ma DZ. [Clinical observation on acupuncture for treatment of infertility of ovulatory disturbance]. Zhongguo zhen jiu = Chinese acupuncture &amp; moxibustion 2008;28:21-3. [<a href=\"http://www.mrw.interscience.wiley.com/cochrane/clcentral/articles/454/CN-00622454/frame.html\">Abstract</a>] </li>\n<li>Takakura N, Yajima H. A placebo acupuncture needle with potential for double blinding - a validation study. Acupunct Med 2008 Dec;26(4):224-30. [<a href=\"http://www.ncbi.nlm.nih.gov/pubmed/19098693?dopt=Citation\">PubMed abstract</a>] </li>\n<li>Tang HS. [Comparative observation of corresponding channel point selection for treatment of prolapse of lumbar intervertebral disc]. Zhongguo zhen jiu = Chinese acupuncture &amp; moxibustion 2008;28:582-4. [<a href=\"http://www.mrw.interscience.wiley.com/cochrane/clcentral/articles/920/CN-00650920/frame.html\">Abstract</a>] </li>\n<li>*** Vas J, Ortega C, Olmo V, Perez FF, Hernandez L, Medina I, et al. Single-point acupuncture and physiotherapy for the treatment of painful shoulder: a multicentre randomized controlled trial. Rheumatology 2008;47:887-93. [<a href=\"http://www.mrw.interscience.wiley.com/cochrane/clcentral/articles/858/CN-00638858/frame.html\">Abstract</a>] </li>\n<li>Wang LC, Wang ZY, Kang XZ, Jia LJ. [Comparative study on effects of different acupuncture manipulation methods at neiguan (PC 6) on hand spasm in the patient of stroke]. Zhongguo zhen jiu = Chinese acupuncture &amp; moxibustion 2008;28:503-6. [<a href=\"https://rmsadmin.library.nhs.uk/admin/wizards/articles/PubMed\">Abstract</a>] </li>\n<li>Wang S, Hu HC, Wang DS. [Randomized controlled study on reinforcing method of acupuncture for treatment of Bell's palsy at restoration stage]. Zhongguo zhen jiu = Chinese acupuncture &amp; moxibustion 2008;28:111-3. [<a href=\"http://www.mrw.interscience.wiley.com/cochrane/clcentral/articles/258/CN-00631258/frame.html\">Abstract</a>] </li>\n<li>Wang XL. [Observation on therapeutic effect of shu-needling therapy as main on cervical spondylosis of nerve root type]. Zhongguo zhen jiu = Chinese acupuncture &amp; moxibustion 2008;28:497-8. [<a href=\"http://www.mrw.interscience.wiley.com/cochrane/clcentral/articles/246/CN-00650246/frame.html\">Abstract</a>] </li>\n<li>Wang ZQ, Huang YQ, Liang B. [Clinical observation on electroacupuncture and Chinese drug for treatment of oligospermia and asthenospermia of the male infertility patient]. Zhongguo Zhen Jiu 2008 Nov;28(11):805-7. [<a href=\"http://www.ncbi.nlm.nih.gov/pubmed/19055284?dopt=Citation\">PubMed abstract</a>] </li>\n<li>*** Witt CM, Reinhold T, Jena S, Brinkhaus B, Willich SN. Cost-effectiveness of acupuncture treatment in patients with headache. Cephalalgia : an international journal of headache 2008;28:334-45. [<a href=\"http://www.mrw.interscience.wiley.com/cochrane/clcentral/articles/593/CN-00630593/frame.html\">Abstract</a>] </li>\n<li>*** Witt CM, Reinhold T, Brinkhaus B, Roll S, Jena S, Willich SN. Acupuncture in patients with dysmenorrhea: a randomized study on clinical effectiveness and cost-effectiveness in usual care. American Journal of Obstetrics and Gynecology 2008;198:166-8. [<a href=\"http://www.mrw.interscience.wiley.com/cochrane/clcentral/articles/369/CN-00622369/frame.html\">Abstract</a>] </li>\n<li>***Witt CM, Reinhold T, Jena S, Brinkhaus B, Willich SN. Cost-effectiveness of acupuncture in women and men with allergic rhinitis: a randomized controlled study in usual care. Am J Epidemiol 2009 Mar 1;169(5):562-71. [<a href=\"http://www.ncbi.nlm.nih.gov/pubmed/19126587?dopt=Citation\">PubMed abstract</a>] </li>\n<li>Wu Y, Zou LP, Han TL, Zheng H, Caspi O, Wong V, et al. Randomized controlled trial of traditional Chinese medicine (acupuncture and tuina) in cerebral palsy: part 1--any increase in seizure in integrated acupuncture and rehabilitation group versus rehabilitation group? J Altern Complement Med 2008 Oct;14(8):1005-9. [<a href=\"http://www.ncbi.nlm.nih.gov/pubmed/18990048?dopt=Citation\">PubMed abstract</a>] </li>\n<li>Wu YH, Sun CL, Wu D, Huang YY, Chi CM. [Observation on therapeutic effect of acupuncture on restless legs syndrome]. Zhongguo zhen jiu = Chinese acupuncture &amp; moxibustion 2008;28:27-9. [<a href=\"http://www.mrw.interscience.wiley.com/cochrane/clcentral/articles/456/CN-00622456/frame.html\">Abstract</a>] </li>\n<li>Xia XH, Hu L, Qin ZY, Zhou J, Meng L, Li WL, et al. [Multicentral randomized controlled clinical trials about treatment of perimenopausal syndrome with electroacupuncture of sanyinjiao (SP 6)]. Zhen ci yan jiu = Acupuncture research / [Zhongguo yi xue ke xue yuan Yi xue qing bao yan jiu suo bian ji ] 2008;33:262-6. [<a href=\"http://www.mrw.interscience.wiley.com/cochrane/clcentral/articles/425/CN-00651425/frame.html\">Abstract</a>] </li>\n<li>Xing XM. [Observation on therapeutic effect of Yongquan (KI 1) acupoint sticking therapy on infantile nasal obstruction]. Zhongguo Zhen Jiu 2008 Nov;28(11):808-10. [<a href=\"http://www.ncbi.nlm.nih.gov/pubmed/19055285?dopt=Citation\">PubMed abstract</a>] </li>\n<li>Yang HY, Liu TY, Wang YH, Ying SG, Zheng CY, Kuai L, et al. [Acupoint electrogymnastics therapy for treatment of apoplectic hemiplegia: a multicenter randomized control study]. Zhongguo zhen jiu = Chinese acupuncture &amp; moxibustion 2008;28:635-8. [<a href=\"http://www.mrw.interscience.wiley.com/cochrane/clcentral/articles/237/CN-00651237/frame.html\">Abstract</a>] </li>\n<li>Yang ZX, Bian JL, Xu JF, Shen PF, Xiong J, Guo JK, et al. [Multi-central controlled study on acupuncture for treatment of cerebral infarction in restoration stage]. Zhongguo zhen jiu = Chinese acupuncture &amp; moxibustion 2008;28:239-43. [<a href=\"http://www.mrw.interscience.wiley.com/cochrane/clcentral/articles/638/CN-00639638/frame.html\">Abstract</a>] </li>\n<li>Yi WM, Li JJ, Lu XM, Jin LL, Pan AZ, Zou YQ. [Effects of electroacupuncture on urinary bladder function after radical hysterectomy]. Zhongguo zhen jiu = Chinese acupuncture &amp; moxibustion 2008;28:653-5. [<a href=\"http://www.mrw.interscience.wiley.com/cochrane/clcentral/articles/242/CN-00651242/frame.html\">Abstract</a>] </li>\n<li>Yin LL, Li YH, Wang SX. [Observation on therapeutic effect of acupoint sticking therapy on simple obesity]. Zhongguo zhen jiu = Chinese acupuncture &amp; moxibustion 2008;28:402-4. [PubMed abstract] </li>\n<li>Zeng HW, Nie B, Shi LL. [Observation on therapeutic effect of blood-letting puncture combined with red-hot needle therapy on knee osteoarthritis]. Zhongguo zhen jiu = Chinese acupuncture &amp; moxibustion 2008;28:493-5. [<a href=\"http://www.mrw.interscience.wiley.com/cochrane/clcentral/articles/629/CN-00640629/frame.html\">Abstract</a>] </li>\n<li>Zhang BM, Wu YC, Shao P, Shen J, Jin RF. Electro-acupuncture therapy for lumbar intervertebral disc protrusion: A randomized controlled study. [Chinese]. Journal of Clinical Rehabilitative Tissue Engineering Research 2008;12:353-5. [<a href=\"http://www.mrw.interscience.wiley.com/cochrane/clcentral/articles/073/CN-00643073/frame.html\">Abstract</a>] </li>\n<li>Zhang GA, Luo J, Huang LH. [Observation on clinical therapeutic effect of improved thunder-fire miraculous needle on vertigo]. Zhongguo zhen jiu = Chinese acupuncture &amp; moxibustion 2008;28:280-2. [<a href=\"http://www.mrw.interscience.wiley.com/cochrane/clcentral/articles/646/CN-00639646/frame.html\">Abstract</a>] </li>\n<li>Zhang GX. [Treatment of acute injury of soft tissue around shoulder joint by exercise needling and electroacupuncture as main]. Zhongguo zhen jiu = Chinese acupuncture &amp; moxibustion 2008;28:485-8. [<a href=\"http://www.mrw.interscience.wiley.com/cochrane/clcentral/articles/243/CN-00650243/frame.html\">Abstract</a>] </li>\n<li>Zhang H, Zhao L, He CQ, Hu KM, Liu J. [Clinically multi-central randomized controlled study on scalp electroacupuncture for treatment of vascular dementia]. Zhongguo Zhen Jiu 2008 Nov;28(11):783-7. [<a href=\"http://www.ncbi.nlm.nih.gov/pubmed/19055278?dopt=Citation\">PubMed abstract</a>] </li>\n<li>Zhang LJ, Song AF, Wang ZH, Lu Y. [Effects of the needling method for regulating kidney and smoothing liver on endocrine and immune functions in the patient with hyperplasia of mammary glands]. Zhongguo zhen jiu = Chinese acupuncture &amp; moxibustion 2008;28:648-52. [<a href=\"http://www.mrw.interscience.wiley.com/cochrane/clcentral/articles/241/CN-00651241/frame.html\">Abstract</a>] </li>\n<li>Zhang ZL, Ji XQ, Zhao SH, Zhang JJ, Kang T, Yang XJ. [Randomized controlled study on effects of the needling method for regulating spleen-stomach on coronary heart disease complicated by type 2 diabetes mellitus complicated]. Zhongguo zhen jiu = Chinese acupuncture &amp; moxibustion 2008;28:629-33. [<a href=\"http://www.mrw.interscience.wiley.com/cochrane/clcentral/articles/236/CN-00651236/frame.html\">Abstract</a>] </li>\n<li>Zhou GY, Zhou GS, Zhang H. [Observation on therapeutic effect of low energy He-Ne laser acupoint radiation on infantile cold]. Zhongguo zhen jiu = Chinese acupuncture &amp; moxibustion 2008;28:662-4. [<a href=\"http://www.mrw.interscience.wiley.com/cochrane/clcentral/articles/244/CN-00651244/frame.html\">Abstract</a>] </li>\n<li>Zhou WY, Zhao JG, Han YY, Hong Z, Gao Y. [Clinical study of acupuncture and moxibustion for preventing nosocomial infection in the patient with acute cerebrovascular disease]. Zhongguo zhen jiu = Chinese acupuncture &amp; moxibustion 2008;28:91-4. [<a href=\"http://www.mrw.interscience.wiley.com/cochrane/clcentral/articles/255/CN-00631255/frame.html\">Abstract</a>] </li></ol><p><a href=\"http://www.library.nhs.uk/cam/ViewResource.aspx?resID=311356&amp;pgID=1\"><strong>Link back to 2009 Annual Evidence Update on Acupuncture</strong> </a><a href=\"http://www.library.nhs.uk/cam/ViewResource.aspx?resID=311356&amp;pgID=1\"></a></p>",
  "resourceType": "Article"
}