{
  "name": "Complementary and Alternative Medicine",
  "title": "2009 Annual Evidence Update on Acupuncture - Neurological disorders",
  "rootDirectory": "/cam",
  "topics": "ACUPUNCTURE,COMPLEMENTARY AND ALTERNATIVE MEDICINE,CONDITIONS M-O,CONDITIONS A-Z,APRIL 2009,NERVOUS SYSTEM DISEASES",
  "publicationDate": "2009-04-20T00:00:00",
  "url": "http://www.library.nhs.uk//cam/ViewResource.aspx?resID=311830",
  "id": "311830",
  "publicationType": "Annual Evidence Update",
  "publisher": "Complementary and Alternative Medicine Specialist Library",
  "description": "111-12009 Annual Evidence Update on Acupuncture - Neurological disorders<p>The following relevant studies on this topic have been published between February 2008 and February 2009. </p>\n<p><em>These studies have met our <a href=\"http://www.library.nhs.uk/cam/viewResource.aspx?resid=311545&amp;code=35f065d75bc2229f67fe2299ac6e8c02\">selection criteria</a> but have not been fully appraised. Where there is an appraisal available we have linked to it. If there is no appraisal and you wish to appraise the selected studies here is a </em><a href=\"http://www.phru.nhs.uk/Pages/PHD/resources.htm\"><em>link to a list of appraisal tools</em></a><em>.</em></p>\n<ol><li>Cheuk DKL, Wong V. Acupuncture for epilepsy. <i>Cochrane Database of Systematic Reviews</i> 2008, Issue 4. Art. No.: CD005062. DOI: 10.1002/14651858.CD005062.pub3. [<a href=\"http://www.mrw.interscience.wiley.com/cochrane/clsysrev/articles/CD005062/frame.html\">Full text</a>] (Updated Cochrane review) </li>\n<li>Cui Y, Wang Y, Liu Z. Acupuncture for restless legs syndrome. <i>Cochrane Database of Systematic Reviews</i> 2008, Issue 4. Art. No.: CD006457. DOI: 10.1002/14651858.CD006457.pub2. [<a href=\"http://www.mrw.interscience.wiley.com/cochrane/clsysrev/articles/CD006457/frame.html\">Full text</a>] </li>\n<li>Davis MA, Kononowech RW, Rolin SA, Spierings EL. Acupuncture for tension-type headache: a meta-analysis of randomized, controlled trials. <em>Journal of Pain</em>. 2008 Aug;9(8):667-77. [<a href=\"http://www.ncbi.nlm.nih.gov/pubmed/18499526?dopt=Citation\">PubMed abstract</a>] [<a href=\"http://www.crd.york.ac.uk/CRDWeb/ShowRecord.asp?ID=12008105798\">DARE provisional record</a>] </li>\n<li>Guo XX, Jin HS, Huo L, Zheng J, Zhou XM. [Meta-analysis on acupuncture for treatment of dementia] <em>Zhongguo Zhen Jiu</em>. 2008, 28(2):140-4. [Article in Chinese] [<a href=\"http://www.ncbi.nlm.nih.gov/pubmed/18405161?dopt=Citation\">PubMed abstract</a>] </li>\n<li>He J, Zheng M, He CQ, Lan Q, Qu Y, Gao Q, Wang L, Yong YH, Guan M. [Systematic assessment of acupoint stimulating therapy for deglutition disorders after apoplexy] <em>Zhongguo Zhen Jiu</em>. 2009, 29(1):66-71. [Article in Chinese] [<a href=\"http://www.ncbi.nlm.nih.gov/pubmed/19186727?dopt=Citation\">PubMed abstract</a>] </li>\n<li>Lam YC, Kum WF, Durairajan SS, Lu JH, Man SC, Xu M, Zhang XF, Huang XZ, Li M. Efficacy and safety of acupuncture for idiopathic Parkinson's disease: a systematic review. <em>Journal of Alternative and Complementary Medicine</em>. 2008, 14(6):663-71. [<a href=\"http://www.ncbi.nlm.nih.gov/pubmed/18684073?dopt=Citation\">PubMed abstract</a>] </li>\n<li>Lee MS, Shin BC, Kong JC, Ernst E. Effectiveness of acupuncture for Parkinson's disease: a systematic review. <em>Movement Disorders</em>. 2008, 23(11):1505-15. [<a href=\"http://www.ncbi.nlm.nih.gov/pubmed/18618661?dopt=Citation\">PubMed abstract</a>] </li>\n<li>*** Linde K, Allais G, Brinkhaus B, Manheimer E, Vickers A, White AR. Acupuncture for tension-type headache. Cochrane Database of Systematic Reviews 2009, Issue 1. Art. No.: CD007587. DOI: 10.1002/14651858.CD007587. [<a href=\"http://www.mrw.interscience.wiley.com/cochrane/clsysrev/articles/CD007587/frame.html\">Full text</a>] </li>\n<li>*** Linde K, Allais G, Brinkhaus B, Manheimer E, Vickers A, White AR. Acupuncture for migraine prophylaxis. Cochrane Database of Systematic Reviews 2009, Issue 1. Art. No.: CD001218. DOI: 10.1002/14651858.CD001218.pub2. [<a href=\"http://www.mrw.interscience.wiley.com/cochrane/clsysrev/articles/CD001218/frame.html\">Full text</a>] (Updated Cochrane review) </li>\n<li>Sun Y, Gan TJ. Acupuncture for the management of chronic headache: a systematic review. <em>Anesthesia and Analgesia</em>. 2008 Dec;107(6):2038-47. [<a href=\"http://www.ncbi.nlm.nih.gov/pubmed/19020156?dopt=Citation\">PubMed abstract</a>] </li>\n<li>Zheng H, Li Y, Chen M. Evidence based acupuncture practice recommendations for peripheral facial paralysis. <em>American Journal of Chinese Medicine</em>. 2009, 37(1):35-43. [<a href=\"http://www.ncbi.nlm.nih.gov/pubmed/19222110?dopt=Citation\">PubMed abstract</a>]</li></ol><p><a href=\"http://www.library.nhs.uk/CAM/ViewResource.aspx?resID=311356&amp;pgID=1\">Link back to 2009 Annual Evidence Update on Acupuncture</a></p>",
  "resourceType": "Article"
}