{
  "name": "Complementary and Alternative Medicine",
  "title": "2009 Annual Evidence Update on Acupuncture - Musculoskeletal diseases",
  "rootDirectory": "/cam",
  "topics": "ACUPUNCTURE,COMPLEMENTARY AND ALTERNATIVE MEDICINE,MUSCULOSKELETAL DISEASES,CONDITIONS M-O,CONDITIONS A-Z,APRIL 2009",
  "publicationDate": "2009-04-20T00:00:00",
  "url": "http://www.library.nhs.uk//cam/ViewResource.aspx?resID=311827",
  "id": "311827",
  "publicationType": "Annual Evidence Update",
  "publisher": "Complementary and Alternative Medicine Specialist Library",
  "description": "111-12009 Annual Evidence Update on Acupuncture - Musculoskeletal diseases<p>The following relevant studies on this topic have been published between February 2008 and February 2009. </p>\n<p><em>These studies have met our <a href=\"http://www.library.nhs.uk/cam/viewResource.aspx?resid=311545&amp;code=35f065d75bc2229f67fe2299ac6e8c02\">selection criteria</a> but have not been fully appraised. Where there is an appraisal available we have linked to it. If there is no appraisal and you wish to appraise the selected studies here is a </em><a href=\"http://www.phru.nhs.uk/Pages/PHD/resources.htm\"><em>link to a list of appraisal tools</em></a><em>.</em></p>\n<ol><li>Cui Y, Wang Y, Liu Z. Acupuncture for restless legs syndrome. <i>Cochrane Database of Systematic Reviews</i> 2008, Issue 4. Art. No.: CD006457. DOI: 10.1002/14651858.CD006457.pub2. [<a href=\"http://www.mrw.interscience.wiley.com/cochrane/clsysrev/articles/CD006457/frame.html\">Full text</a>] </li>\n<li>Ee CC, Manheimer E, Pirotta MV, White AR. Acupuncture for pelvic and back pain in pregnancy: a systematic review. <em>American Journal of Obstetrics and Gynecology</em>. 2008, 198(3):254-9. [<a href=\"http://www.ncbi.nlm.nih.gov/pubmed/18313444?dopt=Citation\">PubMed abstract</a>] [<a href=\"http://www.crd.york.ac.uk/CRDWeb/ShowRecord.asp?ID=12008102610\">DARE appraisal</a>] </li>\n<li>Fu LM, Li JT, Wu WS. Randomized controlled trials of acupuncture for neck pain: systematic review and meta-analysis. <em>Journal of Alternative and Complementary Medicine</em>. 2009, 15(2):133-145. [<a href=\"http://www.ncbi.nlm.nih.gov/pubmed/19216662?dopt=Citation\">PubMed abstract</a>] </li>\n<li>Harland S, Bleakley C, McDonough SM. Acupuncture in soft tissue injury management: a systematic review. Rehabilitation and Therapy Research Society Third Annual Conference: Collaborative research... making it a reality, held on 26-27 April 2007 at the University of Ulster. <em>Physical Therapy Reviews</em>. 2008;13(2):121-3. [<a href=\"http://www.ingentaconnect.com/content/maney/ptr/2008/00000013/00000002/art00005\">Conference abstract</a>, subscription required to access this publication] </li>\n<li>Johnston BC, da Costa BR, Devereaux PJ, Akl EA, Busse JW; Expertise-Based RCT Working Group. The use of expertise-based randomized controlled trials to assess spinal manipulation and acupuncture for low back pain: a systematic review. <em>Spine</em>. 2008, 33(8):914-8. [<a href=\"http://www.ncbi.nlm.nih.gov/pubmed/18404113?dopt=Citation\">PubMed abstract</a>] </li>\n<li>Lee MS, Shin BC, Ernst E. Acupuncture for rheumatoid arthritis: a systematic review. <em>Rheumatology (Oxford)</em>. 2008, 47(12):1747-53. [<a href=\"http://www.ncbi.nlm.nih.gov/pubmed/18710899?ordinalpos=10&amp;itool=EntrezSystem2.PEntrez.Pubmed.Pubmed_ResultsPanel.Pubmed_DefaultReportPanel.Pubmed_RVDocSum\">PubMed abstract</a>] </li>\n<li>Lee MS, Pittler MH, Shin BC, Kong JC, Ernst E. Bee venom acupuncture for musculoskeletal pain: a review. <em>Journal of Pain</em>. 2008, 9(4):289-97. [<a href=\"http://www.ncbi.nlm.nih.gov/pubmed/18226968?ordinalpos=4&amp;itool=EntrezSystem2.PEntrez.Pubmed.Pubmed_ResultsPanel.Pubmed_DefaultReportPanel.Pubmed_RVDocSum\">PubMed abstract</a>] [<a href=\"http://www.crd.york.ac.uk/CRDWeb/ShowRecord.asp?ID=12008103395\">DARE provisional record</a>] </li>\n<li>Schuller BK, Neugebauer EA. [Evidence for laser acupuncture in cases of orthopedic diseases : a systematic review]. [German] Evidenz zur Laserakupunktur bei orthopadischen Erkrankungen : Ein systematisches Review. <em>Schmerz.</em> 2008, 22(1):9-15. [<a href=\"http://www.springerlink.com/content/a6g554p6ug32u126/?p=12ec4b74ae9f4466b31013c7415cc787&amp;pi=1\">Abstract]</a> </li>\n<li>Selfe TK, Taylor AG. Acupuncture and osteoarthritis of the knee: a review of randomized, controlled trials. <em>Family and Community Health</em>. 2008, 31(3):247-54. [<a href=\"http://www.ncbi.nlm.nih.gov/pubmed/18552606?ordinalpos=2&amp;itool=EntrezSystem2.PEntrez.Pubmed.Pubmed_ResultsPanel.Pubmed_DefaultReportPanel.Pubmed_RVDocSum\">PubMed abstract</a>] </li>\n<li>Tough EA, White AR, Cummings TM, Richards SH, Campbell JL. Acupuncture and dry needling in the management of myofascial trigger point pain: a systematic review and meta-analysis of randomised controlled trials. <em>European Journal of Pain</em>. 2009, 13(1):3-10. [<a href=\"http://www.ncbi.nlm.nih.gov/pubmed/18395479?dopt=Citation\">PubMed abstract</a>] </li>\n<li>Wang C, de Pablo P, Chen X, Schmid C, McAlindon T. Acupuncture for pain relief in patients with rheumatoid arthritis: a systematic review. <em>Arthritis and Rheumatism</em>. 2008, 59(9):1249-56. [<a href=\"http://www.ncbi.nlm.nih.gov/pubmed/18759255?dopt=Citation\">PubMed abstract</a>] </li>\n<li>Yuan J, Purepong N, Kerr DP, Park J, Bradbury I, McDonough S. Effectiveness of acupuncture for low back pain: a systematic review. <em>Spine</em>. 2008, 33(23):E887-900. [<a href=\"http://www.ncbi.nlm.nih.gov/pubmed/18978583?dopt=Citation\">PubMed abstract</a>] </li>\n<li>Yuan J, Kerr D, Park J, Liu XH, McDonough S. Treatment regimens of acupuncture for low back pain--a systematic review. <em>Complementary Therapies in Medicine</em>. 2008, 16(5):295-304. [<a href=\"http://www.ncbi.nlm.nih.gov/pubmed/19186345?dopt=Citation\">PubMed abstract</a>] </li></ol><p><a href=\"http://www.library.nhs.uk/CAM/ViewResource.aspx?resID=311356&amp;pgID=1\">Link back to 2009 Annual Evidence Update on Acupuncture</a></p>",
  "resourceType": "Article"
}