{
  "name": "Complementary and Alternative Medicine",
  "title": "2009 Annual Evidence Update on Acupuncture - Pain",
  "rootDirectory": "/cam",
  "topics": "COMPLEMENTARY AND ALTERNATIVE MEDICINE,ACUPUNCTURE,CONDITIONS A-Z,PAIN,CONDITIONS P-R,APRIL 2009",
  "publicationDate": "2009-04-20T00:00:00",
  "url": "http://www.library.nhs.uk//cam/ViewResource.aspx?resID=311829",
  "id": "311829",
  "publicationType": "Annual Evidence Update",
  "publisher": "Complementary and Alternative Medicine Specialist Library",
  "description": "111-12009 Annual Evidence Update on Acupuncture - Pain<p>The following relevant studies on this topic have been published between February 2008 and February 2009. </p>\n<p><em>These studies have met our <a href=\"http://www.library.nhs.uk/cam/viewResource.aspx?resid=311545&amp;code=35f065d75bc2229f67fe2299ac6e8c02\">selection criteria</a> but have not been fully appraised. Where there is an appraisal available we have linked to it. If there is no appraisal and you wish to appraise the selected studies here is a </em><a href=\"http://www.phru.nhs.uk/Pages/PHD/resources.htm\"><em>link to a list of appraisal tools</em></a><em>.</em></p>\n<ol><li>Ee CC, Manheimer E, Pirotta MV, White AR. Acupuncture for pelvic and back pain in pregnancy: a systematic review. <em>American Journal of Obstetrics and Gynecology</em>. 2008, 198(3):254-9. [<a href=\"http://www.ncbi.nlm.nih.gov/pubmed/18313444?dopt=Citation\">PubMed abstract</a>] [<a href=\"http://www.crd.york.ac.uk/CRDWeb/ShowRecord.asp?ID=12008102610\">DARE appraisal</a>] </li>\n<li>Fu LM, Li JT, Wu WS. Randomized controlled trials of acupuncture for neck pain: systematic review and meta-analysis. <em>Journal of Alternative and Complementary Medicine</em>. 2009, 15(2):133-145. [<a href=\"http://www.ncbi.nlm.nih.gov/pubmed/19216662?dopt=Citation\">PubMed abstract</a>] </li>\n<li>Johnston BC, da Costa BR, Devereaux PJ, Akl EA, Busse JW; Expertise-Based RCT Working Group. The use of expertise-based randomized controlled trials to assess spinal manipulation and acupuncture for low back pain: a systematic review. <em>Spine</em>. 2008, 33(8):914-8. [<a href=\"http://www.ncbi.nlm.nih.gov/pubmed/18404113?dopt=Citation\">PubMed abstract</a>] </li>\n<li>Lee MS, Pittler MH, Shin BC, Kong JC, Ernst E. Bee venom acupuncture for musculoskeletal pain: a review. <em>Journal of Pain</em>. 2008, 9(4):289-97. [<a href=\"http://www.ncbi.nlm.nih.gov/pubmed/18226968?ordinalpos=4&amp;itool=EntrezSystem2.PEntrez.Pubmed.Pubmed_ResultsPanel.Pubmed_DefaultReportPanel.Pubmed_RVDocSum\">PubMed abstract</a>] [<a href=\"http://www.crd.york.ac.uk/CRDWeb/ShowRecord.asp?ID=12008103395\">DARE provisional record</a>] </li>\n<li>Madsen MV, Gøtzsche PC, Hróbjartsson A. Acupuncture treatment for pain: systematic review of randomised clinical trials with acupuncture, placebo acupuncture, and no acupuncture groups.  <em>BMJ</em>. 2009, 338:a3115. doi: 10.1136/bmj.a3115. [<a href=\"http://www.bmj.com/cgi/content/full/338/jan27_2/a3115?view=long&amp;pmid=19174438\">Full text</a>] [<a href=\"http://www.crd.york.ac.uk/CRDWeb/ShowRecord.asp?ID=12009102164\">DARE appraisal</a>]</li>\n<li>Sun Y, Gan TJ, Dubose JW, Habib AS. Acupuncture and related techniques for postoperative pain: a systematic review of randomized controlled trials. <em>British Journal of Anaesthesia</em>. 2008, 101(2):151-60. [<a href=\"http://www.ncbi.nlm.nih.gov/pubmed/18522936?dopt=Citation\">PubMed abstract</a>] [<a href=\"http://www.crd.york.ac.uk/CRDWeb/ShowRecord.asp?ID=12008104912\">DARE appraisal</a>] </li>\n<li>Tough EA, White AR, Cummings TM, Richards SH, Campbell JL. Acupuncture and dry needling in the management of myofascial trigger point pain: a systematic review and meta-analysis of randomised controlled trials. <em>European Journal of Pain</em>. 2009, 13(1):3-10. [<a href=\"http://www.ncbi.nlm.nih.gov/pubmed/18395479?dopt=Citation\">PubMed abstract</a>] </li>\n<li>Usichenko TI, Lehmann Ch, Ernst E. Auricular acupuncture for postoperative pain control: a systematic review of randomised clinical trials. <em>Anaesthesia</em>. 2008, 63(12):1343-8. [<a href=\"http://www.ncbi.nlm.nih.gov/pubmed/19032304?dopt=Citation\">PubMed abstract</a>] </li>\n<li>Wang C, de Pablo P, Chen X, Schmid C, McAlindon T. Acupuncture for pain relief in patients with rheumatoid arthritis: a systematic review. <em>Arthritis and Rheumatism</em>. 2008, 59(9):1249-56. [<a href=\"http://www.ncbi.nlm.nih.gov/pubmed/18759255?dopt=Citation\">PubMed abstract</a>]</li>\n<li>Yang H, Liu CZ, Chen X, Ma LX, Xie JP, Guo NN, Ma ZB, Zheng YY, Zhu J, Liu JP. Systematic review of clinical trials of acupuncture-related therapies for primary dysmenorrhea. <em>Acta obstetricia et gynecologica Scandinavica</em>. 2008, 87(11):1114-22. [<a href=\"http://www.ncbi.nlm.nih.gov/pubmed/18951224?dopt=Citation\">PubMed abstract</a>]  </li>\n<li>Yuan J, Purepong N, Kerr DP, Park J, Bradbury I, McDonough S. Effectiveness of acupuncture for low back pain: a systematic review. <em>Spine</em>. 2008, 33(23):E887-900. [<a href=\"http://www.ncbi.nlm.nih.gov/pubmed/18978583?dopt=Citation\">PubMed abstract</a>]</li>\n<li>Yuan J, Kerr D, Park J, Liu XH, McDonough S. Treatment regimens of acupuncture for low back pain--a systematic review. <em>Complementary Therapies in Medicine</em>. 2008, 16(5):295-304. [<a href=\"http://www.ncbi.nlm.nih.gov/pubmed/19186345?dopt=Citation\">PubMed abstract</a>] </li></ol><p><a href=\"http://www.library.nhs.uk/CAM/ViewResource.aspx?resID=311356&amp;pgID=1\">Link back to 2009 Annual Evidence Update on Acupuncture</a></p>",
  "resourceType": "Article"
}