{
  "name": "Complementary and Alternative Medicine",
  "title": "2009 Annual Evidence Update on Acupuncture - Mental health",
  "rootDirectory": "/cam",
  "topics": "COMPLEMENTARY AND ALTERNATIVE MEDICINE,ACUPUNCTURE,CONDITIONS A-Z,DEPRESSION,INSOMNIA,CONDITIONS M-O,CONDITIONS D-E,DEMENTIA,CONDITIONS I-L,APRIL 2009,MENTAL DISORDERS",
  "publicationDate": "2009-04-20T00:00:00",
  "url": "http://www.library.nhs.uk//cam/ViewResource.aspx?resID=311825",
  "id": "311825",
  "publicationType": "Annual Evidence Update",
  "publisher": "Complementary and Alternative Medicine Specialist Library",
  "description": "111-12009 Annual Evidence Update on Acupuncture - Mental health<p>The following relevant studies on this topic have been published between February 2008 and February 2009. </p>\n<p><em>These studies have met our <a href=\"http://www.library.nhs.uk/cam/viewResource.aspx?resid=311545&amp;code=35f065d75bc2229f67fe2299ac6e8c02\">selection criteria</a> but have not been fully appraised. Where there is an appraisal available we have linked to it. If there is no appraisal and you wish to appraise the selected studies here is a </em><a href=\"http://www.phru.nhs.uk/Pages/PHD/resources.htm\"><em>link to a list of appraisal tools.</em></a></p>\n<ol><li>Guo XX, Jin HS, Huo L, Zheng J, Zhou XM. [Meta-analysis on acupuncture for treatment of dementia] <em>Zhongguo Zhen Jiu</em>. 2008, 28(2):140-4. [Article in Chinese] [<a href=\"http://www.ncbi.nlm.nih.gov/pubmed/18405161?dopt=Citation\">PubMed abstract</a>] </li>\n<li>Huang W, Kutner N, Bliwise DL. A systematic review of the effects of acupuncture in treating insomnia. <em>Sleep Medicine Reviews</em>. 2009, 13(1):73-104. [<a href=\"http://www.ncbi.nlm.nih.gov/pubmed/19097814?dopt=Citation\">PubMed abstract</a>]</li>\n<li>Lee MS, Shin BC, Suen LK, Park TY, Ernst E. Auricular acupuncture for insomnia: a systematic review. <em>International Journal of Clinical Practice</em>. 2008, 62(11):1744-52. [<a href=\"http://www.ncbi.nlm.nih.gov/pubmed/18754807?dopt=Citation\">PubMed abstract</a>] </li>\n<li>Liu TT, Shi J, Epstein DH, Bao YP, Lu L. A meta-analysis of acupuncture combined with opioid receptor agonists for treatment of opiate-withdrawal symptoms. <em>Cellular and Molecular Neurobiology</em>. 2008 Dec 25. [Epub ahead of print] [<a href=\"http://www.ncbi.nlm.nih.gov/pubmed/19109766?dopt=Citation\">PubMed abstract</a>] </li>\n<li>Sun Y-L, Chen S-B, Gao Y, Xiong J. Acupuncture versus western medicine for depression in China: A systematic review. <em>Chinese Journal of Evidence-Based Medicine.</em> 2008, 8(5):340-5. [<a href=\"http://www.crd.york.ac.uk/CRDWeb/ShowRecord.asp?ID=12008103385\">DARE provisional record</a>] </li>\n<li>Wang H, Qi H, Wang BS, Cui YY, Zhu L, Rong ZX, Chen HZ. Is acupuncture beneficial in depression: A meta-analysis of 8 randomized controlled trials? <em>Journal of Affective Disorders</em>. 2008 Dec;111(2-3):125-34. [<a href=\"http://www.ncbi.nlm.nih.gov/pubmed/18550177?ordinalpos=2&amp;itool=EntrezSystem2.PEntrez.Pubmed.Pubmed_ResultsPanel.Pubmed_DefaultReportPanel.Pubmed_RVDocSum\">PubMed abstract</a>] </li>\n<li>Wang L, Sun DW, Zou W, Zhang JY. [Systematic evaluation of therapeutic effect and safety of acupuncture for treatment of depression] <em>Zhongguo Zhen Jiu</em>. 2008 May;28(5):381-6. [Article in Chinese] [<a href=\"http://www.ncbi.nlm.nih.gov/pubmed/18652335?dopt=Citation\">PubMed abstract</a>] </li></ol><p><a href=\"http://www.library.nhs.uk/CAM/ViewResource.aspx?resID=311356&amp;pgID=1\">Link back to 2009 Annual Evidence Update on Acupuncture</a></p>",
  "resourceType": "Article"
}