{
  "name": "Complementary and Alternative Medicine",
  "title": "2009 Annual Evidence Update on Acupuncture - Additional resources",
  "rootDirectory": "/cam",
  "topics": "COMPLEMENTARY AND ALTERNATIVE MEDICINE,APRIL 2009",
  "publicationDate": "2009-04-20T00:00:00",
  "url": "http://www.library.nhs.uk//cam/ViewResource.aspx?resID=311810",
  "id": "311810",
  "publicationType": "Annual Evidence Update",
  "publisher": "Complementary and Alternative Medicine Specialist Library",
  "description": "111-12009 Annual Evidence Update on Acupuncture - Additional resources<p>The following relevant studies on this topic have been published between February 2008 and February 2009. </p>\n<p><em>These studies have met our <a href=\"http://www.library.nhs.uk/cam/viewResource.aspx?resid=311545&amp;code=35f065d75bc2229f67fe2299ac6e8c02\">selection criteria</a> but have not been fully appraised. Where there is an appraisal available we have linked to it. If there is no appraisal and you wish to appraise the selected studies here is a </em><a href=\"http://www.phru.nhs.uk/Pages/PHD/resources.htm\"><em>link to a list of appraisal tools</em></a><em>.</em></p>\n<p> </p>\n<p><strong>Systematic reviews and guidelines covering a range of interventions including acupuncture</strong></p>\n<ol><li>Bausewein C, Booth S, Gysels M, Higginson IJ. Non-pharmacological interventions for breathlessness in advanced stages of malignant and non-malignant diseases. <i>Cochrane Database of Systematic Reviews</i> 2008, Issue 2. Art. No.: CD005623. DOI: 10.1002/14651858.CD005623.pub2. [<a href=\"http://mrw.interscience.wiley.com/cochrane/clsysrev/articles/CD005623/frame.html\">Full text</a>] </li>\n<li>Dennis CL, Allen K. Interventions (other than pharmacological, psychosocial or psychological) for treating antenatal depression. <i>Cochrane Database of Systematic Reviews</i> 2008, Issue 4. Art. No.: CD006795. DOI: 10.1002/14651858.CD006795.pub2. [<a href=\"http://mrw.interscience.wiley.com/cochrane/clsysrev/articles/CD006795/frame.html\">Full text</a>]</li>\n<li>Evans S, Tsao JC, Zeltzer LK. Complementary and alternative medicine for acute procedural pain in children. <em>Alternative Therapies in Health &amp; Medicine</em>. 2008, 14(5):52-6. [<a href=\"http://www.ncbi.nlm.nih.gov/pubmed/18780584?ordinalpos=1&amp;itool=EntrezSystem2.PEntrez.Pubmed.Pubmed_ResultsPanel.Pubmed_DefaultReportPanel.Pubmed_RVDocSum\">PubMed abstract</a>] </li>\n<li>Langhorst J, Häuser W, Irnich D, Speeck N, Felde E, Winkelmann A, Lucius H, Michalsen A, Musial F. [Alternative and complementary therapies in fibromyalgia syndrome]. <em>Schmerz</em>. 2008, 22(3):324-33. Article in German. [<a href=\"http://www.ncbi.nlm.nih.gov/pubmed/18463899?ordinalpos=8&amp;itool=EntrezSystem2.PEntrez.Pubmed.Pubmed_ResultsPanel.Pubmed_DefaultReportPanel.Pubmed_RVDocSum\">PubMed abstract</a>]</li>\n<li>McCracken G, Houston P, Lefebvre G; Society of Obstetricians and Gynecologists of Canada. Guideline for the management of postoperative nausea and vomiting. <em>Journal of Obstetrics and Gynaecology Canada</em>. 2008, 30(7):600-7, 608-16. [<a href=\"http://www.ncbi.nlm.nih.gov/pubmed/18644183?ordinalpos=5&amp;itool=EntrezSystem2.PEntrez.Pubmed.Pubmed_ResultsPanel.Pubmed_DefaultReportPanel.Pubmed_RVDocSum\">PubMed abstract</a>] </li>\n<li>Naeim A, Dy SM, Lorenz KA, Sanati H, Walling A, Asch SM. Evidence-based recommendations for cancer nausea and vomiting. <em>Journal of Clinical Oncology</em>. 2008, 26(23):3903-10. [<a href=\"http://www.ncbi.nlm.nih.gov/pubmed/18688059?ordinalpos=4&amp;itool=EntrezSystem2.PEntrez.Pubmed.Pubmed_ResultsPanel.Pubmed_DefaultReportPanel.Pubmed_RVDocSum\">PubMed abstract</a>] </li>\n<li>Nahas R. Complementary and alternative medicine approaches to blood pressure reduction: An evidence-based review. <em>Canadian Family Physician</em>. 2008, 54(11):1529-33. [<a href=\"http://www.pubmedcentral.nih.gov/articlerender.fcgi?tool=pubmed&amp;pubmedid=19005120\">Full text</a>]</li>\n<li>Pittler MH, Ernst E. Complementary therapies for neuropathic and neuralgic pain: systematic review. <em>Clinical Journal of Pain</em>. 2008 Oct;24(8):731-3. [<a href=\"http://www.ncbi.nlm.nih.gov/pubmed/18806539?dopt=Citation\">PubMed abstract</a>]</li>\n<li>Shen YH, Nahas R. Complementary and alternative medicine for treatment of irritable bowel syndrome. <em>Canadian Family Physician</em>. 2009, 55(2):143-8. [<a href=\"http://www.cfp.ca/cgi/content/full/55/2/143\">Full text</a>]</li></ol><p><a>Link back to 2009 Annual Evidence Update on Acupuncture</a></p>",
  "resourceType": "Article"
}