{
  "name": "Complementary and Alternative Medicine",
  "title": "2009 Annual Evidence Update on Acupuncture - Surgery/Theatres",
  "rootDirectory": "/cam",
  "topics": "ACUPUNCTURE,COMPLEMENTARY AND ALTERNATIVE MEDICINE,PAIN,CONDITIONS A-Z,NAUSEA,VOMITING,CONDITIONS M-O,CONDITIONS P-R,CONDITIONS T-Z,APRIL 2009",
  "publicationDate": "2009-04-20T00:00:00",
  "url": "http://www.library.nhs.uk//cam/ViewResource.aspx?resID=311987",
  "id": "311987",
  "publicationType": "Annual Evidence Update",
  "publisher": "Complementary and Alternative Medicine Specialist Library",
  "description": "111-12009 Annual Evidence Update on Acupuncture - Surgery/Theatres<p>The following relevant studies on this topic have been published between February 2008 and February 2009. </p>\n<p><em>These studies have met our <a href=\"http://www.library.nhs.uk/cam/viewResource.aspx?resid=311545&amp;code=35f065d75bc2229f67fe2299ac6e8c02\">selection criteria</a> but have not been fully appraised. Where there is an appraisal available we have linked to it. If there is no appraisal and you wish to appraise the selected studies here is a </em><a href=\"http://www.phru.nhs.uk/Pages/PHD/resources.htm\"><em>link to a list of appraisal tools</em></a><em>.</em></p>\n<ol><li>Allen TK, Habib AS. P6 stimulation for the prevention of nausea and vomiting associated with cesarean delivery under neuraxial anesthesia: a systematic review of randomized controlled trials. <em>Anesthesia and Analgesia</em>. 2008, 107(4):1308-12. [<a href=\"http://www.ncbi.nlm.nih.gov/pubmed/18806045?dopt=Citation\">PubMed abstract</a>] </li>\n<li>Nunley C, Wakim J, Guinn C. The effects of stimulation of acupressure point P6 on postoperative nausea and vomiting: a review of literature. <em>Journal of PeriAnesthesia Nursing.</em> 2008, 23(4):247-62. [<a href=\"http://www.jopan.org/article/S1089-9472(08)00195-0/abstract\">Abstract</a>] </li>\n<li>Sun Y, Gan TJ, Dubose JW, Habib AS. Acupuncture and related techniques for postoperative pain: a systematic review of randomized controlled trials. <em>British Journal of Anaesthesia</em>. 2008, 101(2):151-60. [<a href=\"http://www.ncbi.nlm.nih.gov/pubmed/18522936?dopt=Citation\">PubMed abstract</a>] [<a href=\"http://www.crd.york.ac.uk/CRDWeb/ShowRecord.asp?ID=12008104912\">DARE appraisal</a>] </li>\n<li>Usichenko TI, Lehmann Ch, Ernst E. Auricular acupuncture for postoperative pain control: a systematic review of randomised clinical trials. <em>Anaesthesia</em>. 2008, 63(12):1343-8. [<a href=\"http://www.ncbi.nlm.nih.gov/pubmed/19032304?dopt=Citation\">PubMed abstract</a>] </li></ol><p><a href=\"http://www.library.nhs.uk/cam/ViewResource.aspx?resID=311356&amp;pgID=1\">Link back to 2009 Annual Evidence Update on Acupuncture </a><a href=\"http://www.library.nhs.uk/cam/ViewResource.aspx?resID=311356&amp;pgID=1\"></a></p>",
  "resourceType": "Article"
}