{
  "name": "Complementary and Alternative Medicine",
  "title": "2009 Annual Evidence Update on Acupuncture - Editor's picks",
  "rootDirectory": "/cam",
  "topics": "COMPLEMENTARY AND ALTERNATIVE MEDICINE,APRIL 2009",
  "publicationDate": "2009-04-20T00:00:00",
  "url": "http://www.library.nhs.uk//cam/ViewResource.aspx?resID=311970",
  "id": "311970",
  "publicationType": "Annual Evidence Update",
  "publisher": "Complementary and Alternative Medicine Specialist Library",
  "description": "111-12009 Annual Evidence Update on Acupuncture - Editor's picks<p><strong>Systematic reviews and meta-analyses</strong></p>\n<ol><li>*** Linde K, Allais G, Brinkhaus B, Manheimer E, Vickers A, White AR. Acupuncture for tension-type headache. Cochrane Database of Systematic Reviews 2009, Issue 1. Art. No.: CD007587. DOI: 10.1002/14651858.CD007587. [<a href=\"http://www.mrw.interscience.wiley.com/cochrane/clsysrev/articles/CD007587/frame.html\">Full text</a>] \n</li><li>*** Linde K, Allais G, Brinkhaus B, Manheimer E, Vickers A, White AR. Acupuncture for migraine prophylaxis. Cochrane Database of Systematic Reviews 2009, Issue 1. Art. No.: CD001218. DOI: 10.1002/14651858.CD001218.pub2. [<a href=\"http://www.mrw.interscience.wiley.com/cochrane/clsysrev/articles/CD001218/frame.html\">Full text</a>] (Updated Cochrane review) </li></ol><p><strong>Randomised controlled trials (RCTs)</strong></p>\n<ol><li>*** Brinkhaus B, Witt CM, Jena S, Liecker B, Wegscheider K, Willich SN. Acupuncture in patients with allergic rhinitis: a pragmatic randomized trial. Ann Allergy Asthma Immunol 2008 Nov;101(5):535-43. [<a href=\"http://www.ncbi.nlm.nih.gov/pubmed/19055209?dopt=Citation\">PubMed abstract</a>]</li>\n<li>*** Elden H, Ostgaard HC, Fagevik OM, Ladfors L, Hagberg H. Treatments of pelvic girdle pain in pregnant women: adverse effects of standard treatment, acupuncture and stabilising exercises on the pregnancy, mother, delivery and the fetus/neonate. BMC Complementary and Alternative Medicine 2008;8:34. [<a href=\"http://www.biomedcentral.com/1472-6882/8/34\">Full text</a>]  </li>\n<li>*** Jena S, Witt CM, Brinkhaus B, Wegscheider K, Willich SN. Acupuncture in patients with headache. Cephalalgia 2008 Sep;28(9):969-79. [<a href=\"http://www.ncbi.nlm.nih.gov/pubmed/18624803?dopt=Citation\">PubMed abstract</a>]  </li>\n<li>*** Reinhold T, Witt CM, Jena S, Brinkhaus B, Willich SN. Quality of life and cost-effectiveness of acupuncture treatment in patients with osteoarthritis pain. Eur J Health Econ 2008 Aug;9(3):209-19. [<a href=\"http://www.ncbi.nlm.nih.gov/pubmed/17638034?dopt=Citation\">PubMed abstract</a>]  </li>\n<li>*** Vas J, Ortega C, Olmo V, Perez FF, Hernandez L, Medina I, et al. Single-point acupuncture and physiotherapy for the treatment of painful shoulder: a multicentre randomized controlled trial. Rheumatology 2008;47:887-93. [<a href=\"http://www.mrw.interscience.wiley.com/cochrane/clcentral/articles/858/CN-00638858/frame.html\">Abstract</a>]  </li>\n<li>*** Witt CM, Reinhold T, Jena S, Brinkhaus B, Willich SN. Cost-effectiveness of acupuncture treatment in patients with headache. Cephalalgia : an international journal of headache 2008;28:334-45. [<a href=\"http://www.mrw.interscience.wiley.com/cochrane/clcentral/articles/593/CN-00630593/frame.html\">Abstract</a>]  </li>\n<li>*** Witt CM, Reinhold T, Brinkhaus B, Roll S, Jena S, Willich SN. Acupuncture in patients with dysmenorrhea: a randomized study on clinical effectiveness and cost-effectiveness in usual care. American Journal of Obstetrics and Gynecology 2008;198:166-8. [<a href=\"http://www.mrw.interscience.wiley.com/cochrane/clcentral/articles/369/CN-00622369/frame.html\">Abstract</a>]  </li>\n<li>***Witt CM, Reinhold T, Jena S, Brinkhaus B, Willich SN. Cost-effectiveness of acupuncture in women and men with allergic rhinitis: a randomized controlled study in usual care. Am J Epidemiol 2009 Mar 1;169(5):562-71. [<a href=\"http://www.ncbi.nlm.nih.gov/pubmed/19126587?dopt=Citation\">PubMed abstract</a>]  </li></ol><p><strong>Cost-effectiveness studies</strong></p>\n<ol><li>*** Reinhold T, Witt CM, Jena S, Brinkhaus B, Willich SN. Quality of life and cost-effectiveness of acupuncture treatment in patients with osteoarthritis pain. <em>European Journal of Health Economics</em>. 2008, 9(3):209-19. [<a href=\"http://www.ncbi.nlm.nih.gov/pubmed/17638034?ordinalpos=2&amp;itool=EntrezSystem2.PEntrez.Pubmed.Pubmed_ResultsPanel.Pubmed_DefaultReportPanel.Pubmed_RVDocSum\">PubMed abstract</a>] [<a href=\"http://www.crd.york.ac.uk/CRDWeb/ShowRecord.asp?ID=22008101155\">EED provisional abstract</a>] </li>\n<li>*** Witt CM, Reinhold T, Jena S, Brinkhaus B, Willich SN. Cost-effectiveness of acupuncture treatment in patients with headache. <em>Cephalalgia</em>. 2008, 28(4):334-45. [<a href=\"http://www.ncbi.nlm.nih.gov/pubmed/18315686\">PubMed abstract</a>] [<a href=\"http://www.crd.york.ac.uk/CRDWeb/ShowRecord.asp?ID=22008000737\">EED abstract</a>] </li></ol><p><a href=\"http://www.library.nhs.uk/CAM/ViewResource.aspx?resID=311356&amp;pgID=1\">Link back to 2009 Annual Evidence Update on Acupuncture</a></p>",
  "resourceType": "Article"
}