{
  "name": "Complementary and Alternative Medicine",
  "title": "2009 Annual Evidence Update on CAM for Asthma",
  "rootDirectory": "/cam",
  "topics": "COMPLEMENTARY AND ALTERNATIVE MEDICINE,ASTHMA,CONDITIONS A-Z,CONDITIONS A-B,CAM GENERAL,EDUCATION/CPD,APRIL 2009",
  "publicationDate": "2009-05-05T00:00:00",
  "url": "http://www.library.nhs.uk//cam/ViewResource.aspx?resID=313286",
  "id": "313286",
  "publicationType": "Annual Evidence Update",
  "publisher": "NHS Evidence - complementary and alternative medicine",
  "description": "111-12009 Annual Evidence Update on CAM for Asthma<p>Published: 5 May 2009</p>\n<p> </p>\n<p><img height=\"102\" alt=\"Asthma ©iStockphoto\" src=\"https://rmsadmin.library.nhs.uk/libraryImages/Complementary%20and%20Alternative%20Medicine/contentID283492/nelhImp_0001_Asthma1155.jpg\" width=\"155\" /></p>\n<p> </p>\n<p><strong></strong> </p>\n<p><strong>Introduction</strong></p>\n<p>The 2009 Annual Evidence Update on CAM for Asthma aims to identify, organise and present the latest information on this topic. We have searched a large number of databases for studies published or updated between March 2008 and March 2009. For more details about our methods, please see the <a>methodology section</a>.</p>\n<p>Previously published studies have been included in the <a>2008 Annual Evidence Update on CAM for Asthma</a> or can be found by searching this website.</p>\n<p>For further information on asthma see the relevant pages from the <a href=\"http://www.library.nhs.uk/respiratory/\">NHS Evidence - respiratory</a> specialist collection.</p>\n<p><br /><strong>Contents<br /></strong></p>\n<ul><li><a>Methodology</a> </li>\n<li><a>Results of the 2009 Annual Evidence Update on CAM for Asthma</a>  </li>\n<li><a>Commentary on the results of the 2009 Annual Evidence Update on CAM for Asthma</a> </li>\n<li><a>Additional resources – continuing professional development (CPD)/ education</a><br /></li></ul><p> </p>",
  "resourceType": "Article"
}