{
  "name": "Complementary and Alternative Medicine",
  "title": "2009 Annual Evidence Update on CAM for Asthma - Methodology",
  "rootDirectory": "/cam",
  "topics": "COMPLEMENTARY AND ALTERNATIVE MEDICINE,APRIL 2009",
  "publicationDate": "2009-05-05T00:00:00",
  "url": "http://www.library.nhs.uk//cam/ViewResource.aspx?resID=313291",
  "id": "313291",
  "publicationType": "Reference Material",
  "publisher": "NHS Evidence - complementary and alternative medicine",
  "description": "111-12009 Annual Evidence Update on CAM for Asthma - Methodology<p><strong>Sources searched</strong></p>\n<p>The Cochrane Library (CDSR, CENTRAL, DARE, HTA, NHS EED), PubMed (and MEDLINE), EMBASE, AMED, CINAHL, PsycINFO </p>\n<p>NHS Evidence - respiratory (formally an NLH Specialist Library) </p><br /><p><strong>Selection criteria</strong></p>\n<p>Inclusion criteria:</p>\n<ul><li>Explicit description of search process and statement of methodology (at least 2 sources must have been searched and there must be a statement that the study is a meta-analysis or a systematic review). </li>\n<li>Topic relevance (studies should be focused on asthma) </li>\n<li>Study types: guidance/guidelines, systematic reviews, meta-analyses, HTA reports, cost effectiveness and economic evaluation studies.</li></ul><p>Exclusion criteria: </p>\n<ul><li>The study is not one of the types specified above.  </li>\n<li>The study is published in a language other than English and English abstract is not available.</li></ul><p><strong>Search strategy</strong></p>\n<p>The search strategy included terms for asthma, general text words and terms for CAM and selected CAM therapies, including dietary and nutritional therapies, and a methodological filter for systematic reviews. The searches were carried out on 18-20 March 2009 and were limited to articles published since 1 January 2008. </p>\n<p>To identify relevant systematic reviews the information specialist has searched the sources listed above using the CAM specialist collection systematic reviews filter, which emphasizes specificity (precision) over sensitivity. In addition a search of PubMed using the systematic reviews subset was conducted. </p>\n<p>More details of the search terms and filters used are available <a href=\"http://www.library.nhs.uk/cam/ContactUs.aspx\">by contacting</a> the information specialist.</p>\n<p><br /><strong>Search results </strong></p>\n<p>The total number of records retrieved was 89. After removing the duplicates there were 48 citations for screening. Of these 13 were selected as potential systematic reviews or other relevant study types. The titles and abstracts were further screened for relevance. The final selection includes 7 systematic reviews. As there were few systematic reviews published in the last 12 months, we have also included reviews where the main focus is on a on specific therapy if trials on asthma were included.</p><br /><p><a>Link back to 2009 Annual Evidence Update on CAM for Asthma</a> </p>",
  "resourceType": "Article"
}