{
  "name": "Complementary and Alternative Medicine",
  "title": "2009 Annual Evidence Update on CAM for Asthma - Additional resources",
  "rootDirectory": "/cam",
  "topics": "COMPLEMENTARY AND ALTERNATIVE MEDICINE,ASTHMA,CONDITIONS A-Z,CONDITIONS A-B,CAM GENERAL,APRIL 2009,EDUCATION/CPD",
  "publicationDate": "2009-05-05T00:00:00",
  "url": "http://www.library.nhs.uk//cam/ViewResource.aspx?resID=313592",
  "id": "313592",
  "publicationType": "Learning Material%2fcourseware",
  "publisher": "NHS Evidence - complementary and alternative medicine",
  "description": "111-12009 Annual Evidence Update on CAM for Asthma - Additional resources<p>These reviews have been selected as relevant educational material for the <a href=\"http://www.library.nhs.uk/cam/viewResource.aspx?resid=313286&amp;code=0bfa1995ec0f0bb8db0e60553daf2bbb\">2009 Anual Evidence Update on CAM for Asthma</a>. </p>\n<ol><li>Engler RJ, Silvers WS, Bielory L. Complementary and alternative medicine education: Need for expanded educational resources for American Academy of Allergy, Asthma &amp; Immunology members. <em>Journal of Allergy and Clinical Immunology</em>. 2009 Feb;123(2):511-2. [<a>Link to record</a>]</li>\n<li>Li XM, Brown L. Efficacy and mechanisms of action of traditional Chinese medicines for treating asthma and allergy. <em>Journal of Allergy and Clinical Immunology</em>. 2009 Feb;123(2):297-306; quiz 307-8. [<a>Link to record</a>]</li>\n<li>Mainardi T, Kapoor S, Bielory L. Complementary and alternative medicine: herbs, phytochemicals and vitamins and their immunologic effects. <em>Journal of Allergy and Clinical Immunology</em>. 2009 Feb;123(2):283-94; quiz 295-6. [<a>Link to record</a>]</li></ol><p><a>Link back to 2009 Annual Evidence Update on CAM for Asthma</a> </p>",
  "resourceType": "Article"
}