{
  "name": "Complementary and Alternative Medicine",
  "title": "Efficacy and mechanisms of action of traditional Chinese medicines for treating asthma and allergy",
  "rootDirectory": "/cam",
  "topics": "COMPLEMENTARY AND ALTERNATIVE MEDICINE,CONDITIONS A-B,TRADITIONAL CHINESE MEDICINE (TCM),HERBAL MEDICINE,OTHER THERAPIES OR MEDICAL SYSTEMS,CONDITIONS A-Z,ASTHMA,ALLERGIES,CAM GENERAL,EDUCATION/CPD,APRIL 2009",
  "publicationDate": "2009-02-01T00:00:00",
  "url": "http://www.ncbi.nlm.nih.gov/pubmed/19203653?ordinalpos=1&itool=EntrezSystem2.PEntrez.Pubmed.Pubmed_ResultsPanel.Pubmed_DefaultReportPanel.Pubmed_RVDocSum",
  "id": "313574",
  "publicationType": "Learning Material%2fcourseware",
  "publisher": "Elsevier",
  "description": "<p>Note: This review has been published in the Continuing Medical Education series <em>Clinical reviews in allergy and immunology</em> of the <em><a href=\"http://www.sciencedirect.com/science/journal/00916749\">Journal of Allergy and Clinical Immunology</a></em>. It has been selected as relevant educational material for the 2009 Anual Evidence Update on CAM for Asthma.</p><br /><p><strong>Citation</strong></p>\n<p>Li XM, Brown L. Efficacy and mechanisms of action of traditional Chinese medicines for treating asthma and allergy. <em>Journal of Allergy and Clinical Immunology</em>. 2009 Feb;123(2):297-306; quiz 307-8.</p>\n<p><strong>Aims</strong></p>\n<p>This review article discusses promising traditional Chinese medicine (TCM) interventions for asthma and explores their possible mechanisms of action. </p>\n<p><strong>Conclusion</strong></p>\n<p>Evidence from clinical studies supports beneficial effects of TCM herbal therapy on asthma. A number of mechanisms may be responsible for efficacy of these agents. Strong preclinical study data suggest the potential efficacy of food allergy herbal formula-2 for food allergy.</p>",
  "resourceType": "CARDEX"
}