{
  "name": "Complementary and Alternative Medicine",
  "title": "2009 Annual Evidence Update on CAM for Asthma - Results",
  "rootDirectory": "/cam",
  "topics": "COMPLEMENTARY AND ALTERNATIVE MEDICINE,CONDITIONS A-B,CONDITIONS A-Z,ASTHMA,DIETARY AND NUTRITIONAL THERAPIES,APRIL 2009",
  "publicationDate": "2009-05-05T00:00:00",
  "url": "http://www.library.nhs.uk//cam/ViewResource.aspx?resID=313585",
  "id": "313585",
  "publicationType": "Annual Evidence Update",
  "publisher": "NHS Evidence - complementary and alternative medicine",
  "description": "111-12009 Annual Evidence Update on CAM for Asthma - Results<p>The following relevant studies on this topic have been published between March 2008 and March 2009. </p>\n<p><em>These studies have met our <a href=\"http://www.library.nhs.uk/cam/viewResource.aspx?resid=311545&amp;code=35f065d75bc2229f67fe2299ac6e8c02\">selection criteria</a> but have not been fully appraised. Where there is an appraisal available we have linked to it. If there is no appraisal and you wish to appraise the selected studies here is a </em><a href=\"http://www.phru.nhs.uk/Pages/PHD/resources.htm\"><em>link to a list of appraisal tools.</em></a></p>\n<ol><li>Gao J, Gao X, Li W, Zhu Y, Thompson PJ. Observational studies on the effect of dietary antioxidants on asthma: a meta-analysis. <em>Respirology.</em> 2008, 13(4):528-36. [<a href=\"http://www.ncbi.nlm.nih.gov/pubmed/18410255\">PubMed abstract</a>] </li>\n<li>Karpinski C, Touger-Decker R. Antioxidants and asthma: a case report and review of the evidence. <em>Topics in Clinical Nutrition</em>. 2008, 23(3):259-68. [<a href=\"http://journals.lww.com/topicsinclinicalnutrition/toc/2008/07000\">Abstract</a>]</li>\n<li>Kaur B, Rowe BH, Arnold E. Vitamin C supplementation for asthma. Cochrane Database Syst Rev 2009;(1):CD000993. [<a href=\"http://mrw.interscience.wiley.com/cochrane/clsysrev/articles/CD000993/frame.html\">Full text</a>] </li>\n<li>Vliagoftis H, Kouranos VD, Betsi GI, Falagas ME. Probiotics for the treatment of allergic rhinitis and asthma: systematic review of randomized controlled trials. Annals of Allergy Asthma &amp; Immunology 2008 Dec;101(6):570-9. [<a href=\"http://www.ncbi.nlm.nih.gov/pubmed/19119700?dopt=Citation\">PubMed abstract</a>] </li></ol><p>In addition to the systematic reviews with a main focus on asthma three reviews focused on specific therapeutic approaches included one or more trials of asthma.</p>\n<ol><li>Ernst E. Frankincense: systematic review. <em>BMJ.</em> 2008, Dec 17;337:a2813. doi: 10.1136/bmj.a2813. [<a href=\"http://www.bmj.com/cgi/content/full/337/dec17_2/a2813\">Full text</a>] [<a href=\"http://www.crd.york.ac.uk/crdweb/ShowRecord.asp?View=Full&amp;ID=12008107697\">DARE appraisal</a>]</li>\n<li>Galantino ML, Galbavy R, Quinn L. Therapeutic effects of yoga for children: a systematic review of the literature. <em>Pediatric Physical Therapy</em>. 2008, 20(1):66-80. [<a href=\"http://www.ncbi.nlm.nih.gov/pubmed/18300936\">PubMed abstract</a>] [<a href=\"http://www.crd.york.ac.uk/CRDWeb/ShowRecord.asp?ID=12008102726\">DARE provisional record</a>]</li>\n<li>Wang M, Tsai P, Lee P, Chang W, Yang C. The efficacy of reflexology: systematic review. <em>Journal of Advanced Nursing.</em> 2008, 62(5):512-21. [<a href=\"http://www.ncbi.nlm.nih.gov/pubmed/18489444\">PubMed abstract</a>] [<a href=\"http://www.crd.york.ac.uk/CRDWeb/ShowRecord.asp?ID=12008105546\">DARE provisional record</a>]</li></ol><p><a>Link back to 2009 Annual Evidence Update on CAM for Asthma</a> </p>",
  "resourceType": "Article"
}