{
  "name": "Complementary and Alternative Medicine",
  "title": "Complementary and alternative medicine education: Need for expanded educational resources for American Academy of Allergy, Asthma & Immunology members",
  "rootDirectory": "/cam",
  "topics": "COMPLEMENTARY AND ALTERNATIVE MEDICINE,CAM GENERAL,ALLERGIES,ASTHMA,CONDITIONS A-Z,CONDITIONS A-B,APRIL 2009,EDUCATION/CPD,REGULATION,USE OF CAM",
  "publicationDate": "2009-02-01T00:00:00",
  "url": "http://www.ncbi.nlm.nih.gov/pubmed/19203668?ordinalpos=14&itool=EntrezSystem2.PEntrez.Pubmed.Pubmed_ResultsPanel.Pubmed_DefaultReportPanel.Pubmed_RVDocSum",
  "id": "313579",
  "publicationType": "Learning Material%2fcourseware",
  "publisher": "Elsevier",
  "description": "<p>Note: This review has been selected as relevant educational material for the <a href=\"http://www.library.nhs.uk/cam/viewResource.aspx?resid=313286&amp;code=0bfa1995ec0f0bb8db0e60553daf2bbb\">2009 Anual Evidence Update on CAM for Asthma</a> even though some of the aspects discussed will be more important in the context of the US health care provision.</p><br /><p>This review focuses on considerations for approaching a CAM-related consulation incorparating legal and logistic factors affecting how such an encounter should be approached. A 10-step process is presented that addresses different components of CAM consultations and what should be documented.</p>\n<p><strong><br />Citation</strong></p>\n<p>Engler RJ, Silvers WS, Bielory L. Complementary and alternative medicine education: Need for expanded educational resources for American Academy of Allergy, Asthma &amp; Immunology members. <em>Journal of Allergy and Clinical Immunology</em>. 2009, 123(2):511-2. </p>",
  "resourceType": "CARDEX"
}