{
  "name": "Complementary and Alternative Medicine",
  "title": "Alternative medicine research in clinical practice: a U.S. national survey",
  "rootDirectory": "/cam",
  "topics": "COMPLEMENTARY AND ALTERNATIVE MEDICINE,CAM GENERAL,RESEARCH,APRIL 2009",
  "publicationDate": "2009-04-13T00:00:00",
  "url": "http://www.ncbi.nlm.nih.gov/pubmed/19364996?ordinalpos=1&itool=EntrezSystem2.PEntrez.Pubmed.Pubmed_ResultsPanel.Pubmed_DefaultReportPanel.Pubmed_RVDocSum",
  "id": "313505",
  "publicationType": "Research Study",
  "publisher": "American Medical Association",
  "description": "<p><strong>Background and objectives</strong></p>\n<p>Little is known about whether federally funded complementary and alternative medicine (CAM) research is translating into clinical practice. The authors sought to describe the awareness of CAM clinical trials, the ability to interpret research results, the acceptance of research evidence, and the predictors of trial awareness among US clinicians. </p>\n<p><strong>Methods</strong></p>\n<p>The athors conducted a cross-sectional mailed survey of 2400 practicing US acupuncturists, naturopaths, internists, and rheumatologists.  </p>\n<p><strong>Conclusion</strong></p>\n<p>For clinical research in CAM to achieve its social value, concerted efforts must be undertaken to train clinicians and improve the dissemination of research results.</p>\n<p><strong>Citation</strong></p>\n<p>Tilburt JC, Curlin FA, Kaptchuk TJ, Clarridge B, Bolcic-Jankovic D, Emanuel EJ, Miller FG. Alternative medicine research in clinical practice: a US national survey. <em>Archives of Internal Medicine</em>. 2009, 169(7):670-7.</p>",
  "resourceType": "CARDEX"
}