{
  "name": "Complementary and Alternative Medicine",
  "title": "2009 Annual Evidence Update on CAM for Asthma - Commentary",
  "rootDirectory": "/cam",
  "topics": "COMPLEMENTARY AND ALTERNATIVE MEDICINE,CONDITIONS A-B,CONDITIONS A-Z,ASTHMA,DIETARY AND NUTRITIONAL THERAPIES,BETA-CAROTENE,VITAMIN E,VITAMIN C,PROBIOTICS,VITAMINS,NUTRITIONAL SUPPLEMENTS,FOOD AND BEVERAGES,MAY 2009",
  "publicationDate": "2009-05-05T00:00:00",
  "url": "http://www.library.nhs.uk//cam/ViewResource.aspx?resID=313811",
  "id": "313811",
  "publicationType": "Annual Evidence Update",
  "publisher": "NHS Evidence - complementary and alternative medicine",
  "description": "111-12009 Annual Evidence Update on CAM for Asthma - Commentary<p><strong>Introduction</strong></p>\n<p>Diet and nutritional supplements are the main focus of the 2009 CAM Annual Evidence Update on asthma. Three reviews assess the evidence on antioxidants (<a href=\"http://www.ncbi.nlm.nih.gov/pubmed/18410255\">Gao et al. 2008</a>, <a href=\"http://journals.lww.com/topicsinclinicalnutrition/toc/2008/07000\">Karpinski and Touger-Decker 2008</a>, <a href=\"http://mrw.interscience.wiley.com/cochrane/clsysrev/articles/CD000993/frame.html\">Kaur et al. 2009</a>) and each uses a different approach to this topic. The fourth review is on the potential benefits of probiotics. (<a href=\"http://www.ncbi.nlm.nih.gov/pubmed/19119700?dopt=Citation\">Vliagoftis et al. 2008</a>) Finally, three reviews of specific therapeutic approaches included one or more trials of asthma.</p><br /><p><strong>Vitamin C in asthma: evidence from trials<br /></strong>\n</p><p>The first review is a Cochrane review of vitamin C supplementation in asthma (<a href=\"http://mrw.interscience.wiley.com/cochrane/clsysrev/articles/CD000993/frame.html\">Kaur et al. 2009</a>). Vitamin C is one of the key antioxidant vitamins and is present in the extracellular fluid lining the lung. The rationale for examining vitamin C in asthma is based on the fact that  studies have shown that both adults and children with asthma have lower concentrations of vitamin C compared with non-asthmatics. Low intake including infrequent fruit consumption has been associated with reduced lung function or lung dysfunction. While consumption of fruit and vegetables in countries such as the UK has decreased, incidence and prevalence of asthma has increased. One supposition is that people with asthma either have low supplies of vitamin C or an increased demand for vitamin C. Three previous reviews on this topic have been published but reached differing conclusions.</p>\n<p>The authors found 9 randomised controlled trials (RCTs) with a total of 330 participants. Seven studies involved adult patients, one involved children and one included adults and children. Study size ranged from 6 to 210 participants. All treatments were administered orally, either as tablets or as an oral solution. The dose used and duration of treatment varied, from single doses of between 500mg and 2g to long-term supplementation with 1g vitamin C daily for up to 6 months. There was also considerable variation in the outcomes measured. Five trials contributed numerical data to the review on lung function, symptom scores, IgE levels and inhaled steroid use. One small study showed a significant difference in % drop in FEV1 post-exercise. The authors' conclusions were that ‘<em>At present, evidence from randomised-controlled trials is insufficient to recommend a specific role for vitamin C in the treatment of asthma</em>.’<br /></p>\n<p><strong><br />Vitamin C, vitamin E and beta-carotene: evidence from observational studies</strong></p>\n<p>The second paper is a meta-analysis of 10 observational studies on dietary antioxidants in asthma including 13,653 participants with asthma (<a href=\"http://www.ncbi.nlm.nih.gov/pubmed/18410255\">Gao et al. 2008</a>). The authors searched MEDLINE for case-control or cross-sectional studies up to March 2007 but the 3 studies mentioned in the review below were not included. Focussing specifically on vitamin C, vitamin E and beta-carotene, the authors reported that ‘<em>a higher dietary intake of these antioxidants was not associated with a lower risk of asthma</em>’. </p>\n<p><strong><br />Antioxidants and diet in general: evidence from trials and observational studies</strong></p>\n<p>The third review addresses a range of antioxidants in asthma (<a href=\"http://journals.lww.com/topicsinclinicalnutrition/toc/2008/07000\">Karpinski and Touger-Decker 2008</a>). Initially, a detailed case history of a female patient whose asthma was apparently improved with dietary supplements including antioxidant supplementation is presented. This is followed by a review of evidence published between 2003 and 2007 which included 3 reviews, 4 RCTs and 3 observational studies (all published in 2006). The supplements tested in the trials included selenium, vitamin C and magnesium, and vitamin E while the observational studies examined dietary intake of a range of antioxidants. The various studies were apparently appraised but the criteria used are not described and it is not entirely clear how the findings were synthesised. Results of the largest study, investigating incidence of asthma in a cohort of over 68,000 people in France, suggested that a higher intake of antioxidants through diet, especially leafy vegetables, carrots and tomatoes may help prevent and manage asthma. However, the overall conclusions of the review were that ‘… <em>there is insufficient evidence to support the addition of antioxidant supplementation to the current clinical practice guidelines for asthma</em>’. </p>\n<p><strong><br />Probiotics in asthma</strong></p>\n<p>The systematic review by <a href=\"http://www.ncbi.nlm.nih.gov/pubmed/19119700?dopt=Citation\">Vliagoftis and colleagues published in 2008</a> addressed probiotics in both allergic rhinitis and asthma. According to the WHO, probiotics are ‘live microorganisms which when administered in adequate amounts confer a health benefit on the host’. Probiotics are currently available in a range of products including yoghurts and previous studies had suggested a beneficial effect in allergic conditions. As in Gao et al.’s review above, the authors only searched one database (PubMed) and excluded studies in languages other than English. Of the 16 RCTs located, four were in asthmatic patients with two in children, one in young adults and one in a mixed age range and asthma severity varied. Different probiotics were used in each study and given as fermented milk/yoghurt, as suspension or in capsules. Quality of life, number of asthma episodes and use of other medication were not significantly different between the patients on probiotics and those taking placebo. The authors concluded that ‘<em>there was no effect of probiotics on asthma treatment<em>’</em></em>.</p>\n<p><strong><br />Other therapies</strong></p>\n<p>No further systematic reviews focusing on asthma were found. Single studies of asthma were included in reviews of reflexology (<a href=\"http://www.ncbi.nlm.nih.gov/pubmed/18489444\">Wang et al. 2008</a>) and <em>Boswellia serrata</em> (frankincense) (<a href=\"http://www.bmj.com/cgi/content/full/337/dec17_2/a2813\">Ernst 2008</a>). A trial of frankincense in 80 people reported beneficial effects but the findings require further confirmation. Reflexology was tested against non-specific foot massage in a small trial of 40 people with bronchial asthma but was not found to be superior. A systematic review of yoga in children also included studies on asthma (<a href=\"http://www.ncbi.nlm.nih.gov/pubmed/18300936\">Galantino et al. 2008</a>). Four studies were located which reported positive findings although the reviewers suggested that there was clinical heterogeneity and participants were undergoing one of a variety of additional drug treatments so that the results are difficult to interpret.</p><br /><p><a>Link back to 2009 Annual Evidence Update on CAM for Asthma</a> </p>",
  "resourceType": "Article"
}