{
  "name": "Complementary and Alternative Medicine",
  "title": "Acupuncture for acute management and rehabilitation of traumatic brain injury (Cochrane protocol)",
  "rootDirectory": "/cam",
  "topics": "COMPLEMENTARY AND ALTERNATIVE MEDICINE,ACUPUNCTURE,CONDITIONS A-Z,CONDITIONS T-Z,CONDITIONS M-O,CAM GENERAL,WOUNDS AND INJURIES,MAY 2009,NERVOUS SYSTEM DISEASES,RESEARCH",
  "publicationDate": "2009-04-15T00:00:00",
  "url": "http://www.mrw.interscience.wiley.com/cochrane/clsysrev/articles/CD007700/frame.html",
  "id": "314070",
  "publicationType": "Systematic Review",
  "publisher": "John Wiley & Sons, Ltd",
  "description": "<i>\n<p>This is the protocol for a Cochrane systematic review. This record will be updated when the review has been completed.</p></i>\n<p><strong>Citation</strong></p>\n<p>Wong V, Cheuk DKL, Lee S, Chu V. Acupuncture for acute management and rehabilitation of traumatic brain injury (Protocol). <i>Cochrane Database of Systematic Reviews</i> 2009, Issue 2. Art. No.: CD007700. DOI: 10.1002/14651858.CD007700.</p>\n<p><strong><strong>Authors'</strong> objectives</strong></p>\n<p>To determine the efficacy and safety of acupuncture in the acute management or rehabilitation (or both) of patients with a traumatic brain injury (TBI). This includes cognitive, neurological, motor, emotional, or behavioral complications, or a combination of such complications.</p>",
  "resourceType": "CARDEX"
}