{
  "name": "Complementary and Alternative Medicine",
  "title": "Acupuncture for Guillain-Barré syndrome (Cochrane protocol)",
  "rootDirectory": "/cam",
  "topics": "ACUPUNCTURE,COMPLEMENTARY AND ALTERNATIVE MEDICINE,CAM GENERAL,CONDITIONS M-O,CONDITIONS A-Z,RESEARCH,NERVOUS SYSTEM DISEASES,MAY 2009",
  "publicationDate": "2009-04-15T00:00:00",
  "url": "http://www.mrw.interscience.wiley.com/cochrane/clsysrev/articles/CD007797/frame.html",
  "id": "314077",
  "publicationType": "Systematic Review",
  "publisher": "John Wiley & Sons, Ltd",
  "description": "<i>\n<p>This is the protocol for a Cochrane systematic review. This record will be updated when the review has been completed.</p></i>\n<p><strong>Citation</strong></p>\n<p>Deng Y, Ma X, Peng W, Sanvito L. Acupuncture for Guillain-Barré syndrome (Protocol). <i>Cochrane Database of Systematic Reviews</i> 2009, Issue 2. Art. No.: CD007797. DOI: 10.1002/14651858.CD007797.</p>\n<p><strong><strong>Authors'</strong> objectives</strong></p>\n<p>To assess the efficacy and possible adverse effects of acupuncture therapy for treating Guillain-Barré syndrome during both the acute and post-acute phases compared with placebo, no treatment or other treatments.</p>",
  "resourceType": "CARDEX"
}