{
  "name": "Complementary and Alternative Medicine",
  "title": "Acupuncture for autistic spectrum disorder (Cochrane protocol)",
  "rootDirectory": "/cam",
  "topics": "COMPLEMENTARY AND ALTERNATIVE MEDICINE,ACUPUNCTURE,CONDITIONS A-Z,CONDITIONS A-B,CAM GENERAL,AUTISTIC DISORDER,MAY 2009,RESEARCH",
  "publicationDate": "2009-04-15T00:00:00",
  "url": "http://www.mrw.interscience.wiley.com/cochrane/clsysrev/articles/CD007849/frame.html",
  "id": "314074",
  "publicationType": "Systematic Review",
  "publisher": "John Wiley & Sons, Ltd",
  "description": "<i>\n<p>This is the protocol for a Cochrane systematic review. This record will be updated when the review has been completed.</p></i>\n<p><strong>Citation</strong></p>\n<p>Cheuk DKL, Wong V, Chen WX. Acupuncture for autistic spectrum disorder (Protocol). <i>Cochrane Database of Systematic Reviews</i> 2009, Issue 2. Art. No.: CD007849. DOI: 10.1002/14651858.CD007849.</p>\n<p><strong><strong>Authors'</strong> objectives</strong></p>\n<p>The objectives of this systematic review are to determine the effectiveness and safety of acupuncture therapy in patients with autism spectrum disorder. The authors intend to assess whether acupuncture: </p>\n<ol><li>is effective in reducing social, communication and behavioural impairments; \n</li><li>can improve the quality of life and overall functioning; \n</li><li>is associated with any adverse effects.</li></ol>",
  "resourceType": "CARDEX"
}