{
  "name": "Complementary and Alternative Medicine",
  "title": "Acupuncture for attention-deficit hyperactivity disorder (ADHD) in children and adolescents (Cochrane protocol)",
  "rootDirectory": "/cam",
  "topics": "ACUPUNCTURE,COMPLEMENTARY AND ALTERNATIVE MEDICINE,ATTENTION DEFICIT / HYPERACTIVITY DISORDER,CAM GENERAL,CONDITIONS A-B,CONDITIONS A-Z,RESEARCH,MAY 2009",
  "publicationDate": "2009-04-15T00:00:00",
  "url": "http://www.mrw.interscience.wiley.com/cochrane/clsysrev/articles/CD007839/frame.html",
  "id": "314072",
  "publicationType": "Systematic Review",
  "publisher": "John Wiley & Sons, Ltd",
  "description": "<i>\n<p>This is the protocol for a Cochrane systematic review. This record will be updated when the review has been completed.</p></i>\n<p><strong>Citation</strong></p>\n<p>Li S, Yu B, Zhou D, He C, Kang L, Wang X, Jiang S, Chen X. Acupuncture for attention-deficit hyperactivity disorder (ADHD) in children and adolescents (Protocol). <i>Cochrane Database of Systematic Reviews</i> 2009, Issue 2. Art. No.: CD007839. DOI: 10.1002/14651858.CD007839.</p>\n<p><strong><strong>Authors'</strong> objectives</strong></p>\n<p>To assess the efficacy of acupuncture as a treatment for ADHD in children and adolescents. </p>\n<p>To evaluate the safety of acupuncture as a treatment for ADHD in children and adolescents.</p>",
  "resourceType": "CARDEX"
}