{
  "name": "Complementary and Alternative Medicine",
  "title": "Acupuncture for cancer pain in adults (Cochrane protocol)",
  "rootDirectory": "/cam",
  "topics": "ACUPUNCTURE,COMPLEMENTARY AND ALTERNATIVE MEDICINE,CANCER PAIN,CAM GENERAL,CONDITIONS C,CONDITIONS P-R,CONDITIONS A-Z,PAIN,RESEARCH,MAY 2009",
  "publicationDate": "2009-04-15T00:00:00",
  "url": "http://www.mrw.interscience.wiley.com/cochrane/clsysrev/articles/CD007753/frame.html",
  "id": "314075",
  "publicationType": "Systematic Review",
  "publisher": "John Wiley & Sons, Ltd",
  "description": "<i>\n<p>This is the protocol for a Cochrane systematic review. This record will be updated when the review has been completed.</p></i>\n<p><strong>Citation</strong></p>\n<p>Paley CA, Johnson MI, Tashani OA, Bagnall AM. Acupuncture for cancer pain in adults (Protocol). <i>Cochrane Database of Systematic Reviews</i> 2009, Issue 2. Art. No.: CD007753. DOI: 10.1002/14651858.CD007753.</p>\n<p><strong><strong>Authors'</strong> objectives</strong></p>\n<p>To evaluate the efficacy of acupuncture for the relief of cancer-related pain in adults.</p>",
  "resourceType": "CARDEX"
}