{
  "name": "Complementary and Alternative Medicine",
  "title": "Acupuncture for Gilles de la Tourette's syndrome (Cochrane protocol)",
  "rootDirectory": "/cam",
  "topics": "COMPLEMENTARY AND ALTERNATIVE MEDICINE,ACUPUNCTURE,CONDITIONS A-Z,CONDITIONS M-O,CAM GENERAL,MAY 2009,NERVOUS SYSTEM DISEASES,MENTAL DISORDERS,RESEARCH",
  "publicationDate": "2009-04-15T00:00:00",
  "url": "http://www.mrw.interscience.wiley.com/cochrane/clsysrev/articles/CD007832/frame.html",
  "id": "314076",
  "publicationType": "Systematic Review",
  "publisher": "John Wiley & Sons, Ltd",
  "description": "<i>\n<p>This is the protocol for a Cochrane systematic review. This record will be updated when the review has been completed.</p></i>\n<p><strong>Citation</strong></p>\n<p>Cui Y, Liu Z, Zhang W. Acupuncture for Gilles de la Tourette's syndrome (Protocol). <i>Cochrane Database of Systematic Reviews</i> 2009, Issue 2. Art. No.: CD007832. DOI: 10.1002/14651858.CD007832.</p>\n<p><strong><strong>Authors'</strong> objectives</strong></p>\n<p>To examine the efficacy and safety of acupuncture therapy in patients with GTS, compared with no treatment, sham/placebo acupuncture, medication, psychological intervention and other treatment.</p>",
  "resourceType": "CARDEX"
}