{
  "name": "Complementary and Alternative Medicine",
  "title": "Chinese herbal medicine for diabetic peripheral neuropathy (Cochrane protocol)",
  "rootDirectory": "/cam",
  "topics": "COMPLEMENTARY AND ALTERNATIVE MEDICINE,CAM GENERAL,DIABETES MELLITUS,TRADITIONAL CHINESE MEDICINE (TCM),CONDITIONS D-E,CONDITIONS A-Z,HERBAL MEDICINE,OTHER THERAPIES OR MEDICAL SYSTEMS,RESEARCH,DATE ADDED,MAY 2009",
  "publicationDate": "2009-04-15T00:00:00",
  "url": "http://www.mrw.interscience.wiley.com/cochrane/clsysrev/articles/CD007796/frame.html",
  "id": "314364",
  "publicationType": "Systematic Review",
  "publisher": "John Wiley & Sons, Ltd",
  "description": "<i>\n<p>This is the protocol for a Cochrane systematic review. This record will be updated when the review has been completed.</p></i>\n<p><strong>Citation</strong></p>\n<p>Chen W, Li Z, Liu JP. Chinese herbal medicine for diabetic peripheral neuropathy (Protocol). <i>Cochrane Database of Systematic Reviews</i> 2009, Issue 2. Art. No.: CD007796. DOI: 10.1002/14651858.CD007796.</p>\n<p><strong><strong>Authors'</strong> objectives</strong></p>\n<p>The objective of the review is to assess the beneficial effects and harms of Chinese herbal medicine for people with diabetic peripheral neuropathy.</p>",
  "resourceType": "CARDEX"
}