{
  "name": "Complementary and Alternative Medicine",
  "title": "Vitamin C for preventing complex regional pain syndrome (type I) after wrist fractures in adults (Cochrane protocol)",
  "rootDirectory": "/cam",
  "topics": "COMPLEMENTARY AND ALTERNATIVE MEDICINE,DIETARY AND NUTRITIONAL THERAPIES,CONDITIONS A-Z,PAIN,CONDITIONS F-H,CONDITIONS T-Z,CONDITIONS P-R,CAM GENERAL,WOUNDS AND INJURIES,MAY 2009,FRACTURES,VITAMINS,VITAMIN C,NUTRITIONAL SUPPLEMENTS,RESEARCH",
  "publicationDate": "2009-04-15T00:00:00",
  "url": "http://www.mrw.interscience.wiley.com/cochrane/clsysrev/articles/CD007817/frame.html",
  "id": "314379",
  "publicationType": "Systematic Review",
  "publisher": "John Wiley & Sons, Ltd",
  "description": "<i>\n<p>This is the protocol for a Cochrane systematic review. This record will be updated when the review has been completed.</p></i>\n<p><strong>Citation</strong></p>\n<p>Ingram M, O'Neill TW, Herrick AL. Vitamin C for preventing complex regional pain syndrome (type I) after wrist fractures in adults (Protocol). <i>Cochrane Database of Systematic Reviews</i> 2009, Issue 2. Art. No.: CD007817. DOI: 10.1002/14651858.CD007817.</p>\n<p><strong><strong>Authors'</strong> objectives</strong></p>\n<p>The objective of this systematic review is to evaluate the effectiveness of vitamin C for preventing complex regional pain syndrome (type I) in adults with wrist fracture. If data permit we will also look at outcome based on the severity of the underlying fracture, and definitive treatment (primarily, whether there was surgical intervention).</p>",
  "resourceType": "CARDEX"
}