{
  "name": "Complementary and Alternative Medicine",
  "title": "Acupuncture for myopia in children and adolescents (Cochrane protocol)",
  "rootDirectory": "/cam",
  "topics": "ACUPUNCTURE,COMPLEMENTARY AND ALTERNATIVE MEDICINE,CONDITIONS A-Z,CONDITIONS D-E,CAM GENERAL,MAY 2009,EYE DISEASES,RESEARCH",
  "publicationDate": "2009-04-15T00:00:00",
  "url": "http://www.mrw.interscience.wiley.com/cochrane/clsysrev/articles/CD007842/frame.html",
  "id": "314349",
  "publicationType": "Systematic Review",
  "publisher": "John Wiley & Sons, Ltd",
  "description": "<i>\n<p>This is the protocol for a Cochrane systematic review. This record will be updated when the review has been completed.</p></i>\n<p><strong>Citation</strong></p>\n<p>Wei M, Liu JP, Li N, Liu M. Acupuncture for myopia in children and adolescents (Protocol). <i>Cochrane Database of Systematic Reviews</i> 2009, Issue 2. Art. No.: CD007842. DOI: 10.1002/14651858.CD007842.</p>\n<p><strong><strong>Authors'</strong> objectives</strong></p>\n<p>To assess the effectiveness and safety of acupuncture in slowing or stopping the progression of myopia in children and adolescents.</p>",
  "resourceType": "CARDEX"
}