{
  "name": "Complementary and Alternative Medicine",
  "title": "Ginseng for cognition (Cochrane protocol)",
  "rootDirectory": "/cam",
  "topics": "COMPLEMENTARY AND ALTERNATIVE MEDICINE,OTHER THERAPIES OR MEDICAL SYSTEMS,HERBAL MEDICINE,CONDITIONS A-Z,CONDITIONS C,DEMENTIA,TRADITIONAL CHINESE MEDICINE (TCM),CONDITIONS D-E,CAM GENERAL,HERBS D-G,COGNITION DISORDERS,GINSENG (PANAX GINSENG),MAY 2009,RESEARCH",
  "publicationDate": "2009-04-15T00:00:00",
  "url": "http://www.mrw.interscience.wiley.com/cochrane/clsysrev/articles/CD007769/frame.html",
  "id": "314374",
  "publicationType": "Systematic Review",
  "publisher": "John Wiley & Sons, Ltd",
  "description": "<i>\n<p>This is the protocol for a Cochrane systematic review. This record will be updated when the review has been completed.</p></i>\n<p><strong>Citation</strong></p>\n<p>Geng J, Dong J, Ni H, Wu T, Jiang K, Wang G. Ginseng for cognition (Protocol). <i>Cochrane Database of Systematic Reviews</i> 2009, Issue 2. Art. No.: CD007769. DOI: 10.1002/14651858.CD007769.</p>\n<p><strong><strong>Authors'</strong> objectives</strong></p>\n<p>The primary objective is to evaluate the efficacy and adverse effects of different types of ginseng (and compounds containing ginseng or active agents of the Panax genus as the major component) used by healthy people, people with cognitive impairment or dementia for cognition.</p>\n<p>The secondary objective is to highlight the quality and quantity of research evidence available.</p>",
  "resourceType": "CARDEX"
}