{
  "name": "Complementary and Alternative Medicine",
  "title": "Acupuncture for polycystic ovarian syndrome (Cochrane protocol)",
  "rootDirectory": "/cam",
  "topics": "COMPLEMENTARY AND ALTERNATIVE MEDICINE,ACUPUNCTURE,CAM GENERAL,CONDITIONS I-L,INFERTILITY,CONDITIONS A-Z,RESEARCH,MAY 2009",
  "publicationDate": "2009-04-15T00:00:00",
  "url": "http://www.mrw.interscience.wiley.com/cochrane/clsysrev/articles/CD007689/frame.html",
  "id": "314352",
  "publicationType": "Systematic Review",
  "publisher": "John Wiley & Sons, Ltd",
  "description": "<i>\n<p>This is the protocol for a Cochrane systematic review. This record will be updated when the review has been completed.</p></i>\n<p><strong>Citation</strong></p>\n<p>Lim DCE, Xue CC, Wong FWS, O'Sullivan AJ, Liu JP. Acupuncture for polycystic ovarian syndrome (Protocol). <i>Cochrane Database of Systematic Reviews</i> 2009, Issue 2. Art. No.: CD007689. DOI: 10.1002/14651858.CD007689.</p>\n<p><strong><strong>Authors'</strong> objectives</strong></p>\n<p>To assess the effectiveness and safety of acupuncture treatment for subfertile women with polycystic ovarian syndrome.</p>",
  "resourceType": "CARDEX"
}