{
  "name": "Complementary and Alternative Medicine",
  "title": "Chinese herbs for insomnia (Cochrane protocol)",
  "rootDirectory": "/cam",
  "topics": "COMPLEMENTARY AND ALTERNATIVE MEDICINE,OTHER THERAPIES OR MEDICAL SYSTEMS,HERBAL MEDICINE,CONDITIONS A-Z,TRADITIONAL CHINESE MEDICINE (TCM),INSOMNIA,CAM GENERAL,CONDITIONS I-L,CONDITIONS S,SLEEP DISORDERS,MAY 2009,RESEARCH",
  "publicationDate": "2009-04-15T00:00:00",
  "url": "http://www.mrw.interscience.wiley.com/cochrane/clsysrev/articles/CD007841/frame.html",
  "id": "314366",
  "publicationType": "Systematic Review",
  "publisher": "John Wiley & Sons, Ltd",
  "description": "<i>\n<p>This is the protocol for a Cochrane systematic review. This record will be updated when the review has been completed.</p></i>\n<p><strong>Citation</strong></p>\n<p>Xu L, Li J, Zhang M, Wang L, Yuan W, Ai C, Wang G, Zhang L. Chinese herbs for insomnia (Protocol). <i>Cochrane Database of Systematic Reviews</i> 2009, Issue 2. Art. No.: CD007841. DOI: 10.1002/14651858.CD007841.</p>\n<p><strong><strong>Authors'</strong> objectives</strong></p>\n<p>The objective of this systematic review is to determine the effectiveness and safety of Chinese herbs for insomnia.</p>",
  "resourceType": "CARDEX"
}