{
  "name": "Complementary and Alternative Medicine",
  "title": "Antioxidants for female subfertility (Cochrane protocol)",
  "rootDirectory": "/cam",
  "topics": "COMPLEMENTARY AND ALTERNATIVE MEDICINE,DIETARY AND NUTRITIONAL THERAPIES,CONDITIONS A-Z,INFERTILITY,CONDITIONS I-L,CAM GENERAL,MAY 2009,NUTRITIONAL SUPPLEMENTS,RESEARCH",
  "publicationDate": "2009-04-15T00:00:00",
  "url": "http://www.mrw.interscience.wiley.com/cochrane/clsysrev/articles/CD007807/frame.html",
  "id": "314360",
  "publicationType": "Systematic Review",
  "publisher": "John Wiley & Sons, Ltd",
  "description": "<i>\n<p>This is the protocol for a Cochrane systematic review. This record will be updated when the review has been completed.</p></i>\n<p><strong>Citation</strong></p>\n<p>Clarke J, Showell MG, Hart RJ, Agarwal A, Gupta S. Antioxidants for female subfertility (Protocol). <i>Cochrane Database of Systematic Reviews</i> 2009, Issue 2. Art. No.: CD007807. DOI: 10.1002/14651858.CD007807.</p>\n<p><strong><strong>Authors'</strong> objectives</strong></p>\n<p>To determine whether supplemental oral antioxidants improve fertility outcomes for women with unexplained subfertility.</p>",
  "resourceType": "CARDEX"
}