{
  "name": "Complementary and Alternative Medicine",
  "title": "Antioxidant supplements for liver diseases (Cochrane protocol)",
  "rootDirectory": "/cam",
  "topics": "COMPLEMENTARY AND ALTERNATIVE MEDICINE,CAM GENERAL,CONDITIONS I-L,LIVER DISEASES,CONDITIONS A-Z,DIETARY AND NUTRITIONAL THERAPIES,RESEARCH,NUTRITIONAL SUPPLEMENTS,MINERALS,VITAMINS,MAY 2009",
  "publicationDate": "2009-04-15T00:00:00",
  "url": "http://www.mrw.interscience.wiley.com/cochrane/clsysrev/articles/CD007749/frame.html",
  "id": "314355",
  "publicationType": "Systematic Review",
  "publisher": "John Wiley & Sons, Ltd",
  "description": "<i>\n<p>This is the protocol for a Cochrane systematic review. This record will be updated when the review has been completed.</p></i>\n<p><strong>Citation</strong></p>\n<p>Bjelakovic G, Nikolova D, Gluud LL, Bjelakovic M, Nagorni A, Gluud C. Antioxidant supplements for liver diseases (Protocol). <i>Cochrane Database of Systematic Reviews</i> 2009, Issue 2. Art. No.: CD007749. DOI: 10.1002/14651858.CD007749.</p>\n<p><strong><strong>Authors'</strong> objectives</strong></p>\n<p>To assess the beneficial and harmful effects of the antioxidant supplements beta-carotene, vitamin A, vitamin C, vitamin E, and selenium for treatment of acute and chronic liver disease apart from non-alcoholic fatty liver disease which is dealt with in another Cochrane Hepato-Biliary Group Review (<a href=\"http://www.mrw.interscience.wiley.com/cochrane/clsysrev/articles/CD007749/bibliography.html#CD007749-bbs2-0022\">Lirussi 2007</a>).</p>",
  "resourceType": "CARDEX"
}