{
  "name": "Complementary and Alternative Medicine",
  "title": "Iron for restless legs syndrome (Cochrane protocol)",
  "rootDirectory": "/cam",
  "topics": "COMPLEMENTARY AND ALTERNATIVE MEDICINE,SLEEP DISORDERS,CONDITIONS S,CAM GENERAL,CONDITIONS M-O,CONDITIONS A-Z,DIETARY AND NUTRITIONAL THERAPIES,RESEARCH,NUTRITIONAL SUPPLEMENTS,IRON,MINERALS,MAY 2009,NERVOUS SYSTEM DISEASES",
  "publicationDate": "2009-04-15T00:00:00",
  "url": "http://www.mrw.interscience.wiley.com/cochrane/clsysrev/articles/CD007834/frame.html",
  "id": "314375",
  "publicationType": "Systematic Review",
  "publisher": "John Wiley & Sons, Ltd",
  "description": "<i>\n<p>This is the protocol for a Cochrane systematic review. This record will be updated when the review has been completed.</p></i>\n<p><strong>Citation</strong></p>\n<p>Trotti LM, Bhadriraju S, Becker LA. Iron for restless legs syndrome (Protocol). <i>Cochrane Database of Systematic Reviews</i> 2009, Issue 2. Art. No.: CD007834. DOI: 10.1002/14651858.CD007834.</p>\n<p><strong><strong>Authors'</strong> objectives</strong></p>\n<p>To evaluate the efficacy and safety of oral or parenteral iron for the treatment of restless legs syndrome when compared with placebo or other therapies.</p>",
  "resourceType": "CARDEX"
}