{
  "name": "Complementary and Alternative Medicine",
  "title": "Ganoderma Lucidum (Reishi mushroom) for cancer treatment (Cochrane protocol)",
  "rootDirectory": "/cam",
  "topics": "COMPLEMENTARY AND ALTERNATIVE MEDICINE,CAM GENERAL,TRADITIONAL CHINESE MEDICINE (TCM),CANCER,CONDITIONS C,CONDITIONS A-Z,DIETARY AND NUTRITIONAL THERAPIES,OTHER THERAPIES OR MEDICAL SYSTEMS,RESEARCH,MAY 2009",
  "publicationDate": "2009-04-15T00:00:00",
  "url": "http://www.mrw.interscience.wiley.com/cochrane/clsysrev/articles/CD007731/frame.html",
  "id": "314367",
  "publicationType": "Systematic Review",
  "publisher": "John Wiley & Sons, Ltd",
  "description": "<i>\n<p>This is the protocol for a Cochrane systematic review. This record will be updated when the review has been completed.</p></i>\n<p><strong>Citation</strong></p>\n<p>Jin X, Ruiz Beguerie J, Sze DMY, Chan GCF. Ganoderma Lucidum (Reishi mushroom) for cancer treatment (Protocol). <i>Cochrane Database of Systematic Reviews</i> 2009, Issue 2. Art. No.: CD007731. DOI: 10.1002/14651858.CD007731.</p>\n<p><strong><strong>Authors'</strong> objectives</strong></p>\n<p>To investigate the overall effectiveness of Ganoderma Lucidum for the treatment of various cancers and its impact on long term cancer survival rates.</p>\n<p>To evaluate the effects of immune modulation and the influence on quality of life by Ganoderma Lucidum.</p>",
  "resourceType": "CARDEX"
}