{
  "name": "Complementary and Alternative Medicine",
  "title": "Acupuncture for postherpetic neuralgia (Cochrane protocol)",
  "rootDirectory": "/cam",
  "topics": "ACUPUNCTURE,COMPLEMENTARY AND ALTERNATIVE MEDICINE,CONDITIONS A-Z,PAIN,CONDITIONS P-R,CONDITIONS T-Z,VIRUS DISEASES,CAM GENERAL,MAY 2009,RESEARCH",
  "publicationDate": "2009-04-15T00:00:00",
  "url": "http://www.mrw.interscience.wiley.com/cochrane/clsysrev/articles/CD007793/frame.html",
  "id": "314353",
  "publicationType": "Systematic Review",
  "publisher": "John Wiley & Sons, Ltd",
  "description": "<i>\n<p>This is the protocol for a Cochrane systematic review. This record will be updated when the review has been completed.</p></i>\n<p><strong>Citation</strong></p>\n<p>Wang P, Zhao J, Wu T. Acupuncture for postherpetic neuralgia (Protocol). <i>Cochrane Database of Systematic Reviews</i> 2009, Issue 2. Art. No.: CD007793. DOI: 10.1002/14651858.CD007793.</p>\n<p><strong><strong>Authors'</strong> objectives</strong></p>\n<p>The objective of this systematic review is to assess whether acupuncture is more efficacious than no treatment, placebo or sham acupuncture, and whether acupuncture is more efficacious than routine Western drugs for postherpetic neuralgia.</p>",
  "resourceType": "CARDEX"
}