{
  "name": "Complementary and Alternative Medicine",
  "title": "Probiotics for the treatment of allergic rhinitis and asthma: systematic review of randomized controlled trials",
  "rootDirectory": "/cam",
  "topics": "COMPLEMENTARY AND ALTERNATIVE MEDICINE,CONDITIONS,ENT AND AUDIOLOGY,NOSE & SINUS DISORDERS,RHINITIS,RHINOSINUSITIS,HAYFEVER,ALLERGIES,THERAPEUTIC INTERVENTIONS,NON-DRUG TREATMENTS,DIETARY SUPPLEMENTS,CONDITIONS P-R,CONDITIONS A-B,ASTHMA,CONDITIONS A-Z,DIETARY AND NUTRITIONAL THERAPIES,FOOD AND BEVERAGES,PROBIOTICS,MAY 2009,RHINITIS",
  "publicationDate": "2008-12-01T00:00:00",
  "url": "http://www.ncbi.nlm.nih.gov/pubmed/19119700",
  "id": "314581",
  "publicationType": "Systematic Review",
  "publisher": "American College of Allergy, Asthma, and Immunology",
  "description": "<p><em>This <em>study has met our selection criteria <em>but has not been fully appraised by the CAM SL</em>. Where there is an appraisal available we have linked to it. If there is no appraisal and you wish to appraise this systematic review here is a </em><a href=\"http://www.phru.nhs.uk/Pages/PHD/resources.htm\"><em>link to a list of appraisal tools</em></a><em>.</em></em></p>\n<p><strong>Citation</strong></p>\n<p>Vliagoftis H, Kouranos VD, Betsi GI, Falagas ME. Probiotics for the treatment of allergic rhinitis and asthma: Systematic review of randomized controlled trials. <em>Annals of Allergy, Asthma and Immunology</em>. 2008, 101:570-579. </p>\n<p><strong>Authors' objectives</strong></p>\n<p>To evaluate the clinical evidence for the use of probiotics as a therapeutic modality for allergic rhinitis (AR) and asthma.  </p>\n<p><strong>Authors' conclusions</strong></p>\n<p>Probiotics may have a beneficial effect in AR by reducing symptom severity and medication use. Many more good-quality studies are needed to resolve this issue.<br /></p>\n<p><strong>Access</strong></p>\n<p>NHS staff: for full text access to this resource contact your <a href=\"http://www.library.nhs.uk/mylibrary/default.aspx\">local NHS library</a>. </p>",
  "resourceType": "CARDEX"
}