{
  "name": "Complementary and Alternative Medicine",
  "title": "Vascular injuries caused by acupuncture",
  "rootDirectory": "/cam",
  "topics": "COMPLEMENTARY AND ALTERNATIVE MEDICINE,ACUPUNCTURE,CAM GENERAL,MAY 2009,SAFETY",
  "publicationDate": "2008-08-01T00:00:00",
  "url": "http://www.ncbi.nlm.nih.gov/pubmed/18538597?dopt=Citation",
  "id": "314747",
  "publicationType": "Systematic Review",
  "publisher": "Elsevier",
  "description": "<p><em>This <em>study has met our selection criteria <em>but has not been fully appraised by the CAM SL</em>. Where there is an appraisal available we have linked to it. If there is no appraisal and you wish to appraise this systematic review here is a </em><a href=\"http://www.phru.nhs.uk/Pages/PHD/resources.htm\"><em>link to a list of appraisal tools</em></a><em>.</em></em></p>\n<p><strong>Citation</strong></p>\n<p>Bergqvist D. Vascular injuries caused by acupuncture. <em>European Journal of Vascular and Endovascular Surgery</em>. 2008, 36(2):160-3. </p>\n<p><strong>Author's objectives</strong></p>\n<p>To systematically review the literature on vascular injuries caused by acupuncture. </p>\n<p><strong>Author's conclusions</strong></p>\n<p>Vascular injuries are rare, bleeding and pseudoaneurysm dominating. Follow-up is insufficient in the hitherto published papers.<br /></p>\n<p><strong>Access</strong></p>\n<p>NHS staff: for full text access to this resource contact your <a href=\"http://www.library.nhs.uk/mylibrary/default.aspx\">local NHS library</a>. </p>",
  "resourceType": "CARDEX"
}