{
  "name": "Complementary and Alternative Medicine",
  "title": "Safety and efficacy of acupuncture in children: a review of the evidence",
  "rootDirectory": "/cam",
  "topics": "ACUPUNCTURE,COMPLEMENTARY AND ALTERNATIVE MEDICINE,CAM GENERAL,CONDITIONS M-O,CONDITIONS T-Z,VOMITING,NAUSEA,CONDITIONS A-Z,MAY 2009,SAFETY",
  "publicationDate": "2008-06-01T00:00:00",
  "url": "http://www.pubmedcentral.nih.gov/articlerender.fcgi?tool=pubmed&pubmedid=18525459",
  "id": "314871",
  "publicationType": "Systematic Review",
  "publisher": "Lippincott Williams & Wilkins",
  "description": "<p><em>This <em>study has met our selection criteria <em>but has not been fully appraised by the CAM SL</em>. Where there is an appraisal available we have linked to it. If there is no appraisal and you wish to appraise this systematic review here is a </em><a href=\"http://www.phru.nhs.uk/Pages/PHD/resources.htm\"><em>link to a list of appraisal tools</em></a><em>.</em></em></p>\n<p><strong>Citation</strong></p>\n<p>Jindal V, Ge A, Mansky PJ. Safety and efficacy of acupuncture in children: a review of the evidence. <em>Journal of Pediatric Hematololy/Oncology</em>. 2008, 30(6):431-42. </p>\n<p><strong>Authors' objectives</strong></p>\n<p>To conduct a review of randomized controlled clinical trials and meta-analyses/systematic reviews.  </p>\n<p><strong>Authors' conclusions</strong></p>\n<p>The following conditions were covered in this review: postoperative and chemotherapy-induced nausea/vomiting; pain; seasonal allergic rhinitis; asthma; gastrointestinal disorders; addiction. </p>\n<p>The authors found evidence of some efficacy and low risk associated with acupuncture in pediatrics. </p>",
  "resourceType": "CARDEX"
}