{
  "name": "Complementary and Alternative Medicine",
  "title": "Complementary and alternative medicine: What your patients may be using",
  "rootDirectory": "/cam",
  "topics": "COMPLEMENTARY AND ALTERNATIVE MEDICINE,CAM GENERAL,SAFETY,USE OF CAM,EDUCATION/CPD,REGULATION,RESEARCH,MAY 2009",
  "publicationDate": "2009-03-30T00:00:00",
  "url": "http://www.bma.org.uk/health_promotion_ethics/complementary_medicine/camwhatpatientsmaybeusing.jsp",
  "id": "314813",
  "publicationType": "Reference Material",
  "publisher": "British Medical Association",
  "description": "<p>The BMA has produced an information resource to inform doctors about the various CAM therapies available and the changing face of CAM regulation.</p>\n<p>This resource provides: </p>\n<ul><li>links to sources of information relating to the use of CAM within primary and secondary care \n</li><li>background information on the different types of CAM therapies \n</li><li>an outline of the progress that has been made towards regulation of CAM therapies.</li></ul>",
  "resourceType": "CARDEX"
}