{
  "name": "Complementary and Alternative Medicine",
  "title": "Pediatric acupuncture: a review of clinical research",
  "rootDirectory": "/cam",
  "topics": "COMPLEMENTARY AND ALTERNATIVE MEDICINE,ACUPUNCTURE,CONDITIONS A-Z,PAIN,CONDITIONS C,CANCER,MIGRAINE,EPILEPSY,VOMITING,CONDITIONS P-R,CONDITIONS T-Z,ENURESIS,CONSTIPATION,CONDITIONS D-E,CONDITIONS M-O,CONDITIONS S,STRESS,MAY 2009,NERVOUS SYSTEM DISEASES",
  "publicationDate": "2008-01-10T00:00:00",
  "url": "http://ecam.oxfordjournals.org/cgi/reprint/nem181v1",
  "id": "314845",
  "publicationType": "Systematic Review",
  "publisher": "Oxford University Press",
  "description": "<p><em>This <em>study has met our selection criteria <em>but has not been fully appraised by the CAM SL</em>. Where there is an appraisal available we have linked to it. If there is no appraisal and you wish to appraise this systematic review here is a </em><a href=\"http://www.phru.nhs.uk/Pages/PHD/resources.htm\"><em>link to a list of appraisal tools</em></a><em>.</em></em></p>\n<p><strong>Citation</strong></p>\n<p>Gold JI, Nicolaou CD, Belmont KA, Katz AR, Benaron DM, Yu W. Pediatric acupuncture: a review of clinical research. <em>Evidence-based Complementary and Alternative Medicine</em>. 2008 Jan 10.</p>\n<p><strong>Authors' objectives</strong></p>\n<p>To present a review of the current literature, including a systematic appraisal of the methodological value of each study and a discussion of potential benefits and adverse effects of acupuncture. </p>\n<p><strong>Authors' conclusions</strong></p>\n<p>While acupuncture holds great promise as a treatment modality for diverse pediatric conditions, a significant amount of additional research is necessary to establish an empirical basis for the incorporation of acupuncture into standard care.</p>",
  "resourceType": "CARDEX"
}