{
  "name": "Complementary and Alternative Medicine",
  "title": "Referrals to complementary therapists: Guidance for GPs",
  "rootDirectory": "/cam",
  "topics": "COMPLEMENTARY AND ALTERNATIVE MEDICINE,CAM GENERAL,MAY 2009,USE OF CAM,REGULATION",
  "publicationDate": "2006-03-01T00:00:00",
  "url": "http://www.bma.org.uk/employmentandcontracts/independent_contractors/providing_gp_services/refcomtherap0406.jsp",
  "id": "314997",
  "publicationType": "Reference Material",
  "publisher": "British Medical Association",
  "description": "<p>The British Medical Association has produced this guidance in response to evidence of a growing interest amongst patients in the use of complementary therapies, whether by self referral or GP referral, and amongst GPs and other health care professionals in offering such treatment. </p>",
  "resourceType": "CARDEX"
}