{
  "name": "Complementary and Alternative Medicine",
  "title": "Why GPs refer patients to complementary medicine via the NHS: A qualitative exploration",
  "rootDirectory": "/cam",
  "topics": "COMPLEMENTARY AND ALTERNATIVE MEDICINE,CAM GENERAL,USE OF CAM,MAY 2009",
  "publicationDate": "2008-07-15T00:00:00",
  "url": "http://journals.cambridge.org/action/displayAbstract?fromPage=online&aid=1936584&fulltextType=RA&fileId=S1463423608000789",
  "id": "314988",
  "publicationType": "Qualitative Study",
  "publisher": "Cambridge University Press",
  "description": "<p><strong>Citation</strong></p>\n<p>Brien S, Howells E, Leydon G, Lewith G. Why GPs refer patients to complementary medicine via the NHS: A qualitative exploration. <em>Primary Health Care Research and Development</em>. 2008, 9:205-215.</p>\n<p><strong>Authors' objectives</strong></p>\n<p>This exploratory qualitative study was designed to explore UK GPs experiences of referring patients to CAM under an NHS contract. </p>\n<p><strong>Authors' conclusions</strong></p>\n<p>A CAM referral only took place if the patient readily agreed with this therapeutic approach, and in this respect it may differ from referrals by GPs to conventional medicinal practitioners. Such an approach, then, relies on patients having a positive view of CAM and as such could result in inequity in treatment access. Increasing knowledge about and evidence for CAM will assist GPs in making appropriate referrals in a timely manner. We propose a preliminary model that explains our findings about referrals considering patients need as well as the medical process. As data saturation may not have been achieved, further investigation is warranted to confirm or refute these suggestions.<br /></p>\n<p><strong>Access</strong></p>\n<p>NHS staff: for full text access to this resource contact your <a href=\"http://www.library.nhs.uk/mylibrary/default.aspx\">local NHS library</a>. </p>",
  "resourceType": "CARDEX"
}