{
  "name": "Complementary and Alternative Medicine",
  "title": "Acupuncture for lowering blood pressure: systematic review and meta-analysis",
  "rootDirectory": "/cam",
  "topics": "ACUPUNCTURE,COMPLEMENTARY AND ALTERNATIVE MEDICINE,CONDITIONS F-H,HYPERTENSION,HIGH BLOOD PRESSURE,CONDITIONS A-Z,MAY 2009",
  "publicationDate": "2009-01-01T00:00:00",
  "url": "http://www.ncbi.nlm.nih.gov/pubmed/19008863?dopt=Citation",
  "id": "315158",
  "publicationType": "Systematic Review",
  "publisher": "Nature Publishing Group",
  "description": "<p><em>This <em>study has met our selection criteria <em>but has not been fully appraised by the CAM SL</em>. Where there is an appraisal available we have linked to it. If there is no appraisal and you wish to appraise this systematic review here is a </em><a href=\"http://www.phru.nhs.uk/Pages/PHD/resources.htm\"><em>link to a list of appraisal tools</em></a><em>.</em></em></p>\n<p><strong>Citation</strong></p>\n<p>Lee H, Kim SY, Park J, Kim YJ, Lee H, Park HJ. Acupuncture for lowering blood pressure: systematic review and meta-analysis. Am J Hypertens. 2009 Jan;22(1):122-8.  </p>\n<p><strong>Authors' objectives</strong></p>\n<p>To conduct a systematic review to estimate the effect of acupuncture on blood pressure (BP) in hypertensive patients. </p>\n<p><strong>Authors' conclusions</strong></p>\n<p>Considering the limitation of the four positive noninferiority studies and the results of the meta-analysis of the three sham-controlled studies, the notion that acupuncture may lower high BP is inconclusive. More rigorous trials are warranted.<br /></p>\n<p><strong>Access</strong></p>\n<p>NHS staff: for full text access to this resource contact your <a href=\"http://www.library.nhs.uk/mylibrary/default.aspx\">local NHS library</a>. </p>",
  "resourceType": "CARDEX"
}