{
  "name": "Complementary and Alternative Medicine",
  "title": "Efficacy and safety of acupuncture for idiopathic Parkinson's disease: a systematic review",
  "rootDirectory": "/cam",
  "topics": "COMPLEMENTARY AND ALTERNATIVE MEDICINE,ACUPUNCTURE,PARKINSON’S DISEASE,CONDITIONS A-Z,CONDITIONS P-R,MAY 2009",
  "publicationDate": "2008-07-01T00:00:00",
  "url": "http://www.ncbi.nlm.nih.gov/pubmed/18684073?ordinalpos=3&itool=EntrezSystem2.PEntrez.Pubmed.Pubmed_ResultsPanel.Pubmed_DefaultReportPanel.Pubmed_RVDocSum",
  "id": "315153",
  "publicationType": "Systematic Review",
  "publisher": "Mary Ann Liebert, Inc.",
  "description": "<p><em>This review has been evaluated by a CRD reviewer as potentially meeting the <a href=\"http://www.york.ac.uk/inst/crd/darefaq.htm\">CRD quality criteria</a> and a structured abstract is in the process of being written. This provisional record is for information, please note that the review has not been appraised yet. </em></p>\n<p><strong>Citation</strong></p>\n<p>Lam YC, Kum WF, Durairajan SS, Lu JH, Man SC, Xu M, Zhang XF, Huang XZ, Li M. Efficacy and safety of acupuncture for idiopathic Parkinson's disease: a systematic review. J Altern Complement Med. 2008 Jul;14(6):663-71. </p>\n<p><strong>Authors' objectives</strong></p>\n<p>To assess the efficacy and safety of acupuncture therapy (monotherapy or adjuvant therapy), compared with placebo, conventional interventions, or no treatment in treating patients with idiopathic Parkinson's disease (IPD). </p>\n<p><strong>Authors' conclusions</strong></p>\n<p>There is evidence indicating the potential effectiveness of acupuncture for treating IPD. The results were limited by the methodological flaws, unknowns in concealment of allocation, number of dropouts, and blinding methods in the studies. Large, well-designed, placebo-controlled RCTs with rigorous methods of randomization and adequately concealed allocation, as well as intention-to-treat data analysis are needed.</p>\n<p><strong>Access</strong></p>\n<p>NHS staff: for full text access to this resource contact your <a href=\"http://www.library.nhs.uk/mylibrary/default.aspx\">local NHS library</a>. </p>",
  "resourceType": "CARDEX"
}