{
  "name": "Complementary and Alternative Medicine",
  "title": "Mapping England-wide primary care access to CAM",
  "rootDirectory": "/cam",
  "topics": "COMPLEMENTARY AND ALTERNATIVE MEDICINE,CAM GENERAL,MAY 2009,USE OF CAM",
  "publicationDate": "",
  "url": "http://www.wmin.ac.uk/sih/page-438",
  "id": "315588",
  "publicationType": "Report",
  "publisher": "University of Westminster",
  "description": "<p><em><a href=\"http://www.wmin.ac.uk/sih/page-1142\">iCAM </a>is a research centre based in the School of Integrated Health focusing on policy and governance in integrated, complementary and alternative medicine. </em></p><br /><p>This website provides links to reports of preliminary PCT surveys to identify CAM services (2001/2, 2002/3 and 2003/4). The surveys entailed four phases of data collection: initial telephone contact with the PCTs, e-mail survey sent to all PCTs, follow up telephone and e-mail contact with PCTs, initial telephone survey of identified representatives of services.</p>",
  "resourceType": "CARDEX"
}