{
  "name": "Complementary and Alternative Medicine",
  "title": "The use of complementary therapy by men with prostate cancer in the UK",
  "rootDirectory": "/cam",
  "topics": "COMPLEMENTARY AND ALTERNATIVE MEDICINE,CAM GENERAL,CONDITIONS C,CANCER,CONDITIONS A-Z,USE OF CAM,MAY 2009",
  "publicationDate": "2008-09-01T00:00:00",
  "url": "http://www.ncbi.nlm.nih.gov/pubmed/18637112",
  "id": "315596",
  "publicationType": "Report",
  "publisher": "John Wiley & Sons, Ltd",
  "description": "<p><strong>Citation:</strong></p>\n<p>Wilkinson S, Farrelly S, Low J, Chakraborty A, Williams R, Wilkinson S. The use of complementary therapy by men with prostate cancer in the UK. Eur J Cancer Care (Engl). 2008 Sep;17(5):492-9. <br /></p>\n<p><strong>Objectives:</strong></p>\n<p>The study aims were to determine the use of complementary therapies (CT) by men with prostate cancer, and to explore factors influencing CT use and attitudes toward CT use. </p>\n<p><strong>Conclusions:</strong></p>\n<p>Clinicians need to be aware of the prevalence of complementary the use amongst patients with prostate cancer, considering the potential harm that could be caused by interactions with conventional treatments.</p>",
  "resourceType": "CARDEX"
}