{
  "name": "Complementary and Alternative Medicine",
  "title": "The impact of NHS based primary care complementary therapy services on health outcomes and NHS costs: a review of service audits and evaluations",
  "rootDirectory": "/cam",
  "topics": "COMPLEMENTARY AND ALTERNATIVE MEDICINE,CAM GENERAL,MAY 2009,USE OF CAM",
  "publicationDate": "2009-03-01T00:00:00",
  "url": "http://www.biomedcentral.com/1472-6882/9/5",
  "id": "315597",
  "publicationType": "Review",
  "publisher": "BioMed Central",
  "description": "<p><strong>Citation</strong></p>\n<p>Wye L, Sharp D, Shaw A. The impact of NHS based primary care complementary therapy services on health outcomes and NHS costs: a review of service audits and evaluations. <em>BMC Complementary &amp; Alternative Medicine</em>. 2009 Mar 6;9:5.</p>\n<p><strong>Authors' objectives</strong></p>\n<p>The aim of this study was to review evaluations and audits of primary care complementary therapy services to determine the impact of these services on improving health outcomes and reducing NHS costs. The authors' intention is to help service users, service providers, clinicians and NHS commissioners make informed decisions about the potential of NHS based complementary therapy services.  </p>\n<p><strong>Authors' conclusions</strong></p>\n<p>To improve the quality of evaluations, the authors urge those evaluating complementary therapy services to use standardised health outcome tools, calculate confidence intervals and collect NHS cost data from GP medical records. Further discussion is needed on ways to standardise the collection and reporting of NHS cost data in primary care complementary therapy services evaluations.</p>",
  "resourceType": "CARDEX"
}