{
  "name": "Complementary and Alternative Medicine",
  "title": "Acupuncture in dermatology - Current state of clinical research",
  "rootDirectory": "/cam",
  "topics": "COMPLEMENTARY AND ALTERNATIVE MEDICINE,ACUPUNCTURE,CONDITIONS A-Z,CONDITIONS S,SKIN DISEASES,JUNE 2009",
  "publicationDate": "2008-12-30T00:00:00",
  "url": "http://www.sciencedirect.com/science?_ob=PublicationURL&_cdi=43727&_pubType=J&_acct=C000059419&_version=1&_urlVersion=0&_userid=3010452&md5=2cdd857dfcdb7ccefde1206efa5ea6b2&jchunk=51#51",
  "id": "316326",
  "publicationType": "Systematic Review",
  "publisher": "Elsevier",
  "description": "<p><em>This <em>study has met our selection criteria <em>but has not been fully appraised by the CAM SL</em>. Where there is an appraisal available we have linked to it. If there is no appraisal and you wish to appraise this systematic review here is a </em><a href=\"http://www.phru.nhs.uk/Pages/PHD/resources.htm\"><em>link to a list of appraisal tools</em></a><em>.</em></em></p>\n<p><strong>Citation</strong></p>\n<p>Pfab F, Behrendt H, Darsow U, Ring J. Acupuncture in dermatology - Current state of clinical research. <em>Deutsche Zeitschrift fur Akupunktur</em>. 2008, 51(4):30-2. [Article in German] </p>\n<p><strong>Authors' objectives</strong></p>\n<p>To review the current state of clinical research regarding the evidence of acupuncture in the treatment of selected dermatological diseases and symptoms. </p>\n<p><strong>Authors' conclusions</strong></p>\n<p>Due to the limited number of studies so far no recommendation can be given regarding the effectiveness of acupuncture as a means to treat dermatological diseases.</p>\n<p>However, using acupuncture to treat such symptoms as nausea, vomiting, postoperative pain and itch has shown beneficial effects. Further studies should be carried out addressing the many open questions.<br /></p>\n<p><strong>Access</strong></p>\n<p>NHS staff: for full text access to this resource contact your <a href=\"http://www.library.nhs.uk/mylibrary/default.aspx\">local NHS library</a>. </p>",
  "resourceType": "CARDEX"
}