{
  "name": "Complementary and Alternative Medicine",
  "title": "The effects of stimulation of acupressure point P6 on postoperative nausea and vomiting: a review of literature",
  "rootDirectory": "/cam",
  "topics": "ACUPRESSURE,COMPLEMENTARY AND ALTERNATIVE MEDICINE,CONDITIONS A-Z,OTHER THERAPIES OR MEDICAL SYSTEMS,CONDITIONS T-Z,CONDITIONS M-O,NAUSEA,VOMITING,JUNE 2009",
  "publicationDate": "2008-08-01T00:00:00",
  "url": "http://www.jopan.org/article/S1089-9472(08)00195-0/abstract",
  "id": "316321",
  "publicationType": "Systematic Review",
  "publisher": "Elsevier",
  "description": "<p><em>This <em>study has met our selection criteria <em>but has not been fully appraised by the CAM SL</em>. Where there is an appraisal available we have linked to it. If there is no appraisal and you wish to appraise this systematic review here is a </em><a href=\"http://www.phru.nhs.uk/Pages/PHD/resources.htm\"><em>link to a list of appraisal tools</em></a><em>.</em></em></p>\n<p><strong>Citation</strong></p>\n<p>Nunley C, Wakim J, Guinn C. The effects of stimulation of acupressure point P6 on postoperative nausea and vomiting: a review of literature. <em>Journal of PeriAnesthesia Nursing.</em> 2008, 23(4):247-62. </p>\n<p><strong>Authors' objectives</strong></p>\n<p>This study aims to review research on both pharmacologic and nonpharmacologic prophylaxis and various methods of acupressure. </p>\n<p><strong>Authors' conclusions</strong></p>\n<p>The study is divided into six categories: pathophysiology of PONV, background studies of PONV, nonpharmacologic prophylaxis, pharmacological prophylaxis, acupressure and related techniques, and benefits of routine antiemetic prophylaxis.<br /></p>\n<p><strong>Access</strong></p>\n<p>NHS staff: for full text access to this resource contact your <a href=\"http://www.library.nhs.uk/mylibrary/default.aspx\">local NHS library</a>.  </p>",
  "resourceType": "CARDEX"
}