{
  "name": "Complementary and Alternative Medicine",
  "title": "The role of acupuncture in the management of subfertility",
  "rootDirectory": "/cam",
  "topics": "COMPLEMENTARY AND ALTERNATIVE MEDICINE,ACUPUNCTURE,INFERTILITY,CONDITIONS A-Z,CONDITIONS I-L,JUNE 2009",
  "publicationDate": "2008-07-01T00:00:00",
  "url": "http://www.ncbi.nlm.nih.gov/pubmed/18440533?dopt=Citation",
  "id": "316319",
  "publicationType": "Systematic Review",
  "publisher": "Elsevier",
  "description": "<p><em>This <em>study has met our selection criteria <em>but has not been fully appraised by the CAM SL</em>. Where there is an appraisal available we have linked to it. If there is no appraisal and you wish to appraise this systematic review here is a </em><a href=\"http://www.phru.nhs.uk/Pages/PHD/resources.htm\"><em>link to a list of appraisal tools</em></a><em>.</em></em></p>\n<p><strong>Citation</strong></p>\n<p>Ng EH, So WS, Gao J, Wong YY, Ho PC. The role of acupuncture in the management of subfertility. <em>Fertility and Sterility</em>. 2008, 90(1):1-13. </p>\n<p><strong>Authors' objectives</strong></p>\n<p>To review systematically the use of acupuncture in the management of subfertility. </p>\n<p><strong>Authors' conclusions</strong></p>\n<p>Although acupuncture has gained increasing popularity in the management of subfertility, its effectiveness has remained controversial.<br /></p>\n<p><strong>Access</strong></p>\n<p>NHS staff: for full text access to this resource contact your <a href=\"http://www.library.nhs.uk/mylibrary/default.aspx\">local NHS library</a>. </p>\n<p> </p>",
  "resourceType": "CARDEX"
}