{
  "name": "Complementary and Alternative Medicine",
  "title": "Auricular acupuncture for postoperative pain control: a systematic review of randomised clinical trials",
  "rootDirectory": "/cam",
  "topics": "ACUPUNCTURE,COMPLEMENTARY AND ALTERNATIVE MEDICINE,PAIN,CONDITIONS A-Z,CONDITIONS P-R,JUNE 2009",
  "publicationDate": "2008-12-01T00:00:00",
  "url": "http://www.ncbi.nlm.nih.gov/pubmed/19032304?dopt=Citation",
  "id": "316455",
  "publicationType": "Systematic Review",
  "publisher": "John Wiley & Sons, Ltd",
  "description": "<p><em>This <em>study has met our selection criteria <em>but has not been fully appraised by the CAM SL</em>. Where there is an appraisal available we have linked to it. If there is no appraisal and you wish to appraise this systematic review here is a </em><a href=\"http://www.phru.nhs.uk/Pages/PHD/resources.htm\"><em>link to a list of appraisal tools</em></a><em>.</em></em></p>\n<p><strong>Citation</strong></p>\n<p>Usichenko TI, Lehmann Ch, Ernst E. Auricular acupuncture for postoperative pain control: a systematic review of randomised clinical trials. <em>Anaesthesia</em>. 2008, 63(12):1343-8. </p>\n<p><strong>Authors' objectives</strong></p>\n<p>The aim was to evaluate clinical evidence on the efficacy of auricular acupuncture for postoperative pain control.  </p>\n<p><strong>Authors' conclusions</strong></p>\n<p>The evidence that auricular acupuncture reduces postoperative pain is promising but not compelling.<br /></p>\n<p><strong>Access</strong></p>\n<p>NHS staff: for full text access to this resource contact your <a href=\"http://www.library.nhs.uk/mylibrary/default.aspx\">local NHS library</a>.  </p>",
  "resourceType": "CARDEX"
}