{
  "name": "Complementary and Alternative Medicine",
  "title": "Evidence for laser acupuncture in cases of orthopedic diseases : a systematic review",
  "rootDirectory": "/cam",
  "topics": "ACUPUNCTURE,COMPLEMENTARY AND ALTERNATIVE MEDICINE,MUSCULOSKELETAL DISEASES,CONDITIONS A-Z,CONDITIONS M-O,JUNE 2009",
  "publicationDate": "2008-02-01T00:00:00",
  "url": "http://www.springerlink.com/content/a6g554p6ug32u126/?p=12ec4b74ae9f4466b31013c7415cc787&pi=1",
  "id": "316433",
  "publicationType": "Systematic Review",
  "publisher": "Springer-Verlag",
  "description": "<p><em>This <em>study has met our selection criteria <em>but has not been fully appraised by the CAM SL</em>. Where there is an appraisal available we have linked to it. If there is no appraisal and you wish to appraise this systematic review here is a </em><a href=\"http://www.phru.nhs.uk/Pages/PHD/resources.htm\"><em>link to a list of appraisal tools</em></a><em>.</em></em></p>\n<p><strong>Citation</strong></p>\n<p>Schuller BK, Neugebauer EA. [Evidence for laser acupuncture in cases of orthopedic diseases : a systematic review]. Evidenz zur Laserakupunktur bei orthopadischen Erkrankungen : Ein systematisches Review. <em>Schmerz.</em> 2008, 22(1):9-15. [German] </p>\n<p><strong>Authors' objectives</strong></p>\n<p>The aim of this review is to evaluate the evidence for laser acupuncture in selected orthopaedic diseases.  </p>\n<p><strong>Authors' conclusions</strong></p>\n<p>Better, well designed randomized studies with higher power are mandatory in orthopedic diseases. <br /></p>\n<p><strong>Access</strong></p>\n<p>NHS staff: for full text access to this resource contact your <a href=\"http://www.library.nhs.uk/mylibrary/default.aspx\">local NHS library</a>. </p>",
  "resourceType": "CARDEX"
}