{
  "name": "Complementary and Alternative Medicine",
  "title": "Acupuncture versus western medicine for depression in China: A systematic review",
  "rootDirectory": "/cam",
  "topics": "COMPLEMENTARY AND ALTERNATIVE MEDICINE,ACUPUNCTURE,CONDITIONS D-E,CONDITIONS A-Z,DEPRESSION,JUNE 2009",
  "publicationDate": "2008-05-01T00:00:00",
  "url": "http://www.crd.york.ac.uk/CRDWeb/ShowRecord.asp?ID=12008103385",
  "id": "316448",
  "publicationType": "Systematic Review",
  "publisher": "Chinese Journal of Evidence-Based Medicine",
  "description": "<p><em>This review has been evaluated by a CRD reviewer as potentially meeting the <a href=\"http://www.york.ac.uk/inst/crd/darefaq.htm\">CRD quality criteria</a> and a structured abstract is in the process of being written. This provisional record is for information, please note that the review has not been appraised yet. </em></p>\n<p><strong>Citation</strong></p>\n<p>Sun Y-L, Chen S-B, Gao Y, Xiong J. Acupuncture versus western medicine for depression in China: A systematic review. <em>Chinese Journal of Evidence-Based Medicine.</em> 2008, 8(5):340-5. </p>\n<p><strong>Authors' objectives</strong></p>\n<p>To assess the efficacy of acupuncture versus western medicine in the treatment of depression in China. </p>\n<p><strong>Authors' conclusions</strong></p>\n<p>Acupuncture is not inferior to western medicine, and it is worth noting that acupuncture is associated with few adverse reactions. Further large-scale trials are required to define the role of acupuncture in the treatment of depression.</p>",
  "resourceType": "CARDEX"
}