{
  "name": "Complementary and Alternative Medicine",
  "title": "Systematic evaluation of therapeutic effect and safety of acupuncture for treatment of depression",
  "rootDirectory": "/cam",
  "topics": "COMPLEMENTARY AND ALTERNATIVE MEDICINE,ACUPUNCTURE,CONDITIONS A-Z,DEPRESSION,CONDITIONS D-E,JUNE 2009",
  "publicationDate": "2008-05-01T00:00:00",
  "url": "http://www.ncbi.nlm.nih.gov/pubmed/18652335?dopt=Citation",
  "id": "316590",
  "publicationType": "Systematic Review",
  "publisher": "Zhongguo zhen jiu = Chinese acupuncture & moxibustion",
  "description": "<p><em>This <em>study has met our selection criteria <em>but has not been fully appraised by the CAM SL</em>. Where there is an appraisal available we have linked to it. If there is no appraisal and you wish to appraise this systematic review here is a </em><a href=\"http://www.phru.nhs.uk/Pages/PHD/resources.htm\"><em>link to a list of appraisal tools</em></a><em>.</em></em></p>\n<p><strong>Citation</strong></p>\n<p>Wang L, Sun DW, Zou W, Zhang JY. [Systematic evaluation of therapeutic effect and safety of acupuncture for treatment of depression] <em>Zhongguo Zhen Jiu</em>. 2008 May;28(5):381-6. [Article in Chinese]</p>\n<p><strong>Authors' objectives</strong></p>\n<p>To assess the therapeutic effect of acupuncture on depression.  </p>\n<p><strong>Authors' conclusions</strong></p>\n<p>Both acupuncture and medication possibly are effective for depression with good safety. However, because of lower methodological quality of the trials, this conclusion needs further be confirmed.</p>",
  "resourceType": "CARDEX"
}