{
  "name": "Complementary and Alternative Medicine",
  "title": "Acupuncture for chronic prostatitis: a meta-analysis",
  "rootDirectory": "/cam",
  "topics": "COMPLEMENTARY AND ALTERNATIVE MEDICINE,ACUPUNCTURE,CONDITIONS M-O,CONDITIONS A-Z,JUNE 2009,MALE UROGENITAL DISEASES",
  "publicationDate": "2008-09-01T00:00:00",
  "url": "http://www.ncbi.nlm.nih.gov/pubmed/18998473?dopt=Citation",
  "id": "316577",
  "publicationType": "Systematic Review",
  "publisher": "Zhonghua nan ke xue = National journal of andrology",
  "description": "<p><em>This <em>study has met our selection criteria <em>but has not been fully appraised by the CAM SL</em>. Where there is an appraisal available we have linked to it. If there is no appraisal and you wish to appraise this systematic review here is a </em><a href=\"http://www.phru.nhs.uk/Pages/PHD/resources.htm\"><em>link to a list of appraisal tools</em></a><em>.</em></em></p>\n<p><strong>Citation</strong></p>\n<p>Wang CY, Han RF. [Acupuncture for chronic prostatitis: a meta-analysis] <em>Zhonghua Nan Ke Xue</em>. 2008 Sep;14(9):853-6. [Article in Chinese].</p>\n<p><strong>Authors' objectives</strong></p>\n<p>To determine the effect of acupuncture on chronic prostatitis.  </p>\n<p><strong>Authors' conclusions</strong></p>\n<p>Acupuncture therapy exhibited a definite effect in the treatment of chronic prostatitis.</p>",
  "resourceType": "CARDEX"
}