{
  "name": "Complementary and Alternative Medicine",
  "title": "2009 Annual Evidence Update on Homeopathy",
  "rootDirectory": "/cam",
  "topics": "COMPLEMENTARY AND ALTERNATIVE MEDICINE,HOMEOPATHY,JUNE 2009",
  "publicationDate": "2009-06-15T00:00:00",
  "url": "http://www.library.nhs.uk//cam/ViewResource.aspx?resID=316622",
  "id": "316622",
  "publicationType": "Annual Evidence Update",
  "publisher": "NHS Evidence - complementary and alternative medicine",
  "description": "111-12009 Annual Evidence Update on Homeopathy<p>Published: 15 June 2009</p>\n<p> </p>\n<p> </p>\n<p><img height=\"126\" alt=\"Homeopathic medication ©iStockphoto\" src=\"https://rmsadmin.library.nhs.uk/libraryImages/Complementary%20and%20Alternative%20Medicine/contentID316622/nelhImp_0001_Homeop190_126.jpg\" width=\"190\" /></p>\n<p> </p>\n<p><strong></strong> </p>\n<p><strong>Introduction </strong></p>\n<p>The 2009 Annual Evidence Update on Homeopathy aims to identify, organise and present all relevant systematic reviews and randomised controlled trials (RCTs) published between May 2008 and May 2009. </p>\n<p>Previously published studies have been included in the <a>2008 Annual Evidence Update on Homeopathy</a> or can be found by searching this website.<br /></p>\n<p>We have searched a large number of databases and used strict selection criteria for the identified studies, in order to base the annual update on the best current evidence available. The studies included in this update have met our selection criteria but have not been fully appraised. Where there is an appraisal available we have linked to it. If there is no appraisal and you wish to appraise the selected studies here is a <a href=\"http://www.phru.nhs.uk/Pages/PHD/resources.htm\">link to a list of appraisal tools</a>. </p>\n<p>For more details about the search methods and the selection process for this annual update see the <a>methodology section</a>.</p>\n<p>For a brief overview of the topic of Homeopathy, including information on clinical uses and safety, see the <a>introductory article</a>. </p>\n<p> </p>\n<p><strong>Contents</strong></p>\n<ul><li><a>Methodology</a></li>\n<li><a>Results of the 2009 Annual Evidence Update on Homeopathy</a> </li>\n<li><a>Commentary on the results of the 2009 Annual Evidence Update on Homeopathy</a></li></ul>",
  "resourceType": "Article"
}