{
  "name": "Complementary and Alternative Medicine",
  "title": "Effectiveness of acupuncture for low back pain: a systematic review",
  "rootDirectory": "/cam",
  "topics": "COMPLEMENTARY AND ALTERNATIVE MEDICINE,ACUPUNCTURE,BACK PAIN,CONDITIONS A-B,CONDITIONS A-Z,JUNE 2009",
  "publicationDate": "2008-11-01T00:00:00",
  "url": "http://www.ncbi.nlm.nih.gov/pubmed/18978583?dopt=Citation",
  "id": "316611",
  "publicationType": "Systematic Review",
  "publisher": "Lippincott Williams & Wilkins",
  "description": "<p><em>This <em>study has met our selection criteria <em>but has not been fully appraised by the CAM SL</em>. Where there is an appraisal available we have linked to it. If there is no appraisal and you wish to appraise this systematic review here is a </em><a href=\"http://www.phru.nhs.uk/Pages/PHD/resources.htm\"><em>link to a list of appraisal tools</em></a><em>.</em></em></p>\n<p><strong>Citation</strong></p>\n<p>Yuan J, Purepong N, Kerr DP, Park J, Bradbury I, McDonough S. Effectiveness of acupuncture for low back pain: a systematic review. <em>Spine</em>. 2008, 33(23):E887-900. </p>\n<p><strong>Authors' objectives</strong></p>\n<p>To explore the evidence for the effectiveness of acupuncture for nonspecific low back pain. </p>\n<p><strong>Authors' conclusions</strong></p>\n<p>Acupuncture versus no treatment, and as an adjunct to conventional care, should be advocated in the European Guidelines for the treatment of chronic low back pain.</p>\n<p><strong>Access</strong></p>\n<p>NHS staff: for full text access to this resource contact your <a href=\"http://www.library.nhs.uk/mylibrary/default.aspx\">local NHS library</a>. </p>",
  "resourceType": "CARDEX"
}