{
  "name": "Complementary and Alternative Medicine",
  "title": "2009 Annual Evidence Update on Homeopathy - Methodology",
  "rootDirectory": "/cam",
  "topics": "HOMEOPATHY,COMPLEMENTARY AND ALTERNATIVE MEDICINE,JUNE 2009",
  "publicationDate": "2009-06-15T00:00:00",
  "url": "http://www.library.nhs.uk//cam/ViewResource.aspx?resID=316626",
  "id": "316626",
  "publicationType": "Reference Material",
  "publisher": "NHS Evidence - complementary and alternative medicine",
  "description": "111-12009 Annual Evidence Update on Homeopathy - Methodology<p><strong>Sources searched:</strong></p>\n<p>The Cochrane Library (CDSR, CENTRAL, DARE, HTA, NHS EED), CRD databases (DARE, NHS EED, HTA), PubMed (and MEDLINE), EMBASE, AMED, CINAHL, PsycINFO</p>\n<p><strong>Selection criteria (at screening stage)</strong> </p>\n<p>Inclusion criteria:</p>\n<ol><li>Systematic reviews and meta-analyses - statement of methodology and explicit description of search process (at least 2 sources must have been searched and there must be a statement of methodology) \n</li><li>HTA reports and cost-effectiveness studies  \n</li><li>Randomised controlled trials (RCTs) \n</li><li>Topic relevance (studies should focus on homeopathy or include homeopathy as one of the investigated interventions)</li></ol><p>Exclusion criteria:</p>\n<ol><li>The study is not a systematic review, meta-analysis, HTA report, cost-effectiveness study or RCT.  \n</li><li>The study does not focus on homeopathy or include homeopathy as one of the investigated interventions. \n</li><li>The study is published in a language other than English and English abstract is not available.</li></ol><p><strong>Search process</strong></p>\n<p>The searches were carried out between 15 and 20 May 2009 and were limited to articles published since 1 January 2008. To identify relevant systematic reviews the information specialist searched the sources listed above using the CAM specialist collection systematic reviews filter, which emphasizes specificity (precision) over sensitivity. The PubMed Clinical Queries systematic review filter was also used.<br />More details of search terms and filters used are available <a href=\"http://www.library.nhs.uk/cam/ContactUs.aspx\">by contacting</a> the information specialist.  </p>\n<p><strong>Results</strong> </p>\n<p>The totals number of records retrieved was 104. After removing the duplicates there were 46 to screen. Of these 6 were selected as potential systematic reviews or meta-analyses. If any uncertainty existed records were still included in the list. The final selection includes two systematic review, two meta-analyses, one overview of systematic reviews and an additional systematic review of in vitro and animal studies.</p>\n<p>In addition a search for relevant randomised controlled trials (RCTs) was carried out. The total number of records retrieved was 12. After removing the duplicates there were nine studies to screen. The final selection includes five RCTs. </p><br /><p><a>Link to 2009 Annual Evidence Update on Homeopathy</a></p>\n<p> </p>",
  "resourceType": "Article"
}