{
  "name": "Complementary and Alternative Medicine",
  "title": "Evidence based acupuncture practice recommendations for peripheral facial paralysis",
  "rootDirectory": "/cam",
  "topics": "COMPLEMENTARY AND ALTERNATIVE MEDICINE,ACUPUNCTURE,CONDITIONS M-O,CONDITIONS A-Z,JUNE 2009,NERVOUS SYSTEM DISEASES",
  "publicationDate": "2009-01-01T00:00:00",
  "url": "http://www.ncbi.nlm.nih.gov/pubmed/19222110?dopt=Citation",
  "id": "316618",
  "publicationType": "Systematic Review",
  "publisher": "World Scientific Pub.",
  "description": "<p><em>This <em>study has met our selection criteria <em>but has not been fully appraised by the CAM SL</em>. Where there is an appraisal available we have linked to it. If there is no appraisal and you wish to appraise this systematic review here is a </em><a href=\"http://www.phru.nhs.uk/Pages/PHD/resources.htm\"><em>link to a list of appraisal tools</em></a><em>.</em></em></p>\n<p><strong>Citation</strong></p>\n<p>Zheng H, Li Y, Chen M. Evidence based acupuncture practice recommendations for peripheral facial paralysis. <em>American Journal of Chinese Medicine</em>. 2009, 37(1):35-43. </p>\n<p><strong>Authors' objectives</strong></p>\n<p>The objective is to analyze the treatment used in relatively high quality randomized controlled trials to identify any similarities of therapeutic approaches and subsequently present recommendations for a standard acupuncture procedure for the treatment of peripheral facial paralysis (PFP).  </p>\n<p><strong>Authors' conclusions</strong></p>\n<p>Manual stimulation or electro-acupuncture combined with moxibustion is recommended. Moreover, the suggested duration of acupuncture treatment refers to once a day, 10 times for each course, 2 to 5 days as courses interval, and 20 to 40 treatments in total.<br /></p>\n<p><strong>Access</strong></p>\n<p>NHS staff: for full text access to this resource contact your <a href=\"http://www.library.nhs.uk/mylibrary/default.aspx\">local NHS library</a>. </p>",
  "resourceType": "CARDEX"
}