{
  "name": "Complementary and Alternative Medicine",
  "title": "2009 Annual Evidence Update on Homeopathy - Expert commentary",
  "rootDirectory": "/cam",
  "topics": "COMPLEMENTARY AND ALTERNATIVE MEDICINE,HOMEOPATHY,JUNE 2009",
  "publicationDate": "2009-06-15T00:00:00",
  "url": "http://www.library.nhs.uk//cam/ViewResource.aspx?resID=317091",
  "id": "317091",
  "publicationType": "Annual Evidence Update",
  "publisher": "NHS Evidence - complementary and alternative medicine",
  "description": "111-12009 Annual Evidence Update on Homeopathy - Expert commentary<h2>Summary of systematic reviews, meta-analyses, RCTs and other studies</h2>\n<p><em>Dr Peter Fisher, Clinical Lead, NHS Evidence - complementary and alternative medicine</em></p><br /><p>\n</p><h2>Systematic reviews and meta-analysis</h2>\n<p></p><br /><p><strong>Cochrane review of homeopathic medicines for adverse effects of cancer treatments</strong></p>\n<p>Kassab S, Cummings M, Berkovitz S, van Haselen R, Fisher P. Homeopathic medicines for adverse effects of cancer treatments. <i>Cochrane Database of Systematic Reviews</i> 2009, Issue 2. Art. No.: CD004845. DOI: 10.1002/14651858.CD004845.pub2. [<a href=\"http://mrw.interscience.wiley.com/cochrane/clsysrev/articles/CD004845/frame.html\">Full text</a>]  </p>\n<p><br />This Cochrane review evaluated the effectiveness and safety of homeopathic medicines to prevent or treat adverse effects of cancer treatments. Homeopathic medicines are used by patients with cancer, often alongside conventional treatment. Cancer treatments can cause considerable morbidity and one of the reasons patients use homeopathic medicines is to help with adverse effects.  </p>\n<p>A wide search including standard electronic databases and hand searching of specialised literature was conducted for randomised controlled trials (RCTs) of homeopathic medicines in participants with cancer where the intervention was aimed at preventing or treating symptoms associated with cancer treatments. All age groups, and all stages of disease were included.</p>\n<p>Eight controlled trials (seven placebo controlled and one against active treatment) with a total of 664 participants were included. Three trials studied adverse effects of radiotherapy, three adverse effects of chemotherapy and two menopausal symptoms associated with breast cancer treatment. Two studies with low risk of bias demonstrated benefit: one with 254 participants demonstrated superiority of topical calendula over trolamine (a topical agent not containing corticosteroids) for prevention of radiotherapy-induced dermatitis, and another with 32 participants demonstrated superiority of Traumeel S (a proprietary complex homeopathic medicine) over placebo as a mouthwash for chemotherapy-induced stomatitis. Two other studies reported positive results, although the risk of bias was unclear, and four further studies reported negative results. No serious adverse effects or interactions were reported. </p>\n<p>The authors concluded that there is preliminary data in support of the efficacy of topical calendula for prophylaxis of acute dermatitis during radiotherapy and Traumeel S mouthwash in the treatment of chemotherapy-induced stomatitis. These trials need replicating. There is no convincing evidence for the efficacy of homeopathic medicines for other adverse effects of cancer treatments. Further research is required. </p><br /><p><strong>Traditional Indian medicine and homeopathy for HIV/AIDS</strong> </p>\n<p>Fritts M, Crawford CC, Quibell D, Gupta A, Jonas WB, Coulter I, et al. Traditional Indian medicine and homeopathy for HIV/AIDS: a review of the literature. <em>AIDS Research and Therapy</em>. 2008, 5:25.  [<a href=\"http://www.pubmedcentral.nih.gov/articlerender.fcgi?tool=pubmed&amp;pubmedid=19102742\">Full text</a>]<br /> </p>\n<p>This is a systematic review of traditional Indian medicine and homeopathy (TIMH) for HIV/AIDS. TIMH comprises Ayurveda, Unani and Siddha medicine, yoga, naturopathy and homeopathy. TIMH is used up to two-thirds of the population and an estimated 2.5 million Indians have HIV/AIDS. But little is known about the use, safety or efficacy of TIMH in HIV/AIDS.</p>\n<p>The review assessed the quality of peer-reviewed, published literature on TIMH for HIV/AIDS care and treatment. 206 original articles were reviewed, identifying 21 laboratory and 17 clinical studies, and 6 literature reviews. Most studies were on Ayurveda or homeopathy. Seven studies of homeopathy were found of which 2 were randomised, double-blind placebo controlled trials.  </p>\n<p>RCTs of homeopathy were conducted by Rastogi et al. and Brewitt et al. Rastogi et al. evaluated the role of homeopathy in 100 HIV-positive patients  in a 6-month randomized, double-blind, placebo-controlled clinical trial. Participants were stratified into two groups: Asymptomatic HIV-infected (Center for Disease Control (CDC) Stage II, n=50) and HIV-infected with Persistent Generalized Lymphadenopathy (PGL; CDC Stage III, n=50). Individualized homeopathic medicines were prescribed. </p>\n<p>Within the PGL stratum, there were statistically significant increases in CD4 and CD8 T-lymphocytes after treatment. The placebo group showed no significant increases in either parameter. Comparison between the control and the intervention arm did not reveal a significant p value. In the asymptomatic stratum, differences within and between the groups were not statistically significant. Criticisms included the small sample size and high loss to follow-up and that subjects with poor compliance, or who developed life threatening conditions or adverse effects which required intervention were not included in the final analysis. </p>\n<p>Brewitt conducted two RCTs of similar double-blind placebo-controlled design to assess the use of homeopathic growth factors (hoGFs) as treatment for HIV infection. Growth factors are important to immune responsiveness, wound healing, tissue repair and cell growthThe trials included a total of 76 patients and a found a statistically significant weight gain in patients taking hoGFs (p=0.009 versus placebo at three months, p=0.0004 versus placebo at four months). Weaknesses include that very few statistical significance values were given, and much important information was absent.</p>\n<p>The overall conclusion of the review was that there is a large gap between the widespread use of TIMH therapies for HIV/AIDS, and the lack of high-quality data supporting their effectiveness and safety. A rigorous research agenda to investigate the potential risks and benefits of TIMH and to identify its role in the management of HIV/AIDS and associated illnesses in India is required. </p><br /><p><strong>Re-analysis of a meta-analysis</strong></p>\n<p>Ludtke R, Rutten AL. The conclusions on the effectiveness of homeopathy highly depend on the set of analyzed trials. <em>Journal of Clinical Epidemiology</em>. 2008, 61(12):1197-204. [<a href=\"http://www.ncbi.nlm.nih.gov/pubmed/18834714\">PubMed abstract</a>] </p>\n<p>Rutten AL, Stolper CF. The 2005 meta-analysis of homeopathy: the importance of post-publication data. <em>Homeopathy</em>. 2008, 97(4):169-77. [<a href=\"http://www.ncbi.nlm.nih.gov/pubmed/19371564\">PubMed abstract</a>]</p><br /><p>A pair of papers re-analysed Shang's meta-analysis* of homeopathic medicines published in the <em>Lancet</em> in 2005. The conclusions of Shang's meta-analysis were based on a subset of eight ‘larger’ trials of 21 ‘high quality’ trials, compared to a subset of 6 ‘larger’ of 14 ‘high quality’ trials of conventional medicine, of a total 110 trials each of homeopathy and conventional medicine. The identity of the trials analysed was not revealed. In this re-analysis, the 21 higher quality trials of homeopathy were identified, re-extracted and analysed  with sensitivity analysis for the influence of single indications and other meaningful subsets of the high quality trials. Subsets were defined according to sample size, type of homeopathy, type of publication, and treated condition. The overall odds ratios (ORs) were estimated using random effect meta-analyses. </p>\n<p>The results show that the ‘larger high quality’ trials of homeopathy on which the original conclusions were based were highly heterogeneous, comprising 8 trials on 8 different indications, and were not matched by indication with those of conventional medicine. The method of assessment of trial quality was unclear and differed from previous meta-analyses. However the quality of trials of homeopathy is better than of trials conventional of conventional medicine. Based on all high-quality studies, homeopathy had a significant effect beyond placebo. When the set of analyzed trials was successively restricted to larger patient numbers, the ORs varied and the P-values increased. Shang's negative results were largely due to one trial on preventing muscle soreness in 400 long-distance runners. </p>\n<p>The authors concluded that the results of the meta-analysis are very sensitive to the threshold defining ‘large’ clinical trials and that, because of the heterogeneity between the trials and methodological issues, Shang's results and conclusions are less definite than had been presented.</p><br /><p>*Shang A, Huwiler-Müntener K, Nartey L, Jüni P, Dörig S, Sterne JA, Pewsner D, Egger M. Are the clinical effects of homoeopathy placebo effects? Comparative study of placebo-controlled trials of homoeopathy and allopathy. <em>Lancet</em>. 2005 Aug 27-Sep 2;366(9487):726-32. [<a href=\"http://www.ncbi.nlm.nih.gov/pubmed/16125589\">PubMed abstract</a>]</p><br /><p>\n</p><h2>Randomised controlled trials (RCTs)</h2>\n<p></p><br /><p><strong>Homotoxicology for bed-wetting</strong></p>\n<p>Ferrara P, Marrone G, Emmanuele V, Nicoletti A, Mastrangelo A, Tiberi E, Ruggiero A, Fasano A, Paolini Paoletti F. Homotoxicological remedies versus desmopressin versus placebo in the treatment of enuresis: a randomised, double-blind, controlled trial. <em>Pediatric Nephrology</em>. 2008, 23(2):269-74. [<a href=\"http://www.ncbi.nlm.nih.gov/pubmed/17310359\">PubMed abstract</a>] </p><br /><p>Homotoxicology is a variant of homeopathy based on interpreting disease as an expression of the defensive effort of the organism against pathogenic toxins and detoxification with homeopathic medicines. A randomised, double-blind, double-dummy, controlled trial compared the safety and efficacy of the homotoxicological complexes Solidago compositum drops and Biopax tablets (combined) with placebo and desmopressin (dDAVP) in the treatment of monosymptomatic nocturnal enuresis (MNE). 151 children with MNE were randomly assigned to receive oral homotoxicological remedies, dDAVP or placebo. The primary outcomes were: the reduction of wet nights per week; numbers of responders; the number of children relapsing after initial response and attaining 14 consecutive dry nights during the treatment. The secondary outcome was adverse effects. </p>\n<p>Baseline clinical characteristics were similar between the three groups of patients. After the 3 months there was a significant difference between the three groups (P &lt; 0.001) in the mean number of wet nights per week. dDAVP produced a statistically significant decrease (62.9%) in wet nights compared to placebo (2.4%) and compared to homotoxicological remedies (30.0%). The decrease in wet nights in the homotoxicology group was a significant compared to placebo. Complete resolution was significantly more frequent with homotoxicological remedies (20%) than placebo (0%), and in terms of the number of children with 14 consecutive dry nights. </p>\n<p>The authors conclude that homotoxicology is safe and effective compared to placebo, but significantly less effective than dDAVP in MNE.    </p><br /><p><strong>The homeopathic medicine Ignatia for oral lichen planus</strong></p>\n<p>Mousavi F, Sherafati S, Mojaver YN. Ignatia in the treatment of oral lichen planus. <em>Homeopathy</em>. 2009, 98(1):40-4. [<a href=\"http://www.ncbi.nlm.nih.gov/pubmed/19135958\">PubMed abstract</a>]  </p><br /><p>A randomised placebo-controlled single (patient) blind study conducted in Tehran aimed to evaluate the effectiveness of homeopathic Ignatia 30C in oral lichen planus (OLP). Only patients who met the prescribing criteria for Ignatia were eligible. Of 100 patients with erosive and/or atrophic OLP screened, 30 were eligible and consented. They were treated for 4 months. </p>\n<p>Mean lesion sizes and mean pain measures differed between control and treatment groups favouring Ignatia. Mean lesion size reduced from 3.9 to 2.2 cm with active but remained constant at 4.3 cm with placebo. Mean VAS pain scores improved from 50 to 13mm with active and 48 to 40mm with placebo (p&lt;0.05 for both). The authors concluded that their results suggest that Ignatia has a beneficial effect in treatment of OLP in selected patients. Weaknesses of the study include its small scale and lack of assessor blinding.</p><br /><p><strong>Effect of a homeopathic complex medicine on morphine requirements after knee surgery</strong></p>\n<p>Paris A, Gonnet N, Chaussard C, Belon P, Rocourt F, Saragaglia D, et al. Effect of homeopathy on analgesic intake following knee ligament reconstruction: a phase III monocentre randomized placebo controlled study. <em>British Journal of Clinical Pharmacology</em>. 2008, 65(2):180-7. [<a href=\"http://www.pubmedcentral.nih.gov/articlerender.fcgi?tool=pubmed&amp;pubmedid=18251757\">Full text</a>]  </p><br /><p>This clinical trial compared an homeopathic complex (Arnica montana 5 CH, Bryonia alba 5 CH, Hypericum perforatum 5 CH and Ruta graveolens 3 DH) with placebo after knee ligament reconstruction. The main outcome measure was consumption of less or more than 10mg of morphine in the 24h post surgery delivered by patient controlled analgesia (PCA). It was an add-on randomized controlled study with three parallel groups: a double-blind homeopathic or placebo arm and a control group who received PCA morphine but no homeopathy or placebo. Treatment was administered the evening before surgery and continued for 3 days. </p>\n<p>158 patients were randomized: 66 placebo, 67 homeopathic, 25 in the control group (recruitment to the control group was delayed and eventually terminated before target recruitment had been met). There was no difference between the treated and the placebo group for primary end-point (mean 48% and 56% respectively required less than 10 mg morphine/24h). The homeopathic complex had no effect on morphine intake between 24 and 72 h or on the visual analogue pain scale, or on quality of life assessed by the SF36 questionnaire, nor were these parameters significantly different in patients in the control group. </p>\n<p>The authors concluded that the homeopathic complex tested was not superior to placebo in reducing 24h morphine consumption after knee ligament reconstruction. </p><br /><p><strong>An homeopathic package of care for Fibromyalgia</strong></p>\n<p>Relton C, Smith C, Raw J, Walters C, Adebajo AO, Thomas KJ, Young TA. Healthcare provided by a homeopath as an adjunct to usual care for Fibromyalgia (FMS): results of a pilot randomised controlled trial. <em>Homeopathy</em>. 2009, 98(2):77-82. [<a href=\"http://www.ncbi.nlm.nih.gov/pubmed/19358959\">PubMed abstract</a>] </p><br /><p>This is a feasibility study for a Randomised Controlled Trial (RCT) comparing usual care with usual care plus adjunctive care by a homeopath for patients with Fibromyalgia syndrome (FMS). The study was of pragmatic parallel group design. Adults with a diagnosis of FMS (American College of  Rheumatology criteria) were randomly allocated to the two regimes. ‘Adjunctive care’ consisted of five in depth interviews and individualised homeopathic medicines. The primary outcome measure was the difference in Fibromyalgia Impact Questionnaire (FIQ) total score at 22 weeks.</p>\n<p>47 patients were recruited. Drop out rate in the usual care group was higher than the adjunctive care group (8/24 vs 3/23), an intention to treat analyses was presented. There was a significantly greater improvement in the FIQ total score in the homeopath care group compared to usual care (-7.62 vs 3.63), and in the FIQ fatigue, tiredness upon waking and McGill pain scores. The effect size on pain score was small (0.21), but on function, large (0.81). There were no reported adverse events. The authors conclude that there is a need for a definitive study to assess the clinical and cost effectiveness of adjunctive care by a homeopath for patients with FMS.</p><br /><p>\n</p><h2>Other publications of interest </h2>\n<p></p>\n<p><strong>Does homoeopathy work? </strong></p>\n<p>Chanda P, Furnham A. Does homoeopathy work? Part II: A review of recent scientific papers. <em>Focus on Alternative and Complementary Therapies.</em> 2008, 13(3):157-67. [<a href=\"http://www.medicinescomplete.com/journals/fact/current/fact1303a05t02.htm\">Full text</a>] </p><br /><p>Chanda and Furnham took an overview of homeopathy based on systematic reviews of RCTs and other literature. They conclude that clinical outcome studies show the effectiveness of homoeopathy in terms of patient and practitioner assessment is generally high and that conventional treatment may be integrated successfully with homoeopathy. But the concepts of like cures like and potentisation are not supported by current scientific evidence. Current RCT evidence neither definitively proves or disproves homoeopathy’s efficacy over placebo. The appropriateness of RCTs for evaluating homoeopathy has been questioned. </p>\n<p>Outcome studies and meta-analyses should be viewed in conjunction. An analysis of the placebo effect as a possible mechanism for homoeopathy shows that the ‘narrative consultation process’ may be implicated in psychoneuroimmunology. Although the placebo effect usually carries a negative connotation it is also part of other medical treatments. Socio-demographic data show that homoeopathic patients tend to be largely female and well educated. The efficacy of homoeopathy is context-specific.</p>\n<p>Homoeopathy is likely to remain popular despite its lack of scientific plausibility. Decisions regarding the effectiveness of homoeopathy will remain difficult and are likely to be made according to individual experiences and beliefs. Scientists may deny that homoeopathy is a clinically valuable, as exemplified by the <a href=\"http://www.ncbi.nlm.nih.gov/pubmed/16125567\"><em>Lancet</em>’s ‘end of homoeopathy’ editorial</a> and <a href=\"http://www.ncbi.nlm.nih.gov/pubmed/16125589\">Shang et al.'s review</a> in 2005. The effectiveness of homoeopathy remains a topic of debate surrounded by scientific, political, economic, social and emotional factors.</p><br /><p><strong>Homeopathic Rhus toxicodendron as an adjuvant in tumour therapy</strong></p>\n<p>Heine H. Are homeopathic preparations of Rhus toxicodendron L. (Toxicodendron quercifolium Greene) suitable for adjuvant tumor therapy? A systematic review. <em>Schweizerische Zeitschrift Fur Ganzheitsmedizin</em>. 2008, 20(1):35-40. [<a href=\"http://www.ganzheitsmedizin.ch/im_abstracts/2008_vol20/1_35_40.html\">Abstract</a>] </p><br /><p>Historically plants of the Rhus (sumach) family have been used in the treatment of tumours. Currently homeopathic preparations of Rhus toxicodendron are used only in the treatment of inflammation. This systematic review of in vitro and animal studies from 1966-2007 aimed to assess whether homeopathic preparations of Rhus toxicodendron are suitable for adjuvant tumour therapy. It examined antitumour activity and inhibition of proinflammatory tumour metalloproteinases by various Rhus species especially Rhus toxicodendron. </p>\n<p>Antineoplastic effects have been found in numerous tumour cell lines treated with diluted preparations of Rhus species. In a metabolic competent tumour cell line (Hep G2) as well as in animal experiments a statistically significant effect of homeopathically diluted Rhus toxicodendron was demonstrated. In vitro experiments showed inhibitory effects on tumour metalloproteinases. The review concluded that the literature shows that homeopathic preparations of Rhus toxicodendron have antineoplastic effects, and might be considered as an adjuvant in the treatment of tumours. One problem with this study concerns the name of the plant. According to the International Code of Botanical Nomenclature, the plant traditionally known as Rhus toxicodendron in homeopathy should be known as Toxicodendron pubescens, not Toxicodendron quercifolium as in this paper. Its common name is poison ivy, and it is toxic.</p><br /><p><a>Link to 2009 Annual Evidence Update on Homeopathy</a></p>\n<p> </p>",
  "resourceType": "Article"
}