{
  "name": "Complementary and Alternative Medicine",
  "title": "Herbal medicine for diabetic retinopathy (Cochrane protocol)",
  "rootDirectory": "/cam",
  "topics": "COMPLEMENTARY AND ALTERNATIVE MEDICINE,CONDITIONS D-E,DIABETES MELLITUS,TRADITIONAL CHINESE MEDICINE (TCM),CONDITIONS A-Z,HERBAL MEDICINE,OTHER THERAPIES OR MEDICAL SYSTEMS,CAM GENERAL,RESEARCH,JULY 2009,EYE DISEASES",
  "publicationDate": "2009-07-08T00:00:00",
  "url": "http://www.mrw.interscience.wiley.com/cochrane/clsysrev/articles/CD007939/frame.html",
  "id": "320586",
  "publicationType": "Systematic Review",
  "publisher": "John Wiley & Sons, Ltd",
  "description": "<i>\n<p>This is the protocol for a Cochrane systematic review. This record will be updated when the review has been completed.</p></i>\n<p><strong>Citation</strong></p>\n<p>Zhang HW, Zhang H, Wan X, Li G, Grant SJ. Herbal medicine for diabetic retinopathy (Protocol). <i>Cochrane Database of Systematic Reviews</i> 2009, Issue 3. Art. No.: CD007939. DOI: 10.1002/14651858.CD007939.</p>\n<p><strong><strong>Authors'</strong> objectives</strong></p>\n<p>The objective of this review is to evaluate the effect of herbal medicine for the treatment of diabetic retinopathy when compared with placebo, no treatment, or conventional treatment. The authors will also investigate any possible adverse events in such studies.</p>",
  "resourceType": "CARDEX"
}