{
  "name": "Complementary and Alternative Medicine",
  "title": "Acupuncture for primary dysmenorrhoea (Cochrane protocol)",
  "rootDirectory": "/cam",
  "topics": "COMPLEMENTARY AND ALTERNATIVE MEDICINE,ACUPUNCTURE,CAM GENERAL,PAIN,CONDITIONS A-Z,CONDITIONS P-R,CONDITIONS D-E,DYSMENORRHOEA,JULY 2009,RESEARCH",
  "publicationDate": "2009-07-08T00:00:00",
  "url": "http://www.mrw.interscience.wiley.com/cochrane/clsysrev/articles/CD007854/frame.html",
  "id": "320584",
  "publicationType": "Systematic Review",
  "publisher": "John Wiley & Sons, Ltd",
  "description": "<i>\n<p>This is the protocol for a Cochrane systematic review. This record will be updated when the review has been completed.</p></i>\n<p><strong>Citation</strong></p>\n<p>Smith CA, He L, Zhu X, Song J. Acupuncture for primary dysmenorrhoea (Protocol). <i>Cochrane Database of Systematic Reviews</i> 2009, Issue 3. Art. No.: CD007854. DOI: 10.1002/14651858.CD007854.</p>\n<p><strong><strong>Authors'</strong> objectives</strong></p>\n<p>To determine the efficacy and safety of acupuncture in the treatment of primary dysmenorrhoea when compared with placebo, no treatment, or conventional medical treatments (for example NSAIDs, OCPs).</p>",
  "resourceType": "CARDEX"
}