{
  "name": "Complementary and Alternative Medicine",
  "title": "Acupuncture for hypoxic ischemic encephalopathy in neonates (Cochrane protocol)",
  "rootDirectory": "/cam",
  "topics": "COMPLEMENTARY AND ALTERNATIVE MEDICINE,ACUPUNCTURE,CAM GENERAL,CARDIOVASCULAR DISEASES,CONDITIONS A-Z,CONDITIONS M-O,CONDITIONS C,JULY 2009,NERVOUS SYSTEM DISEASES,RESEARCH",
  "publicationDate": "2009-07-08T00:00:00",
  "url": "http://www.mrw.interscience.wiley.com/cochrane/clsysrev/articles/CD007968/frame.html",
  "id": "320578",
  "publicationType": "Systematic Review",
  "publisher": "John Wiley & Sons, Ltd",
  "description": "<i>\n<p>This is the protocol for a Cochrane systematic review. This record will be updated when the review has been completed.</p></i>\n<p><strong>Citation</strong></p>\n<p>Wong V, Cheuk DKL, Chu V. Acupuncture for hypoxic ischemic encephalopathy in neonates (Protocol). <i>Cochrane Database of Systematic Reviews</i> 2009, Issue 3. Art. No.: CD007968. DOI: 10.1002/14651858.CD007968.</p>\n<p><strong><strong>Authors'</strong> objectives</strong></p>\n<p>The objectives are to determine the effect of acupuncture on mortality and morbidity in neonates with hypoxic ischemic encephalopathy.</p>",
  "resourceType": "CARDEX"
}