{
  "name": "Complementary and Alternative Medicine",
  "title": "Acupuncture for pain in endometriosis (Cochrane protocol)",
  "rootDirectory": "/cam",
  "topics": "ACUPUNCTURE,COMPLEMENTARY AND ALTERNATIVE MEDICINE,CONDITIONS D-E,CONDITIONS P-R,ENDOMETRIOSIS,CONDITIONS A-Z,PAIN,CAM GENERAL,RESEARCH,JULY 2009",
  "publicationDate": "2009-07-08T00:00:00",
  "url": "http://www.mrw.interscience.wiley.com/cochrane/clsysrev/articles/CD007864/frame.html",
  "id": "320581",
  "publicationType": "Systematic Review",
  "publisher": "John Wiley & Sons, Ltd",
  "description": "<i>\n<p>This is the protocol for a Cochrane systematic review. This record will be updated when the review has been completed.</p></i>\n<p><strong>Citation</strong></p>\n<p>Zhu X, Hamilton KD, McNicol ED. Acupuncture for pain in endometriosis (Protocol). <i>Cochrane Database of Systematic Reviews</i> 2009, Issue 3. Art. No.: CD007864. DOI: 10.1002/14651858.CD007864.</p>\n<p><strong><strong>Authors'</strong> objectives</strong></p>\n<p>The objectives are to assess the effectiveness and safety of acupuncture in the treatment of women with pain from endometriosis.  </p>",
  "resourceType": "CARDEX"
}