{
  "name": "Complementary and Alternative Medicine",
  "title": "Chiropractic & Osteopathy",
  "rootDirectory": "/cam",
  "topics": "COMPLEMENTARY AND ALTERNATIVE MEDICINE,OSTEOPATHY,CHIROPRACTIC,JULY 2009",
  "publicationDate": "",
  "url": "http://www.chiroandosteo.com/",
  "id": "321166",
  "publicationType": "Reference Material",
  "publisher": "BioMed Central",
  "description": "<p>An online journal published by <a href=\"http://www.biomedcentral.com/\">BioMed Central</a>.</p>\n<p><br /><i>Chiropractic &amp; Osteopathy</i> is the official journal of the <a href=\"http://www.coca.com.au/\">Chiropractic &amp; Osteopathic College of Australasia (COCA)</a>, and is a continuation of the title <i>Australasian Chiropractic &amp; Osteopathy</i> previously published by COCA. </p>",
  "resourceType": "CARDEX"
}