SC_TERM,MESH_TERM,MESH_ID,IGNORE,PATH,ONTOLOGY_ID
COMPLEMENTARY AND ALTERNATIVE MEDICINE,Complementary Therapies,D000529,0,/565220/276199/214513/213307/214084/,214084
CAM GENERAL,Complementary Therapies,D000529,0,/565220/276199/214513/213307/214084/,214084
EDUCATION/CPD,Education,D004493,0,/565220/276199/221009/218681/,218681
REGULATION,Government Regulation ,D033161,0,,0
RESEARCH,Research,D012106,0,/565220/276199/248450/215344/213945/220338/,220338
ACUPUNCTURE,Acupuncture Therapy,D015670,0,/565220/276199/214513/213307/214084/247316/,247316
ACUPUNCTURE,Electroacupuncture,D015671,0,/565220/276199/214513/213307/214084/247316/253211//565220/276199/214513/214414/214512/253211//565220/276199/214513/213307/218203/253211//565220/276199/214513/213307/215668/221074/253211//565220/276199/214513/213307/221074/253211//565220/276199/214513/214414/214413/221082/253211//565220/276199/214513/213307/215668/221074/221082/253211//565220/276199/214513/213307/221074/221082/253211/,253211
ACUPUNCTURE,Acupuncture Analgesia,D015667,0,/565220/276199/214513/213307/214084/247316/253207//565220/276199/214513/214414/214413/253207/,253207
ACUPUNCTURE,Auriculotherapy,D055097,0,,0
ACUPUNCTURE,"Acupuncture, Ear",D020831,0,/565220/276199/214513/213307/214084/247316/271709/,271709
ACUPUNCTURE,Meridians,D016740,0,/565220/276199/214513/213307/214084/247316/253209/,253209
ACUPUNCTURE,Acupuncture Points,D015669,0,/565220/276199/214513/213307/214084/247316/253209/253208/,253208
ACUPUNCTURE,Acupuncture,D026881,0,/565220/276199/248450/215344/214444/216044/253210/,253210
AROMATHERAPY,Aromatherapy,D019341,0,/565220/276199/214513/213307/214084/216015/249168//565220/276199/214513/213307/214084/247220/249168//565220/276199/215786/215792/215180/249168//565220/276199/214513/213307/214084/213308/249168/,249168
CHIROPRACTIC,"Manipulation, Chiropractic",D026882,0,/565220/276199/214513/213307/214084/220156/271394/217561//565220/276199/214513/213307/215668/220156/271394/217561//565220/276199/214513/213307/220156/271394/217561//565220/276199/214513/213307/214084/220156/217561//565220/276199/214513/213307/215668/220156/217561//565220/276199/214513/213307/220156/217561/,217561
CHIROPRACTIC,"Manipulation, Spinal",D020393,0,/565220/276199/214513/213307/214084/220156/271394//565220/276199/214513/213307/215668/220156/271394//565220/276199/214513/213307/220156/271394/,271394
CHIROPRACTIC,Chiropractic,D002684,0,/565220/276199/248450/215344/214444/216044/217559/,217559
DIETARY AND NUTRITIONAL THERAPIES,Dietary Supplements,D019587,0,/565220/276199/251610/215933/216466/252784/,252784
DIETARY AND NUTRITIONAL THERAPIES,Food,D005502,0,/565220/276199/251610/215933/216466/,216466
DIETARY AND NUTRITIONAL THERAPIES,Diet,D004032,0,/565220/276199/214513/214612/216772//565220/276199/248450/215344/214444/215999/214614/219124/216772/,216772
FOOD AND BEVERAGES,Food and Beverages,D019602,0,/565220/276199/251610/215933/,215933
DIETARY FIBRE,Dietary Fiber,D004043,0,/565220/276199/251610/215933/216466/219133/,219133
DIETARY SODIUM CHLORIDE,"Sodium Chloride, Dietary",D017673,0,/565220/276199/214226/213270/221091/214635/214634/214309/251074/270593//565220/276199/214226/213270/213269/213276/217596/214309/251074/270593//565220/276199/214226/213270/217588/217596/214309/251074/270593//565220/276199/214226/213270/251075/251074/270593//565220/276199/214226/213270/251075/251090/270593/,270593
PROBIOTICS,Probiotics,D019936,0,/565220/276199/251610/215933/216466/252784/270352/,270352
SOY,Soybeans,D013025,0,,0
NUTRITIONAL SUPPLEMENTS,Dietary Supplements,D019587,0,/565220/276199/251610/215933/216466/252784/,252784
NUTRITIONAL SUPPLEMENTS,Micronutrients,D018977,0,/565220/276199/251610/215933/216466/251944//565220/276199/214226/221348/219795/214412/220971/251944/,251944
AMINO ACIDS,Amino Acids,D000596,0,/565220/276199/214226/214219/213823/,213823
ARGININE,Arginine,D001120,0,/565220/276199/214226/214219/213823/215116/215115//565220/276199/214226/214219/213823/214223/215115//565220/276199/214226/214219/213823/214225/215115/,215115
BRANCHED-CHAIN AMINO ACIDS,"Amino Acids, Branched-Chain",D000597,0,/565220/276199/214226/214219/213823/214221/,214221
CARNITINE,Carnitine,D002331,0,/565220/276199/214226/213886/214006/214140/215924/213194//565220/276199/214226/213270/214305/214140/215924/213194//565220/276199/214226/213886/214310/214140/215924/213194/,213194
CREATINE,Creatine,D003401,0,/565220/276199/214226/214219/213823/218579//565220/276199/214226/213886/214193/213760/218579/,218579
CYSTEINE,Cysteine,D003545,0,/565220/276199/214226/214219/213823/215276/213205//565220/276199/214226/214219/213823/214227/213205//565220/276199/214226/213270/214228/214227/213205//565220/276199/214226/213886/214228/214227/213205//565220/276199/214226/213270/214228/218756/213205//565220/276199/214226/213886/214228/218756/213205/,213205
GLUTAMINE,Glutamine,D005973,0,/565220/276199/214226/214219/213823/215116/220800//565220/276199/214226/214219/213823/214223/220800//565220/276199/214226/214219/213823/215276/220800/,220800
TRYPTOPHAN,Tryptophan,D014364,0,/565220/276199/214226/214219/213823/214222/219458/222254//565220/276199/214226/214219/213823/214225/222254/,222254
CARBOHYDRATES & CARBOHYDRATE DERIVATIVES,Carbohydrates,D002241,0,/565220/276199/214226/214233/,214233
CHITOSAN,Chitosan,D048271,0,/565220/276199/214226/214003/216058/216057/217563/274429//565220/276199/251610/213773/213532/214003/216058/216057/217563/274429//565220/276199/214226/221348/213531/214003/216058/216057/217563/274429//565220/276199/214226/247623/216058/216057/217563/274429//565220/276199/214226/214233/213941/217563/274429/,274429
CHONDROITIN,Chondroitin,D002807,0,/565220/276199/214226/214233/213941/217712/217066/,217066
GLUCOSAMINE,Glucosamine,D005944,0,/565220/276199/214226/214233/214232/222449/213222/,213222
INOSITOL,Inositol,D007294,0,/565220/276199/214226/213886/213874/219971/246099//565220/276199/214226/214233/219971/246099/,246099
LAETRILE,Amygdalin,D000678,0,/565220/276199/214226/214233/214253/214388/214387//565220/276199/214226/213886/213171/214387/,214387
LIPIDS,Lipids,D008055,0,/565220/276199/214226/217380/,217380
ESSENTIAL FATTY ACIDS,"Fatty Acids, Essential",D005228,0,/565220/276199/214226/217380/216860/215065/215067/,215067
LINOLEIC ACIDS,Linoleic Acids,D008041,0,/565220/276199/214226/217380/216860/215065/215067/246855//565220/276199/214226/217380/216860/215065/246856/246855/,246855
EVENING PRIMROSE OIL,"Fatty Acids, Essential",D005228,0,/565220/276199/214226/217380/216860/215065/215067/,215067
FISH OILS,Fish Oils,D005395,0,/565220/276199/214226/217380/220521/218087/,218087
FISH OILS,"Fatty Acids, Omega-3",D015525,0,/565220/276199/214226/217380/219132/216673/218086/219688//565220/276199/251610/215933/216466/216673/218086/219688//565220/276199/214226/217380/216860/215065/219688//565220/276199/214226/217380/220521/218087/219688/,219688
LECITHIN,Lecithins,D054709,0,/565220/276199/214226/217380/220817/220816/247047/220822/219610/220823//565220/276199/214226/217380/217240/220817/220816/247047/220822/219610/220823//565220/276199/214226/214233/219312/220816/247047/220822/219610/220823//565220/276199/214226/219715/217078/220823//565220/276199/214226/215467/214884/218102/217078/220823/,220823
OMEGA-3 FATTY ACIDS,"Fatty Acids, Omega-3",D015525,0,/565220/276199/214226/217380/219132/216673/218086/219688//565220/276199/251610/215933/216466/216673/218086/219688//565220/276199/214226/217380/216860/215065/219688//565220/276199/214226/217380/220521/218087/219688/,219688
OMEGA-6 FATTY ACIDS,"Fatty Acids, Omega-6",D043371,0,/565220/276199/214226/217380/216860/215065/246856/,246856
MINERALS,Minerals,D008903,0,/565220/276199/214226/213270/214958/,214958
CALCIUM,Calcium Carbonate,D002119,0,/565220/276199/214226/213270/216736/216735//565220/276199/214226/213270/213949/215951/216735//565220/276199/214226/213270/221091/214635/214634/215951/216735//565220/276199/214226/213270/213269/213276/216926/215951/216735//565220/276199/214226/213270/216914/216926/215951/216735//565220/276199/214226/213270/214958/216735/,216735
CHROMIUM,Chromium,D002857,0,/565220/276199/214226/213270/215173/213380/217787//565220/276199/214226/213270/214002/213380/217787//565220/276199/214226/213270/215173/216708/217787/,217787
IRON,Iron,D007501,0,/565220/276199/214226/213270/215173/213380/220401//565220/276199/214226/213270/214002/213380/220401//565220/276199/214226/213270/215173/216708/220401/,220401
MAGNESIUM,Magnesium,D008274,0,/565220/276199/214226/213270/215173/215686/247072//565220/276199/214226/213270/214002/215686/247072//565220/276199/214226/213270/215173/214098/247072//565220/276199/214226/213270/214002/214098/247072/,247072
POTASSIUM,Potassium,D011188,0,/565220/276199/214226/213270/215173/217409/248754//565220/276199/214226/213270/214002/217409/248754/,248754
SELENIUM,Selenium,D012643,0,/565220/276199/214226/213270/215173/249419/250829//565220/276199/214226/213270/214958/250829/,250829
SELENIUM,Antioxidants ,D000975,0,,0
ZINC,Zinc,D015032,0,/565220/276199/214226/213270/215173/213380/252813//565220/276199/214226/213270/214002/213380/252813//565220/276199/214226/213270/215173/216708/252813/,252813
VITAMINS,Vitamins,D014815,0,/565220/276199/251610/215933/216466/251944/215260//565220/276199/214226/221348/219795/214412/220971/251944/215260/,215260
BETA-CAROTENE,beta Carotene,D019207,0,/565220/276199/214226/213886/222194/216491/218720/213435/215534/217034/213041/270714//565220/276199/214226/216492/218711/213435/215534/217034/213041/270714//565220/276199/214226/214820/213636/213041/270714//565220/276199/214226/213886/222194/213956/213958/213948/213041/270714//565220/276199/214226/213886/222194/216818/213041/270714/,270714
BETA-CAROTENE,Antioxidants ,D000975,0,,0
FOLIC ACID,Folic Acid,D005492,0,/565220/276199/214226/214820/213636/214280/220621//565220/276199/214226/213275/215833/220545/214280/220621/,220621
VITAMIN A,Vitamin A,D014801,0,/565220/276199/214226/213886/222194/216491/218720/213435/215534/217034/213041/220109/252010//565220/276199/214226/216492/218711/213435/215534/217034/213041/220109/252010//565220/276199/214226/214820/213636/213041/220109/252010//565220/276199/214226/213886/222194/213956/213958/213948/213041/220109/252010//565220/276199/214226/213886/222194/216818/213041/220109/252010/,252010
VITAMIN B 1,Thiamine,D013831,0,/565220/276199/214226/213275/215552/216659/222421//565220/276199/214226/213275/215552/215566/217603/222421//565220/276199/214226/213270/214228/217603/222421//565220/276199/214226/213886/214228/217603/222421/,222421
VITAMIN B 6,Vitamin B 6,D025101,0,/565220/276199/214226/213275/215552/214283/214371/250093/,250093
VITAMIN B 12,Vitamin B 12,D014805,0,/565220/276199/214226/213275/215002/215978/252471/218055//565220/276199/214226/216492/218711/215978/252471/218055//565220/276199/214226/213275/215552/215566/247097/215978/252471/218055/,218055
VITAMIN B COMPLEX,Vitamin B Complex,D014803,0,/565220/276199/251610/215933/216466/251944/215260/213196//565220/276199/214226/221348/219795/214412/220971/251944/215260/213196/,213196
VITAMIN C,Ascorbic Acid,D001205,0,/565220/276199/214226/213886/213271/213148/215259/215258//565220/276199/214226/214233/215259/215258//565220/276199/214226/213886/213271/215844/215259/215258/,215258
VITAMIN C,Antioxidants ,D000975,0,,0
VITAMIN D,Vitamin D, D014807 ,0,/565220/276199/214226/216492/214471/250822/217660/,217660
VITAMIN E,Vitamin E,D014810,0,/565220/276199/214226/213275/215833/213693/252473//565220/276199/214226/213275/215436/213693/252473//565220/276199/214226/213275/215552/215436/213693/252473/,252473
VITAMIN E,Antioxidants ,D000975,0,,0
VITAMIN K,Vitamin K,D014812,0,/565220/276199/214226/213886/222194/216491/215836/214704/213115/248050/248471//565220/276199/214226/216492/214704/213115/248050/248471//565220/276199/214226/213886/214717/248050/248471//565220/276199/214226/213886/222194/216818/213296/248469/248471/,248471
NIACIN,Niacin,D009525,0,/565220/276199/214226/213275/213274/215105/248909//565220/276199/214226/213275/215552/214283/215105/248909/,248909
OTHER SUPPLEMENTS,Dietary Supplements,D019587,0,/565220/276199/251610/215933/216466/252784/,252784
ALPHA-LIPOIC ACID,Thioctic Acid,D008063,0,/565220/276199/214226/213886/213271/246882//565220/276199/214226/218097/216068/246882//565220/276199/214226/217380/216860/246882//565220/276199/214226/213275/215552/217063/246882//565220/276199/214226/213270/214228/217063/246882//565220/276199/214226/213886/214228/217063/246882/,246882
ALPHA-LIPOIC ACID,Antioxidants ,D000975,0,,0
COENZYME Q,Ubiquinone,D014451,0,/565220/276199/214226/213886/214717/216888/252212//565220/276199/214226/218097/216068/252212/,252212
DEHYDROEPIANDROSTERONE (DHEA),Dehydroepiandrosterone,D003687,0,/565220/276199/214226/222091/213604/213603/214477/218961//565220/276199/214226/221348/219795/214412/222091/213604/213603/214477/218961//565220/276199/214226/216492/214471/246462/214477/218961//565220/276199/214226/216492/214471/214470/214469/214475/218961//565220/276199/214226/222091/213604/218493/250908/214478/218961//565220/276199/214226/221348/219795/214412/222091/213604/218493/250908/214478/218961/,218961
LEUCOVORIN,Leucovorin,D002955,0,/565220/276199/214226/218097/216068/220706/217929/217928//565220/276199/214226/214820/213636/214280/220621/220706/217929/217928//565220/276199/214226/213275/215833/220545/214280/220621/220706/217929/217928/,217928
MELATONIN,Melatonin,D008550,0,/565220/276199/214226/222091/213604/247358//565220/276199/214226/221348/219795/214412/222091/213604/247358//565220/276199/214226/213886/214006/213198/217133/219330/247358//565220/276199/214226/213275/215833/213635/219330/247358/,247358
MELATONIN,Antioxidants ,D000975,0,,0
SAME (S-ADENOSYL-L-METHIONINE),S-Adenosylmethionine,D012436,0,/565220/276199/214226/214233/214253/215055/213482/213481/250652//565220/276199/214226/249072/215055/213482/213481/250652//565220/276199/214226/213275/215833/213449/213482/213481/250652//565220/276199/214226/214233/214253/215055/213483/213481/250652//565220/276199/214226/249072/215055/213483/213481/250652//565220/276199/214226/214219/213823/214225/247521/250652//565220/276199/214226/214219/213823/215276/247521/250652//565220/276199/214226/214219/213823/214227/247521/250652//565220/276199/214226/213270/214228/214227/247521/250652//565220/276199/214226/213886/214228/214227/247521/250652/,250652
SPECIAL DIETS,Diet,D004032,0,/565220/276199/214513/214612/216772//565220/276199/248450/215344/214444/215999/214614/219124/216772/,216772
HERBAL MEDICINE,Phytotherapy,D008517,0,/565220/276199/214513/213307/214084/247220/,247220
HERBAL MEDICINE,"Plants, Medicinal",D010946,0,,0
HERBAL MEDICINE,Plant Extracts,D010936,0,/565220/276199/214226/219715/217078//565220/276199/214226/215467/214884/218102/217078/,217078
HERBAL MEDICINE,"Drugs, Chinese Herbal",D004365,0,/565220/276199/214226/219715/219804//565220/276199/214226/219715/217078/219804//565220/276199/214226/215467/214884/218102/217078/219804/,219804
HERBAL MEDICINE,Materia Medica,D008419,0,/565220/276199/214226/219715/247219/,247219
HERBAL MEDICINE,"Medicine, Traditional",D008519,0,/565220/276199/214513/213307/214084/247221//565220/276199/221009/214723/214722/214725/213102/247221//565220/276199/215786/215792/215791/214723/214722/214725/213102/247221//565220/276199/221009/214723/218672/213102/247221//565220/276199/215786/215792/215791/214723/218672/213102/247221/,247221
HERBAL MEDICINE,Herbal Medicine,D029001,0,,0
HERBS A-C,Phytotherapy,D008517,0,/565220/276199/214513/213307/214084/247220/,247220
AFRICAN PRUNE (PYGEUM AFRICANUM),Pygeum,D031988,0,,0
AFRICAN PRUNE (PYGEUM AFRICANUM),Phytotherapy,D008517,0,/565220/276199/214513/213307/214084/247220/,247220
ALOE (ALOE VERA),Aloe,D000504,0,,0
ALOE (ALOE VERA),Phytotherapy,D008517,0,/565220/276199/214513/213307/214084/247220/,247220
ANDROGRAPHIS PANICULATA,Andrographis,D035685,0,,0
ANDROGRAPHIS PANICULATA,Phytotherapy,D008517,0,/565220/276199/214513/213307/214084/247220/,247220
ARTICHOKE (CYNARA SCOLYMUS),Cynara scolymus,D031943,0,,0
ARTICHOKE (CYNARA SCOLYMUS),Phytotherapy,D008517,0,/565220/276199/214513/213307/214084/247220/,247220
BILBERRY (VACCINIUM MYRTILLUS),Vaccinium myrtillus,D029800,0,,0
BILBERRY (VACCINIUM MYRTILLUS),Phytotherapy,D008517,0,/565220/276199/214513/213307/214084/247220/,247220
BITTER ORANGE (CITRUS AURANTIUM),Citrus,D002957,0,,0
BITTER ORANGE (CITRUS AURANTIUM),Phytotherapy,D008517,0,/565220/276199/214513/213307/214084/247220/,247220
BLACK COHOSH (CIMICIFUGA RACEMOSA),Cimicifuga,D031885,0,,0
BLACK COHOSH (CIMICIFUGA RACEMOSA),Phytotherapy,D008517,0,/565220/276199/214513/213307/214084/247220/,247220
BLUE COHOSH (CAULOPHYLLUM THALICTROIDES),Caulophyllum,D028145,0,,0
BLUE COHOSH (CAULOPHYLLUM THALICTROIDES),Phytotherapy,D008517,0,/565220/276199/214513/213307/214084/247220/,247220
BORAGE (BORAGO OFFICINALIS),Borago,D029683,0,,0
BORAGE (BORAGO OFFICINALIS),Phytotherapy,D008517,0,/565220/276199/214513/213307/214084/247220/,247220
CARAWAY (CARUM CARVI),Carum,D029974,0,,0
CARAWAY (CARUM CARVI),Phytotherapy,D008517,0,/565220/276199/214513/213307/214084/247220/,247220
CAYENNE PEPPER (CAPSICUM FRUTESCENS),Capsicum,D002212,0,,0
CAYENNE PEPPER (CAPSICUM FRUTESCENS),Phytotherapy,D008517,0,/565220/276199/214513/213307/214084/247220/,247220
CHASTE TREE (VITEX AGNUS CASTUS),Vitex,D020950,0,,0
CHASTE TREE (VITEX AGNUS CASTUS),Phytotherapy,D008517,0,/565220/276199/214513/213307/214084/247220/,247220
CRANBERRY (VACCINIUM MACROCARPON),Vaccinium macrocarpon,D029799,0,,0
CRANBERRY (VACCINIUM MACROCARPON),Phytotherapy,D008517,0,/565220/276199/214513/213307/214084/247220/,247220
HERBS D-G,Phytotherapy,D008517,0,/565220/276199/214513/213307/214084/247220/,247220
DEVILS CLAW (HARPAGOPHYTUM PROCUMBENS),Harpagophytum,D031684,0,,0
DEVILS CLAW (HARPAGOPHYTUM PROCUMBENS),Phytotherapy,D008517,0,/565220/276199/214513/213307/214084/247220/,247220
DOG ROSE (ROSA CANINA),Rosa,D027826,0,,0
DOG ROSE (ROSA CANINA),Phytotherapy,D008517,0,/565220/276199/214513/213307/214084/247220/,247220
DONG QUAI (ANGELICA SINENSIS),Angelica sinensis,D029971,0,,0
DONG QUAI (ANGELICA SINENSIS),Phytotherapy,D008517,0,/565220/276199/214513/213307/214084/247220/,247220
"ECHINACEA (E. PURPUREA, E. ANGUSTIFOLIA, E. PALLIDA)",Echinacea,D020900,0,,0
"ECHINACEA (E. PURPUREA, E. ANGUSTIFOLIA, E. PALLIDA)",Phytotherapy,D008517,0,/565220/276199/214513/213307/214084/247220/,247220
ENGLISH IVY (HEDERA HELIX),Hedera,D035981,0,,0
ENGLISH IVY (HEDERA HELIX),Phytotherapy,D008517,0,/565220/276199/214513/213307/214084/247220/,247220
EPHEDRA (EPHEDRA SINICA),Ephedra,D029789,0,,0
EPHEDRA (EPHEDRA SINICA),Phytotherapy,D008517,0,/565220/276199/214513/213307/214084/247220/,247220
EVENING PRIMROSE (OENOTHERA BIENNIS),Oenothera biennis,D031665,0,,0
EVENING PRIMROSE (OENOTHERA BIENNIS),Phytotherapy,D008517,0,/565220/276199/214513/213307/214084/247220/,247220
FEVERFEW (TANACETUM PARTHENIUM),Tanacetum parthenium,D020903,0,,0
FEVERFEW (TANACETUM PARTHENIUM),Phytotherapy,D008517,0,/565220/276199/214513/213307/214084/247220/,247220
FRANKINCENSE (BOSWELLIA SERRATA),Boswellia,D029743,0,,0
FRANKINCENSE (BOSWELLIA SERRATA),Phytotherapy,D008517,0,/565220/276199/214513/213307/214084/247220/,247220
GARLIC (ALLIUM SATIVUM),Garlic,D005737,0,,0
GARLIC (ALLIUM SATIVUM),Phytotherapy,D008517,0,/565220/276199/214513/213307/214084/247220/,247220
GINGER (ZINGIBER OFFICINALE),Ginger,D020939,0,,0
GINGER (ZINGIBER OFFICINALE),Phytotherapy,D008517,0,/565220/276199/214513/213307/214084/247220/,247220
GINKGO (GINKGO BILOBA),Ginkgo biloba,D020441,0,,0
GINKGO (GINKGO BILOBA),Phytotherapy,D008517,0,/565220/276199/214513/213307/214084/247220/,247220
GINSENG (PANAX GINSENG),Panax,D005894,0,,0
GINSENG (PANAX GINSENG),Phytotherapy,D008517,0,/565220/276199/214513/213307/214084/247220/,247220
GOTU KOLA (CENTELLA ASIATICA),Centella,D028041,0,,0
GOTU KOLA (CENTELLA ASIATICA),Phytotherapy,D008517,0,/565220/276199/214513/213307/214084/247220/,247220
GRAPE VINE (VITIS VINIFERA),Vitis,D027843,0,,0
GRAPE VINE (VITIS VINIFERA),Phytotherapy,D008517,0,/565220/276199/214513/213307/214084/247220/,247220
HERBS H-P,Phytotherapy,D008517,0,/565220/276199/214513/213307/214084/247220/,247220
HAWTHORN (CRATAEGUS),Crataegus,D027825,0,,0
HAWTHORN (CRATAEGUS),Phytotherapy,D008517,0,/565220/276199/214513/213307/214084/247220/,247220
HORSE CHESTNUT (AESCULUS HIPPOCASTANUM),Aesculus,D031319,0,,0
HORSE CHESTNUT (AESCULUS HIPPOCASTANUM),Phytotherapy,D008517,0,/565220/276199/214513/213307/214084/247220/,247220
KAVA (PIPER METHYSTICUM),Kava, D020901 ,0,,0
KAVA (PIPER METHYSTICUM),Phytotherapy,D008517,0,/565220/276199/214513/213307/214084/247220/,247220
KUDZU (PUERARIA LOBATA),Pueraria,D029908,0,,0
KUDZU (PUERARIA LOBATA),Phytotherapy,D008517,0,/565220/276199/214513/213307/214084/247220/,247220
MARIJUANA (CANNABIS SATIVA),Cannabis,D002188,0,,0
MARIJUANA (CANNABIS SATIVA),Phytotherapy,D008517,0,/565220/276199/214513/213307/214084/247220/,247220
MILK THISTLE (SILYBUM MARIANUM),Milk Thistle,D020944,0,,0
MILK THISTLE (SILYBUM MARIANUM),Phytotherapy,D008517,0,/565220/276199/214513/213307/214084/247220/,247220
MISTLETOE (VISCUM ALBUM),Viscum album,D028182,0,,0
MISTLETOE (VISCUM ALBUM),Phytotherapy,D008517,0,/565220/276199/214513/213307/214084/247220/,247220
PASSION FLOWER (PASSIFLORA ALATA),Passiflora,D029598,0,,0
PASSION FLOWER (PASSIFLORA ALATA),Phytotherapy,D008517,0,/565220/276199/214513/213307/214084/247220/,247220
PEPPERMINT (MENTHA PIPERITA),Mentha piperita,D036142,0,,0
PEPPERMINT (MENTHA PIPERITA),Phytotherapy,D008517,0,/565220/276199/214513/213307/214084/247220/,247220
HERBS R-Z,Phytotherapy,D008517,0,/565220/276199/214513/213307/214084/247220/,247220
RED CLOVER (TRIFOLIUM PRATENSE),Trifolium,D029921,0,,0
RED CLOVER (TRIFOLIUM PRATENSE),Phytotherapy,D008517,0,/565220/276199/214513/213307/214084/247220/,247220
RYE (SECALE CEREALE),Secale cereale,D012434,0,,0
RYE (SECALE CEREALE),Phytotherapy,D008517,0,/565220/276199/214513/213307/214084/247220/,247220
SAGE (SALVIA OFFICINALIS),Salvia officinalis,D027543,0,,0
SAGE (SALVIA OFFICINALIS),Phytotherapy,D008517,0,/565220/276199/214513/213307/214084/247220/,247220
SAW PALMETTO (SERENOA SERRULATA & REPENS),Serenoa,D028024,0,,0
SAW PALMETTO (SERENOA SERRULATA & REPENS),Phytotherapy,D008517,0,/565220/276199/214513/213307/214084/247220/,247220
SENNA (SENNA ALEXANDRINA),Senna Plant,D029846,0,,0
SENNA (SENNA ALEXANDRINA),Phytotherapy,D008517,0,/565220/276199/214513/213307/214084/247220/,247220
SIBERIAN GINSENG (ELEUTHEROCOCCUS SENTICOSUS),Eleutherococcus,D028001,0,,0
SIBERIAN GINSENG (ELEUTHEROCOCCUS SENTICOSUS),Phytotherapy,D008517,0,/565220/276199/214513/213307/214084/247220/,247220
SOY (GLYCINE MAX),Soybeans,D013025,0,,0
SOY (GLYCINE MAX),Phytotherapy,D008517,0,/565220/276199/214513/213307/214084/247220/,247220
ST JOHN'S WORT (HYPERICUM PERFORATUM),Hypericum,D020902,0,,0
ST JOHN'S WORT (HYPERICUM PERFORATUM),Phytotherapy,D008517,0,/565220/276199/214513/213307/214084/247220/,247220
TEA (CAMELLIA SINENSIS),Camellia sinensis,D028241,0,,0
TEA (CAMELLIA SINENSIS),Phytotherapy,D008517,0,/565220/276199/214513/213307/214084/247220/,247220
VALERIAN (VALERIANA OFFICINALIS),Valerian,D014632,0,,0
VALERIAN (VALERIANA OFFICINALIS),Phytotherapy,D008517,0,/565220/276199/214513/213307/214084/247220/,247220
WHITE WILLOW (SALIX ALBA),Salix,D032108,0,,0
WHITE WILLOW (SALIX ALBA),Phytotherapy,D008517,0,/565220/276199/214513/213307/214084/247220/,247220
BLACK CURRANT (RIBES NIGRUM),Ribes,D031965,0,,0
BLACK CURRANT (RIBES NIGRUM),Phytotherapy,D008517,0,/565220/276199/214513/213307/214084/247220/,247220
BUCKWHEAT,Fagopyrum,D019612,0,,0
BUCKWHEAT,Phytotherapy,D008517,0,/565220/276199/214513/213307/214084/247220/,247220
BUTTERBUR (PETASITES VULGARIS),Petasites,D036901,0,,0
BUTTERBUR (PETASITES VULGARIS),Phytotherapy,D008517,0,/565220/276199/214513/213307/214084/247220/,247220
CELANDINE (CHELIDONIUM MAJUS),Chelidonium,D028281,0,,0
CELANDINE (CHELIDONIUM MAJUS),Phytotherapy,D008517,0,/565220/276199/214513/213307/214084/247220/,247220
FLEABANE,Erigeron,D049919,0,,0
FLEABANE,Phytotherapy,D008517,0,/565220/276199/214513/213307/214084/247220/,247220
HYPOXIS ROOPERI,Hypoxis,D027802,0,,0
HYPOXIS ROOPERI,Phytotherapy,D008517,0,/565220/276199/214513/213307/214084/247220/,247220
IPECACUANHA,Cephaelis,D028503,0,,0
IPECACUANHA,Phytotherapy,D008517,0,/565220/276199/214513/213307/214084/247220/,247220
PINE TREE (PINUS),Pinus,D028223,0,,0
PINE TREE (PINUS),Phytotherapy,D008517,0,/565220/276199/214513/213307/214084/247220/,247220
SPRUCE TREE (PICEA),Picea,D028222,0,,0
SPRUCE TREE (PICEA),Phytotherapy,D008517,0,/565220/276199/214513/213307/214084/247220/,247220
TEA TREE (MELALEUCA ALTERNIFOLIA),Melaleuca,D031650,0,,0
TEA TREE (MELALEUCA ALTERNIFOLIA),Phytotherapy,D008517,0,/565220/276199/214513/213307/214084/247220/,247220
TRIPTERYGIUM,Tripterygium,D029757,0,,0
TRIPTERYGIUM,Phytotherapy,D008517,0,/565220/276199/214513/213307/214084/247220/,247220
HOMEOPATHY,Homeopathy,D006705,0,/565220/276199/214513/213307/214084/222072//565220/276199/214513/213307/214084/222073/222072/,222072
HOMEOPATHY,Materia Medica,D008419,0,/565220/276199/214226/219715/247219/,247219
HYPNOSIS,Hypnosis,D006990,0,/565220/276199/214513/213307/214084/216015/215455//565220/276199/215786/215792/215180/215455/,215455
MASSAGE,Massage,D008405,0,/565220/276199/214513/213307/214084/220156/247203//565220/276199/214513/213307/215668/220156/247203//565220/276199/214513/213307/220156/247203/,247203
MEDITATION,Meditation,D019122,0,/565220/276199/214513/213307/214084/216015/254281//565220/276199/215786/215792/215180/215493/250340/254281//565220/276199/214513/213307/216479/250340/254281//565220/276199/214513/213307/214084/216015/250340/254281//565220/276199/214513/213307/214084/220156/250340/254281//565220/276199/214513/213307/215668/220156/250340/254281//565220/276199/214513/213307/220156/250340/254281//565220/276199/214513/213307/214084/222073/254281/,254281
OSTEOPATHY,"Manipulation, Osteopathic",D026301,0,/565220/276199/214513/213307/214084/220156/273858//565220/276199/214513/213307/215668/220156/273858//565220/276199/214513/213307/220156/273858/,273858
OSTEOPATHY,"Manipulation, Spinal",D020393,0,/565220/276199/214513/213307/214084/220156/271394//565220/276199/214513/213307/215668/220156/271394//565220/276199/214513/213307/220156/271394/,271394
OSTEOPATHY,Osteopathic Medicine,D010021,0,/565220/276199/248450/215344/214444/216044/213585/249359/,249359
REFLEXOLOGY,Massage,D008405,0,/565220/276199/214513/213307/214084/220156/247203//565220/276199/214513/213307/215668/220156/247203//565220/276199/214513/213307/220156/247203/,247203
YOGA,Yoga,D015013,0,,0
OTHER THERAPIES OR MEDICAL SYSTEMS,Complementary Therapies,D000529,0,/565220/276199/214513/213307/214084/,214084
ACUPRESSURE,Acupressure,D019050,0,/565220/276199/214513/213307/214084/247316/254239//565220/276199/214513/213307/214084/220156/247203/254239//565220/276199/214513/213307/215668/220156/247203/254239//565220/276199/214513/213307/220156/247203/254239/,254239
ART THERAPY,Art Therapy,D001155,0,/565220/276199/215786/215792/215180/215179//565220/276199/219952/220251/217512/213409/215179//565220/276199/248450/215344/214444/216044/213585/213666/248449/213409/215179//565220/276199/214513/213307/213409/215179//565220/276199/214513/213307/214084/213308/215179/,215179
AUTOGENIC TRAINING,Autogenic Training,D001326,0,/565220/276199/214513/213307/214084/216015/215455/215454//565220/276199/215786/215792/215180/215455/215454//565220/276199/215786/215792/215180/215454/,215454
AYURVEDIC MEDICINE,"Medicine, Ayurvedic",D008515,0,/565220/276199/214513/213307/214084/247221/247313//565220/276199/221009/214723/214722/214725/213102/247221/247313//565220/276199/215786/215792/215791/214723/214722/214725/213102/247221/247313//565220/276199/221009/214723/218672/213102/247221/247313//565220/276199/215786/215792/215791/214723/218672/213102/247221/247313/,247313
BIOFEEDBACK,"Biofeedback, Psychology",D001676,0,,0
CRANIOSACRAL THERAPY,Massage,D008405,0,/565220/276199/214513/213307/214084/220156/247203//565220/276199/214513/213307/215668/220156/247203//565220/276199/214513/213307/220156/247203/,247203
HEALING,Mental Healing,D008602,0,/565220/276199/214513/213307/214084/216015/247410//565220/276199/214513/213307/214084/222073/247410/,247410
LIGHT THERAPY,Phototherapy,D010789,0,/565220/276199/214513/213307/221740/,221740
MINDFULNESS-BASED STRESS REDUCTION (MBSR),Meditation,D019122,0,/565220/276199/214513/213307/214084/216015/254281//565220/276199/215786/215792/215180/215493/250340/254281//565220/276199/214513/213307/216479/250340/254281//565220/276199/214513/213307/214084/216015/250340/254281//565220/276199/214513/213307/214084/220156/250340/254281//565220/276199/214513/213307/215668/220156/250340/254281//565220/276199/214513/213307/220156/250340/254281//565220/276199/214513/213307/214084/222073/254281/,254281
MOXIBUSTION,Moxibustion,D009071,0,/565220/276199/214513/213307/214084/247316/247842/,247842
MUSIC THERAPY,Music Therapy,D009147,0,/565220/276199/215786/215792/215180/213311//565220/276199/219952/220251/217512/213409/213311//565220/276199/248450/215344/214444/216044/213585/213666/248449/213409/213311//565220/276199/214513/213307/213409/213311//565220/276199/214513/213307/214084/213308/213311/,213311
NATUROPATHY,Naturopathy,D009324,0,/565220/276199/214513/213307/214084/248090/,248090
QI GONG,Breathing Exercises,D001945,0,/565220/276199/214513/213307/216479/216478//565220/276199/214513/213307/214084/216015/216478/,216478
RELAXATION TECHNIQUES,Relaxation Therapy,D012064,0,,0
SHIATSU,Acupressure,D019050,0,/565220/276199/214513/213307/214084/247316/254239//565220/276199/214513/213307/214084/220156/247203/254239//565220/276199/214513/213307/215668/220156/247203/254239//565220/276199/214513/213307/220156/247203/254239/,254239
TAI CHI,Tai Ji,D026302,0,/565220/276199/214513/213307/216479/273859//565220/276199/221009/213410/222055/216789/215726/252739/273859//565220/276199/214513/213307/214084/216015/273859/,273859
THERAPEUTIC TOUCH,Therapeutic Touch,D019124,0,/565220/276199/214513/213307/214084/216015/254283//565220/276199/214513/213307/214084/222073/254283/,254283
TRADITIONAL CHINESE MEDICINE (TCM),"Medicine, Chinese Traditional",D008516,0,/565220/276199/214513/213307/214084/247221/247315/247314//565220/276199/221009/214723/214722/214725/213102/247221/247315/247314//565220/276199/215786/215792/215791/214723/214722/214725/213102/247221/247315/247314//565220/276199/221009/214723/218672/213102/247221/247315/247314//565220/276199/215786/215792/215791/214723/218672/213102/247221/247315/247314/,247314
ABDOMINAL PAIN,Abdominal Pain,D015746,0,/565220/276199/214607/215481/216140/215601/220753//565220/276199/214607/249648/215323/216140/215601/220753//565220/276199/248450/215344/214444/247908/248172/215161/221673/215601/220753//565220/276199/215786/215792/215791/215014/221673/215601/220753//565220/276199/214513/213307/214084/216015/215014/221673/215601/220753//565220/276199/248450/215344/214444/221122/215014/221673/215601/220753//565220/276199/215786/247412/215014/221673/215601/220753//565220/276199/214607/249648/215323/215601/220753//565220/276199/214607/249648/215323/213662/220753/,220753
ACNE,Acne Vulgaris,D000152,0,/565220/276199/214607/218356/214569/220237/213286/213285//565220/276199/214607/218356/214569/213286/213285//565220/276199/214607/218356/214569/213287/213285/,213285
AIDS (ACQUIRED IMMUNODEFICIENCY SYNDROME),Acquired Immunodeficiency Syndrome,D000163,0,/565220/276199/214607/215456/213724/213317/213316//565220/276199/214607/215079/215109/215501/221429/213317/213316//565220/276199/214607/219058/222635/213576/250914/218318/213317/213316//565220/276199/214607/222636/221388/250914/218318/213317/213316//565220/276199/214607/215615/214546/250914/218318/213317/213316//565220/276199/214607/215079/250914/218318/213317/213316//565220/276199/214607/215079/213318/213316/,213316
ALCOHOL MISUSE,Alcoholism,D000437,0,/565220/276199/214607/219637/216826/213862/213868//565220/276199/215786/213547/216826/213862/213868/,213868
ALLERGIES,Hypersensitivity,D006967,0,/565220/276199/214607/215456/219774/,219774
ALTITUDE SICKNESS,Altitude Sickness,D000532,0,/565220/276199/214607/216543/214090/214089/,214089
ALZHEIMER'S DISEASE,Alzheimer Disease,D000544,0,/565220/276199/214607/215481/216449/213812/214119/214118//565220/276199/215786/213547/214318/214119/214118//565220/276199/214607/215481/249207/214120/214118/,214118
AMYOTROPHIC LATERAL SCLEROSIS,Amyotrophic Lateral Sclerosis,D000690,0,/565220/276199/214607/215481/249207/214406/214404//565220/276199/214607/215481/247903/214406/214404//565220/276199/214607/215481/216449/214405/214404/,214404
ANGINA,Angina Pectoris,D000787,0,/565220/276199/214607/215481/216140/215601/214550/214548//565220/276199/214607/249648/215323/216140/215601/214550/214548//565220/276199/248450/215344/214444/247908/248172/215161/221673/215601/214550/214548//565220/276199/215786/215792/215791/215014/221673/215601/214550/214548//565220/276199/214513/213307/214084/216015/215014/221673/215601/214550/214548//565220/276199/248450/215344/214444/221122/215014/221673/215601/214550/214548//565220/276199/215786/247412/215014/221673/215601/214550/214548//565220/276199/214607/249648/215323/215601/214550/214548//565220/276199/214607/217000/215163/214549/214548//565220/276199/214607/217000/214543/214549/214548/,214548
ANXIETY,Anxiety,D001007,0,/565220/276199/215786/213443/213674/214917/,214917
ANXIETY DISORDERS,Anxiety Disorders,D001008,0,/565220/276199/215786/213547/213765/,213765
APNOEA,Apnea,D001049,0,/565220/276199/214607/216543/214090/214983//565220/276199/214607/249648/215323/214677/214983/,214983
ARTERIAL OCCLUSIVE DISEASES,Arterial Occlusive Diseases,D001157,0,/565220/276199/214607/217000/214543/215183/,215183
ARTERIOSCLEROSIS,Arteriosclerosis,D001161,0,/565220/276199/214607/217000/214543/215183/215191/,215191
ARTHRITIS,Arthritis,D001168,0,/565220/276199/214607/216322/214648/215203/,215203
ASTHMA,Asthma,D001249,0,/565220/276199/214607/216543/215330/215329//565220/276199/214607/216543/215355/215331/215329//565220/276199/214607/215456/219774/214429/214116/215329//565220/276199/214607/216543/214116/215329/,215329
ATTENTION DEFICIT / HYPERACTIVITY DISORDER,Attention Deficit Disorder with Hyperactivity,D001289,0,/565220/276199/215786/213547/214920/215397/215396/,215396
AUTISTIC DISORDER,Autistic Disorder,D001321,0,/565220/276199/215786/213547/214920/215448/215447/,215447
BACK PAIN,Back Pain,D001416,0,/565220/276199/214607/215481/216140/215601/215600//565220/276199/214607/249648/215323/216140/215601/215600//565220/276199/248450/215344/214444/247908/248172/215161/221673/215601/215600//565220/276199/215786/215792/215791/215014/221673/215601/215600//565220/276199/214513/213307/214084/216015/215014/221673/215601/215600//565220/276199/248450/215344/214444/221122/215014/221673/215601/215600//565220/276199/215786/247412/215014/221673/215601/215600//565220/276199/214607/249648/215323/215601/215600/,215600
BACTERIAL INFECTIONS,Bacterial Infections,D001424,0,/565220/276199/214607/215615/215616/,215616
BELL'S PALSY,Bell Palsy,D020330,0,/565220/276199/214607/215481/213303/219045/271353//565220/276199/214607/215079/213510/217493/271353//565220/276199/214607/246376/215796/271353/,271353
BEREAVEMENT,Bereavement,D001601,0,/565220/276199/215786/213443/213674/215889/,215889
BREAST CANCER,Breast Neoplasms,D001943,0,/565220/276199/214607/218356/214569/216473/216475//565220/276199/214607/218781/220757/216475/,216475
BREATHLESSNESS,Dyspnea,D004417,0,/565220/276199/214607/216543/214090/219878//565220/276199/214607/249648/215323/214677/219878/,219878
BRONCHITIS,Bronchitis,D001991,0,/565220/276199/214607/216543/215330/216552//565220/276199/214607/216543/215355/215331/216552//565220/276199/214607/215615/214546/216555/216552//565220/276199/214607/216543/216555/216552/,216552
BULIMIA,Bulimia,D002032,0,/565220/276199/214607/249648/215323/213662/216611/216610/,216610
CANCER,Neoplasms,D009369,0,/565220/276199/214607/218781/,218781
CANCER PAIN,Pain,D010146,0,/565220/276199/214607/215481/216140/215601//565220/276199/214607/249648/215323/216140/215601//565220/276199/248450/215344/214444/247908/248172/215161/221673/215601//565220/276199/215786/215792/215791/215014/221673/215601//565220/276199/214513/213307/214084/216015/215014/221673/215601//565220/276199/248450/215344/214444/221122/215014/221673/215601//565220/276199/215786/247412/215014/221673/215601//565220/276199/214607/249648/215323/215601/,215601
CANCER PAIN,Neoplasms,D009369,0,/565220/276199/214607/218781/,218781
CARDIOVASCULAR DISEASES,Cardiovascular Diseases,D002318,0,/565220/276199/214607/217000/,217000
CARPAL TUNNEL SYNDROME,Carpal Tunnel Syndrome,D002349,0,/565220/276199/214607/219637/220755/250360/217055/217052//565220/276199/214607/215481/247903/213343/271416/217053/217052//565220/276199/214607/215481/247903/213343/217054/217052/,217052
CHRONIC FATIGUE SYNDROME,"Fatigue Syndrome, Chronic",D015673,0,/565220/276199/214607/215481/216449/221205/221421//565220/276199/214607/215615/216439/221205/221421//565220/276199/214607/215481/216449/216439/221205/221421//565220/276199/214607/215481/216449/213812/221203/221205/221421//565220/276199/214607/215615/216439/221203/221205/221421//565220/276199/214607/215481/216449/216439/221203/221205/221421//565220/276199/214607/215615/216439/221204/221203/221205/221421//565220/276199/214607/215481/216449/216439/221204/221203/221205/221421//565220/276199/214607/215079/221204/221203/221205/221421//565220/276199/214607/216322/215216/221421//565220/276199/214607/215481/247903/215216/221421//565220/276199/214607/215481/247903/221421//565220/276199/214607/215079/221421/,221421
CHRONIC OBSTRUCTIVE PULMONARY DISEASE,"Pulmonary Disease, Chronic Obstructive",D029424,0,/565220/276199/214607/216543/215355/215331/250038/,250038
COGNITION DISORDERS,Cognition Disorders,D003072,0,/565220/276199/215786/213547/214318/215430/,215430
COLIC,Colic,D003085,0,/565220/276199/214607/215481/216140/215601/220753/218132//565220/276199/214607/249648/215323/216140/215601/220753/218132//565220/276199/248450/215344/214444/247908/248172/215161/221673/215601/220753/218132//565220/276199/215786/215792/215791/215014/221673/215601/220753/218132//565220/276199/214513/213307/214084/216015/215014/221673/215601/220753/218132//565220/276199/248450/215344/214444/221122/215014/221673/215601/220753/218132//565220/276199/215786/247412/215014/221673/215601/220753/218132//565220/276199/214607/249648/215323/215601/220753/218132//565220/276199/214607/249648/215323/213662/220753/218132/,218132
COLITIS,Colitis,D003092,0,/565220/276199/214607/215989/219988/217181/218144/218143//565220/276199/214607/215989/219988/215009/218143/,218143
COLORECTAL CANCER,Colorectal Neoplasms,D015179,0,/565220/276199/214607/215989/219988/217181/218144/218171//565220/276199/214607/215989/215990/219993/217182/218171//565220/276199/214607/218781/220757/215990/219993/217182/218171//565220/276199/214607/215989/219988/219993/217182/218171//565220/276199/214607/215989/219988/217181/217182/218171//565220/276199/214607/215989/219988/217181/214913/218171/,218171
COMMON COLD,Common Cold,D003139,0,/565220/276199/214607/215079/215109/218217/218216//565220/276199/214607/215615/214546/216555/218216//565220/276199/214607/216543/216555/218216/,218216
CONSTIPATION,Constipation,D003248,0,/565220/276199/214607/249648/215323/213662/218370/,218370
CONTRACEPTION,Contraception,D003267,0,/565220/276199/214513/214612/216484/218114//565220/276199/214513/213307/216484/218114/,218114
CORONARY HEART DISEASE,Coronary Disease,D003327,0,/565220/276199/214607/217000/215163/214549/218467//565220/276199/214607/217000/214543/214549/218467/,218467
CYSTIC FIBROSIS,Cystic Fibrosis,D003550,0,/565220/276199/214607/212987/213615/218762//565220/276199/214607/212987/214328/218762//565220/276199/214607/216543/215355/218762//565220/276199/214607/215989/218763/218762/,218762
CYSTITIS,Cystitis,D003556,0,/565220/276199/214607/219058/222635/216130/216128/218775//565220/276199/214607/222636/216130/216128/218775/,218775
DEMENTIA,Dementia,D003704,0,/565220/276199/214607/215481/216449/213812/214119//565220/276199/215786/213547/214318/214119/,214119
DENTAL CONDITIONS,Dentistry,D003813,0,/565220/276199/214513/214523//565220/276199/248450/215344/214444/216044/214523/,214523
DEPRESSION,Depression,D003863,0,/565220/276199/215786/213443/213081/213678/219385/,219385
DIABETES MELLITUS,Diabetes Mellitus,D003920,0,/565220/276199/214607/213609/219461//565220/276199/214607/247474/213263/219462/219461/,219461
DIARRHOEA,Diarrhea,D003967,0,/565220/276199/214607/249648/215323/213662/218938/,218938
DIZZINESS,Dizziness,D004244,0,/565220/276199/214607/215481/216140/214671/220121//565220/276199/214607/249648/215323/216140/214671/220121/,220121
DRUG USE DISORDERS,Substance-Related Disorders,D019966,0,/565220/276199/214607/219637/216826//565220/276199/215786/213547/216826/,216826
DYSKINESIA,Dyskinesias,D020820,0,/565220/276199/214607/215481/216449/221567/215348//565220/276199/214607/215481/216140/215348//565220/276199/214607/249648/215323/216140/215348/,215348
DYSMENORRHOEA,Dysmenorrhea,D004412,0,/565220/276199/214607/249648/213069/214178/218998//565220/276199/214607/215481/216140/215601/218999/218998//565220/276199/214607/249648/215323/216140/215601/218999/218998//565220/276199/248450/215344/214444/247908/248172/215161/221673/215601/218999/218998//565220/276199/215786/215792/215791/215014/221673/215601/218999/218998//565220/276199/214513/213307/214084/216015/215014/221673/215601/218999/218998//565220/276199/248450/215344/214444/221122/215014/221673/215601/218999/218998//565220/276199/215786/247412/215014/221673/215601/218999/218998//565220/276199/214607/249648/215323/215601/218999/218998/,218998
DYSPEPSIA,Dyspepsia,D004415,0,/565220/276199/214607/249648/215323/213662/219000/,219000
DYSPHAGIA,Deglutition Disorders,D003680,0,/565220/276199/214607/215989/219988/215698/218950//565220/276199/214607/217887/213037/218950//565220/276199/214607/246376/213037/218950/,218950
DYSPNOEA,Dyspnea,D004417,0,/565220/276199/214607/216543/214090/219878//565220/276199/214607/249648/215323/214677/219878/,219878
EATING DISORDERS,Eating Disorders,D001068,0,/565220/276199/215786/213547/214669/,214669
ECZEMA,Eczema,D004485,0,/565220/276199/214607/218356/214569/213341/220994//565220/276199/214607/218356/214569/219397/220994/,220994
ECZEMA,"Dermatitis, Atopic",D003876,0,/565220/276199/214607/218356/214569/213341/219402//565220/276199/214607/215456/219774/214429/219402//565220/276199/214607/218356/214569/219397/219402//565220/276199/214607/212987/213615/213839/219402//565220/276199/214607/218356/214569/213839/219402/,219402
ENDOMETRIOSIS,Endometriosis,D004715,0,/565220/276199/214607/219058/222635/213576/221263/,221263
ENT CONDITIONS,Otorhinolaryngologic Diseases,D010038,0,/565220/276199/214607/217887/,217887
ENURESIS,Enuresis,D004775,0,/565220/276199/215786/213443/213081/213678/221334//565220/276199/215786/213547/214920/221236/221334//565220/276199/214607/219058/222635/216130/214908/221334//565220/276199/214607/222636/216130/214908/221334/,221334
EPILEPSY,Epilepsy,D004827,0,/565220/276199/214607/215481/216449/213812/218424/,218424
ERECTILE DYSFUNCTION,Erectile Dysfunction,D007172,0,/565220/276199/214607/219058/222635/213576/219872/245982//565220/276199/214607/222636/221388/219872/245982//565220/276199/215786/213547/270372/219873/245982/,245982
EYE DISEASES,Eye Diseases,D005128,0,/565220/276199/214607/215328/,215328
FALLS,Accidental Falls,D000058,0,/565220/276199/248450/215344/214444/221337/213083/213078/213082//565220/276199/219952/219055/220290/213083/213078/213082//565220/276199/248450/215344/214444/216044/213585/213666/213083/213078/213082/,213082
FATIGUE,Fatigue,D005221,0,/565220/276199/214607/249648/215323/215324/,215324
FIBROIDS,Leiomyoma,D007889,0,/565220/276199/214607/218781/246750/248140/246702/246701/,246701
FIBROMYALGIA,Fibromyalgia,D005356,0,/565220/276199/214607/216322/215216/220478//565220/276199/214607/215481/247903/215216/220478//565220/276199/214607/218356/217068/215210/220478//565220/276199/214607/216322/215210/220478/,220478
FRACTURES,"Fractures, Bone",D050723,0,/565220/276199/214607/219637/220755/216323/,216323
FUNGAL INFECTIONS,Dermatomycoses,D003881,0,/565220/276199/214607/215615/215295/216158//565220/276199/214607/215615/214546/217271/216158//565220/276199/214607/218356/214569/217271/216158/,216158
GALLSTONES,Gallstones,D042882,0,/565220/276199/214607/249648/214020/216753/273654//565220/276199/214607/215989/215965/217670/273577/273654//565220/276199/214607/215989/215965/217663/273577/273654//565220/276199/214607/215989/215965/217670/273654/,273654
GASTROINTESTINAL DISEASES,Gastrointestinal Diseases,D005767,0,/565220/276199/214607/215989/219988/,219988
GLAUCOMA,Glaucoma,D005901,0,/565220/276199/214607/215328/245793/245792/,245792
HAEMORRHAGE,Hemorrhage,D006470,0,/565220/276199/214607/249648/213069/219908/,219908
HAY FEVER,"Rhinitis, Allergic, Seasonal",D006255,0,/565220/276199/214607/215456/219774/214429/214116/221615//565220/276199/214607/216543/214116/221615//565220/276199/214607/217887/217648/221616/221615//565220/276199/214607/216543/217648/221616/221615//565220/276199/214607/215615/214546/216555/221616/221615//565220/276199/214607/216543/216555/221616/221615/,221615
HEADACHE,Headache,D006261,0,/565220/276199/214607/215481/216140/215601/221622//565220/276199/214607/249648/215323/216140/215601/221622//565220/276199/248450/215344/214444/247908/248172/215161/221673/215601/221622//565220/276199/215786/215792/215791/215014/221673/215601/221622//565220/276199/214513/213307/214084/216015/215014/221673/215601/221622//565220/276199/248450/215344/214444/221122/215014/221673/215601/221622//565220/276199/215786/247412/215014/221673/215601/221622//565220/276199/214607/249648/215323/215601/221622/,221622
HEART FAILURE,Heart Failure,D006333,0,/565220/276199/214607/217000/215163/219001/,219001
HEPATIC ENCEPHALOPATHY,Hepatic Encephalopathy,D006501,0,/565220/276199/214607/215481/216449/213812/216450/221880//565220/276199/214607/247474/213263/216450/221880//565220/276199/214607/215989/217683/254411/221881/221880/,221880
HEPATITIS,Hepatitis,D006505,0,/565220/276199/214607/215989/217683/221886/,221886
HERNIATED DISC,Intervertebral Disk Displacement,D007405,0,/565220/276199/214607/216322/216319/246221/246220/,246220
HERPES SIMPLEX VIRUS,Herpes Simplex,D006561,0,/565220/276199/214607/215079/213510/217493/221939//565220/276199/214607/215615/214546/217271/220147/221939//565220/276199/214607/218356/214569/217271/220147/221939//565220/276199/214607/215079/220147/221939/,221939
HIGH BLOOD PRESSURE,Hypertension,D006973,0,/565220/276199/214607/217000/214543/216246/,216246
HIGH CHOLESTEROL,Hypercholesterolemia,D006937,0,/565220/276199/214607/247474/213263/246869/222675/245829/217686/,217686
HIGH CHOLESTEROL,Cholesterol,D002784,0,/565220/276199/214226/216492/214471/217679/217659/215537//565220/276199/214226/216492/214471/217679/213596/215537//565220/276199/214226/217380/213596/215537//565220/276199/214226/217380/217240/213596/215537/,215537
HIV (HUMAN IMMUNODEFICIENCY VIRUS),HIV,D006678,0,/565220/276199/213927/215081/219667/216947/215507/253474/222037/222036//565220/276199/213927/215081/219667/215107/215507/253474/222037/222036//565220/276199/213927/215081/215107/215507/253474/222037/222036/,222036
HOT FLUSHES,Hot Flashes,D019584,0,/565220/276199/214607/249648/215323/247402/,247402
HYPERLIPIDAEMIA,Hyperlipidemias,D006949,0,/565220/276199/214607/247474/213263/246869/222675/245829/,245829
HYPERTENSION,Hypertension,D006973,0,/565220/276199/214607/217000/214543/216246/,216246
HYPERTHYROIDISM,Hyperthyroidism,D006980,0,/565220/276199/214607/213609/220134/220954/,220954
INDIGESTION,Dyspepsia,D004415,0,/565220/276199/214607/249648/215323/213662/219000/,219000
INFERTILITY,Infertility,D007246,0,/565220/276199/214607/219058/222635/213576/220411//565220/276199/214607/222636/221388/220411/,220411
INFLAMMATORY BOWEL DISEASE,Inflammatory Bowel Diseases,D015212,0,/565220/276199/214607/215989/219988/215009/218146//565220/276199/214607/215989/219988/217181/218146/,218146
INFLUENZA,"Influenza, Human",D007251,0,/565220/276199/214607/215079/215109/220720/246059//565220/276199/214607/215615/214546/216555/246059//565220/276199/214607/216543/216555/246059/,246059
INSOMNIA,Sleep Initiation and Maintenance Disorders,D007319,0,/565220/276199/215786/213547/251027/251026/222273/246121//565220/276199/214607/215481/251027/251026/222273/246121//565220/276199/214607/215481/216140/251027/251026/222273/246121//565220/276199/214607/249648/215323/216140/251027/251026/222273/246121/,246121
INTESTINAL OBSTRUCTION,Intestinal Obstruction,D007415,0,/565220/276199/214607/215989/219988/217181/213680/,213680
IRRITABLE BOWEL SYNDROME,Irritable Bowel Syndrome,D043183,0,/565220/276199/214607/215989/219988/217181/218144/218169/273674/,273674
KIDNEY DISEASES,Kidney Diseases,D007674,0,/565220/276199/214607/219058/222635/216130/214907//565220/276199/214607/222636/216130/214907/,214907
LABOUR,"Labor, Obstetric",D007743,0,/565220/276199/248450/215344/214444/250366/218112/246552/246551/,246551
LEARNING DISORDERS,Learning Disorders,D007859,0,/565220/276199/215786/213547/214920/218229/219867//565220/276199/215786/213443/215027/218229/219867//565220/276199/214607/215481/216140/215027/218229/219867//565220/276199/214607/249648/215323/216140/215027/218229/219867//565220/276199/215786/213547/214920/219867/,219867
LICE INFESTATIONS,Lice Infestations,D010373,0,/565220/276199/214607/221743/220983/220982/246811//565220/276199/214607/215615/214546/217271/220983/220982/246811//565220/276199/214607/218356/214569/217271/220983/220982/246811//565220/276199/214607/221743/220983/246811//565220/276199/214607/215615/214546/217271/220983/246811//565220/276199/214607/218356/214569/217271/220983/246811/,246811
LIVER DISEASES,Liver Diseases,D008107,0,/565220/276199/214607/215989/217683/,217683
LUNG CANCER,Lung Neoplasms,D008175,0,/565220/276199/214607/216543/215355/216960//565220/276199/214607/216543/216547/216960//565220/276199/214607/218781/220757/221698/216547/216960/,216960
LUPUS,"Lupus Erythematosus, Systemic",D008180,0,/565220/276199/214607/215456/213447/246991//565220/276199/214607/218356/217068/246991/,246991
LYMPHOEDEMA,Lymphedema,D008209,0,/565220/276199/214607/221777/247009/220998/,220998
MACULAR DEGENERATION,Macular Degeneration,D008268,0,/565220/276199/214607/215328/214558/247065/247064/,247064
MALARIA,Malaria,D008288,0,/565220/276199/214607/221743/218069/218068/247085/,247085
MALE UROGENITAL DISEASES,Male Urogenital Diseases,D052801,0,/565220/276199/214607/222636/,222636
MEASLES,Measles,D008457,0,/565220/276199/214607/215079/215109/216378/249563/219911/247254/,247254
MENOPAUSAL SYMPTOMS,Menopause,D008593,0,/565220/276199/248450/215344/214444/250366/218112/217963/217962/247397/,247397
MENSTRUAL CYCLE DISORDERS,Menstruation Disturbances,D008599,0,/565220/276199/214607/249648/213069/214178/,214178
MENTAL DISORDERS,Mental Disorders,D001523,0,/565220/276199/215786/213547/,213547
METABOLIC DISEASES,Metabolic Diseases,D008659,0,/565220/276199/214607/247474/213263/,213263
MIGRAINE,Migraine Disorders,D008881,0,/565220/276199/214607/215481/216449/213812/221623/247682/247681/,247681
MOLLUSCUM CONTAGIOSUM,Molluscum Contagiosum,D008976,0,/565220/276199/214607/215079/213510/219957/247768//565220/276199/214607/215615/214546/217271/220147/247768//565220/276199/214607/218356/214569/217271/220147/247768//565220/276199/214607/215079/220147/247768/,247768
MOTION SICKNESS,Motion Sickness,D009041,0,/565220/276199/214607/219637/247820/,247820
MULTIPLE SCLEROSIS,Multiple Sclerosis,D009103,0,/565220/276199/214607/215456/213447/221232/217360/247868//565220/276199/214607/215481/221232/217360/247868//565220/276199/214607/215481/219199/217360/247868/,247868
MUSCULAR DISEASES,Muscular Diseases,D009135,0,/565220/276199/214607/216322/215216//565220/276199/214607/215481/247903/215216/,215216
MUSCULOSKELETAL DISEASES,Musculoskeletal Diseases,D009140,0,/565220/276199/214607/216322/,216322
MYOCARDIAL INFARCTION,Myocardial Infarction,D009203,0,/565220/276199/214607/217000/215163/214549/246040//565220/276199/214607/217000/214543/214549/246040/,246040
MYOCARDITIS,Myocarditis,D009205,0,/565220/276199/214607/217000/215163/217002/247965/,247965
MYOFASCIAL PAIN,Myofascial Pain Syndromes,D009209,0,/565220/276199/214607/216322/215216/247969//565220/276199/214607/215481/247903/215216/247969/,247969
NAUSEA,Nausea,D009325,0,/565220/276199/214607/249648/215323/213662/248091/,248091
NECK INJURIES,Neck Injuries,D019838,0,/565220/276199/214607/219637/220755/252554/,252554
NECK PAIN,Neck Pain,D019547,0,/565220/276199/214607/215481/216140/215601/254540//565220/276199/214607/249648/215323/216140/215601/254540//565220/276199/248450/215344/214444/247908/248172/215161/221673/215601/254540//565220/276199/215786/215792/215791/215014/221673/215601/254540//565220/276199/214513/213307/214084/216015/215014/221673/215601/254540//565220/276199/248450/215344/214444/221122/215014/221673/215601/254540//565220/276199/215786/247412/215014/221673/215601/254540//565220/276199/214607/249648/215323/215601/254540/,254540
NEPHROTIC SYNDROME,Nephrotic Syndrome,D009404,0,/565220/276199/214607/219058/222635/216130/214907/248158/248161//565220/276199/214607/222636/216130/214907/248158/248161/,248161
NERVOUS SYSTEM DISEASES,Nervous System Diseases,D009422,0,/565220/276199/214607/215481/,215481
OBESITY,Obesity,D009765,0,/565220/276199/214607/247474/222292/249126/215018//565220/276199/214513/219485/216477/214731/216288/214733/216293/216093/249127/215018//565220/276199/248450/215344/214444/213441/216288/214733/216293/216093/249127/215018//565220/276199/214513/214612/214733/216293/216093/249127/215018//565220/276199/248450/215344/214444/213441/213756/217519/216293/216093/249127/215018//565220/276199/214607/249648/215323/216093/249127/215018/,215018
OBSESSIVE-COMPULSIVE DISORDER,Obsessive-Compulsive Disorder,D009771,0,/565220/276199/215786/213547/213765/218282/,218282
OSTEOARTHRITIS,Osteoarthritis,D010003,0,/565220/276199/214607/216322/214648/215203/249342//565220/276199/214607/218356/217068/215210/249342//565220/276199/214607/216322/215210/249342/,249342
OSTEOPOROSIS,Osteoporosis,D010024,0,/565220/276199/214607/216322/216319/216325/249362/,249362
OTITIS,Otitis,D010031,0,/565220/276199/214607/217887/219895/246570/,246570
PAIN,Pain,D010146,0,/565220/276199/214607/215481/216140/215601//565220/276199/214607/249648/215323/216140/215601//565220/276199/248450/215344/214444/247908/248172/215161/221673/215601//565220/276199/215786/215792/215791/215014/221673/215601//565220/276199/214513/213307/214084/216015/215014/221673/215601//565220/276199/248450/215344/214444/221122/215014/221673/215601//565220/276199/215786/247412/215014/221673/215601//565220/276199/214607/249648/215323/215601/,215601
PANCREATITIS,Pancreatitis,D010195,0,/565220/276199/214607/215989/218763/249509/,249509
PARKINSONS DISEASE,Parkinson Disease,D010300,0,/565220/276199/214607/215481/249207/249609//565220/276199/214607/215481/216449/213812/215713/249610/249609//565220/276199/214607/215481/216449/221567/249610/249609/,249609
PATELLOFEMORAL PAIN SYNDROME,Patellofemoral Pain Syndrome,D046788,0,/565220/276199/214607/216322/214648/274243/,274243
PELVIC PAIN,Pelvic Pain,D017699,0,/565220/276199/214607/215481/216140/215601/218999//565220/276199/214607/249648/215323/216140/215601/218999//565220/276199/248450/215344/214444/247908/248172/215161/221673/215601/218999//565220/276199/215786/215792/215791/215014/221673/215601/218999//565220/276199/214513/213307/214084/216015/215014/221673/215601/218999//565220/276199/248450/215344/214444/221122/215014/221673/215601/218999//565220/276199/215786/247412/215014/221673/215601/218999//565220/276199/214607/249648/215323/215601/218999/,218999
PERIPHERAL VASCULAR DISEASES,Peripheral Vascular Diseases,D016491,0,/565220/276199/214607/217000/214543/219017/,219017
PHARYNGITIS,Pharyngitis,D010612,0,/565220/276199/214607/217887/213037/248294//565220/276199/214607/246376/213037/248294//565220/276199/214607/215615/214546/216555/248294//565220/276199/214607/216543/216555/248294/,248294
PHOBIC DISORDERS,Phobic Disorders,D010698,0,/565220/276199/215786/213547/213765/220336/,220336
PNEUMONIA,Pneumonia,D011014,0,/565220/276199/214607/216543/215355/216562//565220/276199/214607/215615/214546/216555/216562//565220/276199/214607/216543/216555/216562/,216562
POISONING,Poisoning,D011041,0,/565220/276199/214607/219637/215135/,215135
POST-TRAUMATIC STRESS DISORDER,"Stress Disorders, Post-Traumatic",D013313,0,/565220/276199/215786/213547/213765/218201/218202/,218202
PRE-ECLAMPSIA,Pre-Eclampsia,D011225,0,/565220/276199/214607/217000/214543/216246/219939/248788//565220/276199/214607/219058/213004/219939/248788/,248788
PREGNANCY,Pregnancy,D011247,0,/565220/276199/248450/215344/214444/250366/218112/246552/,246552
PREMATURE INFANTS,"Infant, Premature",D007234,0,/565220/276199/213007/213580/246027/246036/222671/,222671
PREMENSTRUAL SYNDROME,Premenstrual Syndrome,D011293,0,/565220/276199/214607/249648/213069/214178/247409/,247409
PROSTATE CANCER,Prostatic Neoplasms,D011471,0,/565220/276199/214607/222636/221388/222638/249914//565220/276199/214607/219058/222635/222637/222638/249914//565220/276199/214607/222636/222637/222638/249914//565220/276199/214607/218781/220757/222637/222638/249914//565220/276199/214607/222636/221388/249912/249914/,249914
PROSTATIC HYPERPLASIA,Prostatic Hyperplasia,D011470,0,/565220/276199/214607/222636/221388/249912/249913/,249913
PSORIASIS,Psoriasis,D011565,0,/565220/276199/214607/218356/214569/249573/249985/,249985
PSYCHOPHYSIOLOGIC DISORDERS,Psychophysiologic Disorders,D011602,0,/565220/276199/214607/215481/216140/250004//565220/276199/214607/249648/215323/216140/250004/,250004
PULMONARY HEART DISEASE,Pulmonary Heart Disease,D011660,0,/565220/276199/214607/217000/215163/222283/,222283
RHINITIS,Rhinitis,D012220,0,/565220/276199/214607/217887/217648/221616//565220/276199/214607/216543/217648/221616//565220/276199/214607/215615/214546/216555/221616//565220/276199/214607/216543/216555/221616/,221616
REPETITIVE STRAIN INJURY,Cumulative Trauma Disorders,D012090,0,/565220/276199/214607/219637/220755/250360/217055/,217055
RESPIRATORY TRACT INFECTIONS,Respiratory Tract Infections,D012141,0,/565220/276199/214607/215615/214546/216555//565220/276199/214607/216543/216555/,216555
RHEUMATOID ARTHRITIS,"Arthritis, Rheumatoid",D001172,0,/565220/276199/214607/216322/214648/215203/215209//565220/276199/214607/215456/213447/215209//565220/276199/214607/218356/217068/215210/215209//565220/276199/214607/216322/215210/215209/,215209
SCHIZOPHRENIA,Schizophrenia,D012559,0,/565220/276199/215786/213547/216835/250763/,250763
SEIZURES,Seizures,D012640,0,/565220/276199/214607/215481/216449/213812/218424/214792//565220/276199/214607/215481/216140/214792//565220/276199/214607/249648/215323/216140/214792/,214792
SEVERE ACUTE RESPIRATORY SYNDROME,Severe Acute Respiratory Syndrome,D045169,0,/565220/276199/214607/215079/215109/218482/218481/221310/274051//565220/276199/214607/215615/214546/216555/274051//565220/276199/214607/216543/216555/274051/,274051
SEXUAL DISORDERS,"Sexual Dysfunction, Physiological",D012735,0,/565220/276199/214607/219058/222635/213576/219872//565220/276199/214607/222636/221388/219872/,219872
SHOULDER IMPINGEMENT SYNDROME,Shoulder Impingement Syndrome,D019534,0,/565220/276199/214607/216322/214648/254347/,254347
SHOULDER PAIN,Shoulder Pain,D020069,0,/565220/276199/214607/216322/214648/254058/271187//565220/276199/214607/215481/216140/215601/254058/271187//565220/276199/214607/249648/215323/216140/215601/254058/271187//565220/276199/248450/215344/214444/247908/248172/215161/221673/215601/254058/271187//565220/276199/215786/215792/215791/215014/221673/215601/254058/271187//565220/276199/214513/213307/214084/216015/215014/221673/215601/254058/271187//565220/276199/248450/215344/214444/221122/215014/221673/215601/254058/271187//565220/276199/215786/247412/215014/221673/215601/254058/271187//565220/276199/214607/249648/215323/215601/254058/271187//565220/276199/214607/215481/216140/215601/271187//565220/276199/214607/249648/215323/216140/215601/271187//565220/276199/248450/215344/214444/247908/248172/215161/221673/215601/271187//565220/276199/215786/215792/215791/215014/221673/215601/271187//565220/276199/214513/213307/214084/216015/215014/221673/215601/271187//565220/276199/248450/215344/214444/221122/215014/221673/215601/271187//565220/276199/215786/247412/215014/221673/215601/271187//565220/276199/214607/249648/215323/215601/271187/,271187
SICKLE CELL ANAEMIA,"Anemia, Sickle Cell",D000755,0,/565220/276199/214607/221777/214484/214483/214489/214488/214506//565220/276199/214607/212987/213615/214488/214506//565220/276199/214607/212987/213615/214507/214506//565220/276199/214607/221777/214484/214507/214506/,214506
SKIN DISEASES,Skin Diseases,D012871,0,/565220/276199/214607/218356/214569/,214569
SLEEP DISORDERS,Sleep Disorders,D012893,0,/565220/276199/215786/213547/251027//565220/276199/214607/215481/251027//565220/276199/214607/215481/216140/251027//565220/276199/214607/249648/215323/216140/251027/,251027
SMOKING CESSATION,Smoking Cessation,D016540,0,/565220/276199/215786/213443/213081/253652/251867/,251867
SOMATOFORM DISORDERS,Somatoform Disorders,D013001,0,/565220/276199/215786/213547/218422/,218422
SORE THROAT,Pharyngitis,D010612,0,/565220/276199/214607/217887/213037/248294//565220/276199/214607/246376/213037/248294//565220/276199/214607/215615/214546/216555/248294//565220/276199/214607/216543/216555/248294/,248294
SPRAINS AND STRAINS,Sprains and Strains,D013180,0,/565220/276199/214607/219637/220755/250360/,250360
STOMATITIS,Stomatitis,D013280,0,/565220/276199/214607/246376/215796/251295/,251295
STRESS,"Stress, Psychological",D013315,0,/565220/276199/215786/213443/213081/213678/216644//565220/276199/215786/215792/215791/215014/216644//565220/276199/214513/213307/214084/216015/215014/216644//565220/276199/248450/215344/214444/221122/215014/216644//565220/276199/215786/247412/215014/216644/,216644
STROKE,Stroke,D020521,0,/565220/276199/214607/215481/216449/213812/217037/271469//565220/276199/214607/217000/214543/217037/271469/,271469
SURGICAL PROCEDURES,"Surgical Procedures, Operative",D013514,0,/565220/276199/214513/214155/,214155
TEMPOROMANDIBULAR JOINT DISORDERS,Temporomandibular Joint Disorders,D013705,0,/565220/276199/214607/216322/217482/247130/251627/251626//565220/276199/214607/246376/217482/247130/251627/251626//565220/276199/214607/216322/215216/251627/251626//565220/276199/214607/215481/247903/215216/251627/251626//565220/276199/214607/216322/214648/251626//565220/276199/214607/246376/251626/,251626
TENDINITIS,Tendinopathy,D052256,0,/565220/276199/214607/216322/215216/251636//565220/276199/214607/215481/247903/215216/251636//565220/276199/214607/219637/220755/251628/251636/,251636
TENNIS ELBOW,Tennis Elbow,D013716,0,/565220/276199/214607/219637/220755/215144/221068//565220/276199/214607/216322/221068/,221068
TINNITUS,Tinnitus,D014012,0,/565220/276199/214607/217887/219895/221674/251855//565220/276199/214607/215481/216140/214671/221674/251855//565220/276199/214607/249648/215323/216140/214671/221674/251855/,251855
URINARY INCONTINENCE,Urinary Incontinence,D014549,0,/565220/276199/214607/219058/222635/216130/214908/252283//565220/276199/214607/222636/216130/214908/252283//565220/276199/214607/249648/215323/249202/252283/,252283
URINARY TRACT INFECTIONS,Urinary Tract Infections,D014552,0,/565220/276199/214607/215615/214546/215644//565220/276199/214607/219058/222635/216130/215644//565220/276199/214607/222636/216130/215644/,215644
URINARY TRACT STONES,Urinary Calculi,D014545,0,/565220/276199/214607/249648/214020/216753/216129//565220/276199/214607/219058/222635/216130/252282/216129//565220/276199/214607/222636/216130/252282/216129/,216129
VARICOSE VEINS,Varicose Veins,D014648,0,/565220/276199/214607/217000/214543/252358/,252358
VENOUS INSUFFICIENCY,Venous Insufficiency,D014689,0,/565220/276199/214607/217000/214543/248752/,248752
VERTIGO,Vertigo,D014717,0,/565220/276199/214607/215481/216140/219624//565220/276199/214607/249648/215323/216140/219624//565220/276199/214607/217887/219895/246567/252403/219624/,219624
VESTIBULAR DISEASES,Vestibular Diseases,D015837,0,/565220/276199/214607/217887/219895/246567/252403/,252403
VIRUS DISEASES,Virus Diseases,D014777,0,/565220/276199/214607/215079/,215079
VISION DISORDERS,Vision Disorders,D014786,0,/565220/276199/214607/215328/214143//565220/276199/214607/215481/216140/214671/214143//565220/276199/214607/249648/215323/216140/214671/214143/,214143
VOMITING,Vomiting,D014839,0,/565220/276199/214607/249648/215323/213662/221773/,221773
WARTS,Warts,D014860,0,,0
WOUNDS AND INJURIES,Wounds and Injuries,D014947,0,/565220/276199/214607/219637/220755/,220755
XEROSTOMIA,Xerostomia,D014987,0,/565220/276199/214607/246376/215796/247684/250686/,250686
TERMINAL CARE,Terminal Care,D013727,0,/565220/276199/219952/220251/217512/213716/218892//565220/276199/214513/213307/213716/218892/,218892
