<?mso-infoPathSolution name="urn:schemas-microsoft-com:office:infopath:ResourceForm:-myXSD-2010-08-09T08-39-43" solutionVersion="1.0.0.68" productVersion="14.0.0.0" PIVersion="1.0.0.0" href="http://localhost:8081/FormServerTemplates/ARMSResourceForm.xsn"?>
  <?mso-application progid="InfoPath.Document" versionProgid="InfoPath.Document.3"?>
  <?mso-infoPath-file-attachment-present ?>
  <my:myFields xmlns:my="http://schemas.microsoft.com/office/infopath/2003/myXSD/2010-08-09T08:39:43" xmlns:xsi="http://www.w3.org/2001/XMLSchema-instance" xmlns:pc="http://schemas.microsoft.com/office/infopath/2007/PartnerControls" xmlns:ma="http://schemas.microsoft.com/office/2009/metadata/properties/metaAttributes" xmlns:d="http://schemas.microsoft.com/office/infopath/2009/WSSList/dataFields" xmlns:q="http://schemas.microsoft.com/office/infopath/2009/WSSList/queryFields" xmlns:dfs="http://schemas.microsoft.com/office/infopath/2003/dataFormSolution" xmlns:dms="http://schemas.microsoft.com/office/2009/documentManagement/types" xmlns:xd="http://schemas.microsoft.com/office/infopath/2003" xmlns:xhtml="http://www.w3.org/1999/xhtml">
    <my:Title>Mind and body therapy for fibromyalgia (Cochrane protocol)</my:Title>
    <my:URL>http://www.mrw.interscience.wiley.com/cochrane/clsysrev/articles/CD001980/frame.html</my:URL>
    <my:Publisher>John Wiley & Sons, Ltd</my:Publisher>
    <my:AdditionalContributors />
    <my:GeographicalAreas />
    <my:PublicationType>Systematic Review</my:PublicationType>
    <my:Description>
      <html xmlns="http://www.w3.org/1999/xhtml" xml:space="preserve">
        <i>
<p>This is the protocol for a Cochrane systematic review. This record will be updated when the review has been completed.</p></i>
<p><strong>Citation</strong></p>
<p>Hadhazy VA, Bausell B, Berman B, Creamer P, Ezzo J. Mind and body therapy for fibromyalgia. (Protocol) The Cochrane Database of Systematic Reviews 1999, Issue 4. Art. No.: CD001980. DOI: 10.1002/14651858.CD001980.</p>
<p><strong><strong>Authors'</strong> objectives</strong></p>
<p>The objectives are to systematically review all randomized and quasi-randomized (not strictly randomized methods of allocation (e.g., by date of birth, hospital record number or alternation) controlled trials of mind/body therapy for adults with FM syndrome. Multi component as well as single component mind/body protocols will be assessed. To review the effectiveness of mind/body treatments compared to: standard care/medication, non-intervention, attention/control, exercise alone.</p>
       </html>
    </my:Description>
    <my:ResourceType>CARDEX</my:ResourceType>
    <my:Attachment xsi:nil="true" />
    <my:HasAttachment>false</my:HasAttachment>
    <my:Speciality>Complementary and Alternative Medicine</my:Speciality>
    <my:Keywords>COMPLEMENTARY AND ALTERNATIVE MEDICINE,AUTOGENIC TRAINING,CAM GENERAL,TAI CHI,RELAXATION TECHNIQUES,FIBROMYALGIA,CONDITIONS F-H,CONDITIONS A-Z,OTHER THERAPIES OR MEDICAL SYSTEMS,YOGA,MEDITATION,RESEARCH</my:Keywords>
    <my:PublicationDate>1999-10-25T00:00:00</my:PublicationDate>
  </my:myFields>