<?mso-infoPathSolution name="urn:schemas-microsoft-com:office:infopath:ResourceForm:-myXSD-2010-08-09T08-39-43" solutionVersion="1.0.0.68" productVersion="14.0.0.0" PIVersion="1.0.0.0" href="http://localhost:8081/FormServerTemplates/ARMSResourceForm.xsn"?>
  <?mso-application progid="InfoPath.Document" versionProgid="InfoPath.Document.3"?>
  <?mso-infoPath-file-attachment-present ?>
  <my:myFields xmlns:my="http://schemas.microsoft.com/office/infopath/2003/myXSD/2010-08-09T08:39:43" xmlns:xsi="http://www.w3.org/2001/XMLSchema-instance" xmlns:pc="http://schemas.microsoft.com/office/infopath/2007/PartnerControls" xmlns:ma="http://schemas.microsoft.com/office/2009/metadata/properties/metaAttributes" xmlns:d="http://schemas.microsoft.com/office/infopath/2009/WSSList/dataFields" xmlns:q="http://schemas.microsoft.com/office/infopath/2009/WSSList/queryFields" xmlns:dfs="http://schemas.microsoft.com/office/infopath/2003/dataFormSolution" xmlns:dms="http://schemas.microsoft.com/office/2009/documentManagement/types" xmlns:xd="http://schemas.microsoft.com/office/infopath/2003" xmlns:xhtml="http://www.w3.org/1999/xhtml">
    <my:Title>Complete decongestive therapy for lymphedema following breast cancer treatment (Cochrane protocol)</my:Title>
    <my:URL>http://www.mrw.interscience.wiley.com/cochrane/clsysrev/articles/CD003475/frame.html</my:URL>
    <my:Publisher>John Wiley & Sons, Ltd</my:Publisher>
    <my:AdditionalContributors />
    <my:GeographicalAreas />
    <my:PublicationType>Systematic Review</my:PublicationType>
    <my:Description>
      <html xmlns="http://www.w3.org/1999/xhtml" xml:space="preserve">
        <i>
<p>This is the protocol for a Cochrane systematic review. This record will be updated when the review has been completed.</p></i>
<p><strong>Citation</strong></p>
<p>Howell D, Ezzo J, Tuppo K, Bily L, Johannson K. Complete decongestive therapy for lymphedema following breast cancer treatment. (Protocol) <em>The Cochrane Database of Systematic Reviews</em> 2002, Issue 1. Art. No.: CD003475. DOI: 10.1002/14651858.CD003475. </p>
<p><strong><strong>Authors'</strong> objectives</strong></p>
<p>The primary objective of this review is to assess the effects of complete decongestive physiotherapy or manual lymphatic drainage alone on the primary outcome of arm volume reduction or the secondary outcomes of chest wall volume reduction, functional improvement, and pain reduction for women with secondary lymphedema as a result of treatment of breast cancer.</p>
       </html>
    </my:Description>
    <my:ResourceType>CARDEX</my:ResourceType>
    <my:Attachment xsi:nil="true" />
    <my:HasAttachment>false</my:HasAttachment>
    <my:Speciality>Complementary and Alternative Medicine</my:Speciality>
    <my:Keywords>COMPLEMENTARY AND ALTERNATIVE MEDICINE,BREAST CANCER,LYMPHOEDEMA,CONDITIONS I-L,CAM GENERAL,CANCER,CONDITIONS A-B,CONDITIONS C,CONDITIONS A-Z,MASSAGE,RESEARCH</my:Keywords>
    <my:PublicationDate>2002-01-21T00:00:00</my:PublicationDate>
  </my:myFields>