<?mso-infoPathSolution name="urn:schemas-microsoft-com:office:infopath:ResourceForm:-myXSD-2010-08-09T08-39-43" solutionVersion="1.0.0.68" productVersion="14.0.0.0" PIVersion="1.0.0.0" href="http://localhost:8081/FormServerTemplates/ARMSResourceForm.xsn"?>
  <?mso-application progid="InfoPath.Document" versionProgid="InfoPath.Document.3"?>
  <?mso-infoPath-file-attachment-present ?>
  <my:myFields xmlns:my="http://schemas.microsoft.com/office/infopath/2003/myXSD/2010-08-09T08:39:43" xmlns:xsi="http://www.w3.org/2001/XMLSchema-instance" xmlns:pc="http://schemas.microsoft.com/office/infopath/2007/PartnerControls" xmlns:ma="http://schemas.microsoft.com/office/2009/metadata/properties/metaAttributes" xmlns:d="http://schemas.microsoft.com/office/infopath/2009/WSSList/dataFields" xmlns:q="http://schemas.microsoft.com/office/infopath/2009/WSSList/queryFields" xmlns:dfs="http://schemas.microsoft.com/office/infopath/2003/dataFormSolution" xmlns:dms="http://schemas.microsoft.com/office/2009/documentManagement/types" xmlns:xd="http://schemas.microsoft.com/office/infopath/2003" xmlns:xhtml="http://www.w3.org/1999/xhtml">
    <my:Title>Vitex agnus castus for premenstrual syndrome (Cochrane protocol)</my:Title>
    <my:URL>http://www.mrw.interscience.wiley.com/cochrane/clsysrev/articles/CD004632/frame.html</my:URL>
    <my:Publisher>John Wiley & Sons, Ltd</my:Publisher>
    <my:AdditionalContributors />
    <my:GeographicalAreas />
    <my:PublicationType>Systematic Review</my:PublicationType>
    <my:Description>
      <html xmlns="http://www.w3.org/1999/xhtml" xml:space="preserve">
        <i>
<p>This is the protocol for a Cochrane systematic review. This record will be updated when the review has been completed.</p></i>
<p><strong>Citation</strong></p>
<p>Shaw S, Wyatt K, Thompson Coon J, Campbell J, Ernst E. Vitex agnus castus for premenstrual syndrome. (Protocol) <em>The Cochrane Database of Systematic Reviews</em> 2003, Issue 4. Art. No.: CD004632. DOI: 10.1002/14651858.CD004632.</p>
<p><strong><strong>Authors'</strong> objectives</strong></p>
<p>To determine the effectiveness of <i>Vitex agnus castus</i> for the treatment of PMS symptoms.<br /><br />The authors wish to examine the following:<br />(1) The effect of <i>Vitex agnus castus</i> on combined symptoms or global scores associated with PMS versus placebo. <br />(2) The effect of <i>Vitex agnus castus</i> on combined symptoms or global scores associated with PMS versus another treatment. <br />(3) The effect of <i>Vitex agnus castus</i> on patient satisfaction versus placebo.<br />(4) The effect of <i>Vitex agnus castus</i> on patient satisfaction versus another treatment. <br />(5) The effect of <i>Vitex agnus castus</i> on specific symptoms associated with PMS versus placebo.<br />(6) The effect of <i>Vitex agnus castus </i>on specific symptoms associated with PMS versus another treatment.<br />(7) The adverse effects of <i>Vitex agnus castus</i>. <br /></p>
       </html>
    </my:Description>
    <my:ResourceType>CARDEX</my:ResourceType>
    <my:Attachment xsi:nil="true" />
    <my:HasAttachment>false</my:HasAttachment>
    <my:Speciality>Complementary and Alternative Medicine</my:Speciality>
    <my:Keywords>COMPLEMENTARY AND ALTERNATIVE MEDICINE,HERBAL MEDICINE,CONDITIONS A-Z,CONDITIONS P-R,PREMENSTRUAL SYNDROME,CAM GENERAL,HERBS A-C,CHASTE TREE (VITEX AGNUS CASTUS),RESEARCH</my:Keywords>
    <my:PublicationDate>2003-10-20T00:00:00</my:PublicationDate>
  </my:myFields>