<?mso-infoPathSolution name="urn:schemas-microsoft-com:office:infopath:ResourceForm:-myXSD-2010-08-09T08-39-43" solutionVersion="1.0.0.68" productVersion="14.0.0.0" PIVersion="1.0.0.0" href="http://localhost:8081/FormServerTemplates/ARMSResourceForm.xsn"?>
  <?mso-application progid="InfoPath.Document" versionProgid="InfoPath.Document.3"?>
  <?mso-infoPath-file-attachment-present ?>
  <my:myFields xmlns:my="http://schemas.microsoft.com/office/infopath/2003/myXSD/2010-08-09T08:39:43" xmlns:xsi="http://www.w3.org/2001/XMLSchema-instance" xmlns:pc="http://schemas.microsoft.com/office/infopath/2007/PartnerControls" xmlns:ma="http://schemas.microsoft.com/office/2009/metadata/properties/metaAttributes" xmlns:d="http://schemas.microsoft.com/office/infopath/2009/WSSList/dataFields" xmlns:q="http://schemas.microsoft.com/office/infopath/2009/WSSList/queryFields" xmlns:dfs="http://schemas.microsoft.com/office/infopath/2003/dataFormSolution" xmlns:dms="http://schemas.microsoft.com/office/2009/documentManagement/types" xmlns:xd="http://schemas.microsoft.com/office/infopath/2003" xmlns:xhtml="http://www.w3.org/1999/xhtml">
    <my:Title>Huangqi preparations for unstable angina (Cochrane protocol)</my:Title>
    <my:URL>http://www.mrw.interscience.wiley.com/cochrane/clsysrev/articles/CD005153/frame.html</my:URL>
    <my:Publisher>John Wiley & Sons, Ltd</my:Publisher>
    <my:AdditionalContributors />
    <my:GeographicalAreas />
    <my:PublicationType>Structured Abstract</my:PublicationType>
    <my:Description>
      <html xmlns="http://www.w3.org/1999/xhtml" xml:space="preserve">
        <i>
<p>This is the protocol for a Cochrane systematic review. This record will be updated when the review has been completed.</p></i>
<p><strong>Citation</strong></p>
<p>Liu G, Chen X, Wu T. Huangqi preparations for unstable angina. (Protocol) The Cochrane Database of Systematic Reviews 2005, Issue 1. Art. No.: CD005153. DOI: 10.1002/14651858.CD005153. </p>
<p><strong><strong>Authors'</strong> objectives</strong></p>
<p>To assess the effect (harms and benefits) of Huangqi injection or other drug types of Huangqi for unstable angina. Specific comparisons will be made between Huangqi (in monotherapy compared to placebo or no intervention or other anti-anginal medicine; or in combination with other antianginal therapies compared to other anti-anginal therapies) in the treatment of unstable angina pectoris. If possible, we are also interested in comparing the effect of different routes and timing of administration.<br /><br />Other anti-anginal medicine include the commonly used chemical drugs like aspirin, Clopidogrel, heparin, nitroglycerin, beta-blockers, calcium channel blockers, ACE inhibitors and so on. Widely used Medicinal herbs like Danshen may also be compared with Huangqi.<br /></p>
       </html>
    </my:Description>
    <my:ResourceType>CARDEX</my:ResourceType>
    <my:Attachment xsi:nil="true" />
    <my:HasAttachment>false</my:HasAttachment>
    <my:Speciality>Complementary and Alternative Medicine</my:Speciality>
    <my:Keywords>COMPLEMENTARY AND ALTERNATIVE MEDICINE,CONDITIONS A-Z,HERBAL MEDICINE,OTHER THERAPIES OR MEDICAL SYSTEMS,TRADITIONAL CHINESE MEDICINE (TCM),ANGINA,CONDITIONS A-B,CAM GENERAL,RESEARCH</my:Keywords>
    <my:PublicationDate>2005-01-24T00:00:00</my:PublicationDate>
  </my:myFields>