<?mso-infoPathSolution name="urn:schemas-microsoft-com:office:infopath:ResourceForm:-myXSD-2010-08-09T08-39-43" solutionVersion="1.0.0.68" productVersion="14.0.0.0" PIVersion="1.0.0.0" href="http://localhost:8081/FormServerTemplates/ARMSResourceForm.xsn"?>
  <?mso-application progid="InfoPath.Document" versionProgid="InfoPath.Document.3"?>
  <?mso-infoPath-file-attachment-present ?>
  <my:myFields xmlns:my="http://schemas.microsoft.com/office/infopath/2003/myXSD/2010-08-09T08:39:43" xmlns:xsi="http://www.w3.org/2001/XMLSchema-instance" xmlns:pc="http://schemas.microsoft.com/office/infopath/2007/PartnerControls" xmlns:ma="http://schemas.microsoft.com/office/2009/metadata/properties/metaAttributes" xmlns:d="http://schemas.microsoft.com/office/infopath/2009/WSSList/dataFields" xmlns:q="http://schemas.microsoft.com/office/infopath/2009/WSSList/queryFields" xmlns:dfs="http://schemas.microsoft.com/office/infopath/2003/dataFormSolution" xmlns:dms="http://schemas.microsoft.com/office/2009/documentManagement/types" xmlns:xd="http://schemas.microsoft.com/office/infopath/2003" xmlns:xhtml="http://www.w3.org/1999/xhtml">
    <my:Title>Phytoestrogens in the treatment of postmenopausal osteoporosis (Cochrane protocol)</my:Title>
    <my:URL>http://www.mrw.interscience.wiley.com/cochrane/clsysrev/articles/CD003131/frame.html</my:URL>
    <my:Publisher>John Wiley & Sons, Ltd</my:Publisher>
    <my:AdditionalContributors />
    <my:GeographicalAreas />
    <my:PublicationType>Systematic Review</my:PublicationType>
    <my:Description>
      <html xmlns="http://www.w3.org/1999/xhtml" xml:space="preserve">
        <i>
<p>This is the protocol for a Cochrane systematic review. This record will be updated when the review has been completed.</p></i>
<p><strong>Citation</strong></p>
<p>Ardila E, Echevery J, Sanchez R. Phytoestrogens in the treatment of postmenopausal osteoporosis. (Protocol) The Cochrane Database of Systematic Reviews 2001, Issue 3. Art. No.: CD003131. DOI: 10.1002/14651858.CD003131. </p>
<p><strong><strong>Authors'</strong> objectives</strong></p>
<p>To determine the efficacy and safety of phytoestrogens for the treatment of osteoporosis in postmenopausal women.</p>
<p>In particular, the principal objective of this review is to reliably answer the two following questions:</p>
<p>1) Are phytoestrogens effective in preventing bone fractures when administered in postmenopausal women?<br />2) Are phytoestrogens safe in terms of adverse events for the treatment of osteoporosis in postmenopausal women?</p>
<p>Secondary objectives are to determine the efficacy and safety of phytoestrogens in the following subgroups:</p>
<p>1) Early postmenopausal women (less than 35 years old)<br />2) Women who have sustained a fracture.</p>
       </html>
    </my:Description>
    <my:ResourceType>CARDEX</my:ResourceType>
    <my:Attachment xsi:nil="true" />
    <my:HasAttachment>false</my:HasAttachment>
    <my:Speciality>Complementary and Alternative Medicine</my:Speciality>
    <my:Keywords>COMPLEMENTARY AND ALTERNATIVE MEDICINE,CAM GENERAL,OSTEOPOROSIS,CONDITIONS M-O,HERBAL MEDICINE,CONDITIONS A-Z,RESEARCH</my:Keywords>
    <my:PublicationDate>2001-07-23T00:00:00</my:PublicationDate>
  </my:myFields>