<?mso-infoPathSolution name="urn:schemas-microsoft-com:office:infopath:ResourceForm:-myXSD-2010-08-09T08-39-43" solutionVersion="1.0.0.68" productVersion="14.0.0.0" PIVersion="1.0.0.0" href="http://localhost:8081/FormServerTemplates/ARMSResourceForm.xsn"?>
  <?mso-application progid="InfoPath.Document" versionProgid="InfoPath.Document.3"?>
  <?mso-infoPath-file-attachment-present ?>
  <my:myFields xmlns:my="http://schemas.microsoft.com/office/infopath/2003/myXSD/2010-08-09T08:39:43" xmlns:xsi="http://www.w3.org/2001/XMLSchema-instance" xmlns:pc="http://schemas.microsoft.com/office/infopath/2007/PartnerControls" xmlns:ma="http://schemas.microsoft.com/office/2009/metadata/properties/metaAttributes" xmlns:d="http://schemas.microsoft.com/office/infopath/2009/WSSList/dataFields" xmlns:q="http://schemas.microsoft.com/office/infopath/2009/WSSList/queryFields" xmlns:dfs="http://schemas.microsoft.com/office/infopath/2003/dataFormSolution" xmlns:dms="http://schemas.microsoft.com/office/2009/documentManagement/types" xmlns:xd="http://schemas.microsoft.com/office/infopath/2003" xmlns:xhtml="http://www.w3.org/1999/xhtml">
    <my:Title>Herbal medicines safety information</my:Title>
    <my:URL>http://www.mhra.gov.uk/Safetyinformation/Generalsafetyinformationandadvice/Product-specificinformationandadvice/Herbalmedicines/index.htm</my:URL>
    <my:Publisher>Medicines and Healthcare products Regulatory Agency (MHRA)</my:Publisher>
    <my:AdditionalContributors />
    <my:GeographicalAreas />
    <my:PublicationType>Reference Material</my:PublicationType>
    <my:Description>
      <html xmlns="http://www.w3.org/1999/xhtml" xml:space="preserve">
        <p><em>The <a href="http://www.mhra.gov.uk/">Medicines and Healthcare products Regulatory Agency (MHRA) </a>is the government agency which is responsible for ensuring that medicines and medical devices work, and are acceptably safe.</em></p>
<p>This web page is dedicated to safety issues associated with herbal medicines and is regularly updated.</p>
<p><br />It provides useful safety information for anyone using herbal medicines and anyone operating in the herbal medicines sector, including manufacturers, herbal practitioners, suppliers and retailers.</p>
<p><br />The MHRA has produced a <a href="http://www.mhra.gov.uk/home/idcplg?IdcService=GET_FILE&amp;dDocName=con009293&amp;RevisionSelectionMethod=Latest">report</a> on the safety of herbal medicinal products which gives an overview of the safety problems arising with herbal medicines such as quality related issues, herb-drug interactions and intrinsically toxic constituents of herbal ingredients.</p>
<p> </p>
       </html>
    </my:Description>
    <my:ResourceType>CARDEX</my:ResourceType>
    <my:Attachment xsi:nil="true" />
    <my:HasAttachment>false</my:HasAttachment>
    <my:Speciality>Complementary and Alternative Medicine</my:Speciality>
    <my:Keywords>COMPLEMENTARY AND ALTERNATIVE MEDICINE,SKIN DISORDERS,COMPLEMENTARY & ALTERNATIVE TREATMENTS,PROFESSIONS & SPECIALTIES,DRUG ERUPTIONS & REACTIONS,TREATMENT & MANAGEMENT,DRUG & TREATMENT COMPLICATIONS,DISORDERS,PHARMACY,CAM GENERAL,AYURVEDIC MEDICINE,HERBAL MEDICINE,OTHER THERAPIES OR MEDICAL SYSTEMS,TRADITIONAL CHINESE MEDICINE (TCM),SAFETY</my:Keywords>
    <my:PublicationDate>2006-04-05T00:00:00</my:PublicationDate>
  </my:myFields>