<?mso-infoPathSolution name="urn:schemas-microsoft-com:office:infopath:ResourceForm:-myXSD-2010-08-09T08-39-43" solutionVersion="1.0.0.68" productVersion="14.0.0.0" PIVersion="1.0.0.0" href="http://localhost:8081/FormServerTemplates/ARMSResourceForm.xsn"?>
  <?mso-application progid="InfoPath.Document" versionProgid="InfoPath.Document.3"?>
  <?mso-infoPath-file-attachment-present ?>
  <my:myFields xmlns:my="http://schemas.microsoft.com/office/infopath/2003/myXSD/2010-08-09T08:39:43" xmlns:xsi="http://www.w3.org/2001/XMLSchema-instance" xmlns:pc="http://schemas.microsoft.com/office/infopath/2007/PartnerControls" xmlns:ma="http://schemas.microsoft.com/office/2009/metadata/properties/metaAttributes" xmlns:d="http://schemas.microsoft.com/office/infopath/2009/WSSList/dataFields" xmlns:q="http://schemas.microsoft.com/office/infopath/2009/WSSList/queryFields" xmlns:dfs="http://schemas.microsoft.com/office/infopath/2003/dataFormSolution" xmlns:dms="http://schemas.microsoft.com/office/2009/documentManagement/types" xmlns:xd="http://schemas.microsoft.com/office/infopath/2003" xmlns:xhtml="http://www.w3.org/1999/xhtml">
    <my:Title>Introduction to Acupuncture</my:Title>
    <my:URL>http://www.library.nhs.uk//cam/ViewResource.aspx?resID=125440</my:URL>
    <my:Publisher>CAM Specialist Library</my:Publisher>
    <my:AdditionalContributors />
    <my:GeographicalAreas />
    <my:PublicationType>Reference Material</my:PublicationType>
    <my:Description>
      <html xmlns="http://www.w3.org/1999/xhtml" xml:space="preserve">
        111-1Introduction to Acupuncture<blockquote></blockquote>
<blockquote></blockquote>
<table width="70%"><tbody><tr><td width="15%"></td>
<td>
<p><b>Contents</b></p>
<p>
</p><ul><li><a href="#Definition">Definition</a></li>
<li><a href="#Terms">Some terms used in acupuncture</a></li>
<li><a href="#Intro">Introduction</a> 
</li><li><a href="#Clinical">Clinical uses</a> 
</li><li><a href="#Safety">Safety</a> 
</li><li><a href="#Regulation">Regulation of acupuncture</a> 
</li><li><a href="#Professional">Professional bodies and organisations </a>
</li><li><a href="#Other">Other relevant information</a> </li></ul></td></tr></tbody></table><br /><p><b><a>Definition</a></b> </p>
<p><br /><strong>Acupuncture</strong> – Etymology: from Latin <em>acus</em>, ‘needle’ (noun), and <em>pungere</em>, ‘to prick’ (verb).</p>
<p>‘Acupuncture’ refers to the insertion of a solid needle into any part of the human body for disease prevention, therapy or maintenance of health. There are various other techniques often used with acupuncture, which may or may not be invasive.</p>
<p>Low energy laser or electrical stimulation of the skin directed at classical acupuncture points are often referred to as acupuncture though they cannot be considered to be the same modality as needle puncture.</p><br /><p><b><a>Some terms used in acupuncture</a></b></p>
<table><tbody></tbody></table><table width="80%"><tbody><tr><td>
<blockquote>
<p><em></em></p>
<p><em><b>Acupuncture point:</b> </em>A point in the soma chosen for insertion of an acupuncture needle.</p><br /><p><em><b>Ah shi point:</b></em> The term (a Mandarin word) for a tender point in TCM (Traditional Chinese Medicine), named after the exclamation of the patient when the point is pressed – ‘<em>ah shi</em>’ (oh yes!). These are probably the Chinese version of clinically relevant trigger points and tender points. </p><br /><p><em><b>Classical acupuncture point:</b></em> One of the many points described in classical texts on Chinese Medicine and traditionally used for acupuncture needling. Each point has a defined anatomical location, and is numbered according to its position along a line of points (a <em><strong>Meridian</strong></em> – see below). Each of these points has a Chinese name as well.</p><br /><p><b><em>Cun:</em></b> A Chinese inch – cun (pronounced ‘tsun’ or ‘chun’). A simple but clever concept for measuring distances on lots of different sized bodies. The measure is defined by an anatomical distance on the same body that is under consideration, and therefore the length of a cun varies with the overall size of the body.</p><br /><p><em><b>De qi:</b></em> The arrival of ‘<em>qi</em>’ at an acupuncture point when stimulated by a needle; it is pronounced ‘der chi’, and also known as <em>de chi</em>, <em>dequi</em>, <em>ki</em>. Indicated by particular sensations experienced by the patients and/or practitioner.</p><br /><p><b><em>Electroacupuncture:</em></b> Electrical stimulation of needles inserted at acupuncture points.</p><br /><p><b><em>Extra point:</em></b> A classical acupuncture point with a defined anatomical location which does not lie on a meridian.</p><br /><p><em><b>Five elements:</b></em> Five ‘phases’ or aspects of the natural world.</p><br /><p><b><em>Laser acupuncture:</em></b> The application of low energy laser to acupuncture points; technically this is not acupuncture, since it does not involve needles, however, this term is in common use.</p><br /><p><em><b>Meridian acupuncture point:</b></em> A classical acupuncture point on a meridian that runs through or is linked in some way to the area under treatment.</p><br /><p><b><em>Meridian:</em></b> A meridian is a defined path on which classical acupuncture points are situated. The term is synonymous with ‘Channel’ and ‘Vessel’. Each meridian is named according to a theoretical association with an internal organ, and the points along a meridian are numbered. There are 12 paired meridians (i.e. on each side of the body) and two unpaired meridians (in the midline).</p><br /><p><b><em>Qi: </em></b>The vital force or energy that is said to circulate through the body via the meridians; it is pronounced ‘chi’ as in cheese, and also known as <em>t’chi</em>, <em>chi</em>, <em>d’qi</em>, etc.</p><br /><p><em><b>Segmental acupuncture point:</b></em> A point in the soma chosen for insertion of an acupuncture needle, which is innervated by the same neurosegment as the area under treatment.</p><br /><p><b><em>Tender point:</em></b> A tender point. A point which is more sensitive to the same applied pressure than its surroundings. It may result from a local increase in sensitivity within the tissue, or from the presence of a bony point or ridge beneath.</p><br /><p><b><em>Trigger point:</em></b> A tender point on a taut band of skeletal muscle which triggers a pain or other symptom locally or at a distance.</p><br /><p><b><em>Yang:</em></b> The ‘masculine’ element and opposing or balancing pole to <strong><em>yin</em></strong>.</p><br /><p><b><em>Yin:</em></b> The ‘feminine’ element and one pole within a philosophical concept of duality in nature termed <strong><em>yin</em></strong> and <strong><em>yang</em></strong>.</p></blockquote></td></tr></tbody></table><p><b><a>Introduction</a></b> </p><br /><p>Acupuncture was developed in China and forms part of what is now known as Traditional Chinese (or Oriental) Medicine. Traditional acupuncturists use the concept of a vital force or energy called ‘<em>Qi</em>’ which circulates through the organs along channels, also known as meridians, to explain how health is maintained. In order to remain healthy, traditional theory dictates that <em>Qi</em> energy must flow correctly, in terms of strength and quality, along these channels.  Acupuncture points are located along the meridians and theoretically provide one means of altering the flow of <em>Qi</em>. Traditional acupuncture relies on a number of methods of diagnosis including peripheral pulses, the appearance of the tongue, speech, history and overall impressions of the patient. The treatment principles draw on these various considerations in order to address both the symptom pattern and underlying ‘imbalances’. These treatment principles guide the selection of channels and points to be stimulated.</p><br /><p>Western medical acupuncture, the approach used by many of the conventional healthcare professionals who practice acupuncture, is based on contemporary neurophysiology and the recognised mechanisms of sensory neuromodulation. Acupuncture points are simply thought to correlate to sites where external stimuli result in a greater sensory stimulus, such as motor points of muscles and peripheral nerve bundles. Diagnosis is carried out conventionally and therapy is based on selection of points, such as ‘trigger points’ found on physical examination in musculoskeletal pain complaints, or other points based on the nerve supply of the tissues at that site.  </p><br /><p>Whilst diagnostic methods differ considerably, there is no clear distinction in a practical sense between the traditional and Western approaches ie in terms of the insertion of needles. There can be, however, considerable variation between the styles of practice adopted by individual practitioners of acupuncture The method of treating a particular condition in a patient may therefore vary considerably in terms of the points chosen, depth and duration of needling, whether needles are stimulated manually or electrically, and whether additional therapies are also incorporated into the treatment session.  </p><br /><p><a><b>Clinical uses</b></a></p><br /><p>Acupuncture is most commonly used to treat painful complaints, especially musculoskeletal pain such as that associated with osteoarthrosis of the knee, and chronic neck and low back pain and there is evidence to support these uses. In clinical practice it is frequently used in treating muscle pain, often referred to as myofascial pain, however, definitive clinical trials have not been performed in this particular condition. Similarly, anxiety is often treated, but conclusive research evidence on effectiveness in this condition is not currently available. Acupuncture appears to be effective in the treatment of chronic headache, including migraine, although the effect does not appear to derive primarily from classical acupuncture at predefined points. Acupuncture has been shown to work in postoperative nausea and vomiting, although it has not yet been fully adopted in this setting. Acupuncture is used in practice for many other conditions, and there is a need for on-going research to establish where it has its most useful applications in modern health care.</p><br /><p><strong>Recent surveys of usage in the UK</strong></p><br /><p>MacPherson H, Sinclair-Lian N, Thomas K. Patients seeking care from acupuncture practitioners in the UK: a national survey. Complementary Therapies in Medicine. 2006, 14(1):20-30. Epub 2005 Sep 12. [<a href="http://www.ncbi.nlm.nih.gov/entrez/query.fcgi?db=pubmed&amp;cmd=Retrieve&amp;dopt=AbstractPlus&amp;list_uids=16473750&amp;query_hl=8&amp;itool=pubmed_docsum">PubMed abstract</a>]</p><br /><p>Price J, White A. The use of acupuncture and attitudes to regulation among doctors in the UK—a survey. Acupuncture in Medicine. 2004, 22(2):72-4. [<a href="http://www.ncbi.nlm.nih.gov/pubmed/15253582">PubMed abstract</a>]</p><br /><p><b>The evidence: Systematic reviews</b></p><br /><p>Selected systematic reviews from the CAM SL can be viewed at: <br /><a href="http://www.library.nhs.uk/cam/searchResults.aspx?catID=9386&amp;dg=265">http://www.library.nhs.uk/cam/searchResults.aspx?catID=9386&amp;dg=265</a></p><br /><p><b><a>Safety</a></b></p>
<p><br /></p>
<p>There are potential risks associated with acupuncture, although serious adverse events are rare (approximately 1 in 200 000 treatments, and 1in 20 000 patients).</p>
<p>There are clearly potential hazards related to cross-infection of blood borne disease, hepatitis B in particular, although such risks are minimised through the use of sterile disposable needles, and immunisation of acupuncturists. Serious traumatic adverse events, the most common being pneumothorax, are preventable with good knowledge of anatomy and the use of safe needling techniques. Of the minor adverse events, the most common is bruising.</p>
<p>There are numerous sources of information and studies on the safety of acupuncture. An issue of an acupuncture journal was devoted to safety and contains some very useful general papers relevant to practice:</p>
<blockquote>
<p><em>Acupuncture in Medicine</em>: <a href="http://aim.bmj.com/content/19/2.toc">Special Safety Issue</a>. 2001, 19(2).</p></blockquote><br /><p><b>The following are a small selection of recent studies on safety:</b></p><br /><blockquote>
<p>White A. A cumulative review of the range and incidence of significant adverse events associated with acupuncture. Acupuncture in Medicine. 2004, 22(3):122-33. [<a href="http://www.ncbi.nlm.nih.gov/entrez/query.fcgi?cmd=Retrieve&amp;db=pubmed&amp;dopt=Abstract&amp;list_uids=15551936&amp;query_hl=5&amp;itool=pubmed_docsum">PubMed</a>] </p><br /><p>Melchart D, Weidenhammer W, Streng A, Reitmayr S, Hoppe A, Ernst E, Linde K. Prospective investigation of adverse effects of acupuncture in 97 733 patients. Archives of Internal Medicine. 2004, 164(1):104-5. [<a href="http://www.ncbi.nlm.nih.gov/entrez/query.fcgi?cmd=Retrieve&amp;db=pubmed&amp;dopt=Abstract&amp;list_uids=14718331&amp;query_hl=3&amp;itool=pubmed_docsum">PubMed</a>]</p><br /><p>MacPherson H, Scullion A, Thomas KJ, Walters S. Patient reports of adverse events associated with acupuncture treatment: a prospective national survey. Quality &amp; Safety in Health Care. 2004, 13(5):349-55. [<a href="http://www.ncbi.nlm.nih.gov/entrez/query.fcgi?cmd=Retrieve&amp;db=pubmed&amp;dopt=Abstract&amp;list_uids=15465938&amp;query_hl=1&amp;itool=pubmed_docsum">PubMed</a>] [<a href="http://qhc.bmjjournals.com/cgi/reprint/13/5/349">Full text (pdf)</a>]</p><br /><p>Lao L, Hamilton GR, Fu J, Berman BM. Is acupuncture safe? A systematic review of case reports. Alternative Therapies in Health and Medicine. 2003, 9(1):72-83. [<a href="http://www.ncbi.nlm.nih.gov/entrez/query.fcgi?cmd=Retrieve&amp;db=pubmed&amp;dopt=Abstract&amp;list_uids=12564354&amp;query_hl=11&amp;itool=pubmed_DocSum">PubMed</a>]</p><br /><p>White A, Hayhoe S, Hart A, Ernst E. Adverse events following acupuncture: prospective survey of 32 000 consultations with doctors and physiotherapists. BMJ (British Medical Journal). 2001, 323(7311):485-6. [<a href="http://www.ncbi.nlm.nih.gov/entrez/query.fcgi?cmd=Retrieve&amp;db=pubmed&amp;dopt=Abstract&amp;list_uids=11532840&amp;query_hl=16&amp;itool=pubmed_docsum">PubMed</a>] [<a href="http://bmj.bmjjournals.com/cgi/reprint/323/7311/485">Full text (pdf)</a>] </p><br /><p>MacPherson H, Thomas K, Walters S, Fitter M. The York acupuncture safety study: prospective survey of 34 000 treatments by traditional acupuncturists. BMJ (British Medical Journal). 2001, 323(7311):486-7.  [<a href="http://www.ncbi.nlm.nih.gov/entrez/query.fcgi?cmd=Retrieve&amp;db=pubmed&amp;dopt=Abstract&amp;list_uids=11532841&amp;query_hl=14&amp;itool=pubmed_docsum">PubMed</a>] [<a href="http://bmj.bmjjournals.com/cgi/reprint/323/7311/486">Full text (pdf)</a>]</p><br /><p>Rampes H, Peuker E. Adverse effects of acupuncture. In: Ernst E, White A, editors. <em>Acupuncture - A Scientific Appraisal</em>. Oxford: Butterworth Heinemann; 1999. p. 128-52.</p><br /><p>Peuker ET, White AR, Ernst E, Pera F, Filler TJ. Traumatic complications of acupuncture: Therapists need to know human anatomy. Archives of Family Medicine. 1999, 8(6):553-8. [<a href="http://www.ncbi.nlm.nih.gov/entrez/query.fcgi?db=pubmed&amp;cmd=Retrieve&amp;dopt=Abstract&amp;list_uids=10575398&amp;query_hl=11&amp;itool=pubmed_docsum">PubMed</a>] [<a href="http://archfami.ama-assn.org/cgi/reprint/8/6/553">Full text (pdf)</a>]</p><br /><p>Acupuncture. NIH Consensus Statement Online 1997 Nov 3-5, 15(5):1-34. Available at: <a href="http://consensus.nih.gov/1997/1997Acupuncture107html.htm">http://consensus.nih.gov/1997/1997Acupuncture107html.htm</a>.</p></blockquote><br /><p><b><a>Regulation of acupuncture</a></b></p><br /><p></p>
<p>Currently acupuncture can be performed in the UK by practitioners who are either subject to statutory regulation (doctors, physiotherapists, nurses and other health professionals), voluntary self-regulation (members of the British Acupuncture Council), or by unregulated lay practitioners.</p>
<p>A process is currently underway, following recommendations made by the <a href="http://www.publications.parliament.uk/pa/ld199900/ldselect/ldsctech/123/12301.htm">House of Lords Select Committee on Science and Technology in 2000</a>, to organise statutory regulation of acupuncture and herbal medicine in England. </p><br /><p><b><a>Professional bodies and organisations</a></b></p>
<blockquote>
<p><a href="http://www.aacp.uk.com/">Acupuncture Association of Chartered Physiotherapists</a></p>
<p><a href="http://www.bawma.co.uk/western-medical-acupuncture/index.php">British Academy of Western Medical Acupuncture</a></p>
<p><a href="http://www.acupuncture.org.uk/">British Acupuncture Council</a></p>
<p><a href="http://www.medical-acupuncture.co.uk/">British Medical Acupuncture Society</a></p></blockquote><br /><b></b>
<p></p>
<p><b><a>Other relevant information</a></b></p><br /><p><b>Specialist information sources on acupuncture include:</b></p>
<blockquote>
<p><a href="http://www.acubriefs.com/">Acubriefs database</a></p>
<p><a href="http://www.acupunctureresearch.org.uk/">Acupuncture Research Resource Centre</a></p></blockquote>
<p></p><b>Guidance for researchers</b> <br /><blockquote>
<p>MacPherson H, White A, Cummings M, Jobst K, Rose K, Niemtzow R; STandards for Reporting Interventions in Controlled Trails of Acupuncture. Standards for reporting interventions in controlled trials of acupuncture: The STRICTA recommendations. Acupuncture in Medicine. 2002, 20(1):22-5. [<a href="http://www.ncbi.nlm.nih.gov/entrez/query.fcgi?cmd=Retrieve&amp;db=pubmed&amp;dopt=Abstract&amp;list_uids=11926601&amp;query_hl=18&amp;itool=pubmed_docsum">PubMed</a>]  </p><br /><p>White AR, Filshie J, Cummings TM; International Acupuncture Research Forum. Clinical trials of acupuncture: consensus recommendations for optimal treatment, sham controls and blinding. Complementary Therapies in Medicine. 2001 Dec;9(4):237-45. [<a href="http://www.ncbi.nlm.nih.gov/entrez/query.fcgi?db=pubmed&amp;cmd=Retrieve&amp;dopt=AbstractPlus&amp;list_uids=12184353&amp;query_hl=3&amp;itool=pubmed_docsum">PubMed</a>] </p></blockquote>
       </html>
    </my:Description>
    <my:ResourceType>Article</my:ResourceType>
    <my:Attachment xsi:nil="true" />
    <my:HasAttachment>false</my:HasAttachment>
    <my:Speciality>Complementary and Alternative Medicine</my:Speciality>
    <my:Keywords>ACUPUNCTURE,COMPLEMENTARY AND ALTERNATIVE MEDICINE,DATE ADDED,MARCH 2007,2007</my:Keywords>
    <my:PublicationDate>2007-03-29T00:00:00</my:PublicationDate>
  </my:myFields>