<?mso-infoPathSolution name="urn:schemas-microsoft-com:office:infopath:ResourceForm:-myXSD-2010-08-09T08-39-43" solutionVersion="1.0.0.68" productVersion="14.0.0.0" PIVersion="1.0.0.0" href="http://localhost:8081/FormServerTemplates/ARMSResourceForm.xsn"?>
  <?mso-application progid="InfoPath.Document" versionProgid="InfoPath.Document.3"?>
  <?mso-infoPath-file-attachment-present ?>
  <my:myFields xmlns:my="http://schemas.microsoft.com/office/infopath/2003/myXSD/2010-08-09T08:39:43" xmlns:xsi="http://www.w3.org/2001/XMLSchema-instance" xmlns:pc="http://schemas.microsoft.com/office/infopath/2007/PartnerControls" xmlns:ma="http://schemas.microsoft.com/office/2009/metadata/properties/metaAttributes" xmlns:d="http://schemas.microsoft.com/office/infopath/2009/WSSList/dataFields" xmlns:q="http://schemas.microsoft.com/office/infopath/2009/WSSList/queryFields" xmlns:dfs="http://schemas.microsoft.com/office/infopath/2003/dataFormSolution" xmlns:dms="http://schemas.microsoft.com/office/2009/documentManagement/types" xmlns:xd="http://schemas.microsoft.com/office/infopath/2003" xmlns:xhtml="http://www.w3.org/1999/xhtml">
    <my:Title>Antiviral agents from plants and herbs: a systematic review</my:Title>
    <my:URL>http://www.ncbi.nlm.nih.gov/pubmed/12741619?dopt=Abstract</my:URL>
    <my:Publisher>International Medical Press</my:Publisher>
    <my:AdditionalContributors />
    <my:GeographicalAreas />
    <my:PublicationType>Systematic Review</my:PublicationType>
    <my:Description>
      <html xmlns="http://www.w3.org/1999/xhtml" xml:space="preserve">
        <p><em>This review has been evaluated by a CRD Reviewer as potentially meeting the <a href="http://www.york.ac.uk/inst/crd/faq4.htm">CRD quality criteria</a> and a structured abstract is in the process of being written. This <a href="http://www.crd.york.ac.uk/CRDWeb/ShowRecord.asp?View=Full&amp;ID=12003009580">provisional record</a> is for information, please note that the review has not been appraised yet. </em></p>
<p><strong>Citation</strong></p>
<p>Martin KW, Ernst E. Antiviral agents from plants and herbs: a systematic review. Antiviral Therapy. 2003, 8(2): 77-90.</p>
<p><strong>Authors' objectives</strong></p>
<p>The aim of this study was to examine the published literature on herbs and plants with antiviral activity, their laboratory evaluation in vitro and in vivo, and evidence of human clinical efficacy. </p>
<p><strong>Authors' conclusions</strong></p>
<p>Though most of the clinical trials located reported some benefits from use of antiviral herbal medicines, negative trials may not be published at all. There remains a need for larger, stringently designed, randomized clinical trials to provide conclusive evidence of their efficacy.<br /></p>
<p><strong></strong> </p>
       </html>
    </my:Description>
    <my:ResourceType>CARDEX</my:ResourceType>
    <my:Attachment xsi:nil="true" />
    <my:HasAttachment>false</my:HasAttachment>
    <my:Speciality>Complementary and Alternative Medicine</my:Speciality>
    <my:Keywords>COMPLEMENTARY AND ALTERNATIVE MEDICINE,AYURVEDIC MEDICINE,VIRUS DISEASES,CONDITIONS T-Z,CONDITIONS F-H,HIV (HUMAN IMMUNODEFICIENCY VIRUS),HEPATITIS,HERBAL MEDICINE,OTHER THERAPIES OR MEDICAL SYSTEMS,CONDITIONS A-Z</my:Keywords>
    <my:PublicationDate>2003-04-01T00:00:00</my:PublicationDate>
  </my:myFields>