<?mso-infoPathSolution name="urn:schemas-microsoft-com:office:infopath:ResourceForm:-myXSD-2010-08-09T08-39-43" solutionVersion="1.0.0.68" productVersion="14.0.0.0" PIVersion="1.0.0.0" href="http://localhost:8081/FormServerTemplates/ARMSResourceForm.xsn"?>
  <?mso-application progid="InfoPath.Document" versionProgid="InfoPath.Document.3"?>
  <?mso-infoPath-file-attachment-present ?>
  <my:myFields xmlns:my="http://schemas.microsoft.com/office/infopath/2003/myXSD/2010-08-09T08:39:43" xmlns:xsi="http://www.w3.org/2001/XMLSchema-instance" xmlns:pc="http://schemas.microsoft.com/office/infopath/2007/PartnerControls" xmlns:ma="http://schemas.microsoft.com/office/2009/metadata/properties/metaAttributes" xmlns:d="http://schemas.microsoft.com/office/infopath/2009/WSSList/dataFields" xmlns:q="http://schemas.microsoft.com/office/infopath/2009/WSSList/queryFields" xmlns:dfs="http://schemas.microsoft.com/office/infopath/2003/dataFormSolution" xmlns:dms="http://schemas.microsoft.com/office/2009/documentManagement/types" xmlns:xd="http://schemas.microsoft.com/office/infopath/2003" xmlns:xhtml="http://www.w3.org/1999/xhtml">
    <my:Title>Complementary and alternative therapies in the treatment of chronic hepatitis C: a systematic review</my:Title>
    <my:URL>http://www.ncbi.nlm.nih.gov/entrez/query.fcgi?cmd=Retrieve&db=pubmed&dopt=Abstract&list_uids=15123365&query_hl=21&itool=pubmed_docsum</my:URL>
    <my:Publisher>Elsevier</my:Publisher>
    <my:AdditionalContributors />
    <my:GeographicalAreas />
    <my:PublicationType>Systematic Review</my:PublicationType>
    <my:Description>
      <html xmlns="http://www.w3.org/1999/xhtml" xml:space="preserve">
        <p><em>This review has been evaluated by a CRD Reviewer as potentially meeting the <a href="http://www.york.ac.uk/inst/crd/faq4.htm">CRD quality criteria</a> and a structured abstract is in the process of being written. This <a href="http://www.crd.york.ac.uk/CRDWeb/ShowRecord.asp?View=Full&amp;ID=12004000628">provisional record</a> is for information, please note that the review has not been appraised yet. </em></p>
<p><strong>Citation</strong></p>
<p>Coon JT, Ernst E. Complementary and alternative therapies in the treatment of chronic hepatitis C: a systematic review. Journal of Hepatology. 2004, 40(3): 491-500.</p>
<p><strong>Authors' objectives</strong></p>
<p>The aim was to systematically assess the efficacy of complementary therapies in treating chronic hepatitis C.</p>
<p><strong>Authors' conclusions</strong></p>
<p>The authors identified several promising complementary therapies, although extrapolation of the results is difficult due to methodological limitations. More research is warranted to establish the role of these and other therapies in the treatment of hepatitis C.<br /></p>
       </html>
    </my:Description>
    <my:ResourceType>CARDEX</my:ResourceType>
    <my:Attachment xsi:nil="true" />
    <my:HasAttachment>false</my:HasAttachment>
    <my:Speciality>Complementary and Alternative Medicine</my:Speciality>
    <my:Keywords>COMPLEMENTARY AND ALTERNATIVE MEDICINE,CONDITIONS A-Z,OTHER THERAPIES OR MEDICAL SYSTEMS,DIETARY AND NUTRITIONAL THERAPIES,HERBAL MEDICINE,HEPATITIS,TRADITIONAL CHINESE MEDICINE (TCM),CONDITIONS F-H,ZINC,VITAMIN E,VITAMINS,NUTRITIONAL SUPPLEMENTS,MINERALS</my:Keywords>
    <my:PublicationDate>2004-03-01T00:00:00</my:PublicationDate>
  </my:myFields>