<?mso-infoPathSolution name="urn:schemas-microsoft-com:office:infopath:ResourceForm:-myXSD-2010-08-09T08-39-43" solutionVersion="1.0.0.68" productVersion="14.0.0.0" PIVersion="1.0.0.0" href="http://localhost:8081/FormServerTemplates/ARMSResourceForm.xsn"?>
  <?mso-application progid="InfoPath.Document" versionProgid="InfoPath.Document.3"?>
  <?mso-infoPath-file-attachment-present ?>
  <my:myFields xmlns:my="http://schemas.microsoft.com/office/infopath/2003/myXSD/2010-08-09T08:39:43" xmlns:xsi="http://www.w3.org/2001/XMLSchema-instance" xmlns:pc="http://schemas.microsoft.com/office/infopath/2007/PartnerControls" xmlns:ma="http://schemas.microsoft.com/office/2009/metadata/properties/metaAttributes" xmlns:d="http://schemas.microsoft.com/office/infopath/2009/WSSList/dataFields" xmlns:q="http://schemas.microsoft.com/office/infopath/2009/WSSList/queryFields" xmlns:dfs="http://schemas.microsoft.com/office/infopath/2003/dataFormSolution" xmlns:dms="http://schemas.microsoft.com/office/2009/documentManagement/types" xmlns:xd="http://schemas.microsoft.com/office/infopath/2003" xmlns:xhtml="http://www.w3.org/1999/xhtml">
    <my:Title>Efficacy, routine effectiveness, and safety of horsechestnut seed extract in the treatment of chronic venous insufficiency: a meta-analysis of randomized controlled trials and large observational studies</my:Title>
    <my:URL>http://www.ncbi.nlm.nih.gov/entrez/query.fcgi?db=pubmed&cmd=Retrieve&dopt=abstract&list_uids=12518108&query_hl=13&itool=pubmed_docsum</my:URL>
    <my:Publisher>Minerva Medica</my:Publisher>
    <my:AdditionalContributors />
    <my:GeographicalAreas />
    <my:PublicationType>Systematic Review</my:PublicationType>
    <my:Description>
      <html xmlns="http://www.w3.org/1999/xhtml" xml:space="preserve">
        <p><em>This review has been evaluated by a CRD Reviewer as potentially meeting the <a href="http://www.york.ac.uk/inst/crd/faq4.htm">CRD quality criteria</a> and a structured abstract is in the process of being written. This <a href="http://www.crd.york.ac.uk/CRDWeb/ShowRecord.asp?View=Full&amp;ID=12003009233">provisional record</a> is for information, please note that the review has not been appraised yet. </em></p>
<p><strong>Citation</strong></p>
<p>Siebert U, Brach M, Sroczynski G, Uberla K. Efficacy, routine effectiveness, and safety of horsechestnut seed extract in the treatment of chronic venous insufficiency: a meta-analysis of randomized controlled trials and large observational studies. International Angiology. 2002, 21(4): 305-315.</p>
<p><strong>Authors' objectives</strong></p>
<p>To investigate the efficacy, effectiveness, and safety of horsechestnut seed extract in the treatment of chronic venous insufficiency.</p>
<p><strong>Authors' conclusions</strong></p>
<p>Based on meta-analyses of RCTs and observational studies, horsechestnut seed extract (HCSE) appears to be an effective and safe treatment for CVI. Further RCTs and carefully conducted large-scale observational studies are required to evaluate the long-term effectiveness and safety of HCSE in routine settings.</p>
<p> </p>
<p><strong></strong> </p>
       </html>
    </my:Description>
    <my:ResourceType>CARDEX</my:ResourceType>
    <my:Attachment xsi:nil="true" />
    <my:HasAttachment>false</my:HasAttachment>
    <my:Speciality>Complementary and Alternative Medicine</my:Speciality>
    <my:Keywords>COMPLEMENTARY AND ALTERNATIVE MEDICINE,CONDITIONS A-Z,HERBAL MEDICINE,HORSE CHESTNUT (AESCULUS HIPPOCASTANUM),CONDITIONS T-Z,VENOUS INSUFFICIENCY,HERBS H-P</my:Keywords>
    <my:PublicationDate>2002-12-01T00:00:00</my:PublicationDate>
  </my:myFields>