<?mso-infoPathSolution name="urn:schemas-microsoft-com:office:infopath:ResourceForm:-myXSD-2010-08-09T08-39-43" solutionVersion="1.0.0.68" productVersion="14.0.0.0" PIVersion="1.0.0.0" href="http://localhost:8081/FormServerTemplates/ARMSResourceForm.xsn"?>
  <?mso-application progid="InfoPath.Document" versionProgid="InfoPath.Document.3"?>
  <?mso-infoPath-file-attachment-present ?>
  <my:myFields xmlns:my="http://schemas.microsoft.com/office/infopath/2003/myXSD/2010-08-09T08:39:43" xmlns:xsi="http://www.w3.org/2001/XMLSchema-instance" xmlns:pc="http://schemas.microsoft.com/office/infopath/2007/PartnerControls" xmlns:ma="http://schemas.microsoft.com/office/2009/metadata/properties/metaAttributes" xmlns:d="http://schemas.microsoft.com/office/infopath/2009/WSSList/dataFields" xmlns:q="http://schemas.microsoft.com/office/infopath/2009/WSSList/queryFields" xmlns:dfs="http://schemas.microsoft.com/office/infopath/2003/dataFormSolution" xmlns:dms="http://schemas.microsoft.com/office/2009/documentManagement/types" xmlns:xd="http://schemas.microsoft.com/office/infopath/2003" xmlns:xhtml="http://www.w3.org/1999/xhtml">
    <my:Title>The efficacy of hypnosis in the reduction of procedural pain and distress in pediatric oncology: a systematic review</my:Title>
    <my:URL>http://www.ncbi.nlm.nih.gov/entrez/query.fcgi?db=pubmed&cmd=Retrieve&list_uids=15194906&itool=pubmed_abstractplus&dopt=abstract&dr=abstract</my:URL>
    <my:Publisher>Lippincott Williams & Wilkins</my:Publisher>
    <my:AdditionalContributors />
    <my:GeographicalAreas />
    <my:PublicationType>Systematic Review</my:PublicationType>
    <my:Description>
      <html xmlns="http://www.w3.org/1999/xhtml" xml:space="preserve">
        <p><em>This review has been evaluated by a CRD Reviewer as potentially meeting the <a href="http://www.york.ac.uk/inst/crd/faq4.htm">CRD quality criteria</a> and a structured abstract is in the process of being written. This <a href="http://www.crd.york.ac.uk/CRDWeb/ShowRecord.asp?View=Full&amp;ID=12004001201">provisional record</a> is for information, please note that the review has not been appraised yet. </em></p>
<p><strong>Citation</strong></p>
<p>Wild MR, Espie CA. The efficacy of hypnosis in the reduction of procedural pain and distress in pediatric oncology: a systematic review. Journal of Developmental and Behavioral Pediatrics. 2004, 25(3): 207-213.</p>
<p><strong>Authors' objectives</strong></p>
<p>To evaluate systematically the research conducted in the field of procedure-related pain management in pediatric oncology within the context of a nationally agreed framework for the assessment of research evidence.</p>
<p><strong>Authors' conclusions</strong></p>
<p>There is not currently enough robust research evidence to recommend that hypnosis should form part of best practice guidelines for the management of procedure-related pain in pediatric oncology. However, there is sufficient evidence to justify larger-scale, appropriately controlled studies.</p>
<p><strong></strong> </p>
       </html>
    </my:Description>
    <my:ResourceType>CARDEX</my:ResourceType>
    <my:Attachment xsi:nil="true" />
    <my:HasAttachment>false</my:HasAttachment>
    <my:Speciality>Complementary and Alternative Medicine</my:Speciality>
    <my:Keywords>COMPLEMENTARY AND ALTERNATIVE MEDICINE,SERVICE TYPE,CHILDREN’S SERVICES,PALLIATIVE AND SUPPORTIVE CARE,CONDITIONS,CHILDREN'S CONDITIONS,CANCER,CHILDREN & YOUNG PEOPLE,AGE-RELATED ISSUES,PAIN MANAGEMENT,BONE PAIN,NEUROPATHIC PAIN,VISCERAL PAIN,SYMPTOM MANAGEMENT,POPULATIONS AND SETTINGS,SERVICE PROVISION,PALLIATIVE CARE,SPECIALTIES,PAIN,MANAGEMENT OF PROCEDURAL PAIN,ONCOLOGY,CHILD HEALTH,CANCER PAIN,CONDITIONS A-Z,PAIN,HYPNOSIS,CONDITIONS C,CANCER,CONDITIONS P-R</my:Keywords>
    <my:PublicationDate>2004-06-01T00:00:00</my:PublicationDate>
  </my:myFields>