<?mso-infoPathSolution name="urn:schemas-microsoft-com:office:infopath:ResourceForm:-myXSD-2010-08-09T08-39-43" solutionVersion="1.0.0.68" productVersion="14.0.0.0" PIVersion="1.0.0.0" href="http://localhost:8081/FormServerTemplates/ARMSResourceForm.xsn"?>
  <?mso-application progid="InfoPath.Document" versionProgid="InfoPath.Document.3"?>
  <?mso-infoPath-file-attachment-present ?>
  <my:myFields xmlns:my="http://schemas.microsoft.com/office/infopath/2003/myXSD/2010-08-09T08:39:43" xmlns:xsi="http://www.w3.org/2001/XMLSchema-instance" xmlns:pc="http://schemas.microsoft.com/office/infopath/2007/PartnerControls" xmlns:ma="http://schemas.microsoft.com/office/2009/metadata/properties/metaAttributes" xmlns:d="http://schemas.microsoft.com/office/infopath/2009/WSSList/dataFields" xmlns:q="http://schemas.microsoft.com/office/infopath/2009/WSSList/queryFields" xmlns:dfs="http://schemas.microsoft.com/office/infopath/2003/dataFormSolution" xmlns:dms="http://schemas.microsoft.com/office/2009/documentManagement/types" xmlns:xd="http://schemas.microsoft.com/office/infopath/2003" xmlns:xhtml="http://www.w3.org/1999/xhtml">
    <my:Title>A meta-analysis of massage therapy research</my:Title>
    <my:URL>http://www.ncbi.nlm.nih.gov/entrez/query.fcgi?db=pubmed&cmd=Retrieve&dopt=Abstract&list_uids=14717648&query_hl=13&itool=pubmed_docsum</my:URL>
    <my:Publisher>American Psychological Association</my:Publisher>
    <my:AdditionalContributors />
    <my:GeographicalAreas />
    <my:PublicationType>Systematic Review</my:PublicationType>
    <my:Description>
      <html xmlns="http://www.w3.org/1999/xhtml" xml:space="preserve">
        <p><em>This review has been evaluated by a CRD Reviewer as potentially meeting the <a href="http://www.york.ac.uk/inst/crd/darefaq.htm">CRD quality criteria</a> and a structured abstract is in the process of being written. This <a href="http://www.crd.york.ac.uk/CRDWeb/ShowRecord.asp?View=Full&amp;ID=12004003309">provisional record</a> is for information, please note that the review has not been appraised yet. </em></p>
<p><strong>Citation</strong></p>
<p>Moyer CA, Rounds J, Hannum JW. A meta-analysis of massage therapy research. Psychological Bulletin. 2004, 130(1): 3-18.</p>
<p><strong>Authors' objectives</strong></p>
<p>To evaluate the effectiveness of massage therapy (MT) by conducting a meta-analysis of studies that used random assignment. </p>
<p><strong>Authors' conclusions</strong></p>
<p>Single applications of MT reduced state anxiety, blood pressure, and heart rate but not negative mood, immediate assessment of pain, and cortisol level. Multiple applications reduced delayed assessment of pain. Reductions of trait anxiety and depression were MT's largest effects, with a course of treatment providing benefits similar in magnitude to those of psychotherapy. </p>
<p><strong></strong> </p>
       </html>
    </my:Description>
    <my:ResourceType>CARDEX</my:ResourceType>
    <my:Attachment xsi:nil="true" />
    <my:HasAttachment>false</my:HasAttachment>
    <my:Speciality>Complementary and Alternative Medicine</my:Speciality>
    <my:Keywords>COMPLEMENTARY AND ALTERNATIVE MEDICINE,COMPLEMENTARY & ALTERNATIVE THERAPIES,SYMPTOM MANAGEMENT,PALLIATIVE AND SUPPORTIVE CARE,CONDITIONS S,STRESS,HYPERTENSION,HIGH BLOOD PRESSURE,CONDITIONS A-B,ANXIETY,CONDITIONS P-R,CONDITIONS D-E,CONDITIONS F-H,MASSAGE,CONDITIONS A-Z,PAIN,DEPRESSION</my:Keywords>
    <my:PublicationDate>2004-01-01T00:00:00</my:PublicationDate>
  </my:myFields>