<?mso-infoPathSolution name="urn:schemas-microsoft-com:office:infopath:ResourceForm:-myXSD-2010-08-09T08-39-43" solutionVersion="1.0.0.68" productVersion="14.0.0.0" PIVersion="1.0.0.0" href="http://localhost:8081/FormServerTemplates/ARMSResourceForm.xsn"?>
  <?mso-application progid="InfoPath.Document" versionProgid="InfoPath.Document.3"?>
  <?mso-infoPath-file-attachment-present ?>
  <my:myFields xmlns:my="http://schemas.microsoft.com/office/infopath/2003/myXSD/2010-08-09T08:39:43" xmlns:xsi="http://www.w3.org/2001/XMLSchema-instance" xmlns:pc="http://schemas.microsoft.com/office/infopath/2007/PartnerControls" xmlns:ma="http://schemas.microsoft.com/office/2009/metadata/properties/metaAttributes" xmlns:d="http://schemas.microsoft.com/office/infopath/2009/WSSList/dataFields" xmlns:q="http://schemas.microsoft.com/office/infopath/2009/WSSList/queryFields" xmlns:dfs="http://schemas.microsoft.com/office/infopath/2003/dataFormSolution" xmlns:dms="http://schemas.microsoft.com/office/2009/documentManagement/types" xmlns:xd="http://schemas.microsoft.com/office/infopath/2003" xmlns:xhtml="http://www.w3.org/1999/xhtml">
    <my:Title>Mindfulness training as a clinical intervention: a conceptual and empirical review</my:Title>
    <my:URL>http://www3.interscience.wiley.com/journal/118891545/abstract</my:URL>
    <my:Publisher>Blackwell</my:Publisher>
    <my:AdditionalContributors />
    <my:GeographicalAreas />
    <my:PublicationType>Systematic Review</my:PublicationType>
    <my:Description>
      <html xmlns="http://www.w3.org/1999/xhtml" xml:space="preserve">
        <p><em>This review has been evaluated by a CRD Reviewer as potentially meeting the <a href="http://www.york.ac.uk/inst/crd/faq4.htm">CRD quality criteria</a> and a structured abstract is in the process of being written. This <a href="http://www.crd.york.ac.uk/CRDWeb/ShowRecord.asp?View=Full&amp;ID=12003006258">provisional record</a> is for information, please note that the review has not been appraised yet. </em></p>
<p><strong>Citation</strong></p>
<p>Baer RA. Mindfulness training as a clinical intervention: a conceptual and empirical review. Clinical Psychology Science and Practice. 2003, 10(2): 125-143.</p>
<p><a href="http://www.nelh.nhs.uk/core_journals.asp">Full-text online access</a> is available to NHS staff via ATHENS passwords.</p>
<p><strong>Authors' objectives</strong></p>
<p>To summarize conceptual approaches to mindfulness and empirical research on the utility of mindfulness-based interventions.</p>
<p><strong>Authors' conclusions</strong></p>
<p>Although the current empirical literature includes many methodological flaws, findings suggest that mindfulness-based interventions may be helpful in the treatment of several disorders. Methodologically sound investigations are recommended in order to clarify the utility of these interventions.</p>
<p><strong></strong> </p>
       </html>
    </my:Description>
    <my:ResourceType>CARDEX</my:ResourceType>
    <my:Attachment xsi:nil="true" />
    <my:HasAttachment>false</my:HasAttachment>
    <my:Speciality>Complementary and Alternative Medicine</my:Speciality>
    <my:Keywords>COMPLEMENTARY AND ALTERNATIVE MEDICINE,DEPRESSION,PAIN,CONDITIONS A-Z,OTHER THERAPIES OR MEDICAL SYSTEMS,CONDITIONS F-H,CONDITIONS D-E,CONDITIONS P-R,FIBROMYALGIA,ANXIETY,CANCER,CONDITIONS C,CONDITIONS A-B,MINDFULNESS-BASED STRESS REDUCTION (MBSR),PSORIASIS,ANXIETY DISORDERS,EATING DISORDERS</my:Keywords>
    <my:PublicationDate>2003-06-01T00:00:00</my:PublicationDate>
  </my:myFields>