<?mso-infoPathSolution name="urn:schemas-microsoft-com:office:infopath:ResourceForm:-myXSD-2010-08-09T08-39-43" solutionVersion="1.0.0.68" productVersion="14.0.0.0" PIVersion="1.0.0.0" href="http://localhost:8081/FormServerTemplates/ARMSResourceForm.xsn"?>
  <?mso-application progid="InfoPath.Document" versionProgid="InfoPath.Document.3"?>
  <?mso-infoPath-file-attachment-present ?>
  <my:myFields xmlns:my="http://schemas.microsoft.com/office/infopath/2003/myXSD/2010-08-09T08:39:43" xmlns:xsi="http://www.w3.org/2001/XMLSchema-instance" xmlns:pc="http://schemas.microsoft.com/office/infopath/2007/PartnerControls" xmlns:ma="http://schemas.microsoft.com/office/2009/metadata/properties/metaAttributes" xmlns:d="http://schemas.microsoft.com/office/infopath/2009/WSSList/dataFields" xmlns:q="http://schemas.microsoft.com/office/infopath/2009/WSSList/queryFields" xmlns:dfs="http://schemas.microsoft.com/office/infopath/2003/dataFormSolution" xmlns:dms="http://schemas.microsoft.com/office/2009/documentManagement/types" xmlns:xd="http://schemas.microsoft.com/office/infopath/2003" xmlns:xhtml="http://www.w3.org/1999/xhtml">
    <my:Title>Safety of spinal manipulation in the treatment of lumbar disk herniations: a systematic review and risk assessment</my:Title>
    <my:URL>http://www.ncbi.nlm.nih.gov/entrez/query.fcgi?db=pubmed&cmd=Retrieve&dopt=Abstract&list_uids=15129202&query_hl=10&itool=pubmed_docsum</my:URL>
    <my:Publisher>Elsevier</my:Publisher>
    <my:AdditionalContributors />
    <my:GeographicalAreas />
    <my:PublicationType>Systematic Review</my:PublicationType>
    <my:Description>
      <html xmlns="http://www.w3.org/1999/xhtml" xml:space="preserve">
        <p><em>This review has been evaluated by a CRD Reviewer as potentially meeting the <a href="http://www.york.ac.uk/inst/crd/faq4.htm">CRD quality criteria</a> and a structured abstract is in the process of being written. This <a href="http://www.crd.york.ac.uk/CRDWeb/ShowRecord.asp?View=Full&amp;ID=12004001048">provisional record</a> is for information, please note that the review has not been appraised yet. </em></p>
<p><strong>Citation</strong></p>
<p>Oliphant D. Safety of spinal manipulation in the treatment of lumbar disk herniations: a systematic review and risk assessment. Journal of Manipulative and Physiological Therapeutics. 2004, 27(3): 197-210.</p>
<p><a href="http://www.sciencedirect.com/science?_ob=ArticleURL&amp;_udi=B6WK1-4C9RGV7-7&amp;_coverDate=04%2F30%2F2004&amp;_alid=417481423&amp;_rdoc=1&amp;_fmt=&amp;_orig=search&amp;_qd=1&amp;_cdi=6893&amp;_sort=d&amp;view=c&amp;_acct=C000059419&amp;_version=1&amp;_urlVersion=0&amp;_userid=3010452&amp;md5=2eb240853a71e5477dd1ad70328f6f62">Link to the full text of the systematic review</a></p>
<p><strong>Authors' objectives</strong></p>
<p>To provide a qualitative systematic review of the risk of spinal manipulation in the treatment of lumbar disk herniations (LDH) and to estimate the risk of spinal manipulation causing a severe adverse reaction in a patient presenting with LDH. </p>
<p><strong>Authors' conclusions</strong></p>
<p>The apparent safety of spinal manipulation, especially when compared with other "medically accepted" treatments for LDH, should stimulate its use in the conservative treatment plan of LDH.<br /></p>
<p><strong></strong> </p>
       </html>
    </my:Description>
    <my:ResourceType>CARDEX</my:ResourceType>
    <my:Attachment xsi:nil="true" />
    <my:HasAttachment>false</my:HasAttachment>
    <my:Speciality>Complementary and Alternative Medicine</my:Speciality>
    <my:Keywords>COMPLEMENTARY AND ALTERNATIVE MEDICINE,HERNIATED DISC,CAM GENERAL,CONDITIONS A-Z,OSTEOPATHY,CHIROPRACTIC,CONDITIONS F-H,CONDITIONS A-B,BACK PAIN,SAFETY</my:Keywords>
    <my:PublicationDate>2004-03-01T00:00:00</my:PublicationDate>
  </my:myFields>