<?mso-infoPathSolution name="urn:schemas-microsoft-com:office:infopath:ResourceForm:-myXSD-2010-08-09T08-39-43" solutionVersion="1.0.0.68" productVersion="14.0.0.0" PIVersion="1.0.0.0" href="http://localhost:8081/FormServerTemplates/ARMSResourceForm.xsn"?>
  <?mso-application progid="InfoPath.Document" versionProgid="InfoPath.Document.3"?>
  <?mso-infoPath-file-attachment-present ?>
  <my:myFields xmlns:my="http://schemas.microsoft.com/office/infopath/2003/myXSD/2010-08-09T08:39:43" xmlns:xsi="http://www.w3.org/2001/XMLSchema-instance" xmlns:pc="http://schemas.microsoft.com/office/infopath/2007/PartnerControls" xmlns:ma="http://schemas.microsoft.com/office/2009/metadata/properties/metaAttributes" xmlns:d="http://schemas.microsoft.com/office/infopath/2009/WSSList/dataFields" xmlns:q="http://schemas.microsoft.com/office/infopath/2009/WSSList/queryFields" xmlns:dfs="http://schemas.microsoft.com/office/infopath/2003/dataFormSolution" xmlns:dms="http://schemas.microsoft.com/office/2009/documentManagement/types" xmlns:xd="http://schemas.microsoft.com/office/infopath/2003" xmlns:xhtml="http://www.w3.org/1999/xhtml">
    <my:Title>Practice parameter: treatment of postherpetic neuralgia. An evidence-based report of the Quality Standards Subcommittee of the American Academy of Neurology</my:Title>
    <my:URL>http://www.neurology.org/cgi/content/full/63/6/959</my:URL>
    <my:Publisher>Lippincott Williams & Wilkins</my:Publisher>
    <my:AdditionalContributors />
    <my:GeographicalAreas />
    <my:PublicationType>Systematic Review</my:PublicationType>
    <my:Description>
      <html xmlns="http://www.w3.org/1999/xhtml" xml:space="preserve">
        <p><em>This review has been evaluated by a CRD Reviewer as potentially meeting the <a href="http://www.york.ac.uk/inst/crd/faq4.htm">CRD quality criteria</a> and a structured abstract is in the process of being written. This <a href="http://www.crd.york.ac.uk/CRDWeb/ShowRecord.asp?View=Full&amp;ID=12004001712">provisional record</a> is for information, please note that the review has not been appraised yet. </em></p>
<p><strong>Citation</strong></p>
<p>Dubinsky RM, Kabbani H, El-Chami Z, Boutwell C, Ali H. Practice parameter: treatment of postherpetic neuralgia. An evidence-based report of the Quality Standards Subcommittee of the American Academy of Neurology. Neurology. 2004, 63(6): 959-965.</p>
<p><strong>Authors' objectives</strong></p>
<p>This practice parameter was developed to answer the following clinical question: In patients with postherpetic neuralgia, which treatments provide benefit in terms of decreased pain and improved quality of life? </p>
<p><strong>Authors' conclusions</strong></p>
<p>Tricyclic antidepressants, gabapentin, pregabalin, opioids, and lidocaine patch were found to be effective in reducing the pain of postherpetic neuralgia.<br />Acupuncture, benzydamine cream, dextromethorphan, indomethacin, epidural methylprednisolone, epidural morphine sulfate, iontophoresis of vincristine, lorazepam, vitamin E, and zimelidine are not of benefit. <br />The effectiveness of carbamazepine, nicardipine, biperiden, chlorprothixene, ketamine, He:Ne laser irradiation, intralesional triamcinolone, cryocautery, topical piroxicam, extract of Ganoderma lucidum, dorsal root entry zone lesions, and stellate ganglion block are unproven in the treatment of postherpetic neuralgia. </p>
<p> </p>
       </html>
    </my:Description>
    <my:ResourceType>CARDEX</my:ResourceType>
    <my:Attachment xsi:nil="true" />
    <my:HasAttachment>false</my:HasAttachment>
    <my:Speciality>Complementary and Alternative Medicine</my:Speciality>
    <my:Keywords>COMPLEMENTARY AND ALTERNATIVE MEDICINE,ACUPUNCTURE,CONDITIONS A-Z,PAIN,OTHER THERAPIES OR MEDICAL SYSTEMS,TRADITIONAL CHINESE MEDICINE (TCM),CONDITIONS P-R,CONDITIONS F-H,HERPES SIMPLEX VIRUS</my:Keywords>
    <my:PublicationDate>2004-09-28T00:00:00</my:PublicationDate>
  </my:myFields>