<?mso-infoPathSolution name="urn:schemas-microsoft-com:office:infopath:ResourceForm:-myXSD-2010-08-09T08-39-43" solutionVersion="1.0.0.68" productVersion="14.0.0.0" PIVersion="1.0.0.0" href="http://localhost:8081/FormServerTemplates/ARMSResourceForm.xsn"?>
  <?mso-application progid="InfoPath.Document" versionProgid="InfoPath.Document.3"?>
  <?mso-infoPath-file-attachment-present ?>
  <my:myFields xmlns:my="http://schemas.microsoft.com/office/infopath/2003/myXSD/2010-08-09T08:39:43" xmlns:xsi="http://www.w3.org/2001/XMLSchema-instance" xmlns:pc="http://schemas.microsoft.com/office/infopath/2007/PartnerControls" xmlns:ma="http://schemas.microsoft.com/office/2009/metadata/properties/metaAttributes" xmlns:d="http://schemas.microsoft.com/office/infopath/2009/WSSList/dataFields" xmlns:q="http://schemas.microsoft.com/office/infopath/2009/WSSList/queryFields" xmlns:dfs="http://schemas.microsoft.com/office/infopath/2003/dataFormSolution" xmlns:dms="http://schemas.microsoft.com/office/2009/documentManagement/types" xmlns:xd="http://schemas.microsoft.com/office/infopath/2003" xmlns:xhtml="http://www.w3.org/1999/xhtml">
    <my:Title>Systematic review of treatments for recurrent abdominal pain</my:Title>
    <my:URL>http://pediatrics.aappublications.org/cgi/content/full/111/1/e1</my:URL>
    <my:Publisher>American Academy of Pediatrics</my:Publisher>
    <my:AdditionalContributors />
    <my:GeographicalAreas />
    <my:PublicationType>Systematic Review</my:PublicationType>
    <my:Description>
      <html xmlns="http://www.w3.org/1999/xhtml" xml:space="preserve">
        <p><em>This review has been evaluated by a CRD Reviewer as potentially meeting the <a href="http://www.york.ac.uk/inst/crd/faq4.htm">CRD quality criteria</a> and a structured abstract is in the process of being written. This <a href="http://www.crd.york.ac.uk/CRDWeb/ShowRecord.asp?View=Full&amp;ID=12003008650">provisional record</a> is for information, please note that the review has not been appraised yet. </em></p>
<p><strong>Citation</strong></p>
<p>Weydert JA, Ball TM, Davis MF. Systematic review of treatments for recurrent abdominal pain. Pediatrics. 2003, 111(1): E1-E11.</p>
<p><strong>Authors' objectives</strong></p>
<p>To conduct a systematic review of evaluated treatments for recurrent abdominal pain (RAP) in children.</p>
<p><strong>Authors' conclusions</strong></p>
<p>Evidence for efficacy of treatment of RAP in children was found for therapies that used famotidine, pizotifen, cognitive-behavioral therapy, biofeedback, and peppermint oil enteric-coated capsules. The effects of dietary fiber were less conclusive, and the use of a lactose-free diet showed no improvement. There seemed to be greater improvement when therapy (famotidine, pizotifen, peppermint oil) was targeted to the specific functional gastrointestinal disorder (dyspepsia, abdominal migraine, irritable bowel syndrome). The behavioral interventions seemed to have a general positive effect on children with nonspecific RAP. Many of these therapies have not been used widely as standard treatment for children with RAP. Although the mechanism of action for each effective therapy is not fully understood, each is believed to be safe for use in RAP. </p>
<p> </p>
       </html>
    </my:Description>
    <my:ResourceType>CARDEX</my:ResourceType>
    <my:Attachment xsi:nil="true" />
    <my:HasAttachment>false</my:HasAttachment>
    <my:Speciality>Complementary and Alternative Medicine</my:Speciality>
    <my:Keywords>COMPLEMENTARY AND ALTERNATIVE MEDICINE,CONDITIONS A-B,IRRITABLE BOWEL SYNDROME,BIOFEEDBACK,CONDITIONS P-R,DIETARY AND NUTRITIONAL THERAPIES,HERBAL MEDICINE,OTHER THERAPIES OR MEDICAL SYSTEMS,CONDITIONS A-Z,PAIN,HERBS H-P,ABDOMINAL PAIN,CONDITIONS I-L,PEPPERMINT (MENTHA PIPERITA),DIETARY FIBRE,FOOD AND BEVERAGES</my:Keywords>
    <my:PublicationDate>2003-01-01T00:00:00</my:PublicationDate>
  </my:myFields>