<?mso-infoPathSolution name="urn:schemas-microsoft-com:office:infopath:ResourceForm:-myXSD-2010-08-09T08-39-43" solutionVersion="1.0.0.68" productVersion="14.0.0.0" PIVersion="1.0.0.0" href="http://localhost:8081/FormServerTemplates/ARMSResourceForm.xsn"?>
  <?mso-application progid="InfoPath.Document" versionProgid="InfoPath.Document.3"?>
  <?mso-infoPath-file-attachment-present ?>
  <my:myFields xmlns:my="http://schemas.microsoft.com/office/infopath/2003/myXSD/2010-08-09T08:39:43" xmlns:xsi="http://www.w3.org/2001/XMLSchema-instance" xmlns:pc="http://schemas.microsoft.com/office/infopath/2007/PartnerControls" xmlns:ma="http://schemas.microsoft.com/office/2009/metadata/properties/metaAttributes" xmlns:d="http://schemas.microsoft.com/office/infopath/2009/WSSList/dataFields" xmlns:q="http://schemas.microsoft.com/office/infopath/2009/WSSList/queryFields" xmlns:dfs="http://schemas.microsoft.com/office/infopath/2003/dataFormSolution" xmlns:dms="http://schemas.microsoft.com/office/2009/documentManagement/types" xmlns:xd="http://schemas.microsoft.com/office/infopath/2003" xmlns:xhtml="http://www.w3.org/1999/xhtml">
    <my:Title>Treatment of postpartum depression, part 2: a critical review of nonbiological interventions</my:Title>
    <my:URL>http://www.ncbi.nlm.nih.gov/entrez/query.fcgi?db=pubmed&cmd=Retrieve&dopt=Abstract&list_uids=15367054&query_hl=5&itool=pubmed_docsum</my:URL>
    <my:Publisher>Physicians Postgraduate Press</my:Publisher>
    <my:AdditionalContributors />
    <my:GeographicalAreas />
    <my:PublicationType>Review</my:PublicationType>
    <my:Description>
      <html xmlns="http://www.w3.org/1999/xhtml" xml:space="preserve">
        <p><strong>Citation</strong></p>
<p>Dennis CL. Treatment of postpartum depression, part 2: a critical review of nonbiological interventions. Journal of Clinical Psychiatry. 2004, 65(9): 1252-1265.</p>
<p><strong>Author's objectives</strong></p>
<p>The objective of this article is to critically review the literature to determine the current state of scientific knowledge related to the treatment of postpartum depression from a nonbiological perspective.</p>
<p><strong>Specific interventions included in the review</strong> </p>
<p>The studies included interpersonal psychotherapy, cognitive-behavioral therapy, peer and partner support, nondirective counseling, relaxation/massage therapy, infant sleep interventions, infant-mother relationship therapy, and maternal exercise. <br /></p>
<p><strong>Author's conclusions</strong></p>
<p>Definite conclusions cannot be reached about the relative effectiveness of most of the nonbiological treatment approaches due to the lack of well-designed investigations. Randomized controlled trials are needed to compare different treatment modalities, examine the effectiveness of individual treatment components, and determine which treatments are most useful for women with different risk factors or clinical presentations of postpartum depression.</p>
<p><strong></strong> </p>
       </html>
    </my:Description>
    <my:ResourceType>CARDEX</my:ResourceType>
    <my:Attachment xsi:nil="true" />
    <my:HasAttachment>false</my:HasAttachment>
    <my:Speciality>Complementary and Alternative Medicine</my:Speciality>
    <my:Keywords>COMPLEMENTARY AND ALTERNATIVE MEDICINE,DEPRESSION,CONDITIONS A-Z,OTHER THERAPIES OR MEDICAL SYSTEMS,MASSAGE,CONDITIONS D-E,RELAXATION TECHNIQUES</my:Keywords>
    <my:PublicationDate>2004-09-01T00:00:00</my:PublicationDate>
  </my:myFields>