<?mso-infoPathSolution name="urn:schemas-microsoft-com:office:infopath:ResourceForm:-myXSD-2010-08-09T08-39-43" solutionVersion="1.0.0.68" productVersion="14.0.0.0" PIVersion="1.0.0.0" href="http://localhost:8081/FormServerTemplates/ARMSResourceForm.xsn"?>
  <?mso-application progid="InfoPath.Document" versionProgid="InfoPath.Document.3"?>
  <?mso-infoPath-file-attachment-present ?>
  <my:myFields xmlns:my="http://schemas.microsoft.com/office/infopath/2003/myXSD/2010-08-09T08:39:43" xmlns:xsi="http://www.w3.org/2001/XMLSchema-instance" xmlns:pc="http://schemas.microsoft.com/office/infopath/2007/PartnerControls" xmlns:ma="http://schemas.microsoft.com/office/2009/metadata/properties/metaAttributes" xmlns:d="http://schemas.microsoft.com/office/infopath/2009/WSSList/dataFields" xmlns:q="http://schemas.microsoft.com/office/infopath/2009/WSSList/queryFields" xmlns:dfs="http://schemas.microsoft.com/office/infopath/2003/dataFormSolution" xmlns:dms="http://schemas.microsoft.com/office/2009/documentManagement/types" xmlns:xd="http://schemas.microsoft.com/office/infopath/2003" xmlns:xhtml="http://www.w3.org/1999/xhtml">
    <my:Title>Acupuncture for chronic fatigue syndrome (Cochrane protocol)</my:Title>
    <my:URL>http://www.mrw.interscience.wiley.com/cochrane/clsysrev/articles/CD006010/frame.html</my:URL>
    <my:Publisher>John Wiley & Sons, Ltd</my:Publisher>
    <my:AdditionalContributors />
    <my:GeographicalAreas />
    <my:PublicationType>Systematic Review</my:PublicationType>
    <my:Description>
      <html xmlns="http://www.w3.org/1999/xhtml" xml:space="preserve">
        <i>
<p>This is the protocol for a Cochrane systematic review. This record will be updated when the review has been completed.</p></i>
<p><strong>Citation</strong></p>
<p>Zhang W, Liu ZS, Wu Taixiang, Peng WN. Acupuncture for Chronic Fatigue Syndrome. (Protocol) Cochrane Database of Systematic Reviews 2006, Issue 2. Art. No.: CD006010. DOI: 10.1002/14651858.CD006010. </p>
<p><strong><strong>Authors'</strong> objectives</strong></p>
<p>The authors' objective is to conduct a systematic review and if possible, a quantitative meta-analysis, with any evidence collected from randomised controlled trials and quasi-randomised trials of acupuncture for adults and children with chronic fatigue syndrome (CFS) in order to assess the efficacy and safety of acupuncture therapy for CFS.<br /></p>
       </html>
    </my:Description>
    <my:ResourceType>CARDEX</my:ResourceType>
    <my:Attachment xsi:nil="true" />
    <my:HasAttachment>false</my:HasAttachment>
    <my:Speciality>Complementary and Alternative Medicine</my:Speciality>
    <my:Keywords>ACUPUNCTURE,COMPLEMENTARY AND ALTERNATIVE MEDICINE,FATIGUE & ASTHENIA,SYMPTOM MANAGEMENT,PALLIATIVE AND SUPPORTIVE CARE,CAM GENERAL,JULY 2006,CHRONIC FATIGUE SYNDROME,CONDITIONS A-Z,CONDITIONS C,DATE ADDED,RESEARCH</my:Keywords>
    <my:PublicationDate>2006-04-19T00:00:00</my:PublicationDate>
  </my:myFields>