<?mso-infoPathSolution name="urn:schemas-microsoft-com:office:infopath:ResourceForm:-myXSD-2010-08-09T08-39-43" solutionVersion="1.0.0.68" productVersion="14.0.0.0" PIVersion="1.0.0.0" href="http://localhost:8081/FormServerTemplates/ARMSResourceForm.xsn"?>
  <?mso-application progid="InfoPath.Document" versionProgid="InfoPath.Document.3"?>
  <?mso-infoPath-file-attachment-present ?>
  <my:myFields xmlns:my="http://schemas.microsoft.com/office/infopath/2003/myXSD/2010-08-09T08:39:43" xmlns:xsi="http://www.w3.org/2001/XMLSchema-instance" xmlns:pc="http://schemas.microsoft.com/office/infopath/2007/PartnerControls" xmlns:ma="http://schemas.microsoft.com/office/2009/metadata/properties/metaAttributes" xmlns:d="http://schemas.microsoft.com/office/infopath/2009/WSSList/dataFields" xmlns:q="http://schemas.microsoft.com/office/infopath/2009/WSSList/queryFields" xmlns:dfs="http://schemas.microsoft.com/office/infopath/2003/dataFormSolution" xmlns:dms="http://schemas.microsoft.com/office/2009/documentManagement/types" xmlns:xd="http://schemas.microsoft.com/office/infopath/2003" xmlns:xhtml="http://www.w3.org/1999/xhtml">
    <my:Title>Acupuncture for the treatment of post-operative pain (Cochrane protocol)</my:Title>
    <my:URL>http://www.mrw.interscience.wiley.com/cochrane/clsysrev/articles/CD006042/frame.html</my:URL>
    <my:Publisher>John Wiley & Sons, Ltd</my:Publisher>
    <my:AdditionalContributors />
    <my:GeographicalAreas />
    <my:PublicationType>Systematic Review</my:PublicationType>
    <my:Description>
      <html xmlns="http://www.w3.org/1999/xhtml" xml:space="preserve">
        <i>
<p>This is the protocol for a Cochrane systematic review. This record will be updated when the review has been completed.</p></i>
<p><strong>Citation</strong></p>
<p>Manheimer E, Eaton K, Lao L, White A, Morozova O. Acupuncture for the treatment of post-operative pain. (Protocol) Cochrane Database of Systematic Reviews 2006, Issue 2. Art. No.: CD006042. DOI: 10.1002/14651858.CD006042. </p>
<p><strong><strong>Authors'</strong> objectives</strong></p>
<p>To review all randomized or quasi-randomized (not strictly randomized methods of allocation e.g., by date of birth, hospital record number or alternation) controlled trials pertaining to the efficacy of acupuncture in the treatment of acute postoperative pain. The three specific objectives of this systematic review are:<br />1) to assess the efficacy of acupuncture compared to sham controls (i.e., sham acupuncture and other sham treatments) for postoperative pain.<br />2) to assess the efficacy of acupuncture plus standard medical treatment compared to standard medical care alone for postoperative pain.<br />3) to assess the efficacy of acupuncture compared to standard medical treatment for postoperative pain.</p>
       </html>
    </my:Description>
    <my:ResourceType>CARDEX</my:ResourceType>
    <my:Attachment xsi:nil="true" />
    <my:HasAttachment>false</my:HasAttachment>
    <my:Speciality>Complementary and Alternative Medicine</my:Speciality>
    <my:Keywords>PALLIATIVE AND SUPPORTIVE CARE,COMPLEMENTARY & ALTERNATIVE THERAPIES,SYMPTOM MANAGEMENT,NEUROPATHIC PAIN,BONE PAIN,VISCERAL PAIN,PAIN MANAGEMENT,ACUPUNCTURE,COMPLEMENTARY AND ALTERNATIVE MEDICINE,CONDITIONS P-R,CONDITIONS A-Z,PAIN,JULY 2006,DATE ADDED</my:Keywords>
    <my:PublicationDate>2006-04-19T00:00:00</my:PublicationDate>
  </my:myFields>