<?mso-infoPathSolution name="urn:schemas-microsoft-com:office:infopath:ResourceForm:-myXSD-2010-08-09T08-39-43" solutionVersion="1.0.0.68" productVersion="14.0.0.0" PIVersion="1.0.0.0" href="http://localhost:8081/FormServerTemplates/ARMSResourceForm.xsn"?>
  <?mso-application progid="InfoPath.Document" versionProgid="InfoPath.Document.3"?>
  <?mso-infoPath-file-attachment-present ?>
  <my:myFields xmlns:my="http://schemas.microsoft.com/office/infopath/2003/myXSD/2010-08-09T08:39:43" xmlns:xsi="http://www.w3.org/2001/XMLSchema-instance" xmlns:pc="http://schemas.microsoft.com/office/infopath/2007/PartnerControls" xmlns:ma="http://schemas.microsoft.com/office/2009/metadata/properties/metaAttributes" xmlns:d="http://schemas.microsoft.com/office/infopath/2009/WSSList/dataFields" xmlns:q="http://schemas.microsoft.com/office/infopath/2009/WSSList/queryFields" xmlns:dfs="http://schemas.microsoft.com/office/infopath/2003/dataFormSolution" xmlns:dms="http://schemas.microsoft.com/office/2009/documentManagement/types" xmlns:xd="http://schemas.microsoft.com/office/infopath/2003" xmlns:xhtml="http://www.w3.org/1999/xhtml">
    <my:Title>Ginkgo biloba special extract EGb 761 in the treatment of peripheral arterial occlusive disease (PAOD): a review based on randomized, controlled studies</my:Title>
    <my:URL>http://www.ncbi.nlm.nih.gov/entrez/query.fcgi?db=pubmed&cmd=Retrieve&dopt=AbstractPlus&list_uids=15180165&query_hl=16&itool=pubmed_docsum</my:URL>
    <my:Publisher>Dustri-Verlag Dr. K. Feistle</my:Publisher>
    <my:AdditionalContributors />
    <my:GeographicalAreas />
    <my:PublicationType>Systematic Review</my:PublicationType>
    <my:Description>
      <html xmlns="http://www.w3.org/1999/xhtml" xml:space="preserve">
        <p><em>This review has been evaluated by a CRD Reviewer as potentially meeting the <a href="http://www.york.ac.uk/inst/crd/faq4.htm">CRD quality criteria</a> and a structured abstract is in the process of being written. This <a href="http://www.crd.york.ac.uk/CRDWeb/ShowRecord.asp?View=Full&amp;ID=12004009349">provisional record</a> is for information, please note that the review has not been appraised yet. </em></p>
<p><strong>Citation</strong></p>
<p>Horsch S, Walther C. Ginkgo biloba special extract EGb 761 in the treatment of peripheral arterial occlusive disease (PAOD): a review based on randomized, controlled studies. International Journal of Clinical Pharmacology and Therapeutics. 2004, 42(2): 63-72.</p>
<p><strong>Authors' objectives</strong></p>
<p>To provide an overview and evaluation of clinical studies proving the efficacy of EGb 761 in patients with  peripheral arterial occlusive disease (PAOD). </p>
<p><strong>Authors' conclusions</strong></p>
<p>This review confirms the efficacy of Ginkgo biloba special extract EGb 761. It demonstrates not only the statistical significance of the difference with respect to placebo but also the clinical relevance for the treatment of patients with PAOD.</p>
<p><strong></strong> </p>
<p><strong></strong> </p>
       </html>
    </my:Description>
    <my:ResourceType>CARDEX</my:ResourceType>
    <my:Attachment xsi:nil="true" />
    <my:HasAttachment>false</my:HasAttachment>
    <my:Speciality>Complementary and Alternative Medicine</my:Speciality>
    <my:Keywords>COMPLEMENTARY AND ALTERNATIVE MEDICINE,GINKGO (GINKGO BILOBA),CONDITIONS A-B,CONDITIONS A-Z,HERBAL MEDICINE,JULY 2006,ARTERIAL OCCLUSIVE DISEASES,HERBS D-G,DATE ADDED</my:Keywords>
    <my:PublicationDate>2004-02-01T00:00:00</my:PublicationDate>
  </my:myFields>