<?mso-infoPathSolution name="urn:schemas-microsoft-com:office:infopath:ResourceForm:-myXSD-2010-08-09T08-39-43" solutionVersion="1.0.0.68" productVersion="14.0.0.0" PIVersion="1.0.0.0" href="http://localhost:8081/FormServerTemplates/ARMSResourceForm.xsn"?>
  <?mso-application progid="InfoPath.Document" versionProgid="InfoPath.Document.3"?>
  <?mso-infoPath-file-attachment-present ?>
  <my:myFields xmlns:my="http://schemas.microsoft.com/office/infopath/2003/myXSD/2010-08-09T08:39:43" xmlns:xsi="http://www.w3.org/2001/XMLSchema-instance" xmlns:pc="http://schemas.microsoft.com/office/infopath/2007/PartnerControls" xmlns:ma="http://schemas.microsoft.com/office/2009/metadata/properties/metaAttributes" xmlns:d="http://schemas.microsoft.com/office/infopath/2009/WSSList/dataFields" xmlns:q="http://schemas.microsoft.com/office/infopath/2009/WSSList/queryFields" xmlns:dfs="http://schemas.microsoft.com/office/infopath/2003/dataFormSolution" xmlns:dms="http://schemas.microsoft.com/office/2009/documentManagement/types" xmlns:xd="http://schemas.microsoft.com/office/infopath/2003" xmlns:xhtml="http://www.w3.org/1999/xhtml">
    <my:Title>Ukrain: a new cancer cure? A systematic review of randomised clinical trials</my:Title>
    <my:URL>http://www.biomedcentral.com/1471-2407/5/69</my:URL>
    <my:Publisher>BioMed Central</my:Publisher>
    <my:AdditionalContributors />
    <my:GeographicalAreas />
    <my:PublicationType>Systematic Review</my:PublicationType>
    <my:Description>
      <html xmlns="http://www.w3.org/1999/xhtml" xml:space="preserve">
        <p><em>This review has been evaluated by a CRD Reviewer as potentially meeting the <a href="http://www.york.ac.uk/inst/crd/faq4.htm">CRD quality criteria</a> and a structured abstract is in the process of being written. This <a href="http://www.crd.york.ac.uk/CRDWeb/ShowRecord.asp?View=Full&amp;ID=12005001538">provisional record</a> is for information, please note that the review has not been appraised yet. </em></p>
<p><strong>Citation</strong></p>
<p>Ernst E, Schmidt K. Ukrain: a new cancer cure? A systematic review of randomised clinical trials. BMC Cancer. 2005, 5: 69.</p>
<p><strong>Authors' objectives</strong></p>
<p>Ukrain is an anticancer drug based on the extract of the plant Chelidonium majus L. Numerous pre-clinical and clinical investigations seem to suggest that Ukrain is pharmacologically active and clinically effective. The authors's aim was to critically evaluate the clinical trial data in the form of a systematic review.</p>
<p><strong>Authors' conclusions</strong></p>
<p>The data from randomised clinical trials suggest Ukrain to have potential as an anticancer drug. However, numerous caveats prevent a positive conclusion, and independent rigorous studies are urgently needed.</p>
<p><strong></strong> </p>
       </html>
    </my:Description>
    <my:ResourceType>CARDEX</my:ResourceType>
    <my:Attachment xsi:nil="true" />
    <my:HasAttachment>false</my:HasAttachment>
    <my:Speciality>Complementary and Alternative Medicine</my:Speciality>
    <my:Keywords>COMPLEMENTARY AND ALTERNATIVE MEDICINE,COMPLEMENTARY & ALTERNATIVE THERAPIES,PALLIATIVE AND SUPPORTIVE CARE,SYMPTOM MANAGEMENT,CONDITIONS,CANCER,CONDITIONS C,CANCER,CONDITIONS A-Z,HERBAL MEDICINE,CELANDINE (CHELIDONIUM MAJUS),JULY 2006,DATE ADDED</my:Keywords>
    <my:PublicationDate>2005-07-01T00:00:00</my:PublicationDate>
  </my:myFields>