<?mso-infoPathSolution name="urn:schemas-microsoft-com:office:infopath:ResourceForm:-myXSD-2010-08-09T08-39-43" solutionVersion="1.0.0.68" productVersion="14.0.0.0" PIVersion="1.0.0.0" href="http://localhost:8081/FormServerTemplates/ARMSResourceForm.xsn"?>
  <?mso-application progid="InfoPath.Document" versionProgid="InfoPath.Document.3"?>
  <?mso-infoPath-file-attachment-present ?>
  <my:myFields xmlns:my="http://schemas.microsoft.com/office/infopath/2003/myXSD/2010-08-09T08:39:43" xmlns:xsi="http://www.w3.org/2001/XMLSchema-instance" xmlns:pc="http://schemas.microsoft.com/office/infopath/2007/PartnerControls" xmlns:ma="http://schemas.microsoft.com/office/2009/metadata/properties/metaAttributes" xmlns:d="http://schemas.microsoft.com/office/infopath/2009/WSSList/dataFields" xmlns:q="http://schemas.microsoft.com/office/infopath/2009/WSSList/queryFields" xmlns:dfs="http://schemas.microsoft.com/office/infopath/2003/dataFormSolution" xmlns:dms="http://schemas.microsoft.com/office/2009/documentManagement/types" xmlns:xd="http://schemas.microsoft.com/office/infopath/2003" xmlns:xhtml="http://www.w3.org/1999/xhtml">
    <my:Title>ABC of complementary medicine. The manipulative therapies: osteopathy and chiropractic</my:Title>
    <my:URL>http://www.ncbi.nlm.nih.gov/pmc/articles/PMC1116959/?tool=pubmed</my:URL>
    <my:Publisher>BMJ Publishing Group</my:Publisher>
    <my:AdditionalContributors />
    <my:GeographicalAreas />
    <my:PublicationType>Reference Material</my:PublicationType>
    <my:Description>
      <html xmlns="http://www.w3.org/1999/xhtml" xml:space="preserve">
        111-1ABC of complementary medicine. The manipulative therapies: osteopathy and chiropractic<p>This article provides a brief overview of chiropractic and osteopathy often referred to as manipulative therapies.</p>
<p><strong>Citation:</strong></p>
<p>Vickers A, Zollman C. ABC of complementary medicine. The manipulative therapies: osteopathy and chiropractic. BMJ. 1999 Oct 30;319(7218):1176-9.<br /></p>
       </html>
    </my:Description>
    <my:ResourceType>CARDEX</my:ResourceType>
    <my:Attachment xsi:nil="true" />
    <my:HasAttachment>false</my:HasAttachment>
    <my:Speciality>Complementary and Alternative Medicine</my:Speciality>
    <my:Keywords>COMPLEMENTARY AND ALTERNATIVE MEDICINE,AUGUST 2006,CAM GENERAL,OSTEOPATHY,CHIROPRACTIC,DATE ADDED,PATIENT INFORMATION,2006</my:Keywords>
    <my:PublicationDate>1999-10-30T00:00:00</my:PublicationDate>
  </my:myFields>