<?mso-infoPathSolution name="urn:schemas-microsoft-com:office:infopath:ResourceForm:-myXSD-2010-08-09T08-39-43" solutionVersion="1.0.0.68" productVersion="14.0.0.0" PIVersion="1.0.0.0" href="http://localhost:8081/FormServerTemplates/ARMSResourceForm.xsn"?>
  <?mso-application progid="InfoPath.Document" versionProgid="InfoPath.Document.3"?>
  <?mso-infoPath-file-attachment-present ?>
  <my:myFields xmlns:my="http://schemas.microsoft.com/office/infopath/2003/myXSD/2010-08-09T08:39:43" xmlns:xsi="http://www.w3.org/2001/XMLSchema-instance" xmlns:pc="http://schemas.microsoft.com/office/infopath/2007/PartnerControls" xmlns:ma="http://schemas.microsoft.com/office/2009/metadata/properties/metaAttributes" xmlns:d="http://schemas.microsoft.com/office/infopath/2009/WSSList/dataFields" xmlns:q="http://schemas.microsoft.com/office/infopath/2009/WSSList/queryFields" xmlns:dfs="http://schemas.microsoft.com/office/infopath/2003/dataFormSolution" xmlns:dms="http://schemas.microsoft.com/office/2009/documentManagement/types" xmlns:xd="http://schemas.microsoft.com/office/infopath/2003" xmlns:xhtml="http://www.w3.org/1999/xhtml">
    <my:Title>Is ginger a clinically relevant antiemetic? A systematic review of randomized controlled trials</my:Title>
    <my:URL>http://www.ncbi.nlm.nih.gov/entrez/query.fcgi?db=pubmed&cmd=Retrieve&dopt=AbstractPlus&list_uids=15772458&query_hl=1&itool=pubmed_docsum</my:URL>
    <my:Publisher>Karger</my:Publisher>
    <my:AdditionalContributors />
    <my:GeographicalAreas />
    <my:PublicationType>Systematic Review</my:PublicationType>
    <my:Description>
      <html xmlns="http://www.w3.org/1999/xhtml" xml:space="preserve">
        <p><em>This review has been evaluated by a CRD Reviewer as potentially meeting the <a href="http://www.york.ac.uk/inst/crd/faq4.htm">CRD quality criteria</a> and a structured abstract is in the process of being written. This <a href="http://www.crd.york.ac.uk/CRDWeb/ShowRecord.asp?View=Full&amp;ID=12005003601">provisional record</a> is for information, please note that the review has not been appraised yet. </em></p>
<p><strong>Citation</strong></p>
<p>Betz O, Kranke P, Geldner G, Wulf H, Eberhart LH. Ist Ingwer ein klinisch relevantes Antiemetikum: eine systematische Ubersicht randomisierter kontrollierter Studien [Is ginger a clinically relevant antiemetic? A systematic review of randomized controlled trials]. Forschende Komplementärmedizin und klassische Naturheilkunde. 2005,  12(1):14-23. </p>
<p><strong>Authors' objectives</strong></p>
<p>The aim of this systematic review was to evaluate the clinical impact of ginger (Zingiber officinale) as an antiemetic. </p>
<p><strong>Authors' conclusions</strong></p>
<p>There is no clear evidence for the efficacy of ginger in the treatment of postoperative nausea and vomiting and of kinetosis. The results for the treatment of nausea and vomiting in pregnancy are encouraging, however, ginger should be applied for the time being only in controlled clinical studies. Applied in daily doses up to 6 g ginger seems to be a drug with few side effects.</p>
       </html>
    </my:Description>
    <my:ResourceType>CARDEX</my:ResourceType>
    <my:Attachment xsi:nil="true" />
    <my:HasAttachment>false</my:HasAttachment>
    <my:Speciality>Complementary and Alternative Medicine</my:Speciality>
    <my:Keywords>COMPLEMENTARY AND ALTERNATIVE MEDICINE,CONDITIONS A-Z,HERBAL MEDICINE,GINGER (ZINGIBER OFFICINALE),CONDITIONS P-R,CONDITIONS T-Z,CONDITIONS M-O,VOMITING,NAUSEA,PREGNANCY,HERBS D-G,OCTOBER 2006,DATE ADDED</my:Keywords>
    <my:PublicationDate>2005-02-01T00:00:00</my:PublicationDate>
  </my:myFields>