<?mso-infoPathSolution name="urn:schemas-microsoft-com:office:infopath:ResourceForm:-myXSD-2010-08-09T08-39-43" solutionVersion="1.0.0.68" productVersion="14.0.0.0" PIVersion="1.0.0.0" href="http://localhost:8081/FormServerTemplates/ARMSResourceForm.xsn"?>
  <?mso-application progid="InfoPath.Document" versionProgid="InfoPath.Document.3"?>
  <?mso-infoPath-file-attachment-present ?>
  <my:myFields xmlns:my="http://schemas.microsoft.com/office/infopath/2003/myXSD/2010-08-09T08:39:43" xmlns:xsi="http://www.w3.org/2001/XMLSchema-instance" xmlns:pc="http://schemas.microsoft.com/office/infopath/2007/PartnerControls" xmlns:ma="http://schemas.microsoft.com/office/2009/metadata/properties/metaAttributes" xmlns:d="http://schemas.microsoft.com/office/infopath/2009/WSSList/dataFields" xmlns:q="http://schemas.microsoft.com/office/infopath/2009/WSSList/queryFields" xmlns:dfs="http://schemas.microsoft.com/office/infopath/2003/dataFormSolution" xmlns:dms="http://schemas.microsoft.com/office/2009/documentManagement/types" xmlns:xd="http://schemas.microsoft.com/office/infopath/2003" xmlns:xhtml="http://www.w3.org/1999/xhtml">
    <my:Title>Traditional herbal medicines for malaria</my:Title>
    <my:URL>http://bmj.bmjjournals.com/cgi/content/full/329/7475/1156</my:URL>
    <my:Publisher>BMJ</my:Publisher>
    <my:AdditionalContributors />
    <my:GeographicalAreas />
    <my:PublicationType>Review</my:PublicationType>
    <my:Description>
      <html xmlns="http://www.w3.org/1999/xhtml" xml:space="preserve">
        <p><strong>Citation</strong></p>
<p>Willcox ML, Bodeker G. Traditional herbal medicines for malaria. BMJ. 2004, 329(7475):1156-9. </p>
<p><strong>Authors' objectives</strong></p>
<p>To find evidence for how often herbal medicines are used to treat malaria, and what factors affect this; which plants are most commonly used; and the clinical safety and efficacy of preparations from these plants.</p>
<p><strong>Authors' conclusion</strong></p>
<p>Although traditional medicine is widely used to treat malaria, and is often more available and affordable than Western medicine, it is not without limitations. Firstly, there are few clinical data on safety and efficacy. Secondly, there is no consensus, even among traditional healers, on which plants, preparations, and dosages are the most effective. Thirdly, the concentration of active ingredients in a plant species varies considerably, depending on several factors. </p>
<p>None the less, these limitations are all remediable, through research. The <a href="http://www.who.int/tdr/publications/publications/ritam.htm">Research Initiative on Traditional Antimalarial Methods</a> has written systematic reviews, some of which have been summarised here, and guidelines aiming to standardise and improve the quality of future research. These reviews and guidelines are far from complete. They should be seen as a springboard for further research rather than a definitive product. </p>
<p> </p>
       </html>
    </my:Description>
    <my:ResourceType>CARDEX</my:ResourceType>
    <my:Attachment xsi:nil="true" />
    <my:HasAttachment>false</my:HasAttachment>
    <my:Speciality>Complementary and Alternative Medicine</my:Speciality>
    <my:Keywords>COMPLEMENTARY AND ALTERNATIVE MEDICINE,OCTOBER 2006,MALARIA,AYURVEDIC MEDICINE,CONDITIONS M-O,TRADITIONAL CHINESE MEDICINE (TCM),CONDITIONS A-Z,OTHER THERAPIES OR MEDICAL SYSTEMS,HERBAL MEDICINE,DATE ADDED</my:Keywords>
    <my:PublicationDate>2004-11-13T00:00:00</my:PublicationDate>
  </my:myFields>