<?mso-infoPathSolution name="urn:schemas-microsoft-com:office:infopath:ResourceForm:-myXSD-2010-08-09T08-39-43" solutionVersion="1.0.0.68" productVersion="14.0.0.0" PIVersion="1.0.0.0" href="http://localhost:8081/FormServerTemplates/ARMSResourceForm.xsn"?>
  <?mso-application progid="InfoPath.Document" versionProgid="InfoPath.Document.3"?>
  <?mso-infoPath-file-attachment-present ?>
  <my:myFields xmlns:my="http://schemas.microsoft.com/office/infopath/2003/myXSD/2010-08-09T08:39:43" xmlns:xsi="http://www.w3.org/2001/XMLSchema-instance" xmlns:pc="http://schemas.microsoft.com/office/infopath/2007/PartnerControls" xmlns:ma="http://schemas.microsoft.com/office/2009/metadata/properties/metaAttributes" xmlns:d="http://schemas.microsoft.com/office/infopath/2009/WSSList/dataFields" xmlns:q="http://schemas.microsoft.com/office/infopath/2009/WSSList/queryFields" xmlns:dfs="http://schemas.microsoft.com/office/infopath/2003/dataFormSolution" xmlns:dms="http://schemas.microsoft.com/office/2009/documentManagement/types" xmlns:xd="http://schemas.microsoft.com/office/infopath/2003" xmlns:xhtml="http://www.w3.org/1999/xhtml">
    <my:Title>Acupuncture of the ear as therapeutic approach in the treatment of alcohol and substance abuse: a systematic review</my:Title>
    <my:URL>http://www.neuland.com/index.php?s=sen&s2=inh&s3=2004305</my:URL>
    <my:Publisher>Neuland</my:Publisher>
    <my:AdditionalContributors />
    <my:GeographicalAreas />
    <my:PublicationType>Systematic Review</my:PublicationType>
    <my:Description>
      <html xmlns="http://www.w3.org/1999/xhtml" xml:space="preserve">
        <p><em>This review has been evaluated by a CRD Reviewer as potentially meeting the <a href="http://www.york.ac.uk/inst/crd/darefaq.htm">CRD quality criteria</a> and a structured abstract is in the process of being written. This <a href="http://www.crd.york.ac.uk/CRDWeb/ShowRecord.asp?View=Full&amp;ID=12004009896">provisional record</a> is for information, please note that the review has not been appraised yet. </em></p>
<p><strong>Citation</strong></p>
<p>Kunz S, Schulz M, Syrbe G, Driessen M. Ohrakupunktur in der Therapie alkohol und substanzbezogener Storungen: eine Ubersicht [Acupuncture of the ear as therapeutic approach in the treatment of alcohol and substance abuse: a systematic review]. SUCHT. 2004, 50(3): 196–203. </p>
<p><strong>Authors' objectives</strong></p>
<p>Acupuncture as a treatment of substance-related disorders has reached increasing acceptance. A systematic review of the available studies is provided to determine if this trend is supported by the scientific evidence from RCTs. </p>
<p><strong>Authors' conclusions</strong></p>
<p>The available scientific evidence does not support the efficacy of acupuncture in the treatment of withdrawal in opiate-, cocaine- and alcohol-dependent patients.</p>
       </html>
    </my:Description>
    <my:ResourceType>CARDEX</my:ResourceType>
    <my:Attachment xsi:nil="true" />
    <my:HasAttachment>false</my:HasAttachment>
    <my:Speciality>Complementary and Alternative Medicine</my:Speciality>
    <my:Keywords>COMPLEMENTARY AND ALTERNATIVE MEDICINE,ACUPUNCTURE,CONDITIONS A-Z,CONDITIONS D-E,CONDITIONS A-B,DRUG USE DISORDERS,ALCOHOL MISUSE,OCTOBER 2006,DATE ADDED</my:Keywords>
    <my:PublicationDate>2004-04-01T00:00:00</my:PublicationDate>
  </my:myFields>