<?mso-infoPathSolution name="urn:schemas-microsoft-com:office:infopath:ResourceForm:-myXSD-2010-08-09T08-39-43" solutionVersion="1.0.0.68" productVersion="14.0.0.0" PIVersion="1.0.0.0" href="http://localhost:8081/FormServerTemplates/ARMSResourceForm.xsn"?>
  <?mso-application progid="InfoPath.Document" versionProgid="InfoPath.Document.3"?>
  <?mso-infoPath-file-attachment-present ?>
  <my:myFields xmlns:my="http://schemas.microsoft.com/office/infopath/2003/myXSD/2010-08-09T08:39:43" xmlns:xsi="http://www.w3.org/2001/XMLSchema-instance" xmlns:pc="http://schemas.microsoft.com/office/infopath/2007/PartnerControls" xmlns:ma="http://schemas.microsoft.com/office/2009/metadata/properties/metaAttributes" xmlns:d="http://schemas.microsoft.com/office/infopath/2009/WSSList/dataFields" xmlns:q="http://schemas.microsoft.com/office/infopath/2009/WSSList/queryFields" xmlns:dfs="http://schemas.microsoft.com/office/infopath/2003/dataFormSolution" xmlns:dms="http://schemas.microsoft.com/office/2009/documentManagement/types" xmlns:xd="http://schemas.microsoft.com/office/infopath/2003" xmlns:xhtml="http://www.w3.org/1999/xhtml">
    <my:Title>Acupuncture for Parkinson's Disease (Cochrane protocol)</my:Title>
    <my:URL>http://www.mrw.interscience.wiley.com/cochrane/clsysrev/articles/CD006236/frame.html</my:URL>
    <my:Publisher>John Wiley & Sons, Ltd</my:Publisher>
    <my:AdditionalContributors />
    <my:GeographicalAreas />
    <my:PublicationType>Systematic Review</my:PublicationType>
    <my:Description>
      <html xmlns="http://www.w3.org/1999/xhtml" xml:space="preserve">
        <i>
<p>This is the protocol for a Cochrane systematic review. This record will be updated when the review has been completed.</p></i>
<p><strong>Citation</strong></p>
<p>Wang L, Xie Y, Zhang S, Wu T. Acupuncture for Parkinson's Disease. (Protocol) Cochrane Database of Systematic Reviews 2006, Issue 4. Art. No.: CD006236. DOI: 10.1002/14651858.CD006236. </p>
<p><strong><strong>Authors'</strong> objectives</strong></p>
<p>To compare the efficacy, safety, tolerability, and cost of acupuncture versus any other conventional therapy, or no treatment, for patients with idiopathic PD. The following points will be addressed:</p>
<ul><li>Does acupuncture decrease the morbidity and mortality associated with PD in the long-term? 
</li><li>Does acupuncture improve levels of disability and, impairment in patient with PD in the short-term? 
</li><li>Does the use of acupuncture therapy lead to a reduction in the use of anti-Parkinsonian medication or the number of referrals for surgery? 
</li><li>Does acupuncture improve the quality of life for people with PD? 
</li><li>Are people with PD satisfied with acupuncture therapy, is it acceptable and tolerable for them? 
</li><li>What adverse effects are associated with acupuncture therapy? 
</li><li>What are the costs associated with acupuncture therapy, particularly when compared to conventional therapy costs?</li></ul>
       </html>
    </my:Description>
    <my:ResourceType>CARDEX</my:ResourceType>
    <my:Attachment xsi:nil="true" />
    <my:HasAttachment>false</my:HasAttachment>
    <my:Speciality>Complementary and Alternative Medicine</my:Speciality>
    <my:Keywords>ACUPUNCTURE,COMPLEMENTARY AND ALTERNATIVE MEDICINE,CONDITIONS A-Z,CONDITIONS P-R,PARKINSON’S DISEASE,NOVEMBER 2006,CAM GENERAL,DATE ADDED,RESEARCH</my:Keywords>
    <my:PublicationDate>2006-10-18T00:00:00</my:PublicationDate>
  </my:myFields>