<?mso-infoPathSolution name="urn:schemas-microsoft-com:office:infopath:ResourceForm:-myXSD-2010-08-09T08-39-43" solutionVersion="1.0.0.68" productVersion="14.0.0.0" PIVersion="1.0.0.0" href="http://localhost:8081/FormServerTemplates/ARMSResourceForm.xsn"?>
  <?mso-application progid="InfoPath.Document" versionProgid="InfoPath.Document.3"?>
  <?mso-infoPath-file-attachment-present ?>
  <my:myFields xmlns:my="http://schemas.microsoft.com/office/infopath/2003/myXSD/2010-08-09T08:39:43" xmlns:xsi="http://www.w3.org/2001/XMLSchema-instance" xmlns:pc="http://schemas.microsoft.com/office/infopath/2007/PartnerControls" xmlns:ma="http://schemas.microsoft.com/office/2009/metadata/properties/metaAttributes" xmlns:d="http://schemas.microsoft.com/office/infopath/2009/WSSList/dataFields" xmlns:q="http://schemas.microsoft.com/office/infopath/2009/WSSList/queryFields" xmlns:dfs="http://schemas.microsoft.com/office/infopath/2003/dataFormSolution" xmlns:dms="http://schemas.microsoft.com/office/2009/documentManagement/types" xmlns:xd="http://schemas.microsoft.com/office/infopath/2003" xmlns:xhtml="http://www.w3.org/1999/xhtml">
    <my:Title>Herbal medicine for relapse and metastasis in patients operated for colorectal cancer (Cochrane protocol)</my:Title>
    <my:URL>http://www.mrw.interscience.wiley.com/cochrane/clsysrev/articles/CD006270/frame.html</my:URL>
    <my:Publisher>John Wiley & Sons, Ltd</my:Publisher>
    <my:AdditionalContributors />
    <my:GeographicalAreas />
    <my:PublicationType>Systematic Review</my:PublicationType>
    <my:Description>
      <html xmlns="http://www.w3.org/1999/xhtml" xml:space="preserve">
        <i>
<p>This is the protocol for a Cochrane systematic review. This record will be updated when the review has been completed.</p></i>
<p><strong>Citation</strong></p>
<p>Wu Y, Luo L, Liu JP, Yang YF, Guo ZN. Herbal medicine for relapse and metastasis in patients operated for colorectal cancer. (Protocol) Cochrane Database of Systematic Reviews 2006, Issue 4. Art. No.: CD006270. DOI: 10.1002/14651858.CD006270. </p>
<p><strong><strong>Authors'</strong> objectives</strong></p>
<p>The objective of this review is to assess the effect of herbal medicine on preventing relapse and metastasis of postoperative colorectal cancer with no intervention or chemotherapy or radiotherapy, including herbal medicine combined with chemotherapy or radiotherapy compared with chemotherapy or radiotherapy alone.<br /></p>
       </html>
    </my:Description>
    <my:ResourceType>CARDEX</my:ResourceType>
    <my:Attachment xsi:nil="true" />
    <my:HasAttachment>false</my:HasAttachment>
    <my:Speciality>Complementary and Alternative Medicine</my:Speciality>
    <my:Keywords>COMPLEMENTARY AND ALTERNATIVE MEDICINE,CONDITIONS A-Z,OTHER THERAPIES OR MEDICAL SYSTEMS,HERBAL MEDICINE,CONDITIONS C,CANCER,TRADITIONAL CHINESE MEDICINE (TCM),COLORECTAL CANCER,NOVEMBER 2006,DATE ADDED</my:Keywords>
    <my:PublicationDate>2006-10-18T00:00:00</my:PublicationDate>
  </my:myFields>