<?mso-infoPathSolution name="urn:schemas-microsoft-com:office:infopath:ResourceForm:-myXSD-2010-08-09T08-39-43" solutionVersion="1.0.0.68" productVersion="14.0.0.0" PIVersion="1.0.0.0" href="http://localhost:8081/FormServerTemplates/ARMSResourceForm.xsn"?>
  <?mso-application progid="InfoPath.Document" versionProgid="InfoPath.Document.3"?>
  <?mso-infoPath-file-attachment-present ?>
  <my:myFields xmlns:my="http://schemas.microsoft.com/office/infopath/2003/myXSD/2010-08-09T08:39:43" xmlns:xsi="http://www.w3.org/2001/XMLSchema-instance" xmlns:pc="http://schemas.microsoft.com/office/infopath/2007/PartnerControls" xmlns:ma="http://schemas.microsoft.com/office/2009/metadata/properties/metaAttributes" xmlns:d="http://schemas.microsoft.com/office/infopath/2009/WSSList/dataFields" xmlns:q="http://schemas.microsoft.com/office/infopath/2009/WSSList/queryFields" xmlns:dfs="http://schemas.microsoft.com/office/infopath/2003/dataFormSolution" xmlns:dms="http://schemas.microsoft.com/office/2009/documentManagement/types" xmlns:xd="http://schemas.microsoft.com/office/infopath/2003" xmlns:xhtml="http://www.w3.org/1999/xhtml">
    <my:Title>A combination of systematic review and clinicians' beliefs in interventions for subacromial pain</my:Title>
    <my:URL>http://www.pubmedcentral.nih.gov/picrender.fcgi?artid=1314222&blobtype=pdf</my:URL>
    <my:Publisher>Royal College of General Practitioners</my:Publisher>
    <my:AdditionalContributors />
    <my:GeographicalAreas />
    <my:PublicationType>Systematic Review</my:PublicationType>
    <my:Description>
      <html xmlns="http://www.w3.org/1999/xhtml" xml:space="preserve">
        <p><em>This review has been evaluated by a CRD Reviewer as potentially meeting the <a href="http://www.york.ac.uk/inst/crd/darefaq.htm">CRD quality criteria</a> and a structured abstract is in the process of being written. This <a href="http://www.crd.york.ac.uk/CRDWeb/ShowRecord.asp?View=Full&amp;ID=12002008720">provisional record</a> is for information, please note that the review has not been appraised yet. </em></p>
<p><strong>Citation</strong></p>
<p>Johansson K, Oberg B, Adolfsson L, Foldevi M. A combination of systematic review and clinicians' beliefs in interventions for subacromial pain. British Journal of General Practice. 2002, 52(475):145-52. </p>
<p><strong>Authors' objectives</strong></p>
<p>The aim of the study is to determine which treatments for patients with subacromial pain are trusted by general practitioners (GPs) and physiotherapists, and to compare trusted treatments with evidence from a systematic critical review of the scientific literature.</p>
<p><strong>Authors' conclusions</strong></p>
<p>The trust in corticosteroids, injected in the subacromial bursa, was supported by definitive evidence for short-term efficacy. Acupuncture had tentative evidence for short-term efficacy in patients with subacromial pain. Ultrasound therapy was ineffective for subacromial pain. This is supported by tentative evidence and, together with earlier reviews, this questions both the trust in the treatment and its use. The clinicians' trust in treatments had a weak association with available scientific evidence.<br /></p>
<p><strong></strong> </p>
       </html>
    </my:Description>
    <my:ResourceType>CARDEX</my:ResourceType>
    <my:Attachment xsi:nil="true" />
    <my:HasAttachment>false</my:HasAttachment>
    <my:Speciality>Complementary and Alternative Medicine</my:Speciality>
    <my:Keywords>COMPLEMENTARY AND ALTERNATIVE MEDICINE,ACUPUNCTURE,NOVEMBER 2006,SHOULDER IMPINGEMENT SYNDROME,SHOULDER PAIN,CONDITIONS S,CONDITIONS P-R,CONDITIONS A-Z,PAIN,MASSAGE,DATE ADDED</my:Keywords>
    <my:PublicationDate>2002-02-01T00:00:00</my:PublicationDate>
  </my:myFields>