<?mso-infoPathSolution name="urn:schemas-microsoft-com:office:infopath:ResourceForm:-myXSD-2010-08-09T08-39-43" solutionVersion="1.0.0.68" productVersion="14.0.0.0" PIVersion="1.0.0.0" href="http://localhost:8081/FormServerTemplates/ARMSResourceForm.xsn"?>
  <?mso-application progid="InfoPath.Document" versionProgid="InfoPath.Document.3"?>
  <?mso-infoPath-file-attachment-present ?>
  <my:myFields xmlns:my="http://schemas.microsoft.com/office/infopath/2003/myXSD/2010-08-09T08:39:43" xmlns:xsi="http://www.w3.org/2001/XMLSchema-instance" xmlns:pc="http://schemas.microsoft.com/office/infopath/2007/PartnerControls" xmlns:ma="http://schemas.microsoft.com/office/2009/metadata/properties/metaAttributes" xmlns:d="http://schemas.microsoft.com/office/infopath/2009/WSSList/dataFields" xmlns:q="http://schemas.microsoft.com/office/infopath/2009/WSSList/queryFields" xmlns:dfs="http://schemas.microsoft.com/office/infopath/2003/dataFormSolution" xmlns:dms="http://schemas.microsoft.com/office/2009/documentManagement/types" xmlns:xd="http://schemas.microsoft.com/office/infopath/2003" xmlns:xhtml="http://www.w3.org/1999/xhtml">
    <my:Title>Acupuncture for back pain: meta-analysis of randomised controlled trials and an update with data from the most recent studies</my:Title>
    <my:URL>http://www.ncbi.nlm.nih.gov/entrez/query.fcgi?db=pubmed&cmd=Retrieve&dopt=AbstractPlus&list_uids=11956898&query_hl=7&itool=pubmed_docsum</my:URL>
    <my:Publisher>Springer-Verlag</my:Publisher>
    <my:AdditionalContributors />
    <my:GeographicalAreas />
    <my:PublicationType>Systematic Review</my:PublicationType>
    <my:Description>
      <html xmlns="http://www.w3.org/1999/xhtml" xml:space="preserve">
        <p><strong>Citation</strong></p>
<p>Ernst E, White AR, Wider B. Acupuncture for back pain: meta-analysis of randomised controlled trials and an update with data from the most recent studies. [Akupunktur bei Ruckenschmerzen: Metaanalyse randomisierter kontrollierter Studien und update unter Berucksichtigung neuester Daten]. Schmerz. 2002, 16(2):129-39. (Article in German)</p>
<p><strong>Authors' objectives</strong></p>
<p>To compare a previous meta-analysis of trials of acupuncture for the treatment of back pain with a qualitative review and the most recent studies on the subject.</p>
<p><strong>Authors' conclusions</strong></p>
<p>Collectively, these data imply that acupuncture is superior to various control interventions, although there is insufficient evidence to state whether it is superior to placebo.</p>
<p> </p>
       </html>
    </my:Description>
    <my:ResourceType>CARDEX</my:ResourceType>
    <my:Attachment xsi:nil="true" />
    <my:HasAttachment>false</my:HasAttachment>
    <my:Speciality>Complementary and Alternative Medicine</my:Speciality>
    <my:Keywords>ACUPUNCTURE,COMPLEMENTARY AND ALTERNATIVE MEDICINE,CONDITIONS A-Z,BACK PAIN,CONDITIONS A-B,NOVEMBER 2006,DATE ADDED</my:Keywords>
    <my:PublicationDate>2002-04-01T00:00:00</my:PublicationDate>
  </my:myFields>