<?mso-infoPathSolution name="urn:schemas-microsoft-com:office:infopath:ResourceForm:-myXSD-2010-08-09T08-39-43" solutionVersion="1.0.0.68" productVersion="14.0.0.0" PIVersion="1.0.0.0" href="http://localhost:8081/FormServerTemplates/ARMSResourceForm.xsn"?>
  <?mso-application progid="InfoPath.Document" versionProgid="InfoPath.Document.3"?>
  <?mso-infoPath-file-attachment-present ?>
  <my:myFields xmlns:my="http://schemas.microsoft.com/office/infopath/2003/myXSD/2010-08-09T08:39:43" xmlns:xsi="http://www.w3.org/2001/XMLSchema-instance" xmlns:pc="http://schemas.microsoft.com/office/infopath/2007/PartnerControls" xmlns:ma="http://schemas.microsoft.com/office/2009/metadata/properties/metaAttributes" xmlns:d="http://schemas.microsoft.com/office/infopath/2009/WSSList/dataFields" xmlns:q="http://schemas.microsoft.com/office/infopath/2009/WSSList/queryFields" xmlns:dfs="http://schemas.microsoft.com/office/infopath/2003/dataFormSolution" xmlns:dms="http://schemas.microsoft.com/office/2009/documentManagement/types" xmlns:xd="http://schemas.microsoft.com/office/infopath/2003" xmlns:xhtml="http://www.w3.org/1999/xhtml">
    <my:Title>Evaluation and critical review published in the European literature on osteopathic studies in the clinical field and in the area of fundamental research</my:Title>
    <my:URL>http://www.ncbi.nlm.nih.gov/entrez/query.fcgi?db=pubmed&cmd=Retrieve&dopt=AbstractPlus&list_uids=10649001&query_hl=20&itool=pubmed_docsum</my:URL>
    <my:Publisher>Karger</my:Publisher>
    <my:AdditionalContributors />
    <my:GeographicalAreas />
    <my:PublicationType>Review</my:PublicationType>
    <my:Description>
      <html xmlns="http://www.w3.org/1999/xhtml" xml:space="preserve">
        <p><strong>Citation</strong></p>
<p>Schwerla F, Hass-Degg K, Schwerla B. Evaluation and critical review published in the European literature on osteopathic studies in the clinical field and in the area of fundamental research. [Evaluierung und kritische Bewertung von in der europaischen Literatur roffentlichten, osteopathischen Studien im klinischen Bereich und im Bereich der Grundlagenforschung]. Forschende Komplementarmedizin. 1999, 6(6):302-10. (Article in German)</p>
<p><strong>Authors' objectives</strong></p>
<p>Identification of studies of osteopathic treatment in defined countries. Evaluation of methods and results of the studies and assessment of the available evidence concerning the effectiveness of osteopathy.</p>
<p><strong>Authors' conclusions</strong></p>
<p>No definitive conclusions about the effectiveness of osteopathy can be drawn so far because of the low number of evaluated studies. It seems necessary to scrutinize the relevance of osteopathy through further methodologically adequate studies. Additionally, criteria for evaluation are proposed which correspond to the highest international standards in order to ensure a valid (and commonly accepted) evaluation of the osteopathic literature. </p>
       </html>
    </my:Description>
    <my:ResourceType>CARDEX</my:ResourceType>
    <my:Attachment xsi:nil="true" />
    <my:HasAttachment>false</my:HasAttachment>
    <my:Speciality>Complementary and Alternative Medicine</my:Speciality>
    <my:Keywords>COMPLEMENTARY AND ALTERNATIVE MEDICINE,NOVEMBER 2006,OSTEOPATHY,DATE ADDED</my:Keywords>
    <my:PublicationDate>1999-12-01T00:00:00</my:PublicationDate>
  </my:myFields>