<?mso-infoPathSolution name="urn:schemas-microsoft-com:office:infopath:ResourceForm:-myXSD-2010-08-09T08-39-43" solutionVersion="1.0.0.68" productVersion="14.0.0.0" PIVersion="1.0.0.0" href="http://localhost:8081/FormServerTemplates/ARMSResourceForm.xsn"?>
  <?mso-application progid="InfoPath.Document" versionProgid="InfoPath.Document.3"?>
  <?mso-infoPath-file-attachment-present ?>
  <my:myFields xmlns:my="http://schemas.microsoft.com/office/infopath/2003/myXSD/2010-08-09T08:39:43" xmlns:xsi="http://www.w3.org/2001/XMLSchema-instance" xmlns:pc="http://schemas.microsoft.com/office/infopath/2007/PartnerControls" xmlns:ma="http://schemas.microsoft.com/office/2009/metadata/properties/metaAttributes" xmlns:d="http://schemas.microsoft.com/office/infopath/2009/WSSList/dataFields" xmlns:q="http://schemas.microsoft.com/office/infopath/2009/WSSList/queryFields" xmlns:dfs="http://schemas.microsoft.com/office/infopath/2003/dataFormSolution" xmlns:dms="http://schemas.microsoft.com/office/2009/documentManagement/types" xmlns:xd="http://schemas.microsoft.com/office/infopath/2003" xmlns:xhtml="http://www.w3.org/1999/xhtml">
    <my:Title>'Is this the end for homeopathy?'</my:Title>
    <my:URL>http://www.library.nhs.uk/rss/newsAndRssArticle.aspx?uri=http://www.library.nhs.uk/resources/?id=101932</my:URL>
    <my:Publisher>Centre for Reviews and Dissemination</my:Publisher>
    <my:AdditionalContributors />
    <my:GeographicalAreas />
    <my:PublicationType>Review</my:PublicationType>
    <my:Description>
      <html xmlns="http://www.w3.org/1999/xhtml" xml:space="preserve">
        <p><em><b>Hitting the Headlines</b> summaries produced by the <a href="http://www.york.ac.uk/inst/crd/index.htm">Centre for Reviews and Dissemination</a></em><em> offer an analysis<br />of the evidence behind selected health stories reported in national newspapers.</em></p>
<p>Homeopathy is no more effective than placebo, reported four newspapers on 26 August 2005. The newspapers reported a well-conducted study that compared 110 trials of homeopathy with 110 trials of conventional medicine. The authors concluded that whilst the effects of conventional medicine are greater than placebo, the effects of homeopathy are not.<br /><br /></p>
<p> </p>
       </html>
    </my:Description>
    <my:ResourceType>CARDEX</my:ResourceType>
    <my:Attachment xsi:nil="true" />
    <my:HasAttachment>false</my:HasAttachment>
    <my:Speciality>Complementary and Alternative Medicine</my:Speciality>
    <my:Keywords>COMPLEMENTARY AND ALTERNATIVE MEDICINE,HOMEOPATHY</my:Keywords>
    <my:PublicationDate>2005-08-30T00:00:00</my:PublicationDate>
  </my:myFields>