<?mso-infoPathSolution name="urn:schemas-microsoft-com:office:infopath:ResourceForm:-myXSD-2010-08-09T08-39-43" solutionVersion="1.0.0.68" productVersion="14.0.0.0" PIVersion="1.0.0.0" href="http://localhost:8081/FormServerTemplates/ARMSResourceForm.xsn"?>
  <?mso-application progid="InfoPath.Document" versionProgid="InfoPath.Document.3"?>
  <?mso-infoPath-file-attachment-present ?>
  <my:myFields xmlns:my="http://schemas.microsoft.com/office/infopath/2003/myXSD/2010-08-09T08:39:43" xmlns:xsi="http://www.w3.org/2001/XMLSchema-instance" xmlns:pc="http://schemas.microsoft.com/office/infopath/2007/PartnerControls" xmlns:ma="http://schemas.microsoft.com/office/2009/metadata/properties/metaAttributes" xmlns:d="http://schemas.microsoft.com/office/infopath/2009/WSSList/dataFields" xmlns:q="http://schemas.microsoft.com/office/infopath/2009/WSSList/queryFields" xmlns:dfs="http://schemas.microsoft.com/office/infopath/2003/dataFormSolution" xmlns:dms="http://schemas.microsoft.com/office/2009/documentManagement/types" xmlns:xd="http://schemas.microsoft.com/office/infopath/2003" xmlns:xhtml="http://www.w3.org/1999/xhtml">
    <my:Title>Ginkgo special extract EGb 761 in tinnitus therapy: an overview of results of completed clinical trials</my:Title>
    <my:URL>http://www.ncbi.nlm.nih.gov/entrez/query.fcgi?db=pubmed&cmd=Retrieve&dopt=AbstractPlus&list_uids=11217680&query_hl=9&itool=pubmed_docsum</my:URL>
    <my:Publisher>Urban und Vogel, Medien- und Medizin Verlagsgesellschaft</my:Publisher>
    <my:AdditionalContributors />
    <my:GeographicalAreas />
    <my:PublicationType>Review</my:PublicationType>
    <my:Description>
      <html xmlns="http://www.w3.org/1999/xhtml" xml:space="preserve">
        <p><strong>Citation</strong></p>
<p>Holstein N. Ginkgo special extract EGb 761 in tinnitus therapy. An overview of results of completed clinical trials. [Ginkgo-Spezialextrakt EGb 761 in der Tinnitus-Therapie: eine Ubersicht uber die Ergebnisse der durchgefuhrten klinischen Prufungen]. Fortschritte der Medizin. 2001, 118(4):157-64. [Full text is in German]</p>
<p><strong>Authors' objectives</strong></p>
<p>To investigate the effects of tinnitus treatment with Ginkgo biloba special extract EGb 761.</p>
<p><strong>Authors' conclusions</strong></p>
<p>The results of eight controlled studies on tinnitus due to cerebrovascular insufficiency or labyrinthine disorders of varying genesis for the most part show a statistically significant superiority of treatment with the Ginkgo biloba special extract EGb 761 as compared with placebo or reference drugs applied of periods of one to three months. <strong></strong> </p>
       </html>
    </my:Description>
    <my:ResourceType>CARDEX</my:ResourceType>
    <my:Attachment xsi:nil="true" />
    <my:HasAttachment>false</my:HasAttachment>
    <my:Speciality>Complementary and Alternative Medicine</my:Speciality>
    <my:Keywords>COMPLEMENTARY AND ALTERNATIVE MEDICINE,HERBAL MEDICINE,CONDITIONS A-Z,GINKGO (GINKGO BILOBA),TINNITUS,CONDITIONS T-Z,NOVEMBER 2006,HERBS D-G,DATE ADDED</my:Keywords>
    <my:PublicationDate>2001-01-11T00:00:00</my:PublicationDate>
  </my:myFields>