<?mso-infoPathSolution name="urn:schemas-microsoft-com:office:infopath:ResourceForm:-myXSD-2010-08-09T08-39-43" solutionVersion="1.0.0.68" productVersion="14.0.0.0" PIVersion="1.0.0.0" href="http://localhost:8081/FormServerTemplates/ARMSResourceForm.xsn"?>
  <?mso-application progid="InfoPath.Document" versionProgid="InfoPath.Document.3"?>
  <?mso-infoPath-file-attachment-present ?>
  <my:myFields xmlns:my="http://schemas.microsoft.com/office/infopath/2003/myXSD/2010-08-09T08:39:43" xmlns:xsi="http://www.w3.org/2001/XMLSchema-instance" xmlns:pc="http://schemas.microsoft.com/office/infopath/2007/PartnerControls" xmlns:ma="http://schemas.microsoft.com/office/2009/metadata/properties/metaAttributes" xmlns:d="http://schemas.microsoft.com/office/infopath/2009/WSSList/dataFields" xmlns:q="http://schemas.microsoft.com/office/infopath/2009/WSSList/queryFields" xmlns:dfs="http://schemas.microsoft.com/office/infopath/2003/dataFormSolution" xmlns:dms="http://schemas.microsoft.com/office/2009/documentManagement/types" xmlns:xd="http://schemas.microsoft.com/office/infopath/2003" xmlns:xhtml="http://www.w3.org/1999/xhtml">
    <my:Title>Chinese medicinal herbs for vaginal bleeding of medical abortion (Cochrane protocol)</my:Title>
    <my:URL>http://www.mrw.interscience.wiley.com/cochrane/clsysrev/articles/CD006357/frame.html</my:URL>
    <my:Publisher>John Wiley & Sons, Ltd</my:Publisher>
    <my:AdditionalContributors />
    <my:GeographicalAreas />
    <my:PublicationType>Systematic Review</my:PublicationType>
    <my:Description>
      <html xmlns="http://www.w3.org/1999/xhtml" xml:space="preserve">
        <i>
<p>This is the protocol for a Cochrane systematic review. This record will be updated when the review has been completed.</p></i>
<p><strong>Citation</strong></p>
<p>Yan Z, Gang C, Cheng L, Wu S, Zhang M. Chinese medicinal herbs for vaginal bleeding of medical abortion. (Protocol) <i>Cochrane Database of Systematic Reviews</i> 2007, Issue 1. Art. No.: CD006357. DOI: 10.1002/14651858.CD006357. </p>
<p><strong><strong>Authors'</strong> objectives</strong></p>
<p>This review will evaluate the possible effectiveness and safety of Chinese medicinal herbs (CMH) to prevent abnormal bleeding after medical abortion. CMH is compared to placebo, no intervention or general non-specific treatment (such as vitamin) or haemostatic drugs.<br /></p>
       </html>
    </my:Description>
    <my:ResourceType>CARDEX</my:ResourceType>
    <my:Attachment xsi:nil="true" />
    <my:HasAttachment>false</my:HasAttachment>
    <my:Speciality>Complementary and Alternative Medicine</my:Speciality>
    <my:Keywords>COMPLEMENTARY AND ALTERNATIVE MEDICINE,TRADITIONAL CHINESE MEDICINE (TCM),CONDITIONS F-H,HERBAL MEDICINE,OTHER THERAPIES OR MEDICAL SYSTEMS,CONDITIONS A-Z,CAM GENERAL,DATE ADDED,MARCH 2007,HAEMORRHAGE,RESEARCH</my:Keywords>
    <my:PublicationDate>2007-01-24T00:00:00</my:PublicationDate>
  </my:myFields>