<?mso-infoPathSolution name="urn:schemas-microsoft-com:office:infopath:ResourceForm:-myXSD-2010-08-09T08-39-43" solutionVersion="1.0.0.68" productVersion="14.0.0.0" PIVersion="1.0.0.0" href="http://localhost:8081/FormServerTemplates/ARMSResourceForm.xsn"?>
  <?mso-application progid="InfoPath.Document" versionProgid="InfoPath.Document.3"?>
  <?mso-infoPath-file-attachment-present ?>
  <my:myFields xmlns:my="http://schemas.microsoft.com/office/infopath/2003/myXSD/2010-08-09T08:39:43" xmlns:xsi="http://www.w3.org/2001/XMLSchema-instance" xmlns:pc="http://schemas.microsoft.com/office/infopath/2007/PartnerControls" xmlns:ma="http://schemas.microsoft.com/office/2009/metadata/properties/metaAttributes" xmlns:d="http://schemas.microsoft.com/office/infopath/2009/WSSList/dataFields" xmlns:q="http://schemas.microsoft.com/office/infopath/2009/WSSList/queryFields" xmlns:dfs="http://schemas.microsoft.com/office/infopath/2003/dataFormSolution" xmlns:dms="http://schemas.microsoft.com/office/2009/documentManagement/types" xmlns:xd="http://schemas.microsoft.com/office/infopath/2003" xmlns:xhtml="http://www.w3.org/1999/xhtml">
    <my:Title>Acupuncture for drug use disorders</my:Title>
    <my:URL>http://www.library.nhs.uk//cam/ViewResource.aspx?resID=259829</my:URL>
    <my:Publisher>CAM Specialist Library</my:Publisher>
    <my:AdditionalContributors />
    <my:GeographicalAreas />
    <my:PublicationType>Review</my:PublicationType>
    <my:Description>
      <html xmlns="http://www.w3.org/1999/xhtml" xml:space="preserve">
        111-1Acupuncture for drug use disorders<p><strong>Acupuncture Evidence Update April 2007</strong></p>
<p>The following relevant studies on this topic have been published since 1 January 2006.</p><br /><p><em>These studies have met our selection criteria but have not been fully appraised by the CAM SL. Where there is an appraisal available we have linked to it. If there is no appraisal and you wish to appraise the selected studies here is a </em><a href="http://www.phru.nhs.uk/casp/critical_appraisal_tools.htm"><em>link to a list of appraisal tools</em></a><em>.</em></p><br /><p>Gates S, Smith LA, Foxcroft DR. Auricular acupuncture for cocaine dependence. Cochrane Database of Systematic Reviews 2006, Issue 1. Art. No.: CD005192. DOI: 10.1002/14651858.CD005192.pub2. [<a href="http://www.mrw.interscience.wiley.com/cochrane/clsysrev/articles/CD005192/frame.html">Full text</a>]</p><br /><p>Jordan JB. Acupuncture treatment for opiate addiction: a systematic review. Journal of Substance Abuse Treatment. 2006, 30(4):309-14. [<a href="http://www.ncbi.nlm.nih.gov/entrez/query.fcgi?cmd=Retrieve&amp;db=pubmed&amp;dopt=Citation&amp;list_uids=16716845">PubMed abstract]</a> </p><br /><p>White A, Moody R. The effects of auricular acupuncture on smoking cessation may not depend on the point chosen - an exploratory meta-analysis. Acupuncture in Medicine. 2006, 24(4):149-56. [<a href="http://www.ncbi.nlm.nih.gov/entrez/query.fcgi?cmd=Retrieve&amp;db=pubmed&amp;dopt=Citation&amp;list_uids=17264832">PubMed abstract</a>] [<a href="http://www.acupunctureinmedicine.org.uk/servearticle.php?artid=586">Full text</a>]</p><br /><p>White AR, Rampes H, Campbell JL. Acupuncture and related interventions for smoking cessation. Cochrane Database of Systematic Reviews 2006, Issue 1. Art. No.: CD000009. DOI: 10.1002/14651858.CD000009.pub2. [<a href="http://www.mrw.interscience.wiley.com/cochrane/clsysrev/articles/CD000009/frame.html">Full text</a>] </p>
<p> <br /></p>
       </html>
    </my:Description>
    <my:ResourceType>Article</my:ResourceType>
    <my:Attachment xsi:nil="true" />
    <my:HasAttachment>false</my:HasAttachment>
    <my:Speciality>Complementary and Alternative Medicine</my:Speciality>
    <my:Keywords>ACUPUNCTURE,COMPLEMENTARY AND ALTERNATIVE MEDICINE,CONDITIONS S,CONDITIONS A-Z,CONDITIONS D-E,SMOKING CESSATION,DRUG USE DISORDERS,APRIL 2007,DATE ADDED</my:Keywords>
    <my:PublicationDate>2007-04-20T00:00:00</my:PublicationDate>
  </my:myFields>