<?mso-infoPathSolution name="urn:schemas-microsoft-com:office:infopath:ResourceForm:-myXSD-2010-08-09T08-39-43" solutionVersion="1.0.0.68" productVersion="14.0.0.0" PIVersion="1.0.0.0" href="http://localhost:8081/FormServerTemplates/ARMSResourceForm.xsn"?>
  <?mso-application progid="InfoPath.Document" versionProgid="InfoPath.Document.3"?>
  <?mso-infoPath-file-attachment-present ?>
  <my:myFields xmlns:my="http://schemas.microsoft.com/office/infopath/2003/myXSD/2010-08-09T08:39:43" xmlns:xsi="http://www.w3.org/2001/XMLSchema-instance" xmlns:pc="http://schemas.microsoft.com/office/infopath/2007/PartnerControls" xmlns:ma="http://schemas.microsoft.com/office/2009/metadata/properties/metaAttributes" xmlns:d="http://schemas.microsoft.com/office/infopath/2009/WSSList/dataFields" xmlns:q="http://schemas.microsoft.com/office/infopath/2009/WSSList/queryFields" xmlns:dfs="http://schemas.microsoft.com/office/infopath/2003/dataFormSolution" xmlns:dms="http://schemas.microsoft.com/office/2009/documentManagement/types" xmlns:xd="http://schemas.microsoft.com/office/infopath/2003" xmlns:xhtml="http://www.w3.org/1999/xhtml">
    <my:Title>Acupuncture for epilepsy</my:Title>
    <my:URL>http://www.library.nhs.uk//cam/ViewResource.aspx?resID=259881</my:URL>
    <my:Publisher>CAM Specialist Library</my:Publisher>
    <my:AdditionalContributors />
    <my:GeographicalAreas />
    <my:PublicationType>Review</my:PublicationType>
    <my:Description>
      <html xmlns="http://www.w3.org/1999/xhtml" xml:space="preserve">
        111-1Acupuncture for epilepsy<p><strong>Acupuncture Evidence Update April 2007</strong></p>
<p>The following relevant studies on this topic have been published since 1 January 2006. </p><br /><p><em>These studies have met our selection criteria <em>but have not been fully appraised by the CAM SL</em>. Where there is an appraisal available we have linked to it. If there is no appraisal and you wish to appraise the selected studies here is a </em><a href="http://www.phru.nhs.uk/casp/critical_appraisal_tools.htm"><em>link to a list of appraisal tools</em></a><em>.</em></p>
<p><em></em> </p>
<p>Cheuk DKL, Wong V. Acupuncture for epilepsy. <i>Cochrane Database of Systematic Reviews</i> 2006, Issue 2. Art. No.: CD005062. DOI: 10.1002/14651858.CD005062.pub2. [<a href="http://www.mrw.interscience.wiley.com/cochrane/clsysrev/articles/CD005062/frame.html">Full text</a>]</p>
       </html>
    </my:Description>
    <my:ResourceType>Article</my:ResourceType>
    <my:Attachment xsi:nil="true" />
    <my:HasAttachment>false</my:HasAttachment>
    <my:Speciality>Complementary and Alternative Medicine</my:Speciality>
    <my:Keywords>ACUPUNCTURE,COMPLEMENTARY AND ALTERNATIVE MEDICINE,CONDITIONS A-Z,EPILEPSY,CONDITIONS D-E,APRIL 2007,DATE ADDED</my:Keywords>
    <my:PublicationDate>2007-04-20T00:00:00</my:PublicationDate>
  </my:myFields>