<?mso-infoPathSolution name="urn:schemas-microsoft-com:office:infopath:ResourceForm:-myXSD-2010-08-09T08-39-43" solutionVersion="1.0.0.68" productVersion="14.0.0.0" PIVersion="1.0.0.0" href="http://localhost:8081/FormServerTemplates/ARMSResourceForm.xsn"?>
  <?mso-application progid="InfoPath.Document" versionProgid="InfoPath.Document.3"?>
  <?mso-infoPath-file-attachment-present ?>
  <my:myFields xmlns:my="http://schemas.microsoft.com/office/infopath/2003/myXSD/2010-08-09T08:39:43" xmlns:xsi="http://www.w3.org/2001/XMLSchema-instance" xmlns:pc="http://schemas.microsoft.com/office/infopath/2007/PartnerControls" xmlns:ma="http://schemas.microsoft.com/office/2009/metadata/properties/metaAttributes" xmlns:d="http://schemas.microsoft.com/office/infopath/2009/WSSList/dataFields" xmlns:q="http://schemas.microsoft.com/office/infopath/2009/WSSList/queryFields" xmlns:dfs="http://schemas.microsoft.com/office/infopath/2003/dataFormSolution" xmlns:dms="http://schemas.microsoft.com/office/2009/documentManagement/types" xmlns:xd="http://schemas.microsoft.com/office/infopath/2003" xmlns:xhtml="http://www.w3.org/1999/xhtml">
    <my:Title>Homeopathic medicines</my:Title>
    <my:URL>http://www.mhra.gov.uk/Howweregulate/Medicines/Homeopathicmedicines/index.htm</my:URL>
    <my:Publisher>Medicines and Healthcare products Regulatory Agency (MHRA)</my:Publisher>
    <my:AdditionalContributors />
    <my:GeographicalAreas />
    <my:PublicationType>Reference Material</my:PublicationType>
    <my:Description>
      <html xmlns="http://www.w3.org/1999/xhtml" xml:space="preserve">
        <p><em>The </em><a href="http://www.mhra.gov.uk/"><em>Medicines and Healthcare products Regulatory Agency (MHRA) </em></a><em>is the government agency which is responsible for ensuring that medicines and medical devices work, and are acceptably safe.</em></p>
<p>This section from the MHRA website outlines the regulatory procedures applicable to homeopathic medicines. It describes the regulatory schemes that are currently used and provides links to guidance notes, application forms and relevant publications.</p>
<p> </p>
<p> </p>
       </html>
    </my:Description>
    <my:ResourceType>CARDEX</my:ResourceType>
    <my:Attachment xsi:nil="true" />
    <my:HasAttachment>false</my:HasAttachment>
    <my:Speciality>Complementary and Alternative Medicine</my:Speciality>
    <my:Keywords>COMPLEMENTARY AND ALTERNATIVE MEDICINE,HOMEOPATHY,CAM GENERAL,MAY 2007,DATE ADDED,REGULATION,2007</my:Keywords>
    <my:PublicationDate>2006-10-05T00:00:00</my:PublicationDate>
  </my:myFields>