<?mso-infoPathSolution name="urn:schemas-microsoft-com:office:infopath:ResourceForm:-myXSD-2010-08-09T08-39-43" solutionVersion="1.0.0.68" productVersion="14.0.0.0" PIVersion="1.0.0.0" href="http://localhost:8081/FormServerTemplates/ARMSResourceForm.xsn"?>
  <?mso-application progid="InfoPath.Document" versionProgid="InfoPath.Document.3"?>
  <?mso-infoPath-file-attachment-present ?>
  <my:myFields xmlns:my="http://schemas.microsoft.com/office/infopath/2003/myXSD/2010-08-09T08:39:43" xmlns:xsi="http://www.w3.org/2001/XMLSchema-instance" xmlns:pc="http://schemas.microsoft.com/office/infopath/2007/PartnerControls" xmlns:ma="http://schemas.microsoft.com/office/2009/metadata/properties/metaAttributes" xmlns:d="http://schemas.microsoft.com/office/infopath/2009/WSSList/dataFields" xmlns:q="http://schemas.microsoft.com/office/infopath/2009/WSSList/queryFields" xmlns:dfs="http://schemas.microsoft.com/office/infopath/2003/dataFormSolution" xmlns:dms="http://schemas.microsoft.com/office/2009/documentManagement/types" xmlns:xd="http://schemas.microsoft.com/office/infopath/2003" xmlns:xhtml="http://www.w3.org/1999/xhtml">
    <my:Title>Complementary and alternative medicine use in lung cancer patients in eight European countries</my:Title>
    <my:URL>http://www.ncbi.nlm.nih.gov/entrez/query.fcgi?cmd=Retrieve&db=pubmed&dopt=Citation&list_uids=16401528</my:URL>
    <my:Publisher>Elsevier</my:Publisher>
    <my:AdditionalContributors />
    <my:GeographicalAreas />
    <my:PublicationType>Report</my:PublicationType>
    <my:Description>
      <html xmlns="http://www.w3.org/1999/xhtml" xml:space="preserve">
        <p><strong>Citation</strong></p>
<p>Molassiotis A, Panteli V, Patiraki E, Ozden G, Platin N, Madsen E, et al. Complementary and alternative medicine use in lung cancer patients in eight European countries. Complementary Therapies in Clinical Practice. 2006, 12(1):34-9.</p>
<p><strong>Authors' objectives</strong></p>
<p>To carry out a cross-sectional survey about the use of complementary and alternative medicine (CAM) in patients with lung cancer in 8 countries in Europe.</p>
<p><strong>Authors' conclusions</strong></p>
<p>As CAM is increasingly used by patients with lung cancer, it is important to be able to assist patients make an appropriate decision by discussing the issue of CAM openly, providing reassurance and communicating safe and appropriate information to patients.<br /></p>
       </html>
    </my:Description>
    <my:ResourceType>CARDEX</my:ResourceType>
    <my:Attachment xsi:nil="true" />
    <my:HasAttachment>false</my:HasAttachment>
    <my:Speciality>Complementary and Alternative Medicine</my:Speciality>
    <my:Keywords>COMPLEMENTARY AND ALTERNATIVE MEDICINE,CAM GENERAL,CONDITIONS I-L,CONDITIONS C,CANCER,LUNG CANCER,CONDITIONS A-Z,MAY 2007,USE OF CAM,DATE ADDED</my:Keywords>
    <my:PublicationDate>2006-02-01T00:00:00</my:PublicationDate>
  </my:myFields>