<?mso-infoPathSolution name="urn:schemas-microsoft-com:office:infopath:ResourceForm:-myXSD-2010-08-09T08-39-43" solutionVersion="1.0.0.68" productVersion="14.0.0.0" PIVersion="1.0.0.0" href="http://localhost:8081/FormServerTemplates/ARMSResourceForm.xsn"?>
  <?mso-application progid="InfoPath.Document" versionProgid="InfoPath.Document.3"?>
  <?mso-infoPath-file-attachment-present ?>
  <my:myFields xmlns:my="http://schemas.microsoft.com/office/infopath/2003/myXSD/2010-08-09T08:39:43" xmlns:xsi="http://www.w3.org/2001/XMLSchema-instance" xmlns:pc="http://schemas.microsoft.com/office/infopath/2007/PartnerControls" xmlns:ma="http://schemas.microsoft.com/office/2009/metadata/properties/metaAttributes" xmlns:d="http://schemas.microsoft.com/office/infopath/2009/WSSList/dataFields" xmlns:q="http://schemas.microsoft.com/office/infopath/2009/WSSList/queryFields" xmlns:dfs="http://schemas.microsoft.com/office/infopath/2003/dataFormSolution" xmlns:dms="http://schemas.microsoft.com/office/2009/documentManagement/types" xmlns:xd="http://schemas.microsoft.com/office/infopath/2003" xmlns:xhtml="http://www.w3.org/1999/xhtml">
    <my:Title>Adapting Complementary Therapies for Supportive & Cancer Care Workshop, Study Days & Conferences</my:Title>
    <my:URL>http://www.christie.nhs.uk/pro/cs/comp/training.aspx</my:URL>
    <my:Publisher>Christie Hospital, NHS Foundation Trust</my:Publisher>
    <my:AdditionalContributors />
    <my:GeographicalAreas />
    <my:PublicationType>Learning Material%2fcourseware</my:PublicationType>
    <my:Description>
      <html xmlns="http://www.w3.org/1999/xhtml" xml:space="preserve">
        <p>The aim of the Complementary Therapy service provided by the Christie Hospital, NHS Foundation Trust in Manchester is to support patients and their carers through all stages of a cancer diagnosis. </p>
<p>This website provides information about future courses, workshops and conferences organised by the Integrative Therapies Training Unit on a range of complementary therapies such as aromatherapy, massage, reflexology and therapeutic touch.</p>
<p>For more information and links to course descriptions and schedule for 2008-2010 see <a href="http://www.christie.nhs.uk/pro/cs/comp/default.aspx">Complementary Therapy Services pages</a>.</p>
       </html>
    </my:Description>
    <my:ResourceType>CARDEX</my:ResourceType>
    <my:Attachment xsi:nil="true" />
    <my:HasAttachment>false</my:HasAttachment>
    <my:Speciality>Complementary and Alternative Medicine</my:Speciality>
    <my:Keywords>COMPLEMENTARY AND ALTERNATIVE MEDICINE,AROMATHERAPY,CONDITIONS A-Z,HYPNOSIS,REFLEXOLOGY,MASSAGE,OTHER THERAPIES OR MEDICAL SYSTEMS,CONDITIONS C,CANCER,THERAPEUTIC TOUCH,RELAXATION TECHNIQUES,CAM GENERAL,DATE ADDED,EDUCATION/CPD,MAY 2007</my:Keywords>
    <my:PublicationDate>2007-05-02T00:00:00</my:PublicationDate>
  </my:myFields>