<?mso-infoPathSolution name="urn:schemas-microsoft-com:office:infopath:ResourceForm:-myXSD-2010-08-09T08-39-43" solutionVersion="1.0.0.68" productVersion="14.0.0.0" PIVersion="1.0.0.0" href="http://localhost:8081/FormServerTemplates/ARMSResourceForm.xsn"?>
  <?mso-application progid="InfoPath.Document" versionProgid="InfoPath.Document.3"?>
  <?mso-infoPath-file-attachment-present ?>
  <my:myFields xmlns:my="http://schemas.microsoft.com/office/infopath/2003/myXSD/2010-08-09T08:39:43" xmlns:xsi="http://www.w3.org/2001/XMLSchema-instance" xmlns:pc="http://schemas.microsoft.com/office/infopath/2007/PartnerControls" xmlns:ma="http://schemas.microsoft.com/office/2009/metadata/properties/metaAttributes" xmlns:d="http://schemas.microsoft.com/office/infopath/2009/WSSList/dataFields" xmlns:q="http://schemas.microsoft.com/office/infopath/2009/WSSList/queryFields" xmlns:dfs="http://schemas.microsoft.com/office/infopath/2003/dataFormSolution" xmlns:dms="http://schemas.microsoft.com/office/2009/documentManagement/types" xmlns:xd="http://schemas.microsoft.com/office/infopath/2003" xmlns:xhtml="http://www.w3.org/1999/xhtml">
    <my:Title>Complementary therapy use by patients and parents of children with asthma and the implications for NHS care: a qualitative study</my:Title>
    <my:URL>http://www.biomedcentral.com/1472-6963/6/76</my:URL>
    <my:Publisher>BioMed Central</my:Publisher>
    <my:AdditionalContributors />
    <my:GeographicalAreas />
    <my:PublicationType>Qualitative Study</my:PublicationType>
    <my:Description>
      <html xmlns="http://www.w3.org/1999/xhtml" xml:space="preserve">
        <p><strong>Citation</strong></p>
<p>Shaw A, Thompson EA, Sharp D. Complementary therapy use by patients and parents of children with asthma and the implications for NHS care: a qualitative study. BMC Health Services Research. 2006, 6:76.  </p>
<p><strong>Authors' objectives</strong></p>
<p>Patients are increasingly using complementary therapies, often for chronic conditions. Asthma is the most common chronic condition in the UK. Previous research indicates that some asthma patients experience gaps in their NHS care. However, little attention has been given to how and why patients and parents of children with asthma use complementary therapies and the implications for NHS care.</p>
<p><strong>Authors' conclusions</strong></p>
<p>Complementary therapy use reflects patients' and parents' underlying desire for greater self-care and need of opportunities to address some of their concerns regarding NHS asthma care. Self-management of chronic conditions is increasingly promoted within the NHS but with little attention to complementary therapy use as one strategy being used by patients and parents. With their desire for self-help, complementary therapy users are in many ways adopting the healthcare personas that current policies aim to encourage.</p>
<p> </p>
       </html>
    </my:Description>
    <my:ResourceType>CARDEX</my:ResourceType>
    <my:Attachment xsi:nil="true" />
    <my:HasAttachment>false</my:HasAttachment>
    <my:Speciality>Complementary and Alternative Medicine</my:Speciality>
    <my:Keywords>COMPLEMENTARY AND ALTERNATIVE MEDICINE,CAM GENERAL,CONDITIONS A-B,CONDITIONS A-Z,ASTHMA,MAY 2007,USE OF CAM,DATE ADDED</my:Keywords>
    <my:PublicationDate>2006-06-15T00:00:00</my:PublicationDate>
  </my:myFields>