<?mso-infoPathSolution name="urn:schemas-microsoft-com:office:infopath:ResourceForm:-myXSD-2010-08-09T08-39-43" solutionVersion="1.0.0.68" productVersion="14.0.0.0" PIVersion="1.0.0.0" href="http://localhost:8081/FormServerTemplates/ARMSResourceForm.xsn"?>
  <?mso-application progid="InfoPath.Document" versionProgid="InfoPath.Document.3"?>
  <?mso-infoPath-file-attachment-present ?>
  <my:myFields xmlns:my="http://schemas.microsoft.com/office/infopath/2003/myXSD/2010-08-09T08:39:43" xmlns:xsi="http://www.w3.org/2001/XMLSchema-instance" xmlns:pc="http://schemas.microsoft.com/office/infopath/2007/PartnerControls" xmlns:ma="http://schemas.microsoft.com/office/2009/metadata/properties/metaAttributes" xmlns:d="http://schemas.microsoft.com/office/infopath/2009/WSSList/dataFields" xmlns:q="http://schemas.microsoft.com/office/infopath/2009/WSSList/queryFields" xmlns:dfs="http://schemas.microsoft.com/office/infopath/2003/dataFormSolution" xmlns:dms="http://schemas.microsoft.com/office/2009/documentManagement/types" xmlns:xd="http://schemas.microsoft.com/office/infopath/2003" xmlns:xhtml="http://www.w3.org/1999/xhtml">
    <my:Title>Is homeopathy useful for the treatment of people with mental health concerns?</my:Title>
    <my:URL>http://www.library.nhs.uk//cam/ViewResource.aspx?resID=262013</my:URL>
    <my:Publisher>CAM Specialist Library</my:Publisher>
    <my:AdditionalContributors />
    <my:GeographicalAreas />
    <my:PublicationType>Editorial Or Opinion Piece</my:PublicationType>
    <my:Description>
      <html xmlns="http://www.w3.org/1999/xhtml" xml:space="preserve">
        111-1Is homeopathy useful for the treatment of people with mental health concerns?<p><strong>Homeopathy National Knowledge Week, 11-15 June 2007</strong></p>
<p>Kate Chatfield, University of Central Lancashire </p><br /><p>There is much detailed information in the homeopathic literature to suggest that patients with a broad spectrum of mental health concerns seek homeopathic treatment but there is currently no available data to indicate the full range of conditions that are treated and how commonly they are seen. It is apparent however that many patients seek help for depression and a recent outcome study<sup>1</sup> at the Bristol Homeopathic Hospital demonstrated that this is one of the 10 most commonly referred diagnoses. In addition a survey of homeopathic general practitioners in France demonstrated that stress and anxiety was one of the most common reasons for seeking treatment.<sup>2</sup>  Research to date has primarily focused upon the treatment of these two forms of mental health concerns, depression and anxiety disorders.</p><br /><p>For the purpose of this summary a search was carried out to find research data published between 2001 and April 2007 on the use of homeopathy in the treatment of people with mental health concerns. Recent systematic reviews of the research evidence for homeopathy in the treatment of anxiety<sup>3</sup> and in the treatment of depression<sup>4</sup>  were found that comprehensively examined available data both controlled and uncontrolled and these reviews are summarised below.</p><br /><p>Whilst there has been an additional recent review of the evidence base for all CAM therapies in depression<sup>5</sup> this review includes only one RCT in homeopathy which is also included in the systematic review by Pilkington et al.<sup>4</sup>.</p><br /><p>One further review that falls into the category of mental health was discovered, a Cochrane review of the evidence for homeopathy in the treatment of dementia.<sup>6</sup>  No studies identified by the reviewers fulfilled criteria for inclusion and as such the conclusion was drawn that there is no evidence that homeopathy is effective in treating dementia.</p><br /><strong>Anxiety</strong> 
<p>The main focus of the review by Pilkington et al.<sup>3 </sup>was evidence from controlled studies and in total eight randomised controlled trials were identified. Other evidence included four uncontrolled studies, one pragmatic outcome study, many single case reports and a number of survey or patient outcome studies. </p><br /><p>The total amount of available evidence proved difficult to interpret primarily because of the heterogeneity of diagnoses and patient groups, different types of homeopathy used in treatment, and weaknesses in methodology and reporting.</p>
<p><br />Several uncontrolled and observational studies demonstrated positive results which included high levels of patient satisfaction but the lack of control groups for comparison connotes that the beneficial outcomes in these studies cannot be assumed to be causally related to the homeopathy. </p>
<p><br />Results from the randomised controlled studies are inconclusive as some reported contradictory results, were underpowered or provided insufficient details about methodology. </p>
<p><br />The authors concluded that it is not possible to draw firm conclusions on the efficacy or effectiveness of homeopathy for anxiety but that further pragmatic research is called for. </p><br /><p><strong>Depression</strong></p>
<p>The same authors had previously reviewed the research evidence for the homeopathic treatment of depression.<sup>5</sup> The number of randomised controlled trials found for depression was only two, and one of these was a feasibility study. Other evidence included four uncontrolled studies, one observational survey-based study, one multivariate analysis, over fifty single case studies and a number of surveys and patient outcome studies. </p><br /><p>Similarly this evidence had proved difficult to interpret in part due to the lack of high quality trials but also because of the number of different types of homeopathy that were used. Several uncontrolled and observational studies reported positive results including high levels of patient satisfaction but again cannot be assumed to be due to the homeopathy because of lack of control group.  The authors note that recruitment of patients in primary care for randomised controlled trials has proved to be a problem where such studies have been attempted.</p><br /><p>The final conclusion offered by the authors is that evidence for the effectiveness of homeopathy in depression is limited due to lack of clinical trials of high quality and that further research is necessary with sufficient numbers of participants. </p><br /><p><b>Conclusion</b> 
</p><p>Homeopathy research in mental health is scarce and primarily limited to the categories of depression and anxiety disorders.  Outcome studies repeatedly demonstrate positive results and high levels of patient satisfaction for the treatment of both anxiety disorders and depression. However the evidence base suffers from a lack of high quality research in spite of the well documented fact that mental health concerns are one of the most commonly stated reasons for seeking homeopathic treatment.  </p><br /><p><strong>References</strong></p><strong></strong>
<p>1. Spence DS, Thompson EA, Barron SJ. Homeopathic treatment for chronic disease: a 6-year, university-hospital outpatient observational study. Journal of Alternative and Complementary Medicine. 2005, 11(5):793-8. [<a href="http://www.ncbi.nlm.nih.gov/sites/entrez?Db=pubmed&amp;Cmd=ShowDetailView&amp;TermToSearch=16296912&amp;ordinalpos=3&amp;itool=EntrezSystem2.PEntrez.Pubmed.Pubmed_ResultsPanel.Pubmed_RVDocSum">PubMed abstract</a>]</p><br /><p>2. Trichard M, Lamure E, Chaufferin G. Study of the practice of homeopathic general practitioners in France. Homeopathy. 2003, 92(3):135-9. [<a href="http://www.ncbi.nlm.nih.gov/sites/entrez?Db=pubmed&amp;Cmd=ShowDetailView&amp;TermToSearch=12884895&amp;ordinalpos=2&amp;itool=EntrezSystem2.PEntrez.Pubmed.Pubmed_ResultsPanel.Pubmed_RVDocSum">PubMed abstract</a>]</p><br /><p>3. Pilkington K, Kirkwood G, Rampes H, Fisher P, Richardson J. Homeopathy for anxiety and anxiety disorders: a systematic review of the research. Homeopathy 2006, 95(3):151-62. [<a href="http://www.ncbi.nlm.nih.gov/sites/entrez?cmd=Retrieve&amp;db=pubmed&amp;dopt=Citation&amp;list_uids=16815519">PubMed abstract</a>] </p><br /><p>4. Pilkington K, Kirkwood G, Rampes H, Fisher P, Richardson J. Homeopathy for depression: a systematic review of the research evidence. Homeopathy. 2005, 94:153-63. [<a href="http://www.ncbi.nlm.nih.gov/sites/entrez?cmd=Retrieve&amp;db=pubmed&amp;dopt=Citation&amp;list_uids=16060201">PubMed abstract</a>] [<a href="http://www.crd.york.ac.uk/crdweb/ShowRecord.asp?View=Full&amp;ID=12005004392">DARE appraisal</a>]   </p><br /><p>5. Thachil AF, Mohan R, Bhugra D. The evidence base of complementary and alternative therapies in depression. Journal of Affective Disorders. 2007,  97(1-3):23-35. [<a href="http://www.ncbi.nlm.nih.gov/sites/entrez?cmd=Retrieve&amp;db=pubmed&amp;dopt=Citation&amp;list_uids=16926053">PubMed abstract</a>]  </p><br /><p>6. McCarney R, Warner J, Fisher P, van HR. Homeopathy for dementia. Cochrane Database of Systematic Reviews: Reviews 2003 Issue 1 John Wiley &amp; Sons, Ltd Chichester, UK DOI : 10 1002 /14651858 CD003803 2003. [<a href="http://www.mrw.interscience.wiley.com/cochrane/clsysrev/articles/CD003803/frame.html">Full text</a>]  </p>
<p><br /> </p>
       </html>
    </my:Description>
    <my:ResourceType>Article</my:ResourceType>
    <my:Attachment xsi:nil="true" />
    <my:HasAttachment>false</my:HasAttachment>
    <my:Speciality>Complementary and Alternative Medicine</my:Speciality>
    <my:Keywords>COMPLEMENTARY AND ALTERNATIVE MEDICINE,HOMEOPATHY,ANXIETY DISORDERS,DEMENTIA,ANXIETY,CONDITIONS A-B,CONDITIONS D-E,CONDITIONS A-Z,DEPRESSION,JUNE 2007,DATE ADDED,2007</my:Keywords>
    <my:PublicationDate>2007-06-08T00:00:00</my:PublicationDate>
  </my:myFields>