<?mso-infoPathSolution name="urn:schemas-microsoft-com:office:infopath:ResourceForm:-myXSD-2010-08-09T08-39-43" solutionVersion="1.0.0.68" productVersion="14.0.0.0" PIVersion="1.0.0.0" href="http://localhost:8081/FormServerTemplates/ARMSResourceForm.xsn"?>
  <?mso-application progid="InfoPath.Document" versionProgid="InfoPath.Document.3"?>
  <?mso-infoPath-file-attachment-present ?>
  <my:myFields xmlns:my="http://schemas.microsoft.com/office/infopath/2003/myXSD/2010-08-09T08:39:43" xmlns:xsi="http://www.w3.org/2001/XMLSchema-instance" xmlns:pc="http://schemas.microsoft.com/office/infopath/2007/PartnerControls" xmlns:ma="http://schemas.microsoft.com/office/2009/metadata/properties/metaAttributes" xmlns:d="http://schemas.microsoft.com/office/infopath/2009/WSSList/dataFields" xmlns:q="http://schemas.microsoft.com/office/infopath/2009/WSSList/queryFields" xmlns:dfs="http://schemas.microsoft.com/office/infopath/2003/dataFormSolution" xmlns:dms="http://schemas.microsoft.com/office/2009/documentManagement/types" xmlns:xd="http://schemas.microsoft.com/office/infopath/2003" xmlns:xhtml="http://www.w3.org/1999/xhtml">
    <my:Title>Is homeopathy useful in the treatment of allergic, ENT and respiratory conditions?</my:Title>
    <my:URL>http://www.library.nhs.uk//cam/ViewResource.aspx?resID=262089</my:URL>
    <my:Publisher>CAM Specialist Library</my:Publisher>
    <my:AdditionalContributors />
    <my:GeographicalAreas />
    <my:PublicationType>Editorial Or Opinion Piece</my:PublicationType>
    <my:Description>
      <html xmlns="http://www.w3.org/1999/xhtml" xml:space="preserve">
        111-1Is homeopathy useful in the treatment of allergic, ENT and respiratory conditions?<p><strong>Homeopathy National Knowledge Week, 11-15 June 2007</strong></p>
<p>Dr Bob Leckridge, Glasgow Homeopathic Hospital</p><br /><p>There are a number of systematic reviews of the use of homeopathy in the treatment of allergic, ENT and respiratory conditions.<sup>1-7 </sup>Each review is of only a small number of individual trials, and within this small number there is considerable variation both in research methodology and in homeopathic treatment methodologies (classical, low potency, complex and isopathic prescribing). The field is also affected by conflicting results and lack of confirmatory studies. </p><br /><p>Despite this background there have been trials strongly suggestive of benefit in allergic oculorhinitis treated with Galphimia Glauca showing  statistically significant effects of remedy over placebo<sup>8</sup>, and for complex homeopathic medicines (containing several different homeopathic medicines)  for sinusitis<sup>9</sup> and rhinoconjunctivitis<sup>10</sup> and otitis treated classically. There is also evidence that an homeopathic complex is equally effective as standard treatment for vertigo.<sup>7</sup> Additonally, there is less strong evidence of benefit in the treatment of asthma and allergic disorders with classical homeopathy.<sup>3,6</sup> The use of isopathic treatment (ie treatment of the same with the same, eg homeopathic dilutions of pollen for hayfever) of allergic disorders has been shown over a series of four RCTs to be statistically superior to placebo.<sup>11</sup></p><br /><p>The overall conclusion at this point must be that there is insufficient evidence to judge whether or not homeopathy is useful in the treatment of allergic, ENT and respiratory conditions, and that more RCTs and observational studies of the whole homeopathic "package of care" are required. </p><br /><p>However, the evidence base so far includes clear evidence of superior effects of homeopathy over placebo in these conditions and of trends in favour of homeopathy over placebo. Finally, the real world study of the use of homeopathy “in the field” in the treatment of recurrent acute rhinopharyngitis<sup>12</sup> shows that including homeopathy produces superior medical effectiveness, less complications of the disease, a reduced number of consultations, improved quality of life and reduction in amount of parental leave from work.</p><br /><p><strong>References</strong></p><br /><p>1. Bellavite P, Ortolani R, Pontarollo F, Piasere V, Benato G, Conforti A. Immunology and homeopathy. 4. Clinical studies-part 2. Evidence-based Complementary and Alternative Medicine: eCAM. 2006, 3(4):397-409. [<a href="http://www.pubmedcentral.nih.gov/articlerender.fcgi?tool=pubmed&amp;pubmedid=17173103">Full text</a>]  </p><br /><p>2. Bellavite P, Ortolani R, Pontarollo F, Piasere V, Benato G, Conforti A. Immunology and homeopathy. 4. Clinical studies-part 1. Evidence-based Complementary and Alternative Medicine: eCAM. 2006, 3(3):293-301.  [<a href="http://www.pubmedcentral.nih.gov/articlerender.fcgi?tool=pubmed&amp;pubmedid=16951713">Full text</a>] </p><br /><p>3. Bornhoft G, Wolf U, Ammon K, Righetti M, Maxion-Bergemann S, Baumgartner S, et al. Effectiveness, safety and cost-effectiveness of homeopathy in general practice - summarized health technology assessment. Forschende Komplementärmedizin. 2006, 13 Suppl 2:19-29. [<a href="http://www.ncbi.nlm.nih.gov/sites/entrez?cmd=Retrieve&amp;db=pubmed&amp;dopt=Citation&amp;list_uids=16883077">PubMed abstract</a>]  </p><br /><p>4. Karkos PD, Leong SC, Arya AK, Papouliakos SM, Apostolidou MT, Issing WJ. 'Complementary ENT': a systematic review of commonly used supplements. Journal of Laryngology and Otology. 2006 Nov 24;1-4. [<a href="http://www.ncbi.nlm.nih.gov/sites/entrez?cmd=Retrieve&amp;db=pubmed&amp;dopt=Citation&amp;list_uids=17125579">PubMed abstract</a>]  </p><br /><p>5. McCarney RW, Linde K, Lasserson TJ. Homeopathy for chronic asthma. Cochrane Database of Systematic Reviews: Reviews 2004 Issue 1 John Wiley &amp; Sons, Ltd Chichester, UK DOI : 10 1002 /14651858 CD000353 pub2 2004. [<a href="http://www.mrw.interscience.wiley.com/cochrane/clsysrev/articles/CD000353/frame.html">Full text</a>]</p><br /><p>6. Passalacqua G, Bousquet PJ, Carlsen KH, Kemp J, Lockey RF, Niggemann B, et al. ARIA update: I--Systematic review of complementary and alternative medicine for rhinitis and asthma. Journal of Allergy and Clinical Immunology. 2006, 117(5):1054-62. [<a href="http://www.ncbi.nlm.nih.gov/sites/entrez?cmd=Retrieve&amp;db=pubmed&amp;dopt=Citation&amp;list_uids=16675332">PubMed abstract</a>]</p><br /><p>7. Schneider B, Klein P, Weiser M. Treatment of vertigo with a homeopathic complex remedy compared with usual treatments: a meta-analysis of clinical trials. Arzneimittel-Forschung. 2005, 55(1):23-9. [<a href="http://www.ncbi.nlm.nih.gov/sites/entrez?cmd=Retrieve&amp;db=pubmed&amp;dopt=Citation&amp;list_uids=15727161">PubMed abstract</a>] [<a href="http://www.library.nhs.uk/ent/ViewResource.aspx?resID=101859&amp;tabID=289">ENT &amp; Audiology Specialist Library</a>]  <br /></p><br /><p>8. Wiesenauer M, Gaus W. Double-blind trial comparing the effectiveness of the homeopathic preparation Galphimia potentiation D6, Galphimia dilution 10(-6) and placebo on pollinosis. Arzneimittel-Forschung. 1985;35(11):1745-7. [<a href="http://www.ncbi.nlm.nih.gov/sites/entrez?Db=pubmed&amp;Cmd=ShowDetailView&amp;TermToSearch=3911965&amp;ordinalpos=13&amp;itool=EntrezSystem2.PEntrez.Pubmed.Pubmed_ResultsPanel.Pubmed_RVDocSum">PubMed abstract</a>]<br /></p><br /><p>9. Weiser M, Clasen BP. Controlled double-blind study of a homoeopathic sinusitis medication. Biol Ther. 1994, 13:4–11.<br /></p><br /><p>10. Sprenger F. The therapy of rhinitis. Biol Ther. 1989, 7:60–3.</p><br /><p>11. Taylor MA, Reilly D, Llewellyn-Jones RH, McSharry C, Aitchison TC. Randomised controlled trial of homoeopathy versus placebo in perennial allergic rhinitis with overview of four trial series. BMJ. 2000 Aug 19-26;321(7259):471-6. Erratum in: BMJ 2000 Sep 23;321(7263):733. [<a href="http://www.bmj.com/cgi/content/full/321/7259/471">Full text</a>]</p><br /><p>12. Trichard M, Chaufferin G, Nicoloyannis N. Pharmacoeconomic comparison between homeopathic and antibiotic treatment strategies in recurrent acute rhinopharyngitis in children. Homeopathy. 2005, 94(1):3-9. [<a href="http://www.ncbi.nlm.nih.gov/sites/entrez?Db=pubmed&amp;Cmd=ShowDetailView&amp;TermToSearch=15751328&amp;ordinalpos=4&amp;itool=EntrezSystem2.PEntrez.Pubmed.Pubmed_ResultsPanel.Pubmed_RVDocSum">PubMed abstract</a>] [<a href="http://www.crd.york.ac.uk/CRDWeb/ShowRecord.asp?View=Full&amp;ID=22005000146">NHS EED structured abstract</a>]</p>
<p><br /> </p>
       </html>
    </my:Description>
    <my:ResourceType>Article</my:ResourceType>
    <my:Attachment xsi:nil="true" />
    <my:HasAttachment>false</my:HasAttachment>
    <my:Speciality>Complementary and Alternative Medicine</my:Speciality>
    <my:Keywords>HOMEOPATHY,COMPLEMENTARY AND ALTERNATIVE MEDICINE,DATE ADDED,JUNE 2007,2007</my:Keywords>
    <my:PublicationDate>2007-06-08T00:00:00</my:PublicationDate>
  </my:myFields>