<?mso-infoPathSolution name="urn:schemas-microsoft-com:office:infopath:ResourceForm:-myXSD-2010-08-09T08-39-43" solutionVersion="1.0.0.68" productVersion="14.0.0.0" PIVersion="1.0.0.0" href="http://localhost:8081/FormServerTemplates/ARMSResourceForm.xsn"?>
  <?mso-application progid="InfoPath.Document" versionProgid="InfoPath.Document.3"?>
  <?mso-infoPath-file-attachment-present ?>
  <my:myFields xmlns:my="http://schemas.microsoft.com/office/infopath/2003/myXSD/2010-08-09T08:39:43" xmlns:xsi="http://www.w3.org/2001/XMLSchema-instance" xmlns:pc="http://schemas.microsoft.com/office/infopath/2007/PartnerControls" xmlns:ma="http://schemas.microsoft.com/office/2009/metadata/properties/metaAttributes" xmlns:d="http://schemas.microsoft.com/office/infopath/2009/WSSList/dataFields" xmlns:q="http://schemas.microsoft.com/office/infopath/2009/WSSList/queryFields" xmlns:dfs="http://schemas.microsoft.com/office/infopath/2003/dataFormSolution" xmlns:dms="http://schemas.microsoft.com/office/2009/documentManagement/types" xmlns:xd="http://schemas.microsoft.com/office/infopath/2003" xmlns:xhtml="http://www.w3.org/1999/xhtml">
    <my:Title>Trends in access to complementary or alternative medicines via primary care in England: 1995-2001 results from a follow-up national survey</my:Title>
    <my:URL>http://fampra.oxfordjournals.org/cgi/content/full/20/5/575</my:URL>
    <my:Publisher>Oxford University Press</my:Publisher>
    <my:AdditionalContributors />
    <my:GeographicalAreas />
    <my:PublicationType>Report</my:PublicationType>
    <my:Description>
      <html xmlns="http://www.w3.org/1999/xhtml" xml:space="preserve">
        <p><strong>Citation</strong></p>
<p>Thomas KJ, Coleman P, Nicholl JP. Trends in access to complementary or alternative medicines via primary care in England: 1995-2001 results from a follow-up national survey. Family Practice. 2003, 20(5):575-7. </p>
<p><strong>Authors' objectives</strong></p>
<p>To assess the changes in the provision of CAM services in NHS primary care in England between 1995 and 2001. </p>
<p><strong>Authors' conclusions</strong></p>
<p>A prior national survey of one in eight randomly selected general practices in England estimated that 39% of general practices [95% confidence interval (CI) 35–43%] provided some access to complementary or alternative medicine (CAM) therapies in 1995. A repeat survey, conducted in 2001, estimated that one in two practices in England now offer their patients some access to CAMs (95% CI 46–52%). The change was due to increased provision in-house; the proportion of practices making NHS referrals remained unchanged. The proportion of services supported by patient payments rose from 26 to 42%. </p>
<p><strong></strong> </p>
       </html>
    </my:Description>
    <my:ResourceType>CARDEX</my:ResourceType>
    <my:Attachment xsi:nil="true" />
    <my:HasAttachment>false</my:HasAttachment>
    <my:Speciality>Complementary and Alternative Medicine</my:Speciality>
    <my:Keywords>COMPLEMENTARY AND ALTERNATIVE MEDICINE,CAM GENERAL,DATE ADDED,USE OF CAM,JUNE 2007</my:Keywords>
    <my:PublicationDate>2003-09-25T00:00:00</my:PublicationDate>
  </my:myFields>