<?mso-infoPathSolution name="urn:schemas-microsoft-com:office:infopath:ResourceForm:-myXSD-2010-08-09T08-39-43" solutionVersion="1.0.0.68" productVersion="14.0.0.0" PIVersion="1.0.0.0" href="http://localhost:8081/FormServerTemplates/ARMSResourceForm.xsn"?>
  <?mso-application progid="InfoPath.Document" versionProgid="InfoPath.Document.3"?>
  <?mso-infoPath-file-attachment-present ?>
  <my:myFields xmlns:my="http://schemas.microsoft.com/office/infopath/2003/myXSD/2010-08-09T08:39:43" xmlns:xsi="http://www.w3.org/2001/XMLSchema-instance" xmlns:pc="http://schemas.microsoft.com/office/infopath/2007/PartnerControls" xmlns:ma="http://schemas.microsoft.com/office/2009/metadata/properties/metaAttributes" xmlns:d="http://schemas.microsoft.com/office/infopath/2009/WSSList/dataFields" xmlns:q="http://schemas.microsoft.com/office/infopath/2009/WSSList/queryFields" xmlns:dfs="http://schemas.microsoft.com/office/infopath/2003/dataFormSolution" xmlns:dms="http://schemas.microsoft.com/office/2009/documentManagement/types" xmlns:xd="http://schemas.microsoft.com/office/infopath/2003" xmlns:xhtml="http://www.w3.org/1999/xhtml">
    <my:Title>Chronic low back pain</my:Title>
    <my:URL>http://www.aafp.org/afp/20061101/bmj.html</my:URL>
    <my:Publisher>American Academy of Family Physicians</my:Publisher>
    <my:AdditionalContributors />
    <my:GeographicalAreas />
    <my:PublicationType>Review</my:PublicationType>
    <my:Description>
      <html xmlns="http://www.w3.org/1999/xhtml" xml:space="preserve">
        <p><em><strong>Clinical Evidence Concise</strong> is a publication of BMJ Publishing Group which aims to provide a summary about the prevention and treatment of clinical conditions based on the best available current evidence from systematic reviews, RCTs and observational studies.</em></p> <p><strong></strong> </p> <p><strong>Background</strong></p> <p>This summary provides a brief overview of chronic back pain, including definition, incidence, aetiology and prognosis. Treatments are ranked according to their effectiveness. </p> <p><strong>Conclusion</strong></p> <p>This review found that acupuncture and spinal manipulative therapy are likely to be beneficial for non-specific chronic low back pain. </p> <p><strong>Topic search date:</strong> November 2004 </p>
       </html>
    </my:Description>
    <my:ResourceType>CARDEX</my:ResourceType>
    <my:Attachment xsi:nil="true" />
    <my:HasAttachment>false</my:HasAttachment>
    <my:Speciality>Complementary and Alternative Medicine</my:Speciality>
    <my:Keywords>ACUPUNCTURE,COMPLEMENTARY AND ALTERNATIVE MEDICINE,BACK PAIN,CONDITIONS A-B,OSTEOPATHY,CHIROPRACTIC,CONDITIONS A-Z,JUNE 2007,DATE ADDED</my:Keywords>
    <my:PublicationDate>2006-11-01T00:00:00</my:PublicationDate>
  </my:myFields>