<?mso-infoPathSolution name="urn:schemas-microsoft-com:office:infopath:ResourceForm:-myXSD-2010-08-09T08-39-43" solutionVersion="1.0.0.68" productVersion="14.0.0.0" PIVersion="1.0.0.0" href="http://localhost:8081/FormServerTemplates/ARMSResourceForm.xsn"?>
  <?mso-application progid="InfoPath.Document" versionProgid="InfoPath.Document.3"?>
  <?mso-infoPath-file-attachment-present ?>
  <my:myFields xmlns:my="http://schemas.microsoft.com/office/infopath/2003/myXSD/2010-08-09T08:39:43" xmlns:xsi="http://www.w3.org/2001/XMLSchema-instance" xmlns:pc="http://schemas.microsoft.com/office/infopath/2007/PartnerControls" xmlns:ma="http://schemas.microsoft.com/office/2009/metadata/properties/metaAttributes" xmlns:d="http://schemas.microsoft.com/office/infopath/2009/WSSList/dataFields" xmlns:q="http://schemas.microsoft.com/office/infopath/2009/WSSList/queryFields" xmlns:dfs="http://schemas.microsoft.com/office/infopath/2003/dataFormSolution" xmlns:dms="http://schemas.microsoft.com/office/2009/documentManagement/types" xmlns:xd="http://schemas.microsoft.com/office/infopath/2003" xmlns:xhtml="http://www.w3.org/1999/xhtml">
    <my:Title>The effects of auricular acupuncture on smoking cessation may not depend on the point chosen--an exploratory meta-analysis</my:Title>
    <my:URL>http://aim.bmj.com/cgi/content/abstract/24/4/149</my:URL>
    <my:Publisher>British Medical Acupuncture Society</my:Publisher>
    <my:AdditionalContributors />
    <my:GeographicalAreas />
    <my:PublicationType>Systematic Review</my:PublicationType>
    <my:Description>
      <html xmlns="http://www.w3.org/1999/xhtml" xml:space="preserve">
        <p><em>This <em>study has met our selection criteria <em>but has not been fully appraised by the CAM SL</em>. Where there is an appraisal available we have linked to it. If there is no appraisal and you wish to appraise <em>this systematic review </em>here is a </em><a href="http://www.phru.nhs.uk/casp/critical_appraisal_tools.htm"><em>link to a list of appraisal tools</em></a><em>.</em></em></p>
<p><strong>Citation</strong></p>
<p>White A, Moody R. The effects of auricular acupuncture on smoking cessation may not depend on the point chosen - an exploratory meta-analysis. Acupuncture in Medicine. 2006, 24(4):149-56.</p>
<p><strong>Authors' objectives</strong></p>
<p>Auricular acupuncture is given as a treatment for drug dependence. Points are usually chosen on the assumption that the body is represented somatotopically in the ear, although there is no anatomical basis for this. In clinical trials, sham treatment is often given at points that are supposedly 'incorrect' for the condition, in the belief that they are inactive. The aim of this study was to explore whether there is any difference in the effectiveness of auricular acupuncture at 'correct' and 'incorrect' points.</p>
<p><strong>Authors' conclusions</strong></p>
<p>Auricular acupuncture appears to be effective for smoking cessation, but the effect may not depend on point location. This calls into question the somatotopic model underlying auricular acupuncture and suggests a need to re-evaluate sham controlled studies which have used 'incorrect' points. Further experiments are necessary to confirm or refute these observational conclusions.<br /></p>
<p> </p>
       </html>
    </my:Description>
    <my:ResourceType>CARDEX</my:ResourceType>
    <my:Attachment xsi:nil="true" />
    <my:HasAttachment>false</my:HasAttachment>
    <my:Speciality>Complementary and Alternative Medicine</my:Speciality>
    <my:Keywords>COMPLEMENTARY AND ALTERNATIVE MEDICINE,ACUPUNCTURE,CONDITIONS S,CONDITIONS A-Z,SMOKING CESSATION,DATE ADDED,JUNE 2007</my:Keywords>
    <my:PublicationDate>2006-12-01T00:00:00</my:PublicationDate>
  </my:myFields>