<?mso-infoPathSolution name="urn:schemas-microsoft-com:office:infopath:ResourceForm:-myXSD-2010-08-09T08-39-43" solutionVersion="1.0.0.68" productVersion="14.0.0.0" PIVersion="1.0.0.0" href="http://localhost:8081/FormServerTemplates/ARMSResourceForm.xsn"?>
  <?mso-application progid="InfoPath.Document" versionProgid="InfoPath.Document.3"?>
  <?mso-infoPath-file-attachment-present ?>
  <my:myFields xmlns:my="http://schemas.microsoft.com/office/infopath/2003/myXSD/2010-08-09T08:39:43" xmlns:xsi="http://www.w3.org/2001/XMLSchema-instance" xmlns:pc="http://schemas.microsoft.com/office/infopath/2007/PartnerControls" xmlns:ma="http://schemas.microsoft.com/office/2009/metadata/properties/metaAttributes" xmlns:d="http://schemas.microsoft.com/office/infopath/2009/WSSList/dataFields" xmlns:q="http://schemas.microsoft.com/office/infopath/2009/WSSList/queryFields" xmlns:dfs="http://schemas.microsoft.com/office/infopath/2003/dataFormSolution" xmlns:dms="http://schemas.microsoft.com/office/2009/documentManagement/types" xmlns:xd="http://schemas.microsoft.com/office/infopath/2003" xmlns:xhtml="http://www.w3.org/1999/xhtml">
    <my:Title>Publication bias affected the estimate of postoperative nausea in an acupoint stimulation systematic review</my:Title>
    <my:URL>http://www.ncbi.nlm.nih.gov/sites/entrez?cmd=Retrieve&db=pubmed&dopt=Citation&list_uids=16895822</my:URL>
    <my:Publisher>Elsevier</my:Publisher>
    <my:AdditionalContributors />
    <my:GeographicalAreas />
    <my:PublicationType>Research Study</my:PublicationType>
    <my:Description>
      <html xmlns="http://www.w3.org/1999/xhtml" xml:space="preserve">
        <p><em>This <em>study has met our selection criteria <em>but has not been fully appraised by the CAM SL</em>. Where there is an appraisal available we have linked to it. If there is no appraisal and you wish to appraise <em>this study </em>here is a </em><a href="http://www.phru.nhs.uk/casp/critical_appraisal_tools.htm"><em>link to a list of appraisal tools</em></a><em>.</em></em></p>
<p><strong>Citation</strong></p>
<p>Lee A, Copas JB, Henmi M, Gin T, Chung RC. Publication bias affected the estimate of postoperative nausea in an acupoint stimulation systematic review. Journal of Clinical Epidemiology. 2006, 59(9):980-3.</p>
<p><strong>Authors' objectives</strong></p>
<p>To assess the effect of publication bias and country effect on the results and conclusion of a <a href="http://www.mrw.interscience.wiley.com/cochrane/clsysrev/articles/CD003281/frame.html">Cochrane systematic review</a> of wrist P6 acupoint stimulation for the prevention of postoperative nausea and vomiting. </p>
<p><strong>Authors' conclusions</strong></p>
<p>Publication bias affects the published estimate of postoperative nausea, not vomiting.</p>
<p><strong>Access</strong></p>
<p>NHS staff: for full text access to this resource contact your <a href="http://www.library.nhs.uk/mylibrary/default.aspx">local NHS library</a>. <br /></p>
<p> </p>
       </html>
    </my:Description>
    <my:ResourceType>CARDEX</my:ResourceType>
    <my:Attachment xsi:nil="true" />
    <my:HasAttachment>false</my:HasAttachment>
    <my:Speciality>Complementary and Alternative Medicine</my:Speciality>
    <my:Keywords>COMPLEMENTARY AND ALTERNATIVE MEDICINE,ACUPUNCTURE,ACUPRESSURE,CONDITIONS A-Z,OTHER THERAPIES OR MEDICAL SYSTEMS,CONDITIONS M-O,CONDITIONS T-Z,NAUSEA,VOMITING,DATE ADDED,JUNE 2007</my:Keywords>
    <my:PublicationDate>2006-09-01T00:00:00</my:PublicationDate>
  </my:myFields>