<?mso-infoPathSolution name="urn:schemas-microsoft-com:office:infopath:ResourceForm:-myXSD-2010-08-09T08-39-43" solutionVersion="1.0.0.68" productVersion="14.0.0.0" PIVersion="1.0.0.0" href="http://localhost:8081/FormServerTemplates/ARMSResourceForm.xsn"?>
  <?mso-application progid="InfoPath.Document" versionProgid="InfoPath.Document.3"?>
  <?mso-infoPath-file-attachment-present ?>
  <my:myFields xmlns:my="http://schemas.microsoft.com/office/infopath/2003/myXSD/2010-08-09T08:39:43" xmlns:xsi="http://www.w3.org/2001/XMLSchema-instance" xmlns:pc="http://schemas.microsoft.com/office/infopath/2007/PartnerControls" xmlns:ma="http://schemas.microsoft.com/office/2009/metadata/properties/metaAttributes" xmlns:d="http://schemas.microsoft.com/office/infopath/2009/WSSList/dataFields" xmlns:q="http://schemas.microsoft.com/office/infopath/2009/WSSList/queryFields" xmlns:dfs="http://schemas.microsoft.com/office/infopath/2003/dataFormSolution" xmlns:dms="http://schemas.microsoft.com/office/2009/documentManagement/types" xmlns:xd="http://schemas.microsoft.com/office/infopath/2003" xmlns:xhtml="http://www.w3.org/1999/xhtml">
    <my:Title>Complementary therapies for reducing body weight: a systematic review</my:Title>
    <my:URL>http://www.ncbi.nlm.nih.gov/sites/entrez?cmd=Retrieve&db=pubmed&dopt=Citation&list_uids=15925954</my:URL>
    <my:Publisher>Nature Publishing Group</my:Publisher>
    <my:AdditionalContributors />
    <my:GeographicalAreas />
    <my:PublicationType>Systematic Review</my:PublicationType>
    <my:Description>
      <html xmlns="http://www.w3.org/1999/xhtml" xml:space="preserve">
        <p><em>This <em>study has met our selection criteria <em>but has not been fully appraised by the CAM SL</em>. Where there is an appraisal available we have linked to it. If there is no appraisal and you wish to appraise this systematic review here is a </em><a href="http://www.phru.nhs.uk/casp/critical_appraisal_tools.htm"><em>link to a list of appraisal tools</em></a><em>.</em></em></p>
<p><strong>Citation</strong></p>
<p>Pittler MH, Ernst E. Complementary therapies for reducing body weight: a systematic review. <em>International Journal of Obesity</em>. 2005, 29(9):1030-8. </p>
<p><strong>Authors' objectives</strong></p>
<p>The aim of this systematic review is to critically assess the evidence from randomized controlled trials (RCTs) and systematic reviews of complementary therapies for reducing body weight.  </p>
<p><strong>Authors' conclusions</strong></p>
<p>The evidence related to acupuncture, acupressure, dietary supplements, homeopathy and hypnotherapy. Except for hypnotherapy, Ephedra sinica and other ephedrine-containing dietary supplements the weight of the evidence is not convincing enough to suggest effectiveness. For these interventions, small effects compared with placebo were identified. In conclusion, our findings suggest that for most complementary therapies, the weight of the evidence for reducing body is not convincing. Hypnotherapy, E. sinica and other ephedrine-containing dietary supplements may lead to small reductions in body weight. However, the intake of E. sinica and ephedrine is associated with an increased risk of adverse events. Interventions suggesting positive effects in single RCTs require independent replication.</p>
<p><strong>Access</strong></p>
<p>Full-text online access to this article is available to NHS staff <a href="http://www.library.nhs.uk/booksandjournals/Default.aspx">via ATHENS password</a>. </p>
<p> </p>
       </html>
    </my:Description>
    <my:ResourceType>CARDEX</my:ResourceType>
    <my:Attachment xsi:nil="true" />
    <my:HasAttachment>false</my:HasAttachment>
    <my:Speciality>Complementary and Alternative Medicine</my:Speciality>
    <my:Keywords>HOMEOPATHY,ACUPRESSURE,ACUPUNCTURE,COMPLEMENTARY AND ALTERNATIVE MEDICINE,CAM GENERAL,OBESITY,CONDITIONS M-O,CONDITIONS A-Z,OTHER THERAPIES OR MEDICAL SYSTEMS,HYPNOSIS,DIETARY AND NUTRITIONAL THERAPIES,HERBAL MEDICINE,JUNE 2007,PUBLIC HEALTH,DETERMINANTS,FOOD & NUTRITION,BIOLOGICAL COMPOSITION,OBESITY,DIETARY SUPPLEMENTS,ANALYSIS & RESEARCH,MANAGEMENT & INTERVENTIONS,ANALYSIS,METHODS,HEALTHCARE & HEALTH SERVICES,HEALTH SERVICES,THERAPY,DATE ADDED,SAFETY</my:Keywords>
    <my:PublicationDate>2005-09-01T00:00:00</my:PublicationDate>
  </my:myFields>