<?mso-infoPathSolution name="urn:schemas-microsoft-com:office:infopath:ResourceForm:-myXSD-2010-08-09T08-39-43" solutionVersion="1.0.0.68" productVersion="14.0.0.0" PIVersion="1.0.0.0" href="http://localhost:8081/FormServerTemplates/ARMSResourceForm.xsn"?>
  <?mso-application progid="InfoPath.Document" versionProgid="InfoPath.Document.3"?>
  <?mso-infoPath-file-attachment-present ?>
  <my:myFields xmlns:my="http://schemas.microsoft.com/office/infopath/2003/myXSD/2010-08-09T08:39:43" xmlns:xsi="http://www.w3.org/2001/XMLSchema-instance" xmlns:pc="http://schemas.microsoft.com/office/infopath/2007/PartnerControls" xmlns:ma="http://schemas.microsoft.com/office/2009/metadata/properties/metaAttributes" xmlns:d="http://schemas.microsoft.com/office/infopath/2009/WSSList/dataFields" xmlns:q="http://schemas.microsoft.com/office/infopath/2009/WSSList/queryFields" xmlns:dfs="http://schemas.microsoft.com/office/infopath/2003/dataFormSolution" xmlns:dms="http://schemas.microsoft.com/office/2009/documentManagement/types" xmlns:xd="http://schemas.microsoft.com/office/infopath/2003" xmlns:xhtml="http://www.w3.org/1999/xhtml">
    <my:Title>'Complementary ENT': a systematic review of commonly used supplements</my:Title>
    <my:URL>http://www.ncbi.nlm.nih.gov/sites/entrez?cmd=Retrieve&db=pubmed&dopt=Citation&list_uids=17125579</my:URL>
    <my:Publisher>Cambridge University Press</my:Publisher>
    <my:AdditionalContributors />
    <my:GeographicalAreas />
    <my:PublicationType>Systematic Review</my:PublicationType>
    <my:Description>
      <html xmlns="http://www.w3.org/1999/xhtml" xml:space="preserve">
        <p><em>This <em>study has met our selection criteria <em>but has not been fully appraised by the CAM SL</em>. Where there is an appraisal available we have linked to it. If there is no appraisal and you wish to appraise <em>this systematic review </em>here is a </em><a href="http://www.phru.nhs.uk/casp/critical_appraisal_tools.htm"><em>link to a list of appraisal tools</em></a><em>.</em></em></p>
<p><strong>Citation</strong></p>
<p>Karkos PD, Leong SC, Arya AK, Papouliakos SM, Apostolidou MT, Issing WJ. 'Complementary ENT': a systematic review of commonly used supplements. Journal of Laryngology and Otology. 2006 Nov 24;1-4. </p>
<p><strong>Authors' objectives</strong></p>
<p>To assess the evidence surrounding the use of certain complementary supplements in otolaryngology. The authors specifically focussed on four commonly used supplements: spirulina, Ginkgo biloba, Vertigoheel(R) and nutritional supplements (cod liver oil, multivitamins and pineapple enzyme). </p>
<p><strong>Authors' conclusions</strong></p>
<p>The positive effects of spirulina in allergic rhinitis and of Vertigoheel in vertigo are based on good levels of evidence, but larger trials are required. There is overwhelming evidence that G biloba may play no role in tinnitus. There is limited evidence for the use of multivitamins in sinus symptoms, and larger randomised trials are required.</p>
<p><strong>Access</strong></p>
<p>NHS staff: for full text access to this resource contact your <a href="http://www.library.nhs.uk/mylibrary/default.aspx">local NHS library</a>. <br /></p>
<p> </p>
<p> </p>
       </html>
    </my:Description>
    <my:ResourceType>CARDEX</my:ResourceType>
    <my:Attachment xsi:nil="true" />
    <my:HasAttachment>false</my:HasAttachment>
    <my:Speciality>Complementary and Alternative Medicine</my:Speciality>
    <my:Keywords>COMPLEMENTARY AND ALTERNATIVE MEDICINE,HOMEOPATHY,CONDITIONS A-Z,DIETARY AND NUTRITIONAL THERAPIES,HERBAL MEDICINE,CONDITIONS A-B,TINNITUS,GINKGO (GINKGO BILOBA),CONDITIONS T-Z,CONDITIONS P-R,CONDITIONS F-H,VERTIGO,RESPIRATORY TRACT INFECTIONS,ALLERGIES,HERBS D-G,HAY FEVER,DATE ADDED,FISH OILS,VITAMINS,JUNE 2007,LIPIDS,NUTRITIONAL SUPPLEMENTS</my:Keywords>
    <my:PublicationDate>2006-11-01T00:00:00</my:PublicationDate>
  </my:myFields>