<?mso-infoPathSolution name="urn:schemas-microsoft-com:office:infopath:ResourceForm:-myXSD-2010-08-09T08-39-43" solutionVersion="1.0.0.68" productVersion="14.0.0.0" PIVersion="1.0.0.0" href="http://localhost:8081/FormServerTemplates/ARMSResourceForm.xsn"?>
  <?mso-application progid="InfoPath.Document" versionProgid="InfoPath.Document.3"?>
  <?mso-infoPath-file-attachment-present ?>
  <my:myFields xmlns:my="http://schemas.microsoft.com/office/infopath/2003/myXSD/2010-08-09T08:39:43" xmlns:xsi="http://www.w3.org/2001/XMLSchema-instance" xmlns:pc="http://schemas.microsoft.com/office/infopath/2007/PartnerControls" xmlns:ma="http://schemas.microsoft.com/office/2009/metadata/properties/metaAttributes" xmlns:d="http://schemas.microsoft.com/office/infopath/2009/WSSList/dataFields" xmlns:q="http://schemas.microsoft.com/office/infopath/2009/WSSList/queryFields" xmlns:dfs="http://schemas.microsoft.com/office/infopath/2003/dataFormSolution" xmlns:dms="http://schemas.microsoft.com/office/2009/documentManagement/types" xmlns:xd="http://schemas.microsoft.com/office/infopath/2003" xmlns:xhtml="http://www.w3.org/1999/xhtml">
    <my:Title>Complementary therapies for the treatment of HIV: in search of the evidence</my:Title>
    <my:URL>http://www.ncbi.nlm.nih.gov/sites/entrez?cmd=Retrieve&db=pubmed&dopt=Citation&list_uids=15969772</my:URL>
    <my:Publisher>Royal Society of Medicine Services</my:Publisher>
    <my:AdditionalContributors />
    <my:GeographicalAreas />
    <my:PublicationType>Systematic Review</my:PublicationType>
    <my:Description>
      <html xmlns="http://www.w3.org/1999/xhtml" xml:space="preserve">
        <p><em>This <em>study has met our selection criteria <em>but has not been fully appraised by the CAM SL</em>. Where there is an appraisal available we have linked to it. If there is no appraisal and you wish to appraise <em>this systematic review </em>here is a </em><a href="http://www.phru.nhs.uk/casp/critical_appraisal_tools.htm"><em>link to a list of appraisal tools</em></a><em>.</em></em></p>
<p><strong>Citation</strong></p>
<p>Mills E, Wu P, Ernst E. Complementary therapies for the treatment of HIV: in search of the evidence. <em>International Journal of STD &amp; AIDS</em>. 2005, 16(6):395-403.</p>
<p><strong>Authors' objectives</strong></p>
<p>To conduct a systematic review of randomized clinical trials assessing the effectiveness of complementary therapies for HIV and HIV-related symptoms. </p>
<p><strong>Authors' conclusions</strong></p>
<p>The results suggest that stress management may prove to be an effective way to increase the quality of life. For all other treatments, data are insufficient for demonstrating effectiveness. Despite the widespread use of CAM by people living with HIV/AIDS, the effectiveness of these therapies has not been established. Vis à vis CAM's popularity, the paucity of clinical trials and their low methodological quality are concerning.</p>
<p><strong>Access</strong></p>
<p>NHS staff: for full text access to this resource contact your <a href="http://www.library.nhs.uk/mylibrary/default.aspx">local NHS library</a>. <br /></p>
<p> </p>
       </html>
    </my:Description>
    <my:ResourceType>CARDEX</my:ResourceType>
    <my:Attachment xsi:nil="true" />
    <my:HasAttachment>false</my:HasAttachment>
    <my:Speciality>Complementary and Alternative Medicine</my:Speciality>
    <my:Keywords>COMPLEMENTARY AND ALTERNATIVE MEDICINE,HOMEOPATHY,ACUPUNCTURE,CONDITIONS F-H,TRADITIONAL CHINESE MEDICINE (TCM),AIDS (ACQUIRED IMMUNODEFICIENCY SYNDROME),HIV (HUMAN IMMUNODEFICIENCY VIRUS),CONDITIONS A-B,HERBAL MEDICINE,DIETARY AND NUTRITIONAL THERAPIES,MASSAGE,OTHER THERAPIES OR MEDICAL SYSTEMS,CONDITIONS A-Z,JUNE 2007,DATE ADDED</my:Keywords>
    <my:PublicationDate>2005-06-01T00:00:00</my:PublicationDate>
  </my:myFields>