<?mso-infoPathSolution name="urn:schemas-microsoft-com:office:infopath:ResourceForm:-myXSD-2010-08-09T08-39-43" solutionVersion="1.0.0.68" productVersion="14.0.0.0" PIVersion="1.0.0.0" href="http://localhost:8081/FormServerTemplates/ARMSResourceForm.xsn"?>
  <?mso-application progid="InfoPath.Document" versionProgid="InfoPath.Document.3"?>
  <?mso-infoPath-file-attachment-present ?>
  <my:myFields xmlns:my="http://schemas.microsoft.com/office/infopath/2003/myXSD/2010-08-09T08:39:43" xmlns:xsi="http://www.w3.org/2001/XMLSchema-instance" xmlns:pc="http://schemas.microsoft.com/office/infopath/2007/PartnerControls" xmlns:ma="http://schemas.microsoft.com/office/2009/metadata/properties/metaAttributes" xmlns:d="http://schemas.microsoft.com/office/infopath/2009/WSSList/dataFields" xmlns:q="http://schemas.microsoft.com/office/infopath/2009/WSSList/queryFields" xmlns:dfs="http://schemas.microsoft.com/office/infopath/2003/dataFormSolution" xmlns:dms="http://schemas.microsoft.com/office/2009/documentManagement/types" xmlns:xd="http://schemas.microsoft.com/office/infopath/2003" xmlns:xhtml="http://www.w3.org/1999/xhtml">
    <my:Title>Homeopathy for anxiety and anxiety disorders: a systematic review of the research</my:Title>
    <my:URL>http://www.ncbi.nlm.nih.gov/sites/entrez?cmd=Retrieve&db=pubmed&dopt=Citation&list_uids=16815519</my:URL>
    <my:Publisher>Elsevier</my:Publisher>
    <my:AdditionalContributors />
    <my:GeographicalAreas />
    <my:PublicationType>Systematic Review</my:PublicationType>
    <my:Description>
      <html xmlns="http://www.w3.org/1999/xhtml" xml:space="preserve">
        <p><em>This <em>study has met our selection criteria <em>but has not been fully appraised by the CAM SL</em>. Where there is an appraisal available we have linked to it. If there is no appraisal and you wish to appraise this systematic review here is a </em><a href="http://www.phru.nhs.uk/casp/critical_appraisal_tools.htm"><em>link to a list of appraisal tools</em></a><em>.</em></em></p>
<p><strong>Citation</strong></p>
<p>Pilkington K, Kirkwood G, Rampes H, Fisher P, Richardson J. Homeopathy for anxiety and anxiety disorders: a systematic review of the research. Homeopathy 2006, 95(3):151-62.</p>
<p><strong>Authors' objectives</strong></p>
<p>To conduct a systematic review of the clinical research evidence on homeopathy in the treatment of anxiety and anxiety disorders.</p>
<p><strong>Authors' conclusions</strong></p>
<p>A comprehensive search demonstrates that the evidence on the benefit of homeopathy in anxiety and anxiety disorders is limited. A number of studies of homeopathy in such conditions were located but the randomised controlled trials report contradictory results, are underpowered or provide insufficient details of methodology. Several uncontrolled and observational studies reported positive results including high levels of patient satisfaction but because of the lack of a control group, it is difficult to assess the extent to which any response is due to homeopathy. Adverse effects reported appear limited to 'remedy reactions' and included temporary worsening of symptoms and reappearance of old symptoms. On the basis of this review it is not possible to draw firm conclusions on the efficacy or effectiveness of homeopathy for anxiety. However, surveys suggest that homeopathy is quite frequently used by people suffering from anxiety. If shown to be effective, it is possible that homeopathy may have benefits in terms of adverse effects and acceptability to patients. Consequently, further investigation is indicated. Future research should be of pragmatic design and include qualitative studies.</p>
<p><strong>Access</strong></p>
<p>NHS staff: for full text access to this resource contact your <a href="http://www.library.nhs.uk/mylibrary/default.aspx">local NHS library</a>. <br /></p>
<p> </p>
       </html>
    </my:Description>
    <my:ResourceType>CARDEX</my:ResourceType>
    <my:Attachment xsi:nil="true" />
    <my:HasAttachment>false</my:HasAttachment>
    <my:Speciality>Complementary and Alternative Medicine</my:Speciality>
    <my:Keywords>HOMEOPATHY,COMPLEMENTARY AND ALTERNATIVE MEDICINE,CONDITIONS A-Z,ANXIETY,CONDITIONS A-B,ANXIETY DISORDERS,DATE ADDED,JUNE 2007</my:Keywords>
    <my:PublicationDate>2006-07-01T00:00:00</my:PublicationDate>
  </my:myFields>