<?mso-infoPathSolution name="urn:schemas-microsoft-com:office:infopath:ResourceForm:-myXSD-2010-08-09T08-39-43" solutionVersion="1.0.0.68" productVersion="14.0.0.0" PIVersion="1.0.0.0" href="http://localhost:8081/FormServerTemplates/ARMSResourceForm.xsn"?>
  <?mso-application progid="InfoPath.Document" versionProgid="InfoPath.Document.3"?>
  <?mso-infoPath-file-attachment-present ?>
  <my:myFields xmlns:my="http://schemas.microsoft.com/office/infopath/2003/myXSD/2010-08-09T08:39:43" xmlns:xsi="http://www.w3.org/2001/XMLSchema-instance" xmlns:pc="http://schemas.microsoft.com/office/infopath/2007/PartnerControls" xmlns:ma="http://schemas.microsoft.com/office/2009/metadata/properties/metaAttributes" xmlns:d="http://schemas.microsoft.com/office/infopath/2009/WSSList/dataFields" xmlns:q="http://schemas.microsoft.com/office/infopath/2009/WSSList/queryFields" xmlns:dfs="http://schemas.microsoft.com/office/infopath/2003/dataFormSolution" xmlns:dms="http://schemas.microsoft.com/office/2009/documentManagement/types" xmlns:xd="http://schemas.microsoft.com/office/infopath/2003" xmlns:xhtml="http://www.w3.org/1999/xhtml">
    <my:Title>Immunology and Homeopathy. 4. Clinical Studies—Part 2</my:Title>
    <my:URL>http://www.pubmedcentral.nih.gov/articlerender.fcgi?tool=pubmed&pubmedid=17173103</my:URL>
    <my:Publisher>Oxford University Press</my:Publisher>
    <my:AdditionalContributors />
    <my:GeographicalAreas />
    <my:PublicationType>Systematic Review</my:PublicationType>
    <my:Description>
      <html xmlns="http://www.w3.org/1999/xhtml" xml:space="preserve">
        <p><em>This <em>study has met our selection criteria <em>but has not been fully appraised by the CAM SL</em>. Where there is an appraisal available we have linked to it. If there is no appraisal and you wish to appraise this systematic review here is a </em><a href="http://www.phru.nhs.uk/casp/critical_appraisal_tools.htm"><em>link to a list of appraisal tools</em></a><em>.</em></em></p>
<p><strong>Citation</strong></p>
<p>Bellavite P, Ortolani R, Pontarollo F, Piasere V, Benato G, Conforti A. Immunology and homeopathy. 4. Clinical studies-part 2. Evidence-based Complementary and Alternative Medicine: eCAM. 2006, 3(4):397-409. </p>
<p><strong>Authors' objectives</strong></p>
<p>To evaluate the literature of common immunologic disorders including also upper respiratory tract infections (URTI) and otorhinolaryngology.</p>
<p><strong>Authors' conclusions</strong></p>
<p>The evidence demonstrates that in some conditions homeopathy shows significant promise, e.g. Galphimia glauca (low dilutions/potencies) in allergic oculorhinitis, classical individualized homeopathy in otitis and possibly in asthma and allergic complaints, and a few low-potency homeopathic complexes in sinusitis and rhinoconjunctivitis. A general weakness of evidence derives from lack of independent confirmation of reported trials and from presence of conflicting results, as in case of homeopathic immunotherapy and of classical homeopathy for URTI. The suitable methods to evaluate homeopathy effectiveness, without altering the setting of cure, are also analyzed.</p>
<p><strong>Related studies</strong></p>
<p>Bellavite P, Ortolani R, Pontarollo F, Piasere V, Benato G, Conforti A. Immunology and homeopathy. 4. Clinical studies-part 1. Evidence-based Complementary and Alternative Medicine: eCAM. 2006, 3(3):293-301.  [<a href="http://www.pubmedcentral.nih.gov/articlerender.fcgi?tool=pubmed&amp;pubmedid=16951713">Full text</a>] </p>
<p> </p>
<p> </p>
       </html>
    </my:Description>
    <my:ResourceType>CARDEX</my:ResourceType>
    <my:Attachment xsi:nil="true" />
    <my:HasAttachment>false</my:HasAttachment>
    <my:Speciality>Complementary and Alternative Medicine</my:Speciality>
    <my:Keywords>COMPLEMENTARY AND ALTERNATIVE MEDICINE,HOMEOPATHY,CONDITIONS A-Z,ASTHMA,CONDITIONS M-O,CONDITIONS F-H,CONDITIONS P-R,CONDITIONS A-B,HAY FEVER,ALLERGIES,RESPIRATORY TRACT INFECTIONS,OTITIS</my:Keywords>
    <my:PublicationDate>2006-12-01T00:00:00</my:PublicationDate>
  </my:myFields>