<?mso-infoPathSolution name="urn:schemas-microsoft-com:office:infopath:ResourceForm:-myXSD-2010-08-09T08-39-43" solutionVersion="1.0.0.68" productVersion="14.0.0.0" PIVersion="1.0.0.0" href="http://localhost:8081/FormServerTemplates/ARMSResourceForm.xsn"?>
  <?mso-application progid="InfoPath.Document" versionProgid="InfoPath.Document.3"?>
  <?mso-infoPath-file-attachment-present ?>
  <my:myFields xmlns:my="http://schemas.microsoft.com/office/infopath/2003/myXSD/2010-08-09T08:39:43" xmlns:xsi="http://www.w3.org/2001/XMLSchema-instance" xmlns:pc="http://schemas.microsoft.com/office/infopath/2007/PartnerControls" xmlns:ma="http://schemas.microsoft.com/office/2009/metadata/properties/metaAttributes" xmlns:d="http://schemas.microsoft.com/office/infopath/2009/WSSList/dataFields" xmlns:q="http://schemas.microsoft.com/office/infopath/2009/WSSList/queryFields" xmlns:dfs="http://schemas.microsoft.com/office/infopath/2003/dataFormSolution" xmlns:dms="http://schemas.microsoft.com/office/2009/documentManagement/types" xmlns:xd="http://schemas.microsoft.com/office/infopath/2003" xmlns:xhtml="http://www.w3.org/1999/xhtml">
    <my:Title>Compound salvia pellet, a traditional Chinese medicine, for the treatment of chronic stable angina pectoris compared with nitrates: a meta-analysis</my:Title>
    <my:URL>http://www.medscimonit.com/fulltxt.php?ICID=443204</my:URL>
    <my:Publisher>Medical Science International</my:Publisher>
    <my:AdditionalContributors />
    <my:GeographicalAreas />
    <my:PublicationType>Systematic Review</my:PublicationType>
    <my:Description>
      <html xmlns="http://www.w3.org/1999/xhtml" xml:space="preserve">
        <p><strong>Authors' objectives</strong></p>
<p>Compound salvia pellet (CSP), consisting of active herbal ingredients extracted from Danshen (salvia miltiorrhiza), Sanqi (panax notoginseng), and Borneol (Cinnamomum camphora), is taken most frequently by patients with angina pectoris in China. To determine the efficacy and safety of CSP for the treatment of stable angina pectoris (SAP), a meta-analysis was undertaken. </p>
<p><strong>Authors' conclusions</strong></p>
<p>Compound salvia pellet has significant effect on the improvement of angina symptoms and ECG results with few adverse events. However, the methodological quality of clinical trials with CSP for SAP needs to be improved, and the outcome measures should include mortality, quality of life, and other end-points.</p>
<p><strong>Citation</strong></p>
<p>Wang G, Wang L, Xiong ZY, Mao B, Li TQ. Compound salvia pellet, a traditional Chinese medicine, for the treatment of chronic stable angina pectoris compared with nitrates: a meta-analysis. Medical Science Monitor. 2006, 12(1):SR1-7. </p>
<p> </p>
       </html>
    </my:Description>
    <my:ResourceType>CARDEX</my:ResourceType>
    <my:Attachment xsi:nil="true" />
    <my:HasAttachment>false</my:HasAttachment>
    <my:Speciality>Complementary and Alternative Medicine</my:Speciality>
    <my:Keywords>COMPLEMENTARY AND ALTERNATIVE MEDICINE,TRADITIONAL CHINESE MEDICINE (TCM),ANGINA,CONDITIONS A-B,CONDITIONS A-Z,OTHER THERAPIES OR MEDICAL SYSTEMS,HERBAL MEDICINE,DATE ADDED,JULY 2007</my:Keywords>
    <my:PublicationDate>2006-01-01T00:00:00</my:PublicationDate>
  </my:myFields>