<?mso-infoPathSolution name="urn:schemas-microsoft-com:office:infopath:ResourceForm:-myXSD-2010-08-09T08-39-43" solutionVersion="1.0.0.68" productVersion="14.0.0.0" PIVersion="1.0.0.0" href="http://localhost:8081/FormServerTemplates/ARMSResourceForm.xsn"?>
  <?mso-application progid="InfoPath.Document" versionProgid="InfoPath.Document.3"?>
  <?mso-infoPath-file-attachment-present ?>
  <my:myFields xmlns:my="http://schemas.microsoft.com/office/infopath/2003/myXSD/2010-08-09T08:39:43" xmlns:xsi="http://www.w3.org/2001/XMLSchema-instance" xmlns:pc="http://schemas.microsoft.com/office/infopath/2007/PartnerControls" xmlns:ma="http://schemas.microsoft.com/office/2009/metadata/properties/metaAttributes" xmlns:d="http://schemas.microsoft.com/office/infopath/2009/WSSList/dataFields" xmlns:q="http://schemas.microsoft.com/office/infopath/2009/WSSList/queryFields" xmlns:dfs="http://schemas.microsoft.com/office/infopath/2003/dataFormSolution" xmlns:dms="http://schemas.microsoft.com/office/2009/documentManagement/types" xmlns:xd="http://schemas.microsoft.com/office/infopath/2003" xmlns:xhtml="http://www.w3.org/1999/xhtml">
    <my:Title>Are Ayurvedic herbs for diabetes effective?</my:Title>
    <my:URL>http://www.jfponline.com/Pages.asp?AID=2753</my:URL>
    <my:Publisher>Dowden Publishing</my:Publisher>
    <my:AdditionalContributors />
    <my:GeographicalAreas />
    <my:PublicationType>Systematic Review</my:PublicationType>
    <my:Description>
      <html xmlns="http://www.w3.org/1999/xhtml" xml:space="preserve">
        <p><em>This review has been evaluated by a CRD Reviewer as potentially meeting the <a href="http://www.york.ac.uk/inst/crd/faq4.htm">CRD quality criteria</a> and a structured abstract is in the process of being written. This <a href="http://www.crd.york.ac.uk/CRDWeb/ShowRecord.asp?View=Full&amp;ID=12005001692">provisional record</a> is for information, please note that the review has not been appraised yet. </em></p>
<p><strong>Citation</strong></p>
<p>Shekelle PG, Hardy M, Morton SC, Coulter I, Venuturupalli S, Favreau J, Hilton LK. Are Ayurvedic herbs for diabetes effective? Journal of Family Practice. 2005, 54(10):876-86. </p>
<p><strong>Authors' objectives</strong></p>
<p>To evaluate and synthesize the evidence on the effect of Ayurvedic therapies for diabetes mellitus.</p>
<p><strong>Authors' conclusions</strong></p>
<p>There is heterogeneity in the available literature on Ayurvedic treatment for diabetes. Most studies test herbal therapy. Heterogeneity exists in the herbs and formulas tested (more than 44 different interventions identified) and in the method of their preparation. Despite these limitations, there are sufficient data for several herbs or herbal formulas to warrant further studies.</p>
<p><strong></strong> </p>
       </html>
    </my:Description>
    <my:ResourceType>CARDEX</my:ResourceType>
    <my:Attachment xsi:nil="true" />
    <my:HasAttachment>false</my:HasAttachment>
    <my:Speciality>Complementary and Alternative Medicine</my:Speciality>
    <my:Keywords>COMPLEMENTARY AND ALTERNATIVE MEDICINE,AYURVEDIC MEDICINE,CONDITIONS D-E,DIABETES MELLITUS,CONDITIONS A-Z,OTHER THERAPIES OR MEDICAL SYSTEMS,HERBAL MEDICINE,DATE ADDED,AUGUST 2007</my:Keywords>
    <my:PublicationDate>2005-10-01T00:00:00</my:PublicationDate>
  </my:myFields>