<?mso-infoPathSolution name="urn:schemas-microsoft-com:office:infopath:ResourceForm:-myXSD-2010-08-09T08-39-43" solutionVersion="1.0.0.68" productVersion="14.0.0.0" PIVersion="1.0.0.0" href="http://localhost:8081/FormServerTemplates/ARMSResourceForm.xsn"?>
  <?mso-application progid="InfoPath.Document" versionProgid="InfoPath.Document.3"?>
  <?mso-infoPath-file-attachment-present ?>
  <my:myFields xmlns:my="http://schemas.microsoft.com/office/infopath/2003/myXSD/2010-08-09T08:39:43" xmlns:xsi="http://www.w3.org/2001/XMLSchema-instance" xmlns:pc="http://schemas.microsoft.com/office/infopath/2007/PartnerControls" xmlns:ma="http://schemas.microsoft.com/office/2009/metadata/properties/metaAttributes" xmlns:d="http://schemas.microsoft.com/office/infopath/2009/WSSList/dataFields" xmlns:q="http://schemas.microsoft.com/office/infopath/2009/WSSList/queryFields" xmlns:dfs="http://schemas.microsoft.com/office/infopath/2003/dataFormSolution" xmlns:dms="http://schemas.microsoft.com/office/2009/documentManagement/types" xmlns:xd="http://schemas.microsoft.com/office/infopath/2003" xmlns:xhtml="http://www.w3.org/1999/xhtml">
    <my:Title>Glossary of Complementary and Alternative Medicine Terms</my:Title>
    <my:URL>http://www.compmed.umm.edu/cochrane_glossary.asp</my:URL>
    <my:Publisher>University of Maryland School of Medicine</my:Publisher>
    <my:AdditionalContributors />
    <my:GeographicalAreas />
    <my:PublicationType>Reference Material</my:PublicationType>
    <my:Description>
      <html xmlns="http://www.w3.org/1999/xhtml" xml:space="preserve">
        <p>The glossary of CAM terms included on the website of the <a href="http://www.compmed.umm.edu/cochrane_about.asp">Cochrane CAM Field</a> has been reprinted from the reference book <em>Complementary Therapies on the Internet</em>, William Mac Beckner and Brian M. Berman, Pages 167-172, Copyright 2003, Elsevier. </p><br /><p>The glossary provides brief definitions of 47 of the most commonly used complementary or alternative therapies, techniques or whole medical systems. </p>
<p>Definitions of some common terms used in <a href="http://www.library.nhs.uk/cam/ViewResource.aspx?resID=125440&amp;tabID=290">acupuncture</a>,  <a href="http://www.library.nhs.uk/cam/ViewResource.aspx?resID=258639&amp;tabID=290">homeopathy</a> and <a href="http://www.library.nhs.uk/cam/ViewResource.aspx?resID=269229&amp;tabID=290">osteopathy</a> can be found in the introductory articles on these topics. </p>
       </html>
    </my:Description>
    <my:ResourceType>CARDEX</my:ResourceType>
    <my:Attachment xsi:nil="true" />
    <my:HasAttachment>false</my:HasAttachment>
    <my:Speciality>Complementary and Alternative Medicine</my:Speciality>
    <my:Keywords>COMPLEMENTARY AND ALTERNATIVE MEDICINE,CAM GENERAL,DATE ADDED,PATIENT INFORMATION,AUGUST 2007</my:Keywords>
    <my:PublicationDate></my:PublicationDate>
  </my:myFields>