<?mso-infoPathSolution name="urn:schemas-microsoft-com:office:infopath:ResourceForm:-myXSD-2010-08-09T08-39-43" solutionVersion="1.0.0.68" productVersion="14.0.0.0" PIVersion="1.0.0.0" href="http://localhost:8081/FormServerTemplates/ARMSResourceForm.xsn"?>
  <?mso-application progid="InfoPath.Document" versionProgid="InfoPath.Document.3"?>
  <?mso-infoPath-file-attachment-present ?>
  <my:myFields xmlns:my="http://schemas.microsoft.com/office/infopath/2003/myXSD/2010-08-09T08:39:43" xmlns:xsi="http://www.w3.org/2001/XMLSchema-instance" xmlns:pc="http://schemas.microsoft.com/office/infopath/2007/PartnerControls" xmlns:ma="http://schemas.microsoft.com/office/2009/metadata/properties/metaAttributes" xmlns:d="http://schemas.microsoft.com/office/infopath/2009/WSSList/dataFields" xmlns:q="http://schemas.microsoft.com/office/infopath/2009/WSSList/queryFields" xmlns:dfs="http://schemas.microsoft.com/office/infopath/2003/dataFormSolution" xmlns:dms="http://schemas.microsoft.com/office/2009/documentManagement/types" xmlns:xd="http://schemas.microsoft.com/office/infopath/2003" xmlns:xhtml="http://www.w3.org/1999/xhtml">
    <my:Title>CAMbase - a XML-based bibliographical database on Complementary and Alternative Medicine (CAM)</my:Title>
    <my:URL>http://www.bio-diglib.com/content/4/1/2</my:URL>
    <my:Publisher>BioMed Central</my:Publisher>
    <my:AdditionalContributors />
    <my:GeographicalAreas />
    <my:PublicationType>Reference Material</my:PublicationType>
    <my:Description>
      <html xmlns="http://www.w3.org/1999/xhtml" xml:space="preserve">
        <p><strong>Citation</strong></p>
<p>Ostermann T, Zillmann H, Raak CK, Buessing A, Matthiessen PF. CAMbase - a XML-based bibliographical database on Complementary and Alternative Medicine (CAM). Biomedical Digital Libraries. 2007, 4:2. </p>
<p><strong>Authors' objectives</strong></p>
<p>Although there appears to be a growing number of scientific publications on CAM, the complete spectrum of complementary therapies still requires more information about published evidence. A majority of these research publications are still not listed in electronic bibliographical databases such as MEDLINE. However, with a growing demand by patients for such therapies, physicians increasingly need an overview of scientific publications on CAM. Bearing this in mind, CAMbase, a bibliographical database on CAM was launched in order to close this gap. </p>
<p><strong>Results</strong></p>
<p>The user can peruse more than 80,000 records from over 30 journals and periodicals on CAM, which are stored in CAMbase. A special search engine performing syntactical and semantical analysis of textual phrases allows the user quickly to find relevant bibliographical information on CAM. Between August 2003 and July 2006, 43,299 search queries, an average of 38 search queries per day, were registered focussing on CAM topics such as acupuncture, cancer or general safety aspects. Analysis of the requests led to the conclusion that CAMbase is not only used by scientists and researchers but also by physicians and patients who want to find out more about CAM.</p>
       </html>
    </my:Description>
    <my:ResourceType>CARDEX</my:ResourceType>
    <my:Attachment xsi:nil="true" />
    <my:HasAttachment>false</my:HasAttachment>
    <my:Speciality>Complementary and Alternative Medicine</my:Speciality>
    <my:Keywords>COMPLEMENTARY AND ALTERNATIVE MEDICINE,CAM GENERAL,DATE ADDED,SEPTEMBER 2007,RESEARCH</my:Keywords>
    <my:PublicationDate>2007-04-03T00:00:00</my:PublicationDate>
  </my:myFields>