<?mso-infoPathSolution name="urn:schemas-microsoft-com:office:infopath:ResourceForm:-myXSD-2010-08-09T08-39-43" solutionVersion="1.0.0.68" productVersion="14.0.0.0" PIVersion="1.0.0.0" href="http://localhost:8081/FormServerTemplates/ARMSResourceForm.xsn"?>
  <?mso-application progid="InfoPath.Document" versionProgid="InfoPath.Document.3"?>
  <?mso-infoPath-file-attachment-present ?>
  <my:myFields xmlns:my="http://schemas.microsoft.com/office/infopath/2003/myXSD/2010-08-09T08:39:43" xmlns:xsi="http://www.w3.org/2001/XMLSchema-instance" xmlns:pc="http://schemas.microsoft.com/office/infopath/2007/PartnerControls" xmlns:ma="http://schemas.microsoft.com/office/2009/metadata/properties/metaAttributes" xmlns:d="http://schemas.microsoft.com/office/infopath/2009/WSSList/dataFields" xmlns:q="http://schemas.microsoft.com/office/infopath/2009/WSSList/queryFields" xmlns:dfs="http://schemas.microsoft.com/office/infopath/2003/dataFormSolution" xmlns:dms="http://schemas.microsoft.com/office/2009/documentManagement/types" xmlns:xd="http://schemas.microsoft.com/office/infopath/2003" xmlns:xhtml="http://www.w3.org/1999/xhtml">
    <my:Title>How objective are systematic reviews? Differences between reviews on complementary medicine</my:Title>
    <my:URL>http://www.jrsm.org/cgi/content/full/96/1/17</my:URL>
    <my:Publisher>Royal Society of Medicine</my:Publisher>
    <my:AdditionalContributors />
    <my:GeographicalAreas />
    <my:PublicationType>Reference Material</my:PublicationType>
    <my:Description>
      <html xmlns="http://www.w3.org/1999/xhtml" xml:space="preserve">
        <p><strong>Citation</strong></p>
<p>Linde K, Willich SN. How objective are systematic reviews? Differences between reviews on complementary medicine. Journal of the Royal Society of Medicine. 2003, 96(1):17-22. </p>
<p><strong>Authors' objectives</strong></p>
<p>Systematic reviews are considered the most reliable tool to summarize existing evidence. To determine whether reviews that address the same questions can produce different answers we examined systematic reviews of herbal medicine, homeopathy, and acupuncture taken from a previously established database. </p>
<p><strong>Authors' conclusions</strong></p>
<p>This analysis shows that, at least in the three areas examined, systematic reviews often differ considerably. Readers should be aware that apparently minor decisions in the review process can have major impact. </p>
<p> </p>
       </html>
    </my:Description>
    <my:ResourceType>CARDEX</my:ResourceType>
    <my:Attachment xsi:nil="true" />
    <my:HasAttachment>false</my:HasAttachment>
    <my:Speciality>Complementary and Alternative Medicine</my:Speciality>
    <my:Keywords>COMPLEMENTARY AND ALTERNATIVE MEDICINE,HOMEOPATHY,ACUPUNCTURE,CAM GENERAL,HERBAL MEDICINE,SEPTEMBER 2007,RESEARCH,DATE ADDED</my:Keywords>
    <my:PublicationDate>2003-01-01T00:00:00</my:PublicationDate>
  </my:myFields>