<?mso-infoPathSolution name="urn:schemas-microsoft-com:office:infopath:ResourceForm:-myXSD-2010-08-09T08-39-43" solutionVersion="1.0.0.68" productVersion="14.0.0.0" PIVersion="1.0.0.0" href="http://localhost:8081/FormServerTemplates/ARMSResourceForm.xsn"?>
  <?mso-application progid="InfoPath.Document" versionProgid="InfoPath.Document.3"?>
  <?mso-infoPath-file-attachment-present ?>
  <my:myFields xmlns:my="http://schemas.microsoft.com/office/infopath/2003/myXSD/2010-08-09T08:39:43" xmlns:xsi="http://www.w3.org/2001/XMLSchema-instance" xmlns:pc="http://schemas.microsoft.com/office/infopath/2007/PartnerControls" xmlns:ma="http://schemas.microsoft.com/office/2009/metadata/properties/metaAttributes" xmlns:d="http://schemas.microsoft.com/office/infopath/2009/WSSList/dataFields" xmlns:q="http://schemas.microsoft.com/office/infopath/2009/WSSList/queryFields" xmlns:dfs="http://schemas.microsoft.com/office/infopath/2003/dataFormSolution" xmlns:dms="http://schemas.microsoft.com/office/2009/documentManagement/types" xmlns:xd="http://schemas.microsoft.com/office/infopath/2003" xmlns:xhtml="http://www.w3.org/1999/xhtml">
    <my:Title>Language of publication restrictions in systematic reviews gave different results depending on whether the intervention was conventional or complementary</my:Title>
    <my:URL>http://www.ncbi.nlm.nih.gov/sites/entrez?Db=pubmed&Cmd=ShowDetailView&TermToSearch=16086467&ordinalpos=5&itool=EntrezSystem2.PEntrez.Pubmed.Pubmed_ResultsPanel.Pubmed_RVDocSum</my:URL>
    <my:Publisher>Elsevier</my:Publisher>
    <my:AdditionalContributors />
    <my:GeographicalAreas />
    <my:PublicationType>Reference Material</my:PublicationType>
    <my:Description>
      <html xmlns="http://www.w3.org/1999/xhtml" xml:space="preserve">
        <p><strong>Citation</strong></p>
<p>Pham B, Klassen TP, Lawson ML, Moher D. Language of publication restrictions in systematic reviews gave different results depending on whether the intervention was conventional or complementary. Journal of Clinical Epidemiology. 2005, 58(8):769-76.</p>
<p><strong>Authors' objectives</strong></p>
<p>To assess whether language of publication restrictions impact the estimates of an intervention's effectiveness, whether such impact is similar for conventional medicine and complementary medicine interventions, and whether the results are influenced by publication bias and statistical heterogeneity. </p>
<p><strong>Authors' conclusions</strong></p>
<p>Language restrictions do not change the results of CM systematic reviews but do substantially alter the results of CAM systematic reviews. These findings are robust even after sensitivity analyses, and do not appear to be influenced by statistical heterogeneity and publication bias.</p>
<p><strong>Access</strong></p>
<p>NHS staff: for full text access to this resource contact your <a href="http://www.library.nhs.uk/mylibrary/default.aspx">local NHS library</a>. <br /></p>
<p> </p>
       </html>
    </my:Description>
    <my:ResourceType>CARDEX</my:ResourceType>
    <my:Attachment xsi:nil="true" />
    <my:HasAttachment>false</my:HasAttachment>
    <my:Speciality>Complementary and Alternative Medicine</my:Speciality>
    <my:Keywords>COMPLEMENTARY AND ALTERNATIVE MEDICINE,CAM GENERAL,RESEARCH,SEPTEMBER 2007,DATE ADDED</my:Keywords>
    <my:PublicationDate>2005-08-01T00:00:00</my:PublicationDate>
  </my:myFields>