<?mso-infoPathSolution name="urn:schemas-microsoft-com:office:infopath:ResourceForm:-myXSD-2010-08-09T08-39-43" solutionVersion="1.0.0.68" productVersion="14.0.0.0" PIVersion="1.0.0.0" href="http://localhost:8081/FormServerTemplates/ARMSResourceForm.xsn"?>
  <?mso-application progid="InfoPath.Document" versionProgid="InfoPath.Document.3"?>
  <?mso-infoPath-file-attachment-present ?>
  <my:myFields xmlns:my="http://schemas.microsoft.com/office/infopath/2003/myXSD/2010-08-09T08:39:43" xmlns:xsi="http://www.w3.org/2001/XMLSchema-instance" xmlns:pc="http://schemas.microsoft.com/office/infopath/2007/PartnerControls" xmlns:ma="http://schemas.microsoft.com/office/2009/metadata/properties/metaAttributes" xmlns:d="http://schemas.microsoft.com/office/infopath/2009/WSSList/dataFields" xmlns:q="http://schemas.microsoft.com/office/infopath/2009/WSSList/queryFields" xmlns:dfs="http://schemas.microsoft.com/office/infopath/2003/dataFormSolution" xmlns:dms="http://schemas.microsoft.com/office/2009/documentManagement/types" xmlns:xd="http://schemas.microsoft.com/office/infopath/2003" xmlns:xhtml="http://www.w3.org/1999/xhtml">
    <my:Title>Publication bias: direction of outcome less important than scientific quality</my:Title>
    <my:URL>http://www.mrw.interscience.wiley.com/cochrane/clcmr/articles/CMR-863/frame.html</my:URL>
    <my:Publisher>Perfusion</my:Publisher>
    <my:AdditionalContributors />
    <my:GeographicalAreas />
    <my:PublicationType>Research Study</my:PublicationType>
    <my:Description>
      <html xmlns="http://www.w3.org/1999/xhtml" xml:space="preserve">
        <p><strong>Citation</strong></p>
<p>Abbot NE, Ernst E. Publication bias: direction of outcome less important than scientific quality. Perfusion. 1998, 11:182-184.</p>
<p><strong>Authors' objectives</strong></p>
<p>Publication bias, the tendency to publish work on the strength and direction of the results, is well recognised and its effect is to distort the body of scientific knowledge in favour of positive results. It may be especially important for complementary medicine (CM) which has a preponderance of positive reports in its specialist journals but which is also under-represented in the peer reviewed mainstream literature. The aim of this study was to test whether orthodox scientific reviewers are biased against positive findings in CM papers. </p>
<p><strong>Authors' conclusions</strong></p>
<p>There was no evidence of publication bias on the part of the scientific reviewers as regards direction of study outcome but scientific quality of manuscript was found to be more important in terms of the accept/reject decision, an encouraging result for the refereeing process.</p>
<p><strong>Access</strong></p>
<p>NHS staff: for full text access to this resource contact your <a href="http://www.library.nhs.uk/mylibrary/default.aspx">local NHS library</a>. <br /></p>
<p> </p>
       </html>
    </my:Description>
    <my:ResourceType>CARDEX</my:ResourceType>
    <my:Attachment xsi:nil="true" />
    <my:HasAttachment>false</my:HasAttachment>
    <my:Speciality>Complementary and Alternative Medicine</my:Speciality>
    <my:Keywords>COMPLEMENTARY AND ALTERNATIVE MEDICINE,CAM GENERAL,RESEARCH,SEPTEMBER 2007,DATE ADDED</my:Keywords>
    <my:PublicationDate>1998-11-01T00:00:00</my:PublicationDate>
  </my:myFields>