<?mso-infoPathSolution name="urn:schemas-microsoft-com:office:infopath:ResourceForm:-myXSD-2010-08-09T08-39-43" solutionVersion="1.0.0.68" productVersion="14.0.0.0" PIVersion="1.0.0.0" href="http://localhost:8081/FormServerTemplates/ARMSResourceForm.xsn"?>
  <?mso-application progid="InfoPath.Document" versionProgid="InfoPath.Document.3"?>
  <?mso-infoPath-file-attachment-present ?>
  <my:myFields xmlns:my="http://schemas.microsoft.com/office/infopath/2003/myXSD/2010-08-09T08:39:43" xmlns:xsi="http://www.w3.org/2001/XMLSchema-instance" xmlns:pc="http://schemas.microsoft.com/office/infopath/2007/PartnerControls" xmlns:ma="http://schemas.microsoft.com/office/2009/metadata/properties/metaAttributes" xmlns:d="http://schemas.microsoft.com/office/infopath/2009/WSSList/dataFields" xmlns:q="http://schemas.microsoft.com/office/infopath/2009/WSSList/queryFields" xmlns:dfs="http://schemas.microsoft.com/office/infopath/2003/dataFormSolution" xmlns:dms="http://schemas.microsoft.com/office/2009/documentManagement/types" xmlns:xd="http://schemas.microsoft.com/office/infopath/2003" xmlns:xhtml="http://www.w3.org/1999/xhtml">
    <my:Title>CAM for low back pain: other therapies</my:Title>
    <my:URL>http://www.library.nhs.uk//cam/ViewResource.aspx?resID=269357</my:URL>
    <my:Publisher>CAM Specialist Library</my:Publisher>
    <my:AdditionalContributors />
    <my:GeographicalAreas />
    <my:PublicationType>Editorial Or Opinion Piece</my:PublicationType>
    <my:Description>
      <html xmlns="http://www.w3.org/1999/xhtml" xml:space="preserve">
        111-1CAM for low back pain: other therapies<p><b>National Knowledge Week on CAM for Low Back Pain 2007</b><br /></p><br /><p>Dr George Lewith, University of Southampton</p><br /><p>The evidence for this briefing document is based on two recent reviews: one by Ernst et al.<sup>1</sup> and a systematic reviews by Quinn et al.<sup>2</sup>    </p>
<p>Ernst et al.<sup>1</sup> compared a systematic review completed in 2000 with a subsequent re-analysis carried out in 2005 and published in 2007.  Their definition of CAM is interesting in that it includes exercise and water injections, neither of which would reasonably be classed as CAM by any of the major taxonomies. Quinn et al.<sup>2</sup> analysed therapies other than acupuncture, massage and spinal manipulation. </p>
<p>The evidence for acupuncture has been summarised in a <a href="http://www.library.nhs.uk/cam/viewResource.aspx?resID=269374&amp;code=66a9f0e5934b2605d218ed2c19ec4720">separate article</a>. </p><br /><p>The Alexander Technique has not been previously evaluated so currently (based on published evidence to date) the evidence is weak although a recently completed MRC study appears to provide strong positive evidence (based on a conference abstract) supported by a large (n = 590) factorially designed RCT which appears to demonstrate substantial improvement on the Roland Scale from both brief (6 sessions) and long Alexander Technique (24 sessions) with a one year follow-up (Paul Little, RCGP Conference Abstract, 2006). Devil’s Claw has been thoroughly reviewed and much of the primary evidence is provided by Quinn et al<sup>2</sup>; both Quinn et al.<sup>2</sup> and Ernst et al.<sup>1</sup> suggest that the evidence is tentatively positive although largely unchanged from 2000.  (For more details see <a href="http://www.library.nhs.uk/cam/viewResource.aspx?resID=269586&amp;code=2b9f5adca2828fdef5bbd002da00d9b5">article on herbal medicine for low back pain</a>)</p><br /><p>There is moderate evidence that massage is effective and increasing evidence from 2 randomised controlled trials that yoga appears to be effective (in the long term) for chronic low back pain. Two studies report homeopathic treatment of back pain, one using a transdermal gel and the other a classical homeopathic approach with oral medicines<sup>3,4</sup> Both these studies suggest that homeopathy is as good as conventional medicine in treating these conditions but both are small with questionable methodology. One small study on hypnotherapy suggested that this approach was better than placebo but this must be interpreted with caution. Carson et al.<sup>5</sup> report that a mindfulness meditation programme was able to provide a substantially enhanced outcome for pain intensity. </p><br /><p>The evidence for spinal manipulation (osteopathy and chiropractic) is tentatively positive for both chronic and acute back pain involving now a large number of clinical trials that have been systematically reviewed and are available through the Cochrane database.  (For more details see articles on <a href="http://www.library.nhs.uk/cam/viewResource.aspx?resID=269492&amp;code=a10bb4beb5a5db9b9c0001896dc0827f">spinal manipulation</a> and <a href="http://www.library.nhs.uk/cam/viewResource.aspx?resID=269491&amp;code=2615f9396a988dea5834a2f20ecc4d24">osteopathic manipulative treatment</a>)</p><br /><p>Clearly there is a need for further research but there appears to be promising and slowly growing evidence for various CAM interventions into both chronic and acute low back pain. These treatments appear to be safe from the limited evidence we have available, by and large as effective as conventional medicine. These conclusions are currently tentative and may need to be revised in the light of further research.</p><br /><p><b>References</b></p>
<p>1. Ernst E, Pittler MH, Wider B, Boddy K. Complementary therapies for back pain: is the evidence getting stronger? Clinical Rheumatology. 2007, 26(5):736-8. [<a href="http://www.ncbi.nlm.nih.gov/sites/entrez?Db=pubmed&amp;Cmd=ShowDetailView&amp;TermToSearch=16941201&amp;ordinalpos=2&amp;itool=EntrezSystem2.PEntrez.Pubmed.Pubmed_ResultsPanel.Pubmed_RVDocSum">PubMed abstract</a>] </p><br /><p>2. Quinn F, Hughes C, Baxter GD. Complementary and alternative medicine in the treatment of low back pain: a systematic review. Physical Therapy Reviews. 2006, 11(2):107-16. [<a href="http://www.ingentaconnect.com/content/maney/ptr/2006/00000011/00000002/art00005">Abstract</a>] </p><br /><p>3. Stam C, Bonnet MS, Haselen RA. The efficacy and safety of a homeopathic gel in the treatment of acute low back pain: a multi-centre, randomised, double-blind comparative clinical trial. British Homoeopathic Journal. 2001, 90(1):21-8. [<a href="http://www.ncbi.nlm.nih.gov/pubmed/11212085?ordinalpos=1&amp;itool=EntrezSystem2.PEntrez.Pubmed.Pubmed_ResultsPanel.Pubmed_RVDocSum">PubMed abstract</a>]<br /></p><br /><p>4. Gmunder R, Kissling R. The efficacy of homeopathy in the treatment of chronic low back pain compared to standardized physiotherapy. Zeitschrift für Orthopädie und ihre Grenzgebiete. 2002, 140(5):503-508. [<a href="http://www.ncbi.nlm.nih.gov/pubmed/12226773?ordinalpos=1&amp;itool=EntrezSystem2.PEntrez.Pubmed.Pubmed_ResultsPanel.Pubmed_RVDocSum">PubMed abstract</a>]</p><br /><p>5. Carson JW, Keefe FJ, Lynch TR, Carson KM, Goli V, Fras AM et al.  Loving-kindness meditation for chronic low back pain. Journal of Holistic Nursing. 2005, 23(3):287-304. [<a href="http://www.ncbi.nlm.nih.gov/pubmed/16049118?ordinalpos=5&amp;itool=EntrezSystem2.PEntrez.Pubmed.Pubmed_ResultsPanel.Pubmed_RVDocSum">PubMed abstract</a>]</p>
<p></p>
       </html>
    </my:Description>
    <my:ResourceType>Article</my:ResourceType>
    <my:Attachment xsi:nil="true" />
    <my:HasAttachment>false</my:HasAttachment>
    <my:Speciality>Complementary and Alternative Medicine</my:Speciality>
    <my:Keywords>COMPLEMENTARY AND ALTERNATIVE MEDICINE,HOMEOPATHY,BACK PAIN,CONDITIONS A-B,CONDITIONS A-Z,YOGA,MEDITATION,HERBAL MEDICINE,OTHER THERAPIES OR MEDICAL SYSTEMS,HERBS D-G,ALEXANDER TECHNIQUE,DEVILS CLAW (HARPAGOPHYTUM PROCUMBENS),SEPTEMBER 2007,DATE ADDED,2007</my:Keywords>
    <my:PublicationDate>2007-09-28T00:00:00</my:PublicationDate>
  </my:myFields>