<?mso-infoPathSolution name="urn:schemas-microsoft-com:office:infopath:ResourceForm:-myXSD-2010-08-09T08-39-43" solutionVersion="1.0.0.68" productVersion="14.0.0.0" PIVersion="1.0.0.0" href="http://localhost:8081/FormServerTemplates/ARMSResourceForm.xsn"?>
  <?mso-application progid="InfoPath.Document" versionProgid="InfoPath.Document.3"?>
  <?mso-infoPath-file-attachment-present ?>
  <my:myFields xmlns:my="http://schemas.microsoft.com/office/infopath/2003/myXSD/2010-08-09T08:39:43" xmlns:xsi="http://www.w3.org/2001/XMLSchema-instance" xmlns:pc="http://schemas.microsoft.com/office/infopath/2007/PartnerControls" xmlns:ma="http://schemas.microsoft.com/office/2009/metadata/properties/metaAttributes" xmlns:d="http://schemas.microsoft.com/office/infopath/2009/WSSList/dataFields" xmlns:q="http://schemas.microsoft.com/office/infopath/2009/WSSList/queryFields" xmlns:dfs="http://schemas.microsoft.com/office/infopath/2003/dataFormSolution" xmlns:dms="http://schemas.microsoft.com/office/2009/documentManagement/types" xmlns:xd="http://schemas.microsoft.com/office/infopath/2003" xmlns:xhtml="http://www.w3.org/1999/xhtml">
    <my:Title>Are herbal medicines useful in the treatment of low back pain?</my:Title>
    <my:URL>http://www.library.nhs.uk//cam/ViewResource.aspx?resID=269586</my:URL>
    <my:Publisher>CAM Specialist Library</my:Publisher>
    <my:AdditionalContributors />
    <my:GeographicalAreas />
    <my:PublicationType>Editorial Or Opinion Piece</my:PublicationType>
    <my:Description>
      <html xmlns="http://www.w3.org/1999/xhtml" xml:space="preserve">
        111-1Are herbal medicines useful in the treatment of low back pain?<p><strong>National Knowledge Week on CAM for Low Back Pain 2007</strong></p>
<p>Dr Saul Berkovitz, Royal London Homeopathic Hospital</p><br /><p>There are a number of systematic reviews of the use of herbal medicines in the treatment of low back pain.<sup>1-3</sup> Overall, the evidence is promising but certainly not definitive. Methodological problems include the small number of trials and the variety of extracts used, which does not allow statistical pooling, and the variable quality of studies. In addition, positive evidence from clinical trials using high-quality, high-potency, often standardised products unavailable in the UK is not necessarily generalisable to the extracts available in the UK market. </p><br /><p>Devil’s claw has been examined in two systematic reviews.<sup>2,3</sup> Overall, the results are tentatively positive, although studies are heterogenous in terms of the dose and type of extract used (aqueous, ethanolic or dry powder. There are four studies in acute exacerbations of chronic low back pain over 4-6 weeks. The most convincing of these showed benefit in pain reduction from aqueous extracts standardised to 50 or 100mg of harpagoside (a quality marker) over placebo. The other studies, although all reported as positive, can be criticised for lack of sufficient statistical power, lack of double-blinding, or improvement in secondary outcome measures only. Adverse effects were generally mild and consisted largely of gastrointestinal upset; however it is relevant that a contraindication to the use of Devil’s claw is significant gastritis or peptic ulcer disease, which might apply to patients intolerant of non-steroidal inflammatory drugs seeking herbal medicine as an alternative approach. </p><br /><p>Two studies of <em>Salix alba</em> (willow bark) products, standardised for their salicin content, have been performed in acute exacerbations of low back pain<sup>1</sup>. One study in 210 patients, using two doses (120 or 240mg salicin) or placebo, showed a moderate, dose-dependent effect over 4 weeks for pain relief and analgesic reduction. A second study was reported as showing equivalence of <em>Salix</em> 240mg/day with rofecoxib (‘Vioxx’) 12.5mg daily. Although this was randomised it was not double-blind but an open study and so carries less weight. </p><br /><p>Topical plasters containing extracts of <em>Capsicum frutescens</em> (cayenne pepper) have been tested against ‘placebo’ plasters in two studies of chronic LBP in a total of 484 patients<sup>1</sup>. In both studies there was significantly better pain relief in the <em>Capsicum</em> group. However it is difficult to make a true placebo because of the sensation of warmth caused by initial application of the capsicum plasters (in one study this was experienced by 95% in the <em>Capsicum</em> group and only 48% in the placebo group). Both studies, despite being reported as being of moderate to high quality, may therefore have been subject to a degree of ‘unblinding’. There were also postitive results in two short-term (one to two-week) studies of topical capsicum preparations, one of a combined capsicum / salicylate ointment versus placebo in acute LBP and one study showing equivalence of a <em>Capsicum</em> gel with a homeopathic gel in mixed acute and acute-on-chronic LBP. It is debatable whether topical capsaicin products are best described as ‘complementary’ as their use is well-established in other conditions such as neuropathies and osteoarthritis.</p><br /><p>In conclusion, moderately strong evidence exists for Devil’s Claw (<em>Harpagophytum procumbens</em>) in acute exacerbations of low back pain and for capsaicin plasters. There is inconsistent evidence for willow bark products. No other herbal products have been rigorously tested.</p><br /><p><b>References</b></p>
<p>1. Gagnier JJ, vanTulder M, Berman B, Bombardier C. Herbal medicine for low back pain. <i>Cochrane Database of Systematic Reviews</i> 2006, Issue 2. Art. No.: CD004504. DOI: 10.1002/14651858.CD004504.pub3. [<a href="http://mrw.interscience.wiley.com/cochrane/clsysrev/articles/CD004504/frame.html">Full text</a>]</p>
<p><br />2. Brendler T, Gruenwald J, Ulbricht C, Basch E; Natural Standard Research Collaboration. Devil's Claw (Harpagophytum procumbens DC): an evidence-based systematic review by the Natural Standard Research Collaboration. J Herb Pharmacother. 2006, 6(1):89-126. [<a href="http://www.ncbi.nlm.nih.gov/sites/entrez?Db=pubmed&amp;Cmd=ShowDetailView&amp;TermToSearch=17135164&amp;ordinalpos=2&amp;itool=EntrezSystem2.PEntrez.Pubmed.Pubmed_ResultsPanel.Pubmed_RVDocSum">PubMed abstract</a>]</p>
<p><br />3. Gagnier JJ, Chrubasik S, Manheimer E. Harpgophytum procumbens for osteoarthritis and low back pain: a systematic review. BMC Complement Altern Med 2004 Sep 15;4:13. [<a href="http://www.biomedcentral.com/1472-6882/4/13">Full text</a>] [<a href="http://www.crd.york.ac.uk/crdweb/ShowRecord.asp?View=Full&amp;ID=12005009151">DARE structured abstract</a>]<br /></p>
<p> </p>
       </html>
    </my:Description>
    <my:ResourceType>Article</my:ResourceType>
    <my:Attachment xsi:nil="true" />
    <my:HasAttachment>false</my:HasAttachment>
    <my:Speciality>Complementary and Alternative Medicine</my:Speciality>
    <my:Keywords>DISEASE MANAGEMENT,COMPLEMENTARY/ALTERNATIVE MEDICINE,MAJOR NON-INFLAMMATORY,SPINAL PROBLEMS,CONDITIONS,MUSCULOSKELETAL,COMPLEMENTARY AND ALTERNATIVE MEDICINE,BACK PAIN,CONDITIONS A-B,CONDITIONS A-Z,HERBAL MEDICINE,DEVILS CLAW (HARPAGOPHYTUM PROCUMBENS),CAYENNE PEPPER (CAPSICUM FRUTESCENS),WHITE WILLOW (SALIX ALBA),HERBS R-Z,HERBS A-C,HERBS D-G,SEPTEMBER 2007,DATE ADDED</my:Keywords>
    <my:PublicationDate>2007-09-28T00:00:00</my:PublicationDate>
  </my:myFields>