<?mso-infoPathSolution name="urn:schemas-microsoft-com:office:infopath:ResourceForm:-myXSD-2010-08-09T08-39-43" solutionVersion="1.0.0.68" productVersion="14.0.0.0" PIVersion="1.0.0.0" href="http://localhost:8081/FormServerTemplates/ARMSResourceForm.xsn"?>
  <?mso-application progid="InfoPath.Document" versionProgid="InfoPath.Document.3"?>
  <?mso-infoPath-file-attachment-present ?>
  <my:myFields xmlns:my="http://schemas.microsoft.com/office/infopath/2003/myXSD/2010-08-09T08:39:43" xmlns:xsi="http://www.w3.org/2001/XMLSchema-instance" xmlns:pc="http://schemas.microsoft.com/office/infopath/2007/PartnerControls" xmlns:ma="http://schemas.microsoft.com/office/2009/metadata/properties/metaAttributes" xmlns:d="http://schemas.microsoft.com/office/infopath/2009/WSSList/dataFields" xmlns:q="http://schemas.microsoft.com/office/infopath/2009/WSSList/queryFields" xmlns:dfs="http://schemas.microsoft.com/office/infopath/2003/dataFormSolution" xmlns:dms="http://schemas.microsoft.com/office/2009/documentManagement/types" xmlns:xd="http://schemas.microsoft.com/office/infopath/2003" xmlns:xhtml="http://www.w3.org/1999/xhtml">
    <my:Title>Acupuncture in the treatment of painful dysfunction of the temporomandibular joint: a review of the literature</my:Title>
    <my:URL>http://www.ncbi.nlm.nih.gov/sites/entrez?Db=pubmed&Cmd=ShowDetailView&TermToSearch=16645291&ordinalpos=1&itool=EntrezSystem2.PEntrez.Pubmed.Pubmed_ResultsPanel.Pubmed_RVDocSum</my:URL>
    <my:Publisher>Karger</my:Publisher>
    <my:AdditionalContributors />
    <my:GeographicalAreas />
    <my:PublicationType>Systematic Review</my:PublicationType>
    <my:Description>
      <html xmlns="http://www.w3.org/1999/xhtml" xml:space="preserve">
        <p><em>This review has been evaluated by a CRD Reviewer as potentially meeting the <a href="http://www.york.ac.uk/inst/crd/darefaq.htm">CRD quality criteria</a> and a structured abstract is in the process of being written. This <a href="http://www.crd.york.ac.uk/CRDWeb/ShowRecord.asp?View=Full&amp;ID=12006003636">provisional record</a> is for information, please note that the review has not been appraised yet. </em></p>
<p><strong>Citation</strong></p>
<p>Fink M, Rosted P, Bernateck M, Stiesch-Scholz M, Karst M. Acupuncture in the treatment of painful dysfunction of the temporomandibular joint -- a review of the literature. Forschende Komplementärmedizin (2006). 2006, 13(2):109-15.</p>
<p><strong>Authors' objectives</strong></p>
<p>The aim of this study was to analyze the results of randomized clinical trials on the efficacy of acupuncture in the treatment of painful dysfunction of the temporomandibular joint.  </p>
<p><strong>Authors' conclusions</strong></p>
<p>Acupuncture appears to be a suitable complementary treatment method in the management of craniomandibular dysfunction. However, its significance has to be further evaluated in future studies.</p>
<p><strong></strong> </p>
       </html>
    </my:Description>
    <my:ResourceType>CARDEX</my:ResourceType>
    <my:Attachment xsi:nil="true" />
    <my:HasAttachment>false</my:HasAttachment>
    <my:Speciality>Complementary and Alternative Medicine</my:Speciality>
    <my:Keywords>COMPLEMENTARY AND ALTERNATIVE MEDICINE,ACUPUNCTURE,CONDITIONS P-R,CONDITIONS T-Z,TEMPOROMANDIBULAR JOINT DISORDERS,CONDITIONS A-Z,PAIN,DATE ADDED,DECEMBER 2007</my:Keywords>
    <my:PublicationDate>2006-04-01T00:00:00</my:PublicationDate>
  </my:myFields>