<?mso-infoPathSolution name="urn:schemas-microsoft-com:office:infopath:ResourceForm:-myXSD-2010-08-09T08-39-43" solutionVersion="1.0.0.68" productVersion="14.0.0.0" PIVersion="1.0.0.0" href="http://localhost:8081/FormServerTemplates/ARMSResourceForm.xsn"?>
  <?mso-application progid="InfoPath.Document" versionProgid="InfoPath.Document.3"?>
  <?mso-infoPath-file-attachment-present ?>
  <my:myFields xmlns:my="http://schemas.microsoft.com/office/infopath/2003/myXSD/2010-08-09T08:39:43" xmlns:xsi="http://www.w3.org/2001/XMLSchema-instance" xmlns:pc="http://schemas.microsoft.com/office/infopath/2007/PartnerControls" xmlns:ma="http://schemas.microsoft.com/office/2009/metadata/properties/metaAttributes" xmlns:d="http://schemas.microsoft.com/office/infopath/2009/WSSList/dataFields" xmlns:q="http://schemas.microsoft.com/office/infopath/2009/WSSList/queryFields" xmlns:dfs="http://schemas.microsoft.com/office/infopath/2003/dataFormSolution" xmlns:dms="http://schemas.microsoft.com/office/2009/documentManagement/types" xmlns:xd="http://schemas.microsoft.com/office/infopath/2003" xmlns:xhtml="http://www.w3.org/1999/xhtml">
    <my:Title>Multivitamin/mineral supplements and prevention of chronic disease</my:Title>
    <my:URL>http://www.ahrq.gov/downloads/pub/evidence/pdf/multivit/multivit.pdf</my:URL>
    <my:Publisher>Agency for Healthcare Research and Quality</my:Publisher>
    <my:AdditionalContributors />
    <my:GeographicalAreas />
    <my:PublicationType>Systematic Review</my:PublicationType>
    <my:Description>
      <html xmlns="http://www.w3.org/1999/xhtml" xml:space="preserve">
        <p><strong>Citation</strong></p>
<p>Huang HY, Caballero B, Chang S, Alberg A, Semba R, Schneyer C, Wilson  F, Cheng  Y, Prokopowicz G, Barnes  J, Vassy J, Bass EB. Multivitamin/mineral supplements and prevention of chronic disease. 2006:117. Rockville, MD, USA: Agency for Healthcare Research and Quality. </p>
<p><strong><br />Duplicate publications</strong></p>
<p>Also published as an <a href="http://consensus.nih.gov/2006/2006MultivitaminMineralSOS028main.htm">NIH consensus and state-of-the-science statement </a>from the NIH State-of-the-Science Conference on Multivitamin/Mineral Supplements and Chronic Disease Prevention, May 15-17, 2006. </p><br /><p>Huang HY, Caballero B, Chang S, Alberg A J, Semba R D, Schneyer C R, Wilson R F, Cheng T Y, Vassy J, Prokopowicz G, Barnes G A, Bass E B. The efficacy and safety of multivitamin and mineral supplement use to prevent cancer and chronic disease in adults: a systematic review for a National Institutes of Health State-of-the-Science Conference. Annals of Internal Medicine. 2006;145(5):372-385. [<a href="http://www.annals.org/cgi/reprint/145/5/372">Full text</a>]</p>
<p> </p>
<p><strong>Authors' objectives</strong></p>
<p>To review and synthesize published literature on the efficacy of multivitamin/mineral supplements and certain single nutrient supplements in the primary prevention of chronic disease in the general adult population, and on the safety of multivitamin/mineral supplements and certain single nutrient supplements, likely to be included in multivitamin/mineral supplements, in the general population of adults and children.  </p>
<p><strong>Authors' conclusions</strong></p>
<p>Multivitamin/mineral supplement use may prevent cancer in individuals with poor or suboptimal nutritional status. The heterogeneity in the study populations limits generalization to United States population. Multivitamin/mineral supplements conferred no benefit in preventing cardiovascular disease or cataract, and may prevent advanced age-related macular degeneration only in high-risk individuals. The overall quality and quantity of the literature on the safety of multivitamin/mineral supplements is limited. </p>
       </html>
    </my:Description>
    <my:ResourceType>CARDEX</my:ResourceType>
    <my:Attachment xsi:nil="true" />
    <my:HasAttachment>false</my:HasAttachment>
    <my:Speciality>Complementary and Alternative Medicine</my:Speciality>
    <my:Keywords>COMPLEMENTARY AND ALTERNATIVE MEDICINE,DIETARY AND NUTRITIONAL THERAPIES,CONDITIONS A-Z,CONDITIONS C,CANCER,JANUARY 2008,2008,DATE ADDED,VITAMINS,NUTRITIONAL SUPPLEMENTS,MINERALS</my:Keywords>
    <my:PublicationDate>2006-05-01T00:00:00</my:PublicationDate>
  </my:myFields>