<?mso-infoPathSolution name="urn:schemas-microsoft-com:office:infopath:ResourceForm:-myXSD-2010-08-09T08-39-43" solutionVersion="1.0.0.68" productVersion="14.0.0.0" PIVersion="1.0.0.0" href="http://localhost:8081/FormServerTemplates/ARMSResourceForm.xsn"?>
  <?mso-application progid="InfoPath.Document" versionProgid="InfoPath.Document.3"?>
  <?mso-infoPath-file-attachment-present ?>
  <my:myFields xmlns:my="http://schemas.microsoft.com/office/infopath/2003/myXSD/2010-08-09T08:39:43" xmlns:xsi="http://www.w3.org/2001/XMLSchema-instance" xmlns:pc="http://schemas.microsoft.com/office/infopath/2007/PartnerControls" xmlns:ma="http://schemas.microsoft.com/office/2009/metadata/properties/metaAttributes" xmlns:d="http://schemas.microsoft.com/office/infopath/2009/WSSList/dataFields" xmlns:q="http://schemas.microsoft.com/office/infopath/2009/WSSList/queryFields" xmlns:dfs="http://schemas.microsoft.com/office/infopath/2003/dataFormSolution" xmlns:dms="http://schemas.microsoft.com/office/2009/documentManagement/types" xmlns:xd="http://schemas.microsoft.com/office/infopath/2003" xmlns:xhtml="http://www.w3.org/1999/xhtml">
    <my:Title>Traditional Herbal Medicines Registration Scheme</my:Title>
    <my:URL>http://www.mhra.gov.uk/Safetyinformation/Generalsafetyinformationandadvice/Product-specificinformationandadvice/Herbalmedicines/index.htm</my:URL>
    <my:Publisher>Medicines and Healthcare products Regulatory Agency (MHRA)</my:Publisher>
    <my:AdditionalContributors />
    <my:GeographicalAreas />
    <my:PublicationType>Reference Material</my:PublicationType>
    <my:Description>
      <html xmlns="http://www.w3.org/1999/xhtml" xml:space="preserve">
        <p>This section of the <a href="http://www.mhra.gov.uk/home/idcplg?IdcService=SS_GET_PAGE&amp;nodeId=5">Medicines and Healthcare products Regulatory Agency</a> (MHRA) website has been specifically created to provide practical guidance to help those operating within the herbal medicine sector to understand and comply with the Traditional Herbal Medicines Registration Scheme (THMRS), as required by Directive 2004/24/EC on Traditional Herbal Medicinal Products.</p><br /><p>It covers specific and detailed information about the regulation of herbal medicines including the scope of the Legislation, restrictions that apply, who is responsible for applying for registration or other relevant licenses and what these processes involve. </p><br /><p>For more details and further information see the <a href="http://www.mhra.gov.uk/home/idcplg?IdcService=SS_GET_PAGE&amp;nodeId=95">THMRS web pages</a>. These include the full text of the guidance document "Guidance for Retailers, Wholesalers, Importers and Manufacturers on Registering Herbal Medicine under the Traditional Herbal Medicines Registration Scheme". </p>
       </html>
    </my:Description>
    <my:ResourceType>CARDEX</my:ResourceType>
    <my:Attachment xsi:nil="true" />
    <my:HasAttachment>false</my:HasAttachment>
    <my:Speciality>Complementary and Alternative Medicine</my:Speciality>
    <my:Keywords>COMPLEMENTARY AND ALTERNATIVE MEDICINE,TRADITIONAL CHINESE MEDICINE (TCM),OTHER THERAPIES OR MEDICAL SYSTEMS,HERBAL MEDICINE,CAM GENERAL,DATE ADDED,REGULATION,JANUARY 2008</my:Keywords>
    <my:PublicationDate>2007-08-01T00:00:00</my:PublicationDate>
  </my:myFields>