<?mso-infoPathSolution name="urn:schemas-microsoft-com:office:infopath:ResourceForm:-myXSD-2010-08-09T08-39-43" solutionVersion="1.0.0.68" productVersion="14.0.0.0" PIVersion="1.0.0.0" href="http://localhost:8081/FormServerTemplates/ARMSResourceForm.xsn"?>
  <?mso-application progid="InfoPath.Document" versionProgid="InfoPath.Document.3"?>
  <?mso-infoPath-file-attachment-present ?>
  <my:myFields xmlns:my="http://schemas.microsoft.com/office/infopath/2003/myXSD/2010-08-09T08:39:43" xmlns:xsi="http://www.w3.org/2001/XMLSchema-instance" xmlns:pc="http://schemas.microsoft.com/office/infopath/2007/PartnerControls" xmlns:ma="http://schemas.microsoft.com/office/2009/metadata/properties/metaAttributes" xmlns:d="http://schemas.microsoft.com/office/infopath/2009/WSSList/dataFields" xmlns:q="http://schemas.microsoft.com/office/infopath/2009/WSSList/queryFields" xmlns:dfs="http://schemas.microsoft.com/office/infopath/2003/dataFormSolution" xmlns:dms="http://schemas.microsoft.com/office/2009/documentManagement/types" xmlns:xd="http://schemas.microsoft.com/office/infopath/2003" xmlns:xhtml="http://www.w3.org/1999/xhtml">
    <my:Title>Effects of omega-3 fatty acids on mental health</my:Title>
    <my:URL>http://www.ncbi.nlm.nih.gov/books/bv.fcgi?rid=hstat1a.chapter.89824</my:URL>
    <my:Publisher>Agency for Healthcare Research and Quality</my:Publisher>
    <my:AdditionalContributors />
    <my:GeographicalAreas />
    <my:PublicationType>Systematic Review</my:PublicationType>
    <my:Description>
      <html xmlns="http://www.w3.org/1999/xhtml" xml:space="preserve">
        <p><em>This review has been evaluated by a CRD reviewer as potentially meeting the <a href="http://www.york.ac.uk/inst/crd/faq4.htm">CRD quality criteria</a> and a structured abstract is in the process of being written. This <a href="http://www.crd.york.ac.uk/CRDWeb/ShowRecord.asp?ID=12005008511">provisional record</a> is for information, please note that the review has not been appraised yet. </em></p>
<p><strong>Citation</strong></p>
<p>Schachter H, Kourad K, Merali Z, Lumb A, Tran K, Miguelez M, et al. Effects of Omega-3 Fatty Acids on Mental Health. Evidence Report/Technology Assessment No. 116. (Prepared by the University of Ottawa Evidence-based Practice Center, Under Contract No. 290-02-0021.) AHRQ Publication No. 05-E022-2. Rockville, MD: Agency for Healthcare Research and Quality. July 2005. [<a href="http://www.ahrq.gov/downloads/pub/evidence/pdf/o3mental/o3mental.pdf">Full text pdf format</a>]</p>
<p><strong>Authors' objectives</strong></p>
<p>The purpose of this study was to conduct a systematic review of the scientific-medical literature to identify, appraise and synthesize the evidence for the effects of omega-3 fatty acids in mental health. Evidence was sought to permit the investigation of three basic questions: the efficacy and safety of omega-3 fatty acids as (primary or supplemental) treatment of psychiatric disorders or conditions (e.g., symptoms alone); the association between intake of omega-3 fatty acids and the onset, continuation or recurrence of psychiatric disorders or conditions; and, the association between the fatty acid content of biomarkers and the onset, continuation or recurrence of psychiatric disorders or conditions. The latter two questions examined the protective value of omega-3 fatty acid content in the diet and/or blood lipid biomarkers. The impact of effect modifiers was examined as well. The results will be used largely to inform a research agenda. </p>
<p><strong>Authors' conclusions</strong></p>
<p>A notable safety profile for any type or dose of omega-3 fatty acid supplementation was not observed. Overall, other than for the topics of schizophrenia and depression, few studies were identified. Only with respect to the supplemental treatment of schizophrenia is the evidence even somewhat suggestive of omega-3 fatty acids' potential as short-term intervention. However, these meta-analytic results exclusively pertaining to 2 g/d EPA require replication using design and methods refinements. Additional research might reveal the short-term or longterm therapeutic value of omega-3 fatty acids. One study demonstrating a significant placebo-controlled clinical effect related to 1 g/d E-EPA given, over 12 weeks, to 17 patients with depressive symptoms—rather than depressive disorders—cannot be taken to support the view of the utility of this exposure as a supplemental treatment for depressive symptomatology or disorders. Nothing can yet be concluded concerning the clinical utility of omega-3 fatty acids as supplemental treatment for any other psychiatric disorder or condition, or as a primary treatment for all psychiatric disorders or conditions, examined in our review. Primary treatment studies were rare. Much more research, implementing design and methods improvements, is needed before we can begin to ascertain the possible utility of (foods or supplements containing) omega-3 fatty acids as primary prevention for psychiatric disorders or conditions. Overall, almost nothing is known about the therapeutic or preventive potential of each source, type, dose or combination of omega-3 fatty acids. Studies of their primary protective potential in mental health could be “piggybacked” onto longitudinal studies of their impact on general health and development. Because of limited study designs, little is known about the relationship between PUFA biomarker profiles and the onset of any psychiatric disorder or condition. Studies examining the possible association between the intake of omega-3 fatty acids, or the PUFA content of biomarkers, and the continuation or recurrence of psychiatric disorders or conditions were virtually nonexistent. If future research is going to produce data that are unequivocally applicable to North Americans, it will likely need to enroll either North American populations or populations exhibiting a high omega-6/omega-3 fatty acid intake ratio similar to what has been observed in the diet of North Americans. Furthermore, if a reasonable view is that omega-3 fatty acids may play a role in mental health, then given the observed or proposed inter-relationships between omega-3 and omega-6 fatty acid contents both in the regular diet and in the human biosystem, it may behoove researchers to investigate the possible therapeutic or preventive value of the dietary omega-6/omega-3 fatty acid intake ratio. <br /></p>
<p> </p>
       </html>
    </my:Description>
    <my:ResourceType>CARDEX</my:ResourceType>
    <my:Attachment xsi:nil="true" />
    <my:HasAttachment>false</my:HasAttachment>
    <my:Speciality>Complementary and Alternative Medicine</my:Speciality>
    <my:Keywords>COMPLEMENTARY AND ALTERNATIVE MEDICINE,CONDITIONS S,ATTENTION DEFICIT / HYPERACTIVITY DISORDER,CONDITIONS D-E,CONDITIONS M-O,CONDITIONS A-B,SCHIZOPHRENIA,CONDITIONS A-Z,DEPRESSION,DIETARY AND NUTRITIONAL THERAPIES,DATE ADDED,OMEGA-3 FATTY ACIDS,NUTRITIONAL SUPPLEMENTS,LIPIDS,JANUARY 2008,MENTAL DISORDERS</my:Keywords>
    <my:PublicationDate>2005-07-01T00:00:00</my:PublicationDate>
  </my:myFields>