<?mso-infoPathSolution name="urn:schemas-microsoft-com:office:infopath:ResourceForm:-myXSD-2010-08-09T08-39-43" solutionVersion="1.0.0.68" productVersion="14.0.0.0" PIVersion="1.0.0.0" href="http://localhost:8081/FormServerTemplates/ARMSResourceForm.xsn"?>
  <?mso-application progid="InfoPath.Document" versionProgid="InfoPath.Document.3"?>
  <?mso-infoPath-file-attachment-present ?>
  <my:myFields xmlns:my="http://schemas.microsoft.com/office/infopath/2003/myXSD/2010-08-09T08:39:43" xmlns:xsi="http://www.w3.org/2001/XMLSchema-instance" xmlns:pc="http://schemas.microsoft.com/office/infopath/2007/PartnerControls" xmlns:ma="http://schemas.microsoft.com/office/2009/metadata/properties/metaAttributes" xmlns:d="http://schemas.microsoft.com/office/infopath/2009/WSSList/dataFields" xmlns:q="http://schemas.microsoft.com/office/infopath/2009/WSSList/queryFields" xmlns:dfs="http://schemas.microsoft.com/office/infopath/2003/dataFormSolution" xmlns:dms="http://schemas.microsoft.com/office/2009/documentManagement/types" xmlns:xd="http://schemas.microsoft.com/office/infopath/2003" xmlns:xhtml="http://www.w3.org/1999/xhtml">
    <my:Title>Usefulness of omega-3 fatty acids and the prevention of coronary heart disease</my:Title>
    <my:URL>http://www.ncbi.nlm.nih.gov/pubmed/16310434?ordinalpos=1&itool=EntrezSystem2.PEntrez.Pubmed.Pubmed_ResultsPanel.Pubmed_RVDocSum</my:URL>
    <my:Publisher>Excerpta Medica</my:Publisher>
    <my:AdditionalContributors />
    <my:GeographicalAreas />
    <my:PublicationType>Systematic Review</my:PublicationType>
    <my:Description>
      <html xmlns="http://www.w3.org/1999/xhtml" xml:space="preserve">
        <p><em>This review has been evaluated by a CRD reviewer as potentially meeting the <a href="http://www.york.ac.uk/inst/crd/faq4.htm">CRD quality criteria</a> and a structured abstract is in the process of being written. This <a href="http://www.crd.york.ac.uk/CRDWeb/ShowRecord.asp?View=Full&amp;ID=12005002269">provisional record</a> is for information, please note that the review has not been appraised yet. </em></p>
<p><strong>Citation</strong></p>
<p>Harper CR, Jacobson TA. Usefulness of omega-3 fatty acids and the prevention of coronary heart disease. American Journal of Cardiology. 2005;96(11):1521-1529. [<a href="http://www.ajconline.org/article/PIIS0002914905014542/fulltext">Full text</a>]</p>
<p><strong>Authors' objectives</strong></p>
<p>To review systematically previously published reports assessing the different types of omega-3 polyunsaturated fatty acid interventions and cardiovascular outcomes.</p>
<p><strong>Authors' conclusions</strong></p>
<p>In conclusion, the evidence suggests a role for fish oil (eicosapentaenoic acid, docosahexaenoic acid) or fish in secondary prevention because recent clinical trial data have demonstrated a significant reduction in total mortality, coronary heart disease death, and sudden death. The data on alpha-linolenic acid have been limited by studies of smaller sample size and limited quality.</p>
<p> </p>
       </html>
    </my:Description>
    <my:ResourceType>CARDEX</my:ResourceType>
    <my:Attachment xsi:nil="true" />
    <my:HasAttachment>false</my:HasAttachment>
    <my:Speciality>Complementary and Alternative Medicine</my:Speciality>
    <my:Keywords>COMPLEMENTARY AND ALTERNATIVE MEDICINE,CORONARY HEART DISEASE,CONDITIONS C,CONDITIONS A-Z,DIETARY AND NUTRITIONAL THERAPIES,CARDIOVASCULAR DISEASES,JANUARY 2008,MONTHLY ADDITIONS,2008-JULY,LIPIDS,NUTRITIONAL SUPPLEMENTS,PUBLIC HEALTH,OUTCOMES,FOOD & NUTRITION,DETERMINANTS,DIETARY SUPPLEMENTS,MANAGEMENT & INTERVENTIONS,SERVICES,CIRCULATORY DISEASES,CARDIOVASCULAR DISEASES,POPULATION BASED & PREVENTATIVE SERVICES,OMEGA-3 FATTY ACIDS,FISH OILS,DATE ADDED</my:Keywords>
    <my:PublicationDate>2005-12-01T00:00:00</my:PublicationDate>
  </my:myFields>