<?mso-infoPathSolution name="urn:schemas-microsoft-com:office:infopath:ResourceForm:-myXSD-2010-08-09T08-39-43" solutionVersion="1.0.0.68" productVersion="14.0.0.0" PIVersion="1.0.0.0" href="http://localhost:8081/FormServerTemplates/ARMSResourceForm.xsn"?>
  <?mso-application progid="InfoPath.Document" versionProgid="InfoPath.Document.3"?>
  <?mso-infoPath-file-attachment-present ?>
  <my:myFields xmlns:my="http://schemas.microsoft.com/office/infopath/2003/myXSD/2010-08-09T08:39:43" xmlns:xsi="http://www.w3.org/2001/XMLSchema-instance" xmlns:pc="http://schemas.microsoft.com/office/infopath/2007/PartnerControls" xmlns:ma="http://schemas.microsoft.com/office/2009/metadata/properties/metaAttributes" xmlns:d="http://schemas.microsoft.com/office/infopath/2009/WSSList/dataFields" xmlns:q="http://schemas.microsoft.com/office/infopath/2009/WSSList/queryFields" xmlns:dfs="http://schemas.microsoft.com/office/infopath/2003/dataFormSolution" xmlns:dms="http://schemas.microsoft.com/office/2009/documentManagement/types" xmlns:xd="http://schemas.microsoft.com/office/infopath/2003" xmlns:xhtml="http://www.w3.org/1999/xhtml">
    <my:Title>Effects of omega-3 fatty acids on cardiovascular risk factors and intermediate markers of cardiovascular disease</my:Title>
    <my:URL>http://www.ncbi.nlm.nih.gov/books/bv.fcgi?highlight=&rid=hstat1a.chapter.35161</my:URL>
    <my:Publisher>Agency for Healthcare Research and Quality</my:Publisher>
    <my:AdditionalContributors />
    <my:GeographicalAreas />
    <my:PublicationType>Review</my:PublicationType>
    <my:Description>
      <html xmlns="http://www.w3.org/1999/xhtml" xml:space="preserve">
        <p><strong>Citation</strong></p>
<p>Balk E, Chung M, Lichtenstein A, Chew P, Kupelnick B, Lawrence A, DeVine D, Lau J. Effects of Omega-3 Fatty Acids on Cardiovascular Risk Factors and Intermediate Markers of Cardiovascular Disease. Evidence Report/Technology Assessment No. 93 (Prepared by Tufts-New England Medical Center Evidence-based Practice Center under Contract No. 290-02-0022). AHRQ Publication No. 04-E010-2. Rockville, MD: Agency for Healthcare Research and Quality, March 2004. [<a href="http://www.ahrq.gov/downloads/pub/evidence/pdf/o3cardrisk/o3cardrisk.pdf">Full text pdf format</a>]</p>
<p><strong>Authors' objectives</strong></p>
<p>As the second of a 3-part report on this topic, we performed a systematic review of the literature to assess the effect of consumption of omega-3 fatty acids (eicosapentaenoic acid [EPA; 20:5 n-3], docosahexaenoic acid [DHA; 22:6 n-3], and alpha-linolenic acid [ALA, 18:3 n-3])on various cardiovascular disease (CVD) risk factors and intermediate markers of CVD in healthy people, people with dyslipidemia, diabetes, or known CVD. </p>
<p><strong>Authors' conclusions</strong></p>
<p>A large, consistent beneficial effect of omega-3 fatty acids was found only for triglyceride levels. Little or no effect of omega-3 fatty acids was found for a variety of other cardiovascular risk factors and markers of cardiovascular disease. The benefits of omega-3 fatty acids on reducing cardiovascular disease are not well explained by the fatty acids' effects on the cardiovascular risk factors we examined. A strong, linear association was found across studies between omega-3 fatty acid intake and tissue levels. </p>
<p>Heterogeneity of treatment effect was common among studies across the outcomes evaluated. Given the large amount of heterogeneity across studies, many questions remain about the effect of omega-3 fatty acids in improving potential CVD risk factors and intermediate markers of CVD. Few studies addressed questions related to effect modifiers and only limited conclusions could be made regarding these factors. The optimal quantity and type of omega-3 fatty acid, ratio of dietary omega-6 to omega-3, and duration of treatment remain undefined. Future research is needed to address these issues.</p>
<p> </p>
       </html>
    </my:Description>
    <my:ResourceType>CARDEX</my:ResourceType>
    <my:Attachment xsi:nil="true" />
    <my:HasAttachment>false</my:HasAttachment>
    <my:Speciality>Complementary and Alternative Medicine</my:Speciality>
    <my:Keywords>COMPLEMENTARY AND ALTERNATIVE MEDICINE,CARDIOVASCULAR DISEASES,DIETARY AND NUTRITIONAL THERAPIES,CONDITIONS A-Z,CONDITIONS C,DATE ADDED,OMEGA-3 FATTY ACIDS,NUTRITIONAL SUPPLEMENTS,LIPIDS,JANUARY 2008</my:Keywords>
    <my:PublicationDate>2004-03-01T00:00:00</my:PublicationDate>
  </my:myFields>