<?mso-infoPathSolution name="urn:schemas-microsoft-com:office:infopath:ResourceForm:-myXSD-2010-08-09T08-39-43" solutionVersion="1.0.0.68" productVersion="14.0.0.0" PIVersion="1.0.0.0" href="http://localhost:8081/FormServerTemplates/ARMSResourceForm.xsn"?>
  <?mso-application progid="InfoPath.Document" versionProgid="InfoPath.Document.3"?>
  <?mso-infoPath-file-attachment-present ?>
  <my:myFields xmlns:my="http://schemas.microsoft.com/office/infopath/2003/myXSD/2010-08-09T08:39:43" xmlns:xsi="http://www.w3.org/2001/XMLSchema-instance" xmlns:pc="http://schemas.microsoft.com/office/infopath/2007/PartnerControls" xmlns:ma="http://schemas.microsoft.com/office/2009/metadata/properties/metaAttributes" xmlns:d="http://schemas.microsoft.com/office/infopath/2009/WSSList/dataFields" xmlns:q="http://schemas.microsoft.com/office/infopath/2009/WSSList/queryFields" xmlns:dfs="http://schemas.microsoft.com/office/infopath/2003/dataFormSolution" xmlns:dms="http://schemas.microsoft.com/office/2009/documentManagement/types" xmlns:xd="http://schemas.microsoft.com/office/infopath/2003" xmlns:xhtml="http://www.w3.org/1999/xhtml">
    <my:Title>Effects of omega-3 fatty acids on child and maternal health</my:Title>
    <my:URL>http://www.ncbi.nlm.nih.gov/books/bv.fcgi?rid=hstat1a.chapter.92665</my:URL>
    <my:Publisher>Agency for Healthcare Research and Quality</my:Publisher>
    <my:AdditionalContributors />
    <my:GeographicalAreas />
    <my:PublicationType>Systematic Review</my:PublicationType>
    <my:Description>
      <html xmlns="http://www.w3.org/1999/xhtml" xml:space="preserve">
        <p><em>This review has been evaluated by a CRD reviewer as potentially meeting the <a href="http://www.york.ac.uk/inst/crd/faq4.htm">CRD quality criteria</a> and a structured abstract is in the process of being written. This <a href="http://www.crd.york.ac.uk/CRDWeb/ShowRecord.asp?View=Full&amp;ID=12005008539">provisional record</a> is for information, please note that the review has not been appraised yet. </em></p>
<p><strong>Citation</strong></p>
<p>Lewin GA, Schachter HM, Yuen D, Merchant P, Mamaladze V, Tsertsvadze A, et al. Effects of Omega-3 Fatty Acids on Child and Maternal Health. Evidence Report/Technology Assessment No. 118. (Prepared by the University of Ottawa Evidence-based Practice Center, under Contract No. 290-02-0021.) AHRQ Publication No. 05-E025-2. Rockville, MD: Agency for Healthcare Research and Quality, August 2005. [<a href="http://www.ahrq.gov/downloads/pub/evidence/pdf/o3maternalchild/o3mch.pdf">Full text pdf format</a>]</p>
<p><strong>Authors' objectives</strong></p>
<p>The purpose of this study was to conduct a systematic review of the scientific-medical literature to identify, appraise and synthesize the evidence of omega-3 fatty acids in child and maternal health. Evidence was sought to investigate a series of questions regarding the influence of the omega-3 fatty acid intake (supplemented during pregnancy) on the duration of gestation, incidence of preeclampsia, eclapmsia or gestational hypertension (GHT), and incidence of infants small for gestational age (SGA), as well as the association between the maternal biomarkers during pregnancy and the pregnancy outcomes outlined above. The influence of the omega-3 fatty acid intake (supplemented or breast milk) on the developmental outcomes in preterm and term infants, such was growth, neurocognitive development and visual function, were also investigated, as well as the association between the maternal, fetal or child's biomarkers and these clinical outcomes. The impact of effect modifiers was also examined, as well as the safety profile. The results will be sued to inform a research agenda. </p>
<p><strong>Authors' conclusions</strong></p>
<p>Studies investigating the influence of omega-3 fatty acids on child and maternal health revealed the absence of a notable safety profile (i.e., moderate-to-severe AEs). Pregnancy outcomes were either unaffected by omega-3 fatty acid supplementation, or the results were inconclusive. Results suggested the absence of effects with respect to the impact of supplementation on the incidence of GHT, preeclampsia or eclampsia, as well as on infants being born SGA. However, regarding evaluations of the duration of gestation, some discrepancies were observed, although most of the studies failed to detect a statistically significant effect. Biomarker data failed to clarify patterns in pregnancy outcome data. </p>
<p>Results concerning the impact of the intake of omega-3 fatty acids on the development of infants are primarily, although not uniformly, inconclusive. The inconsistencies in study results may be attributable to numerous factors.</p>
<p>In addition, making clear sense of the absolute or relative effects of individual omega-3 fatty acids, or even omega-3 fatty acid combinations, on child outcomes is complicated or precluded by the following problem. Studies typically employed interventions that involved various cointerventional or background constituents (e.g., omega-6 fatty acids), yet whose metabolic interactions with the omega-3 fatty acid(s) were not taken into account in interpreting the results. The dynamic interplay among these fatty acid contents (e.g., competition for enzymes), and how this interplay may influence outcomes, may differ in important ways depending on whether DHA or olive oil is added to the combination of cointerventional or background constituents, particularly in the maternal population. This strategy prevented the isolation of the exact effects relating to the omega-3 fatty acid content. It is thus very difficult to reliably ascribe definite child outcome-related benefits, or the absence thereof, to specific omega-3 fatty acids. Biomarker data failed to clarify patterns in child outcome data.</p>
<p> </p>
<p> </p>
       </html>
    </my:Description>
    <my:ResourceType>CARDEX</my:ResourceType>
    <my:Attachment xsi:nil="true" />
    <my:HasAttachment>false</my:HasAttachment>
    <my:Speciality>Complementary and Alternative Medicine</my:Speciality>
    <my:Keywords>COMPLEMENTARY AND ALTERNATIVE MEDICINE,PRE-ECLAMPSIA,CONDITIONS P-R,PREGNANCY,CONDITIONS A-Z,DIETARY AND NUTRITIONAL THERAPIES,DATE ADDED,OMEGA-3 FATTY ACIDS,NUTRITIONAL SUPPLEMENTS,LIPIDS,JANUARY 2008</my:Keywords>
    <my:PublicationDate>2005-08-01T00:00:00</my:PublicationDate>
  </my:myFields>