<?mso-infoPathSolution name="urn:schemas-microsoft-com:office:infopath:ResourceForm:-myXSD-2010-08-09T08-39-43" solutionVersion="1.0.0.68" productVersion="14.0.0.0" PIVersion="1.0.0.0" href="http://localhost:8081/FormServerTemplates/ARMSResourceForm.xsn"?>
  <?mso-application progid="InfoPath.Document" versionProgid="InfoPath.Document.3"?>
  <?mso-infoPath-file-attachment-present ?>
  <my:myFields xmlns:my="http://schemas.microsoft.com/office/infopath/2003/myXSD/2010-08-09T08:39:43" xmlns:xsi="http://www.w3.org/2001/XMLSchema-instance" xmlns:pc="http://schemas.microsoft.com/office/infopath/2007/PartnerControls" xmlns:ma="http://schemas.microsoft.com/office/2009/metadata/properties/metaAttributes" xmlns:d="http://schemas.microsoft.com/office/infopath/2009/WSSList/dataFields" xmlns:q="http://schemas.microsoft.com/office/infopath/2009/WSSList/queryFields" xmlns:dfs="http://schemas.microsoft.com/office/infopath/2003/dataFormSolution" xmlns:dms="http://schemas.microsoft.com/office/2009/documentManagement/types" xmlns:xd="http://schemas.microsoft.com/office/infopath/2003" xmlns:xhtml="http://www.w3.org/1999/xhtml">
    <my:Title>Systematic review: the role of different types of fibre in the treatment of irritable bowel syndrome</my:Title>
    <my:URL>http://www.ncbi.nlm.nih.gov/pubmed/14984370?ordinalpos=14&itool=EntrezSystem2.PEntrez.Pubmed.Pubmed_ResultsPanel.Pubmed_RVDocSum</my:URL>
    <my:Publisher>Blackwell</my:Publisher>
    <my:AdditionalContributors />
    <my:GeographicalAreas />
    <my:PublicationType>Systematic Review</my:PublicationType>
    <my:Description>
      <html xmlns="http://www.w3.org/1999/xhtml" xml:space="preserve">
        <p><em>This review has been evaluated by a CRD reviewer as potentially meeting the <a href="http://www.york.ac.uk/inst/crd/faq4.htm">CRD quality criteria</a> and a structured abstract is in the process of being written. This <a href="http://www.crd.york.ac.uk/CRDWeb/ShowRecord.asp?View=Full&amp;ID=12004000607">provisional record</a> is for information, please note that the review has not been appraised yet. </em></p>
<p><strong>Citation</strong></p>
<p>Bijkerk CJ, Muris JW, Knottnerus JA, Hoes AW, De Wit NJ. Systematic review: the role of different types of fibre in the treatment of irritable bowel syndrome. Alimentary Pharmacology and Therapeutics. 2004, 19(3):245-251. </p>
<p><strong>Authors' objectives</strong></p>
<p>To quantify the effect of different types of fibre on global and symptom relief from irritable bowel syndrome. </p>
<p><strong>Authors' conclusions</strong></p>
<p>The benefits of fibre in the treatment of irritable bowel syndrome are marginal for global irritable bowel syndrome symptom improvement and irritable bowel syndrome-related constipation. Soluble and insoluble fibres have different effects on global irritable bowel syndrome symptoms. Indeed, in some cases, insoluble fibres may worsen the clinical outcome. Future clinical studies evaluating the effect and tolerability of fibre therapy are needed in primary care.</p>
<p><strong>Access</strong></p>
<p>NHS staff: for full text access to this resource contact your <a href="http://www.library.nhs.uk/mylibrary/default.aspx">local NHS library</a>. <br /></p>
<p> </p>
       </html>
    </my:Description>
    <my:ResourceType>CARDEX</my:ResourceType>
    <my:Attachment xsi:nil="true" />
    <my:HasAttachment>false</my:HasAttachment>
    <my:Speciality>Complementary and Alternative Medicine</my:Speciality>
    <my:Keywords>COMPLEMENTARY AND ALTERNATIVE MEDICINE,IRRITABLE BOWEL SYNDROME,CONDITIONS A-Z,DIETARY AND NUTRITIONAL THERAPIES,CONDITIONS I-L,JANUARY 2008,FOOD AND BEVERAGES,DIETARY FIBRE,DATE ADDED</my:Keywords>
    <my:PublicationDate>2004-02-01T00:00:00</my:PublicationDate>
  </my:myFields>