<?mso-infoPathSolution name="urn:schemas-microsoft-com:office:infopath:ResourceForm:-myXSD-2010-08-09T08-39-43" solutionVersion="1.0.0.68" productVersion="14.0.0.0" PIVersion="1.0.0.0" href="http://localhost:8081/FormServerTemplates/ARMSResourceForm.xsn"?>
  <?mso-application progid="InfoPath.Document" versionProgid="InfoPath.Document.3"?>
  <?mso-infoPath-file-attachment-present ?>
  <my:myFields xmlns:my="http://schemas.microsoft.com/office/infopath/2003/myXSD/2010-08-09T08:39:43" xmlns:xsi="http://www.w3.org/2001/XMLSchema-instance" xmlns:pc="http://schemas.microsoft.com/office/infopath/2007/PartnerControls" xmlns:ma="http://schemas.microsoft.com/office/2009/metadata/properties/metaAttributes" xmlns:d="http://schemas.microsoft.com/office/infopath/2009/WSSList/dataFields" xmlns:q="http://schemas.microsoft.com/office/infopath/2009/WSSList/queryFields" xmlns:dfs="http://schemas.microsoft.com/office/infopath/2003/dataFormSolution" xmlns:dms="http://schemas.microsoft.com/office/2009/documentManagement/types" xmlns:xd="http://schemas.microsoft.com/office/infopath/2003" xmlns:xhtml="http://www.w3.org/1999/xhtml">
    <my:Title>Effects of omega-3 fatty acids on organ transplantation</my:Title>
    <my:URL>http://www.ncbi.nlm.nih.gov/books/bv.fcgi?highlight=&rid=hstat1a.chapter.86457</my:URL>
    <my:Publisher>Agency for Healthcare Research and Quality</my:Publisher>
    <my:AdditionalContributors />
    <my:GeographicalAreas />
    <my:PublicationType>Systematic Review</my:PublicationType>
    <my:Description>
      <html xmlns="http://www.w3.org/1999/xhtml" xml:space="preserve">
        <p><em>This review has been evaluated by a CRD reviewer as potentially meeting the <a href="http://www.york.ac.uk/inst/crd/faq4.htm">CRD quality criteria</a> and a structured abstract is in the process of being written. This <a href="http://www.crd.york.ac.uk/CRDWeb/ShowRecord.asp?View=Full&amp;ID=12005008400">provisional record</a> is for information, please note that the review has not been appraised yet. </em></p>
<p><strong>Citation</strong></p>
<p>Bonis PA, Chung M, Tatsioni A, Sun Y, Kupelnick B, Lichtenstein A, Perrone R, Chew P, DeVine D, Lau J. Effects of Omega-3 Fatty Acids on Organ Transplantation. Evidence Report/Technology Assessment No. 115 (Prepared by Tufts-New England Medical Center Evidence-based Practice Center under Contract No. 290-02-0022). AHRQ Publication No. 05-E012-2. Rockville, MD. Agency for Healthcare Research and Quality, February 2005. [<a href="http://www.ahrq.gov/downloads/pub/evidence/pdf/o3organ/o3organ.pdf">Full text pdf format</a>]</p>
<p><strong>Authors' objectives</strong></p>
<p>To perform a systematic review of the literature and to assess the effects of supplementation with omega-3 fatty acids (eicosapentaenoic acid [EPA; 20:5 n-3], docosahexaenoic acid [DHA; 22:6 n-3], commonly referred to as “fish oil”, and alpha-linolenic acid [ALA, 18:3 n-3]) on various transplant-related outcomes. </p>
<p><strong>Authors' conclusions</strong></p>
<p>Fish oil supplementation in organ transplant recipients is associated with a modest reduction in triglyceride concentrations, a benefit that has been established in the non-transplant setting. Inconsistent benefits on renal function across studies may suggest a potential benefit in a subset of patients, the characteristics of whom remain unclear. Whether administration of omega-3 fatty acids prior to transplantation would improve its benefits is unclear. Long-term studies are needed to determine whether benefits on renal function translate into improved renal outcomes. Similarly, long-term follow-up in recipients of heart transplants will be required to determine whether fish oil supplementation reduces the risk of post-transplant atherosclerosis. Because of the scarcity of data, the effects of ALA supplementation in the transplant setting cannot be determined. </p>
<p>Applicability of the results to contemporary transplantation procedures is uncertain since most of the studies were performed several years ago, with some more than a decade old. The technology for all transplantation procedures continues to improve with a larger choice of immunosupressive agents, a better understanding of how to use them, and means to address the known complications of transplantation including some of the important outcomes (such as hyperlipidemia and hypertension).</p>
<p> </p>
       </html>
    </my:Description>
    <my:ResourceType>CARDEX</my:ResourceType>
    <my:Attachment xsi:nil="true" />
    <my:HasAttachment>false</my:HasAttachment>
    <my:Speciality>Complementary and Alternative Medicine</my:Speciality>
    <my:Keywords>COMPLEMENTARY AND ALTERNATIVE MEDICINE,DIETARY AND NUTRITIONAL THERAPIES,JANUARY 2008,LIPIDS,NUTRITIONAL SUPPLEMENTS,OMEGA-3 FATTY ACIDS,FISH OILS,DATE ADDED</my:Keywords>
    <my:PublicationDate>2005-07-01T00:00:00</my:PublicationDate>
  </my:myFields>