<?mso-infoPathSolution name="urn:schemas-microsoft-com:office:infopath:ResourceForm:-myXSD-2010-08-09T08-39-43" solutionVersion="1.0.0.68" productVersion="14.0.0.0" PIVersion="1.0.0.0" href="http://localhost:8081/FormServerTemplates/ARMSResourceForm.xsn"?>
  <?mso-application progid="InfoPath.Document" versionProgid="InfoPath.Document.3"?>
  <?mso-infoPath-file-attachment-present ?>
  <my:myFields xmlns:my="http://schemas.microsoft.com/office/infopath/2003/myXSD/2010-08-09T08:39:43" xmlns:xsi="http://www.w3.org/2001/XMLSchema-instance" xmlns:pc="http://schemas.microsoft.com/office/infopath/2007/PartnerControls" xmlns:ma="http://schemas.microsoft.com/office/2009/metadata/properties/metaAttributes" xmlns:d="http://schemas.microsoft.com/office/infopath/2009/WSSList/dataFields" xmlns:q="http://schemas.microsoft.com/office/infopath/2009/WSSList/queryFields" xmlns:dfs="http://schemas.microsoft.com/office/infopath/2003/dataFormSolution" xmlns:dms="http://schemas.microsoft.com/office/2009/documentManagement/types" xmlns:xd="http://schemas.microsoft.com/office/infopath/2003" xmlns:xhtml="http://www.w3.org/1999/xhtml">
    <my:Title>Effects of omega-3 fatty acids on cognitive function with aging, dementia, and neurological disease</my:Title>
    <my:URL>http://www.ncbi.nlm.nih.gov/books/bv.fcgi?highlight=&rid=hstat1a.chapter.85317</my:URL>
    <my:Publisher>Agency for Healthcare Research and Quality</my:Publisher>
    <my:AdditionalContributors />
    <my:GeographicalAreas />
    <my:PublicationType>Systematic Review</my:PublicationType>
    <my:Description>
      <html xmlns="http://www.w3.org/1999/xhtml" xml:space="preserve">
        <p><em>This review has been evaluated by a CRD reviewer as potentially meeting the <a href="http://www.york.ac.uk/inst/crd/faq4.htm">CRD quality criteria</a> and a structured abstract is in the process of being written. This <a href="http://www.crd.york.ac.uk/CRDWeb/ShowRecord.asp?View=Full&amp;ID=12005008410">provisional record</a> is for information, please note that the review has not been appraised yet. </em></p>
<p><strong>Citation</strong></p>
<p>MacLean CH, Issa AM, Newberry SJ, Mojica WA, Morton SC, Garland RH, Hilton LG, Traina SB, Shekelle PG. Effects of Omega-3 Fatty Acids on Cognitive Function with Aging, Dementia, and Neurological Diseases. Evidence Report/Technology Assessment No. 114 (Prepared by the Southern California Evidence-based Practice Center, under Contract No. 290-02-0003.) AHRQ Publication No. 05-E011-2. Rockville, MD. Agency for Healthcare Research and Quality. February 2005. [<a href="http://www.ahrq.gov/downloads/pub/evidence/pdf/o3cogn/o3cogn.pdf">Full text pdf format</a>]</p>
<p><strong>Authors' objectives</strong></p>
<p>To assess the effect of omega-3 fatty acids on 1) cognitive function in normal aging 2) the incidence of dementia, 3) treatment of dementia, 4) the incidence of several neurological diseases, and 5) clinical outcomes related to the progression of multiple sclerosis. </p>
<p><strong>Authors' conclusions</strong></p>
<p>The quantity and strength of evidence for effects of omega-3 fatty acids on the neurological conditions assessed vary greatly. Due to the small number of studies that met our inclusion criteria, further research is necessary before substantive conclusions can be drawn. The paucity of evidence in this area suggests that a great deal of epidemiological and clinical research remains to be done before any conclusions can be drawn or policy recommendations can be made regarding the health effects of omega-3 fatty acids on normal cognitive function with aging, dementia, and neurological diseases.</p>
       </html>
    </my:Description>
    <my:ResourceType>CARDEX</my:ResourceType>
    <my:Attachment xsi:nil="true" />
    <my:HasAttachment>false</my:HasAttachment>
    <my:Speciality>Complementary and Alternative Medicine</my:Speciality>
    <my:Keywords>COMPLEMENTARY AND ALTERNATIVE MEDICINE,DIETARY AND NUTRITIONAL THERAPIES,CONDITIONS A-Z,DEMENTIA,CONDITIONS A-B,CONDITIONS C,CONDITIONS M-O,CONDITIONS D-E,MULTIPLE SCLEROSIS,COGNITION DISORDERS,ALZHEIMER'S DISEASE,JANUARY 2008,LIPIDS,NUTRITIONAL SUPPLEMENTS,OMEGA-3 FATTY ACIDS,DATE ADDED</my:Keywords>
    <my:PublicationDate>2005-02-01T00:00:00</my:PublicationDate>
  </my:myFields>