<?mso-infoPathSolution name="urn:schemas-microsoft-com:office:infopath:ResourceForm:-myXSD-2010-08-09T08-39-43" solutionVersion="1.0.0.68" productVersion="14.0.0.0" PIVersion="1.0.0.0" href="http://localhost:8081/FormServerTemplates/ARMSResourceForm.xsn"?>
  <?mso-application progid="InfoPath.Document" versionProgid="InfoPath.Document.3"?>
  <?mso-infoPath-file-attachment-present ?>
  <my:myFields xmlns:my="http://schemas.microsoft.com/office/infopath/2003/myXSD/2010-08-09T08:39:43" xmlns:xsi="http://www.w3.org/2001/XMLSchema-instance" xmlns:pc="http://schemas.microsoft.com/office/infopath/2007/PartnerControls" xmlns:ma="http://schemas.microsoft.com/office/2009/metadata/properties/metaAttributes" xmlns:d="http://schemas.microsoft.com/office/infopath/2009/WSSList/dataFields" xmlns:q="http://schemas.microsoft.com/office/infopath/2009/WSSList/queryFields" xmlns:dfs="http://schemas.microsoft.com/office/infopath/2003/dataFormSolution" xmlns:dms="http://schemas.microsoft.com/office/2009/documentManagement/types" xmlns:xd="http://schemas.microsoft.com/office/infopath/2003" xmlns:xhtml="http://www.w3.org/1999/xhtml">
    <my:Title>Treatment of hypertriglyceridemia with omega-3 fatty acids: a systematic review</my:Title>
    <my:URL>http://www.ncbi.nlm.nih.gov/pubmed/15495692?ordinalpos=4&itool=EntrezSystem2.PEntrez.Pubmed.Pubmed_ResultsPanel.Pubmed_RVDocSum</my:URL>
    <my:Publisher>American Academy of Nurse Practitioners</my:Publisher>
    <my:AdditionalContributors />
    <my:GeographicalAreas />
    <my:PublicationType>Systematic Review</my:PublicationType>
    <my:Description>
      <html xmlns="http://www.w3.org/1999/xhtml" xml:space="preserve">
        <p><em>This review has been evaluated by a CRD reviewer as potentially meeting the <a href="http://www.york.ac.uk/inst/crd/faq4.htm">CRD quality criteria</a> and a structured abstract is in the process of being written. This <a href="http://www.crd.york.ac.uk/CRDWeb/ShowRecord.asp?View=Full&amp;ID=12004005398">provisional record</a> is for information, please note that the review has not been appraised yet. </em></p>
<p><strong>Citation</strong></p>
<p>Lewis A, Lookinland S, Beckstrand RL, Tiedeman ME. Treatment of hypertriglyceridemia with omega-3 fatty acids: a systematic review. Journal of the American Academy of Nurse Practitioners. 2004, 16(9):384-395. </p>
<p><strong>Authors' objectives</strong></p>
<p>To critically appraise available randomized controlled trials (RCTs) addressing the efficacy of long-chain omega-3 fatty acids as secondary agents for prevention of hypertriglyceridemia and to make recommendations for clinical practice.  </p>
<p><strong>Authors' conclusions</strong></p>
<p>Ten studies reported long-chain omega-3 fatty acids to be effective in the treatment of hypertriglyceridemia. The average decrease in triglycerides was 29%, total cholesterol 11.6%, very low density lipoprotein (VLDL) 30.2%, and low-density lipoprotein (LDL) 32.5%. One study found LDLs to increase by 25%. The average increase in high-density lipoprotein was 10%. The overall average MQI score was 36% (range = 26% to 54%). Many of the RCTs had serious shortcomings, including short duration, lack of a power analysis, no intention-to-treat analysis, no report of blind assessment of outcome, and lack of dietary control as a confounding variable. </p>
<p>IMPLICATIONS FOR PRACTICE: Overall study methodology was weak. Although the evidence supporting use of long-chain omega-3 fatty acids in the secondary prevention of hypertriglyceridemia is reasonably strong, until there are larger RCTs of better methodological quality, it is not recommended that practitioners treat hypertriglyceridemia with omega-3 fatty acid supplementation in lieu of lipid-lowering medications.</p>
<p><strong>Access</strong></p>
<p>NHS staff: for full text access to this resource contact your <a href="http://www.library.nhs.uk/mylibrary/default.aspx">local NHS library</a>. <br /></p>
<p> </p>
       </html>
    </my:Description>
    <my:ResourceType>CARDEX</my:ResourceType>
    <my:Attachment xsi:nil="true" />
    <my:HasAttachment>false</my:HasAttachment>
    <my:Speciality>Complementary and Alternative Medicine</my:Speciality>
    <my:Keywords>COMPLEMENTARY AND ALTERNATIVE MEDICINE,CONDITIONS F-H,CONDITIONS A-Z,DIETARY AND NUTRITIONAL THERAPIES,HYPERLIPIDAEMIA,JANUARY 2008,NUTRITIONAL SUPPLEMENTS,LIPIDS,DATE ADDED,OMEGA-3 FATTY ACIDS</my:Keywords>
    <my:PublicationDate>2004-09-01T00:00:00</my:PublicationDate>
  </my:myFields>