<?mso-infoPathSolution name="urn:schemas-microsoft-com:office:infopath:ResourceForm:-myXSD-2010-08-09T08-39-43" solutionVersion="1.0.0.68" productVersion="14.0.0.0" PIVersion="1.0.0.0" href="http://localhost:8081/FormServerTemplates/ARMSResourceForm.xsn"?>
  <?mso-application progid="InfoPath.Document" versionProgid="InfoPath.Document.3"?>
  <?mso-infoPath-file-attachment-present ?>
  <my:myFields xmlns:my="http://schemas.microsoft.com/office/infopath/2003/myXSD/2010-08-09T08:39:43" xmlns:xsi="http://www.w3.org/2001/XMLSchema-instance" xmlns:pc="http://schemas.microsoft.com/office/infopath/2007/PartnerControls" xmlns:ma="http://schemas.microsoft.com/office/2009/metadata/properties/metaAttributes" xmlns:d="http://schemas.microsoft.com/office/infopath/2009/WSSList/dataFields" xmlns:q="http://schemas.microsoft.com/office/infopath/2009/WSSList/queryFields" xmlns:dfs="http://schemas.microsoft.com/office/infopath/2003/dataFormSolution" xmlns:dms="http://schemas.microsoft.com/office/2009/documentManagement/types" xmlns:xd="http://schemas.microsoft.com/office/infopath/2003" xmlns:xhtml="http://www.w3.org/1999/xhtml">
    <my:Title>Systematic review of clinical data with BNO-101 (Sinupret) in the treatment of sinusitis</my:Title>
    <my:URL>http://www.ncbi.nlm.nih.gov/pubmed/16645287?ordinalpos=2&itool=EntrezSystem2.PEntrez.Pubmed.Pubmed_ResultsPanel.Pubmed_RVDocSum</my:URL>
    <my:Publisher>Karger</my:Publisher>
    <my:AdditionalContributors />
    <my:GeographicalAreas />
    <my:PublicationType>Systematic Review</my:PublicationType>
    <my:Description>
      <html xmlns="http://www.w3.org/1999/xhtml" xml:space="preserve">
        <p><em>This review has been evaluated by a CRD reviewer as potentially meeting the <a href="http://www.york.ac.uk/inst/crd/faq4.htm">CRD quality criteria</a> and a structured abstract is in the process of being written. This <a href="http://www.crd.york.ac.uk/CRDWeb/ShowRecord.asp?View=Full&amp;ID=12006003637">provisional record</a> is for information, please note that the review has not been appraised yet. </em></p>
<p><strong>Citation</strong></p>
<p>Melzer J, Saller R, Schapowal A, Brignoli R. Systematic review of clinical data with BNO-101 (Sinupret) in the treatment of sinusitis. Forschende Komplementarmedizin. 2006, 13(2):78-87. </p>
<p><strong>Authors' objectives</strong></p>
<p>The herbal formula BNO-101 (containing Gentianae radix, Primulae flos, Rumicis herba, Sambuci flos and Verbenae herba; ratio 1:3:3:3:3) has been widely employed as a 'mucoactive' agent in Germany for 70 years for the symptoms of respiratory infections. This paper aims to review the clinical evidence of BNO-101 in sinusitis.  </p>
<p><strong>Authors' conclusions</strong></p>
<p>BNO-101, combined with standard antibacterial therapy, significantly reduces the acute symptoms and signs of sinusitis. The effects are of the same order of magnitude as observed with other mucoactive agents. In the trials investigated BNO-101 had a favourable risk/benefit ratio, with an incidence of adverse events similar to placebo.</p>
<p><strong>Access</strong></p>
<p>NHS staff: for full text access to this resource contact your <a href="http://www.library.nhs.uk/mylibrary/default.aspx">local NHS library</a>. <br /></p>
<p> </p>
       </html>
    </my:Description>
    <my:ResourceType>CARDEX</my:ResourceType>
    <my:Attachment xsi:nil="true" />
    <my:HasAttachment>false</my:HasAttachment>
    <my:Speciality>Complementary and Alternative Medicine</my:Speciality>
    <my:Keywords>COMPLEMENTARY AND ALTERNATIVE MEDICINE,RESPIRATORY TRACT INFECTIONS,CONDITIONS P-R,CONDITIONS A-Z,HERBAL MEDICINE,JANUARY 2008,DATE ADDED</my:Keywords>
    <my:PublicationDate>2006-04-01T00:00:00</my:PublicationDate>
  </my:myFields>