<?mso-infoPathSolution name="urn:schemas-microsoft-com:office:infopath:ResourceForm:-myXSD-2010-08-09T08-39-43" solutionVersion="1.0.0.68" productVersion="14.0.0.0" PIVersion="1.0.0.0" href="http://localhost:8081/FormServerTemplates/ARMSResourceForm.xsn"?>
  <?mso-application progid="InfoPath.Document" versionProgid="InfoPath.Document.3"?>
  <?mso-infoPath-file-attachment-present ?>
  <my:myFields xmlns:my="http://schemas.microsoft.com/office/infopath/2003/myXSD/2010-08-09T08:39:43" xmlns:xsi="http://www.w3.org/2001/XMLSchema-instance" xmlns:pc="http://schemas.microsoft.com/office/infopath/2007/PartnerControls" xmlns:ma="http://schemas.microsoft.com/office/2009/metadata/properties/metaAttributes" xmlns:d="http://schemas.microsoft.com/office/infopath/2009/WSSList/dataFields" xmlns:q="http://schemas.microsoft.com/office/infopath/2009/WSSList/queryFields" xmlns:dfs="http://schemas.microsoft.com/office/infopath/2003/dataFormSolution" xmlns:dms="http://schemas.microsoft.com/office/2009/documentManagement/types" xmlns:xd="http://schemas.microsoft.com/office/infopath/2003" xmlns:xhtml="http://www.w3.org/1999/xhtml">
    <my:Title>Effects of omega-3 fatty acids on cardiovascular disease</my:Title>
    <my:URL>http://www.ncbi.nlm.nih.gov/books/bv.fcgi?highlight=&rid=hstat1a.chapter.38290</my:URL>
    <my:Publisher>Agency for Healthcare Research and Quality</my:Publisher>
    <my:AdditionalContributors />
    <my:GeographicalAreas />
    <my:PublicationType>Review</my:PublicationType>
    <my:Description>
      <html xmlns="http://www.w3.org/1999/xhtml" xml:space="preserve">
        <p><strong>Citation</strong></p>
<p>Wang C, Chung M, Lichtenstein A, Balk E, Kupelnick B, DeVine D, Lawrence A, Lau J. Effects of Omega-3 Fatty Acids on Cardiovascular Disease. Evidence Report/Technology Assessment No. 94 (Prepared by Tufts-New England Medical Center Evidence-based Practice Center, under Contract No. 290-02-0022). AHRQ Publication No. 04-E009-2. Rockville, MD: Agency for Healthcare Research and Quality. March 2004. [<a href="http://www.ahrq.gov/downloads/pub/evidence/pdf/o3cardio/o3cardio.pdf">Full text pdf format</a>]</p>
<p><strong>Authors' objectives</strong></p>
<p>As the first of a 3-part report on this topic, we analyzed relevant nutrition databases to describe the intake levels of various omega-3 fatty acids in the US population. We also performed a systematic review of the literature to assess the benefits of omega-3 fatty acid supplements or fish consumption on various CVD outcomes and to assess adverse events associated with intake of omega-3 fatty acid supplements. </p>
<p><strong>Authors' conclusions</strong></p>
<p>Overall, consumption of omega-3 fatty acids from fish or from supplements of fish oil reduces all cause mortality and various CVD outcomes. The evidence for alpha-linolenic acid (ALA) supplements is sparse and inconclusive. The adverse events due to consumption of fish oil or ALA supplements appear to be minor. Many questions remain. The studies were heterogeneous with regard to the methods of estimating fish or omega-3 fatty acid intake, background diets, settings, and the methods of reporting results. Due to these reasons, the validity of applying the results of studies conducted in countries outside of the US to the US population is uncertain. The optimal quantity and type of omega-3 fatty acid, and the optimal ratio of omega-3 to omega-6 fatty acid (if such an optimal ratio exists), remain undefined. Not much data exists concerning the needs of different subpopulations. Different types of fish and the method of food preparation may have different effects. Future research needs to address these issues.</p>
<p> </p>
<p> </p>
       </html>
    </my:Description>
    <my:ResourceType>CARDEX</my:ResourceType>
    <my:Attachment xsi:nil="true" />
    <my:HasAttachment>false</my:HasAttachment>
    <my:Speciality>Complementary and Alternative Medicine</my:Speciality>
    <my:Keywords>COMPLEMENTARY AND ALTERNATIVE MEDICINE,CONDITIONS S,CARDIOVASCULAR DISEASES,DIETARY AND NUTRITIONAL THERAPIES,STROKE,CONDITIONS A-Z,CONDITIONS C,NUTRITIONAL SUPPLEMENTS,LIPIDS,FISH OILS,OMEGA-3 FATTY ACIDS,DATE ADDED,JANUARY 2008</my:Keywords>
    <my:PublicationDate>2004-03-01T00:00:00</my:PublicationDate>
  </my:myFields>