<?mso-infoPathSolution name="urn:schemas-microsoft-com:office:infopath:ResourceForm:-myXSD-2010-08-09T08-39-43" solutionVersion="1.0.0.68" productVersion="14.0.0.0" PIVersion="1.0.0.0" href="http://localhost:8081/FormServerTemplates/ARMSResourceForm.xsn"?>
  <?mso-application progid="InfoPath.Document" versionProgid="InfoPath.Document.3"?>
  <?mso-infoPath-file-attachment-present ?>
  <my:myFields xmlns:my="http://schemas.microsoft.com/office/infopath/2003/myXSD/2010-08-09T08:39:43" xmlns:xsi="http://www.w3.org/2001/XMLSchema-instance" xmlns:pc="http://schemas.microsoft.com/office/infopath/2007/PartnerControls" xmlns:ma="http://schemas.microsoft.com/office/2009/metadata/properties/metaAttributes" xmlns:d="http://schemas.microsoft.com/office/infopath/2009/WSSList/dataFields" xmlns:q="http://schemas.microsoft.com/office/infopath/2009/WSSList/queryFields" xmlns:dfs="http://schemas.microsoft.com/office/infopath/2003/dataFormSolution" xmlns:dms="http://schemas.microsoft.com/office/2009/documentManagement/types" xmlns:xd="http://schemas.microsoft.com/office/infopath/2003" xmlns:xhtml="http://www.w3.org/1999/xhtml">
    <my:Title>Effects of omega-3 fatty acids on lipids and glycemic control in type II diabetes and the metabolic syndrome and on inflammatory bowel disease, rheumatoid arthritis, renal disease, systemic lupus erythematosus, and osteoporosis</my:Title>
    <my:URL>http://www.ncbi.nlm.nih.gov/books/bv.fcgi?highlight=&rid=hstat1a.chapter.22645</my:URL>
    <my:Publisher>Agency for Healthcare Research and Quality</my:Publisher>
    <my:AdditionalContributors />
    <my:GeographicalAreas />
    <my:PublicationType>Systematic Review</my:PublicationType>
    <my:Description>
      <html xmlns="http://www.w3.org/1999/xhtml" xml:space="preserve">
        <p><em>This review has been evaluated by a CRD reviewer as potentially meeting the <a href="http://www.york.ac.uk/inst/crd/faq4.htm">CRD quality criteria</a> and a structured abstract is in the process of being written. This <a href="http://www.crd.york.ac.uk/CRDWeb/ShowRecord.asp?View=Full&amp;ID=12005008249">provisional record</a> is for information, please note that the review has not been appraised yet. </em></p>
<p><strong>Citation</strong></p>
<p>MacLean CH, Mojica WA, Morton SC, Pencharz J, Hasenfeld Garland R, Tu W, Newberry SJ, Jungvig LK, Grossman J, Khanna P, Rhodes S, Shekelle P. Effects of Omega-3 Fatty Acids on Lipids and Glycemic Control in Type II Diabetes and the Metabolic Syndrome and on Inflammatory Bowel Disease, Rheumatoid Arthritis, Renal Disease, Systemic Lupus Erythematosus, and Osteoporosis. Evidence Report/Technology Assessment. No. 89 (Prepared by Southern California/RAND Evidence-based Practice Center, under Contract No. 290-02-0003). AHRQ Publication No. 04-E012-2. Rockville, MD: Agency for Healthcare Research and Quality. March 2004. [<a href="http://www.ahrq.gov/downloads/pub/evidence/pdf/o3lipid/o3lipid.pdf">Full text pdf format</a>]</p>
<p><strong>Authors' objectives</strong></p>
<p>To assess the effect of omega-3 fatty acids on 1) total cholesterol, LDL cholesterol, HDL cholesterol, triglycerides, and insulin resistance in type-II diabetes and the metabolic syndrome, 2) clinical score, sigmoidoscopic score, histologic score and requirement for immunosuppressive therapy in IBD, 3) pain, swollen and tender joint counts, acute phase reactants, patient global assessment, and requirement for anti-inflammatory or immunosuppressive therapy in rheumatoid arthritis, 4) renal function, progression to end-stage renal disease, hemodialysis graft patency, mortality, and requirement for immunosuppressive therapy in renal disease, 5) disease activity, damage, patient's perception of disease activity, and requirement for immunosuppressive therapy in SLE, and 6) bone mineral density and fracture rates. </p>
<p><strong>Authors' conclusions</strong></p>
<p>The evidence for effects of omega-3 fatty acids on outcomes in the conditions assessed varies greatly. Omega-3 fatty acids appear to reduce serum triglycerides among type II diabetics, but have no effect on total cholesterol, HDL cholesterol, and LDL cholesterol. There appears to be no effect on most clinical outcomes in rheumatoid arthritis, although tender joint count may be reduced. There are insufficient data to draw conclusions about IBD, renal disease, SLE, bone density or fractures, requirement for anti-inflammatory or immunosuppressive drugs, or insulin resistance among type II diabetics.</p>
<p> <br /></p>
<p> </p>
       </html>
    </my:Description>
    <my:ResourceType>CARDEX</my:ResourceType>
    <my:Attachment xsi:nil="true" />
    <my:HasAttachment>false</my:HasAttachment>
    <my:Speciality>Complementary and Alternative Medicine</my:Speciality>
    <my:Keywords>COMPLEMENTARY AND ALTERNATIVE MEDICINE,HIGH CHOLESTEROL,CONDITIONS M-O,CONDITIONS F-H,CONDITIONS D-E,DIABETES MELLITUS,CONDITIONS P-R,CONDITIONS A-Z,RHEUMATOID ARTHRITIS,DIETARY AND NUTRITIONAL THERAPIES,HYPERLIPIDAEMIA,LUPUS,OSTEOPOROSIS,CONDITIONS I-L,JANUARY 2008,DATE ADDED,OMEGA-3 FATTY ACIDS,INFLAMMATORY BOWEL DISEASE,KIDNEY DISEASES,LIPIDS,NUTRITIONAL SUPPLEMENTS</my:Keywords>
    <my:PublicationDate>2004-03-01T00:00:00</my:PublicationDate>
  </my:myFields>