<?mso-infoPathSolution name="urn:schemas-microsoft-com:office:infopath:ResourceForm:-myXSD-2010-08-09T08-39-43" solutionVersion="1.0.0.68" productVersion="14.0.0.0" PIVersion="1.0.0.0" href="http://localhost:8081/FormServerTemplates/ARMSResourceForm.xsn"?>
  <?mso-application progid="InfoPath.Document" versionProgid="InfoPath.Document.3"?>
  <?mso-infoPath-file-attachment-present ?>
  <my:myFields xmlns:my="http://schemas.microsoft.com/office/infopath/2003/myXSD/2010-08-09T08:39:43" xmlns:xsi="http://www.w3.org/2001/XMLSchema-instance" xmlns:pc="http://schemas.microsoft.com/office/infopath/2007/PartnerControls" xmlns:ma="http://schemas.microsoft.com/office/2009/metadata/properties/metaAttributes" xmlns:d="http://schemas.microsoft.com/office/infopath/2009/WSSList/dataFields" xmlns:q="http://schemas.microsoft.com/office/infopath/2009/WSSList/queryFields" xmlns:dfs="http://schemas.microsoft.com/office/infopath/2003/dataFormSolution" xmlns:dms="http://schemas.microsoft.com/office/2009/documentManagement/types" xmlns:xd="http://schemas.microsoft.com/office/infopath/2003" xmlns:xhtml="http://www.w3.org/1999/xhtml">
    <my:Title>Does dietary calcium have a protective effect on bone fractures in women? A meta-analysis of observational studies</my:Title>
    <my:URL>http://www.ncbi.nlm.nih.gov/pubmed/15035690?ordinalpos=7&itool=EntrezSystem2.PEntrez.Pubmed.Pubmed_ResultsPanel.Pubmed_RVDocSum</my:URL>
    <my:Publisher>Cambridge University Press</my:Publisher>
    <my:AdditionalContributors />
    <my:GeographicalAreas />
    <my:PublicationType>Systematic Review</my:PublicationType>
    <my:Description>
      <html xmlns="http://www.w3.org/1999/xhtml" xml:space="preserve">
        <p><em>This review has been evaluated by a CRD reviewer as potentially meeting the <a href="http://www.york.ac.uk/inst/crd/faq4.htm">CRD quality criteria</a> and a structured abstract is in the process of being written. This <a href="http://www.crd.york.ac.uk/CRDWeb/ShowRecord.asp?View=Full&amp;ID=12004003548">provisional record</a> is for information, please note that the review has not been appraised yet. </em></p>
<p><strong>Citation</strong></p>
<p>Xu L, McElduff P, D'Este C, Attia J. Does dietary calcium have a protective effect on bone fractures in women? A meta-analysis of observational studies. British Journal of Nutrition. 2004, 91(4):625-634. Links   .</p>
<p><strong>Authors' objectives</strong></p>
<p>This study aims to review the effect of dietary Ca on bone fractures at the hip, spine and radius in women &gt;35 years old, and to compare these results with previous meta-analyses. </p>
<p><strong>Authors' conclusions</strong></p>
<p>Observational studies failed to show any association between dietary Ca intake and risk of hip fracture (risk ratio 1.01, 95 % CI 0.96, 1.07 for each increment of 300 mg dietary Ca intake/d). There is a suggestion that either extremely low Ca intake may increase fracture risk, or that East Asian women may respond differently to increasing Ca intake.</p>
<p> </p>
       </html>
    </my:Description>
    <my:ResourceType>CARDEX</my:ResourceType>
    <my:Attachment xsi:nil="true" />
    <my:HasAttachment>false</my:HasAttachment>
    <my:Speciality>Complementary and Alternative Medicine</my:Speciality>
    <my:Keywords>COMPLEMENTARY AND ALTERNATIVE MEDICINE,WOUNDS AND INJURIES,DIETARY AND NUTRITIONAL THERAPIES,CONDITIONS A-Z,CONDITIONS F-H,CONDITIONS T-Z,FRACTURES,FEBRUARY 2008,FOOD AND BEVERAGES,DATE ADDED</my:Keywords>
    <my:PublicationDate>2004-04-01T00:00:00</my:PublicationDate>
  </my:myFields>