<?mso-infoPathSolution name="urn:schemas-microsoft-com:office:infopath:ResourceForm:-myXSD-2010-08-09T08-39-43" solutionVersion="1.0.0.68" productVersion="14.0.0.0" PIVersion="1.0.0.0" href="http://localhost:8081/FormServerTemplates/ARMSResourceForm.xsn"?>
  <?mso-application progid="InfoPath.Document" versionProgid="InfoPath.Document.3"?>
  <?mso-infoPath-file-attachment-present ?>
  <my:myFields xmlns:my="http://schemas.microsoft.com/office/infopath/2003/myXSD/2010-08-09T08:39:43" xmlns:xsi="http://www.w3.org/2001/XMLSchema-instance" xmlns:pc="http://schemas.microsoft.com/office/infopath/2007/PartnerControls" xmlns:ma="http://schemas.microsoft.com/office/2009/metadata/properties/metaAttributes" xmlns:d="http://schemas.microsoft.com/office/infopath/2009/WSSList/dataFields" xmlns:q="http://schemas.microsoft.com/office/infopath/2009/WSSList/queryFields" xmlns:dfs="http://schemas.microsoft.com/office/infopath/2003/dataFormSolution" xmlns:dms="http://schemas.microsoft.com/office/2009/documentManagement/types" xmlns:xd="http://schemas.microsoft.com/office/infopath/2003" xmlns:xhtml="http://www.w3.org/1999/xhtml">
    <my:Title>Effect of vitamin A supplementation on childhood morbidity and mortality: critical review of Indian studies</my:Title>
    <my:URL>http://www.indianpediatrics.net/dec2002/dec-1099-1118.htm</my:URL>
    <my:Publisher>Indian Pediatrics</my:Publisher>
    <my:AdditionalContributors />
    <my:GeographicalAreas />
    <my:PublicationType>Systematic Review</my:PublicationType>
    <my:Description>
      <html xmlns="http://www.w3.org/1999/xhtml" xml:space="preserve">
        <p><em>This review has been evaluated by a CRD reviewer as potentially meeting the <a href="http://www.york.ac.uk/inst/crd/faq4.htm">CRD quality criteria</a> and a structured abstract is in the process of being written. This <a href="http://www.crd.york.ac.uk/CRDWeb/ShowRecord.asp?View=Full&amp;ID=12003003280">provisional record</a> is for information, please note that the review has not been appraised yet. </em></p>
<p><strong>Citation</strong></p>
<p>Gupta P, Indrayan A. Effect of vitamin A supplementation on childhood morbidity and mortality: critical review of Indian studies. Indian Pediatrics. 2002, 39(12):1099-1118. </p>
<p><strong>Authors' objectives</strong></p>
<p>To review all published randomized trials concerned with linkage of vitamin A supplementation with reduction of mortality and morbidity in Indian children. </p>
<p><strong>Authors' conclusions</strong></p>
<p>There is no definite evidence as yet in favor or against substantial benefit of universal vitamin A supplementation to children in India. There is a clear need to undertake a comprehensive trial with adequate sample size and a standardized methodology that could give clear, unbiased, and convincing evidence on the role of routine vitamin A supplementation. <br /></p>
       </html>
    </my:Description>
    <my:ResourceType>CARDEX</my:ResourceType>
    <my:Attachment xsi:nil="true" />
    <my:HasAttachment>false</my:HasAttachment>
    <my:Speciality>Complementary and Alternative Medicine</my:Speciality>
    <my:Keywords>COMPLEMENTARY AND ALTERNATIVE MEDICINE,DIETARY AND NUTRITIONAL THERAPIES,FEBRUARY 2008,DATE ADDED,VITAMIN A,VITAMINS,NUTRITIONAL SUPPLEMENTS</my:Keywords>
    <my:PublicationDate>2002-12-01T00:00:00</my:PublicationDate>
  </my:myFields>