<?mso-infoPathSolution name="urn:schemas-microsoft-com:office:infopath:ResourceForm:-myXSD-2010-08-09T08-39-43" solutionVersion="1.0.0.68" productVersion="14.0.0.0" PIVersion="1.0.0.0" href="http://localhost:8081/FormServerTemplates/ARMSResourceForm.xsn"?>
  <?mso-application progid="InfoPath.Document" versionProgid="InfoPath.Document.3"?>
  <?mso-infoPath-file-attachment-present ?>
  <my:myFields xmlns:my="http://schemas.microsoft.com/office/infopath/2003/myXSD/2010-08-09T08:39:43" xmlns:xsi="http://www.w3.org/2001/XMLSchema-instance" xmlns:pc="http://schemas.microsoft.com/office/infopath/2007/PartnerControls" xmlns:ma="http://schemas.microsoft.com/office/2009/metadata/properties/metaAttributes" xmlns:d="http://schemas.microsoft.com/office/infopath/2009/WSSList/dataFields" xmlns:q="http://schemas.microsoft.com/office/infopath/2009/WSSList/queryFields" xmlns:dfs="http://schemas.microsoft.com/office/infopath/2003/dataFormSolution" xmlns:dms="http://schemas.microsoft.com/office/2009/documentManagement/types" xmlns:xd="http://schemas.microsoft.com/office/infopath/2003" xmlns:xhtml="http://www.w3.org/1999/xhtml">
    <my:Title>Antioxidants vitamin C and vitamin E for the prevention and treatment of cancer</my:Title>
    <my:URL>http://www.pubmedcentral.nih.gov/articlerender.fcgi?tool=pubmed&pubmedid=16808775</my:URL>
    <my:Publisher>Springer-Verlag</my:Publisher>
    <my:AdditionalContributors />
    <my:GeographicalAreas />
    <my:PublicationType>Systematic Review</my:PublicationType>
    <my:Description>
      <html xmlns="http://www.w3.org/1999/xhtml" xml:space="preserve">
        <p><em>This review has been evaluated by a CRD reviewer as potentially meeting the <a href="http://www.york.ac.uk/inst/crd/faq4.htm">CRD quality criteria</a> and a structured abstract is in the process of being written. This <a href="http://www.crd.york.ac.uk/CRDWeb/ShowRecord.asp?View=Full&amp;ID=12006002655">provisional record</a> is for information, please note that the review has not been appraised yet. </em></p>
<p><strong>Citation</strong></p>
<p>Coulter ID, Hardy ML, Morton SC, Hilton LG, Tu W, Valentine D, Shekelle PG. Antioxidants vitamin C and vitamin E for the prevention and treatment of cancer. Journal of General Internal Medicine. 2006, 21(7):735-44.</p>
<p><strong>Authors' objectives</strong></p>
<p>To evaluate the evidence of the supplements vitamin C and vitamin E for treatment and prevention of cancer. </p>
<p><strong>Authors' conclusions</strong></p>
<p>The systematic review of the literature does not support the hypothesis that the use of supplements of vitamin C or vitamin E in the doses tested helps prevent and/or treat cancer in the populations tested. There were isolated findings of benefit, which require confirmation.</p>
       </html>
    </my:Description>
    <my:ResourceType>CARDEX</my:ResourceType>
    <my:Attachment xsi:nil="true" />
    <my:HasAttachment>false</my:HasAttachment>
    <my:Speciality>Complementary and Alternative Medicine</my:Speciality>
    <my:Keywords>COMPLEMENTARY AND ALTERNATIVE MEDICINE,CONDITIONS C,CANCER,CONDITIONS A-Z,DIETARY AND NUTRITIONAL THERAPIES,FEBRUARY 2008,NUTRITIONAL SUPPLEMENTS,DATE ADDED,VITAMIN E,VITAMIN C,VITAMINS</my:Keywords>
    <my:PublicationDate>2006-07-01T00:00:00</my:PublicationDate>
  </my:myFields>