<?mso-infoPathSolution name="urn:schemas-microsoft-com:office:infopath:ResourceForm:-myXSD-2010-08-09T08-39-43" solutionVersion="1.0.0.68" productVersion="14.0.0.0" PIVersion="1.0.0.0" href="http://localhost:8081/FormServerTemplates/ARMSResourceForm.xsn"?>
  <?mso-application progid="InfoPath.Document" versionProgid="InfoPath.Document.3"?>
  <?mso-infoPath-file-attachment-present ?>
  <my:myFields xmlns:my="http://schemas.microsoft.com/office/infopath/2003/myXSD/2010-08-09T08:39:43" xmlns:xsi="http://www.w3.org/2001/XMLSchema-instance" xmlns:pc="http://schemas.microsoft.com/office/infopath/2007/PartnerControls" xmlns:ma="http://schemas.microsoft.com/office/2009/metadata/properties/metaAttributes" xmlns:d="http://schemas.microsoft.com/office/infopath/2009/WSSList/dataFields" xmlns:q="http://schemas.microsoft.com/office/infopath/2009/WSSList/queryFields" xmlns:dfs="http://schemas.microsoft.com/office/infopath/2003/dataFormSolution" xmlns:dms="http://schemas.microsoft.com/office/2009/documentManagement/types" xmlns:xd="http://schemas.microsoft.com/office/infopath/2003" xmlns:xhtml="http://www.w3.org/1999/xhtml">
    <my:Title>Cancer CAM Researcher Directory</my:Title>
    <my:URL>http://occamdirectory.cancer.gov/index.aspx</my:URL>
    <my:Publisher>Office of Cancer Complementary and Alternative Medicine (OCCAM)</my:Publisher>
    <my:AdditionalContributors />
    <my:GeographicalAreas />
    <my:PublicationType>Reference Material</my:PublicationType>
    <my:Description>
      <html xmlns="http://www.w3.org/1999/xhtml" xml:space="preserve">
        <p>The Office of Cancer Complementary and Alternative Medicine (<a href="http://www.cancer.gov/cam/index.html">OCCAM</a>) at the U.S. <a href="http://www.cancer.gov/">National Cancer Institute</a> has recently launched the Cancer CAM Researcher Directory. </p>
<p>This database compiles information on researchers who have published original research on cancer and CAM. The purpose of the directory is to make it easier for people working in the field to identify others with similar or related research interests and to facilitate the exchange of ideas and information as well as collaboration among such researchers.</p>
       </html>
    </my:Description>
    <my:ResourceType>CARDEX</my:ResourceType>
    <my:Attachment xsi:nil="true" />
    <my:HasAttachment>false</my:HasAttachment>
    <my:Speciality>Complementary and Alternative Medicine</my:Speciality>
    <my:Keywords>COMPLEMENTARY AND ALTERNATIVE MEDICINE,CAM GENERAL,CONDITIONS C,CANCER,CONDITIONS A-Z,FEBRUARY 2008,DATE ADDED,RESEARCH</my:Keywords>
    <my:PublicationDate>2007-12-07T00:00:00</my:PublicationDate>
  </my:myFields>