<?mso-infoPathSolution name="urn:schemas-microsoft-com:office:infopath:ResourceForm:-myXSD-2010-08-09T08-39-43" solutionVersion="1.0.0.68" productVersion="14.0.0.0" PIVersion="1.0.0.0" href="http://localhost:8081/FormServerTemplates/ARMSResourceForm.xsn"?>
  <?mso-application progid="InfoPath.Document" versionProgid="InfoPath.Document.3"?>
  <?mso-infoPath-file-attachment-present ?>
  <my:myFields xmlns:my="http://schemas.microsoft.com/office/infopath/2003/myXSD/2010-08-09T08:39:43" xmlns:xsi="http://www.w3.org/2001/XMLSchema-instance" xmlns:pc="http://schemas.microsoft.com/office/infopath/2007/PartnerControls" xmlns:ma="http://schemas.microsoft.com/office/2009/metadata/properties/metaAttributes" xmlns:d="http://schemas.microsoft.com/office/infopath/2009/WSSList/dataFields" xmlns:q="http://schemas.microsoft.com/office/infopath/2009/WSSList/queryFields" xmlns:dfs="http://schemas.microsoft.com/office/infopath/2003/dataFormSolution" xmlns:dms="http://schemas.microsoft.com/office/2009/documentManagement/types" xmlns:xd="http://schemas.microsoft.com/office/infopath/2003" xmlns:xhtml="http://www.w3.org/1999/xhtml">
    <my:Title>Cost-effectiveness of complementary therapies in the United Kingdom - a systematic review</my:Title>
    <my:URL>http://ecam.oxfordjournals.org/cgi/content/full/3/4/425</my:URL>
    <my:Publisher>Oxford University Press</my:Publisher>
    <my:AdditionalContributors />
    <my:GeographicalAreas />
    <my:PublicationType>Systematic Review</my:PublicationType>
    <my:Description>
      <html xmlns="http://www.w3.org/1999/xhtml" xml:space="preserve">
        <p><em>This <em>study has met our selection criteria <em>but has not been fully appraised by the CAM SL</em>. Where there is an appraisal available we have linked to it. If there is no appraisal and you wish to appraise this systematic review here is a </em><a href="http://www.phru.nhs.uk/Pages/PHD/resources.htm"><em>link to a list of appraisal tools</em></a><em>.</em></em></p>
<p><strong>Citation</strong></p>
<p>Canter PH, Coon JT, Ernst E. Cost-effectiveness of complementary therapies in the United Kingdom - a systematic review. Evidence-based Complementary and Alternative Medicine. 2006, 3(4):425-32. </p>
<p><strong>Authors' objectives</strong></p>
<p>The aim of this review is to systematically summarize and assess all prospective, controlled, cost-effectiveness studies of complementary therapies carried out in the UK.  </p>
<p><strong>Authors' conclusions</strong></p>
<p>Prospective, controlled, cost-effectiveness studies of complementary therapies have been carried out in the UK only for spinal manipulation (four studies) and acupuncture (two studies). The limited data available indicate that the use of these therapies usually represents an additional cost to conventional treatment. Estimates of the incremental cost of achieving improvements in quality of life compare favorably with other treatments approved for use in the National Health Service. Because the specific efficacy of the complementary therapies for these indications remains uncertain, and the studies did not include sham controls, the estimates obtained may represent the cost-effectiveness non-specific effects associated with the complementary therapies.</p>
<p> </p>
       </html>
    </my:Description>
    <my:ResourceType>CARDEX</my:ResourceType>
    <my:Attachment xsi:nil="true" />
    <my:HasAttachment>false</my:HasAttachment>
    <my:Speciality>Complementary and Alternative Medicine</my:Speciality>
    <my:Keywords>COMPLEMENTARY AND ALTERNATIVE MEDICINE,ACUPUNCTURE,CHIROPRACTIC,OSTEOPATHY,FEBRUARY 2008,DATE ADDED</my:Keywords>
    <my:PublicationDate>2006-12-01T00:00:00</my:PublicationDate>
  </my:myFields>