<?mso-infoPathSolution name="urn:schemas-microsoft-com:office:infopath:ResourceForm:-myXSD-2010-08-09T08-39-43" solutionVersion="1.0.0.68" productVersion="14.0.0.0" PIVersion="1.0.0.0" href="http://localhost:8081/FormServerTemplates/ARMSResourceForm.xsn"?>
  <?mso-application progid="InfoPath.Document" versionProgid="InfoPath.Document.3"?>
  <?mso-infoPath-file-attachment-present ?>
  <my:myFields xmlns:my="http://schemas.microsoft.com/office/infopath/2003/myXSD/2010-08-09T08:39:43" xmlns:xsi="http://www.w3.org/2001/XMLSchema-instance" xmlns:pc="http://schemas.microsoft.com/office/infopath/2007/PartnerControls" xmlns:ma="http://schemas.microsoft.com/office/2009/metadata/properties/metaAttributes" xmlns:d="http://schemas.microsoft.com/office/infopath/2009/WSSList/dataFields" xmlns:q="http://schemas.microsoft.com/office/infopath/2009/WSSList/queryFields" xmlns:dfs="http://schemas.microsoft.com/office/infopath/2003/dataFormSolution" xmlns:dms="http://schemas.microsoft.com/office/2009/documentManagement/types" xmlns:xd="http://schemas.microsoft.com/office/infopath/2003" xmlns:xhtml="http://www.w3.org/1999/xhtml">
    <my:Title>Complementary and alternative medicine for upper-respiratory-tract infection in children</my:Title>
    <my:URL>http://www.ajhp.org/cgi/content/abstract/63/1/33</my:URL>
    <my:Publisher>American Society of Health-System Pharmacists</my:Publisher>
    <my:AdditionalContributors />
    <my:GeographicalAreas />
    <my:PublicationType>Systematic Review</my:PublicationType>
    <my:Description>
      <html xmlns="http://www.w3.org/1999/xhtml" xml:space="preserve">
        <p><em>This <em>study has met our selection criteria <em>but has not been fully appraised by the CAM SL</em>. Where there is an appraisal available we have linked to it. If there is no appraisal and you wish to appraise this systematic review here is a </em><a href="http://www.phru.nhs.uk/Pages/PHD/resources.htm"><em>link to a list of appraisal tools</em></a><em>.</em></em></p>
<p><strong>Citation</strong></p>
<p>Carr RR and Nahata MC. Complementary and alternative medicine for upper-respiratory-tract infection in children. American Journal of Health-System Pharmacy. 2006, 63(1): 33-39.</p>
<p><strong>Authors' objectives</strong></p>
<p>Evidence on the efficacy and safety of complementary and alternative medicine (CAM) for the prevention and treatment of upper-respiratory-tract infection (URTI) in children is reviewed. </p>
<p><strong>Authors' conclusions</strong></p>
<p>Current data are generally inadequate to support CAM for the prevention or treatment of URTI in children.<br /></p>
<p><strong>Access</strong></p>
<p>NHS staff: for full text access to this resource contact your <a href="http://www.library.nhs.uk/mylibrary/default.aspx">local NHS library</a>. <br /></p>
<p> </p>
       </html>
    </my:Description>
    <my:ResourceType>CARDEX</my:ResourceType>
    <my:Attachment xsi:nil="true" />
    <my:HasAttachment>false</my:HasAttachment>
    <my:Speciality>Complementary and Alternative Medicine</my:Speciality>
    <my:Keywords>HOMEOPATHY,COMPLEMENTARY AND ALTERNATIVE MEDICINE,OSTEOPATHY,OTHER THERAPIES OR MEDICAL SYSTEMS,DIETARY AND NUTRITIONAL THERAPIES,HERBAL MEDICINE,CONDITIONS A-Z,RELAXATION TECHNIQUES,CONDITIONS M-O,CONDITIONS P-R,RESPIRATORY TRACT INFECTIONS,DATE ADDED,ZINC,VITAMIN C,VITAMINS,NUTRITIONAL SUPPLEMENTS,OTITIS,MINERALS,FEBRUARY 2008</my:Keywords>
    <my:PublicationDate>2006-01-01T00:00:00</my:PublicationDate>
  </my:myFields>