<?mso-infoPathSolution name="urn:schemas-microsoft-com:office:infopath:ResourceForm:-myXSD-2010-08-09T08-39-43" solutionVersion="1.0.0.68" productVersion="14.0.0.0" PIVersion="1.0.0.0" href="http://localhost:8081/FormServerTemplates/ARMSResourceForm.xsn"?>
  <?mso-application progid="InfoPath.Document" versionProgid="InfoPath.Document.3"?>
  <?mso-infoPath-file-attachment-present ?>
  <my:myFields xmlns:my="http://schemas.microsoft.com/office/infopath/2003/myXSD/2010-08-09T08:39:43" xmlns:xsi="http://www.w3.org/2001/XMLSchema-instance" xmlns:pc="http://schemas.microsoft.com/office/infopath/2007/PartnerControls" xmlns:ma="http://schemas.microsoft.com/office/2009/metadata/properties/metaAttributes" xmlns:d="http://schemas.microsoft.com/office/infopath/2009/WSSList/dataFields" xmlns:q="http://schemas.microsoft.com/office/infopath/2009/WSSList/queryFields" xmlns:dfs="http://schemas.microsoft.com/office/infopath/2003/dataFormSolution" xmlns:dms="http://schemas.microsoft.com/office/2009/documentManagement/types" xmlns:xd="http://schemas.microsoft.com/office/infopath/2003" xmlns:xhtml="http://www.w3.org/1999/xhtml">
    <my:Title>Conservative management of mechanical neck disorders: a systematic review</my:Title>
    <my:URL>http://www.jrheum.com/subscribers/07/05/1083.html</my:URL>
    <my:Publisher>Journal of Rheumatology</my:Publisher>
    <my:AdditionalContributors />
    <my:GeographicalAreas />
    <my:PublicationType>Systematic Review</my:PublicationType>
    <my:Description>
      <html xmlns="http://www.w3.org/1999/xhtml" xml:space="preserve">
        <p><em>This <em>study has met our selection criteria <em>but has not been fully appraised by the CAM SL</em>. Where there is an appraisal available we have linked to it. If there is no appraisal and you wish to appraise this systematic review here is a </em><a href="http://www.phru.nhs.uk/Pages/PHD/resources.htm"><em>link to a list of appraisal tools</em></a><em>.</em></em></p>
<p><strong>Citation</strong></p>
<p>Gross AR, Goldsmith C, Hoving JL, Haines T, Peloso P, Aker P, Santaguida P, Myers C; Cervical Overview Group. Conservative management of mechanical neck disorders: a systematic review. Journal of Rheumatology. 2007, 34(5):1083-102. </p>
<p><strong>Authors' objectives</strong></p>
<p>To determine if conservative treatments (manual therapies, physical medicine methods, medication, and patient education) relieved pain or improved function/disability, patient satisfaction, and global perceived effect in adults with acute, subacute, and chronic mechanical neck disorders (MND) by updating 11 systematic reviews of randomized controlled trials (RCT).  </p>
<p><strong>Authors' conclusions</strong></p>
<p>Exercise combined with mobilization/manipulation, exercise alone, and intramuscular lidocaine for chronic MND; intravenous glucocorticoid for acute whiplash associated disorders; and low-level laser therapy demonstrated either intermediate or longterm benefits. Optimal dosage of effective techniques and prognostic indicators for responders to care should be explored in future research.<br /></p>
       </html>
    </my:Description>
    <my:ResourceType>CARDEX</my:ResourceType>
    <my:Attachment xsi:nil="true" />
    <my:HasAttachment>false</my:HasAttachment>
    <my:Speciality>Complementary and Alternative Medicine</my:Speciality>
    <my:Keywords>COMPLEMENTARY AND ALTERNATIVE MEDICINE,CHIROPRACTIC,CONDITIONS A-Z,CONDITIONS M-O,NECK INJURIES,NECK PAIN,FEBRUARY 2008,DATE ADDED</my:Keywords>
    <my:PublicationDate>2007-05-01T00:00:00</my:PublicationDate>
  </my:myFields>