<?mso-infoPathSolution name="urn:schemas-microsoft-com:office:infopath:ResourceForm:-myXSD-2010-08-09T08-39-43" solutionVersion="1.0.0.68" productVersion="14.0.0.0" PIVersion="1.0.0.0" href="http://localhost:8081/FormServerTemplates/ARMSResourceForm.xsn"?>
  <?mso-application progid="InfoPath.Document" versionProgid="InfoPath.Document.3"?>
  <?mso-infoPath-file-attachment-present ?>
  <my:myFields xmlns:my="http://schemas.microsoft.com/office/infopath/2003/myXSD/2010-08-09T08:39:43" xmlns:xsi="http://www.w3.org/2001/XMLSchema-instance" xmlns:pc="http://schemas.microsoft.com/office/infopath/2007/PartnerControls" xmlns:ma="http://schemas.microsoft.com/office/2009/metadata/properties/metaAttributes" xmlns:d="http://schemas.microsoft.com/office/infopath/2009/WSSList/dataFields" xmlns:q="http://schemas.microsoft.com/office/infopath/2009/WSSList/queryFields" xmlns:dfs="http://schemas.microsoft.com/office/infopath/2003/dataFormSolution" xmlns:dms="http://schemas.microsoft.com/office/2009/documentManagement/types" xmlns:xd="http://schemas.microsoft.com/office/infopath/2003" xmlns:xhtml="http://www.w3.org/1999/xhtml">
    <my:Title>Annual evidence update on CAM for asthma 2008: List of references</my:Title>
    <my:URL>http://www.library.nhs.uk//cam/ViewResource.aspx?resID=282664</my:URL>
    <my:Publisher>CAM Specialist Library</my:Publisher>
    <my:AdditionalContributors />
    <my:GeographicalAreas />
    <my:PublicationType>Review</my:PublicationType>
    <my:Description>
      <html xmlns="http://www.w3.org/1999/xhtml" xml:space="preserve">
        111-1Annual evidence update on CAM for asthma 2008: List of references<p>The following relevant studies on this topic have been published since 1 January 2006.</p>
<p><em>These studies have met our selection criteria. Where there is an appraisal available we have linked to it. If there is no appraisal and you wish to appraise the selected studies here is a </em><a href="http://www.phru.nhs.uk/Pages/PHD/resources.htm"><em>link to a list of appraisal tools</em></a><em>.</em></p><br /><p><b>Systematic reviews published or updated in 2006-2008</b></p>
<p><em>This list includes a number of Cochrane reviews which were published earlier as they have been updated since 2006. The date of the most recent search is included.</em></p>
<p><br />Arnold E, Clark CE, Lasserson TJ, Wu T. Herbal interventions for chronic asthma in adults and children. <i>Cochrane Database of Systematic Reviews</i> 2008, Issue 1. Art. No.: CD005989. DOI: 10.1002/14651858.CD005989.pub2. [<a href="http://www.mrw.interscience.wiley.com/cochrane/clsysrev/articles/CD005989/frame.html">Full text</a>]</p>
<p><br />Bellavite P, Ortolani R, Pontarollo F, Piasere V, Benato G, Conforti A. Immunology and homeopathy. 4. Clinical studies-part 2. Evidence-based Complementary and Alternative Medicine: eCAM. 2006, 3(4):397-409. [<a href="http://ecam.oxfordjournals.org/cgi/content/full/3/4/397">Full text</a>]</p><br /><p>Brown D. Evidence-based hypnotherapy for asthma: a critical review. International Journal of Clinical and Experimental Hypnosis. 2007, 55(2):220-49. [<a href="http://www.informaworld.com/smpp/content~content=a771909853~db=all~order=page">Abstract</a>]</p>
<p><br />Dennis J, Cates CJ. Alexander technique for chronic asthma. <i>Cochrane Database of Systematic Reviews</i> 2000, Issue 2. Art. No.: CD000995. DOI: 10.1002/14651858.CD000995. [<a href="http://www.mrw.interscience.wiley.com/cochrane/clsysrev/articles/CD000995/frame.html">Full text</a>]<br />Most recent search August 2006.<br /></p>
<p><br />McCarney RW, Brinkhaus B, Lasserson TJ, Linde K. Acupuncture for chronic asthma. <i>Cochrane Database of Systematic Reviews</i> 2003, Issue 3. Art. No.: CD000008. DOI: 10.1002/14651858.CD000008.pub2. [<a href="http://www.mrw.interscience.wiley.com/cochrane/clsysrev/articles/CD000008/frame.html">Full text</a>]<br />Most recent search August 2007. </p>
<p><br />McCarney RW, Linde K, Lasserson TJ. Homeopathy for chronic asthma. <i>Cochrane Database of Systematic Reviews</i> 2004, Issue 1. Art. No.: CD000353. DOI: 10.1002/14651858.CD000353.pub2. [<a href="http://www.mrw.interscience.wiley.com/cochrane/clsysrev/articles/CD000353/frame.html">Full text]</a> <br />Most recent search August 2007. </p>
<p><br />Passalacqua G, Bousquet PJ, Carlsen KH, Kemp J, Lockey RF, Niggemann B, Pawankar R, Price D, Bousquet J. ARIA update: I--Systematic review of complementary and alternative medicine for rhinitis and asthma. Journal of Allergy and Clinical Immunology. 2006, 117(5):1054-62. [<a href="http://www.ncbi.nlm.nih.gov/pubmed/16675332?ordinalpos=6&amp;itool=EntrezSystem2.PEntrez.Pubmed.Pubmed_ResultsPanel.Pubmed_RVDocSum">PubMed abstract</a>]</p>
<p><br />Reisman J, Schachter HM, Dales RE, Tran K, Kourad K, Barnes D, Sampson M, Morrison A, Gaboury I, Blackman J. Treating asthma with omega-3 fatty acids: where is the evidence? A systematic review. <em>BMC Complementary and Alternative Medicine</em>. 2006, 6:26. [<a href="http://www.biomedcentral.com/1472-6882/6/26">Full text</a>]</p>
<p><br />Singh BB, Khorsan R, Vinjamury SP, Der-Martirosian C, Kizhakkeveettil A, Anderson TM. Herbal treatments of asthma: a systematic review. Journal of Asthma. 2007, 44(9):685-98. [<a href="http://www.ncbi.nlm.nih.gov/pubmed/17994396?ordinalpos=3&amp;itool=EntrezSystem2.PEntrez.Pubmed.Pubmed_ResultsPanel.Pubmed_RVDocSum">PubMed abstract</a>]</p>
<p><br />Slader CA, Reddel HK, Jenkins CR, Armour CL, Bosnic-Anticevich SZ. Complementary and alternative medicine use in asthma: who is using what? Respirology 2006 Jul;11(4):373-87. [<a href="http://www.ncbi.nlm.nih.gov/pubmed/16771907?ordinalpos=2&amp;itool=EntrezSystem2.PEntrez.Pubmed.Pubmed_ResultsPanel.Pubmed_RVDocSum">PubMed abstract</a>] </p>
<p><br /></p>
<p>Thien FCK, De Luca S, Woods R, Abramson MJ. Dietary marine fatty acids (fish oil) for asthma in adults and children. <i>Cochrane Database of Systematic Reviews</i> 2002, Issue 2. Art. No.: CD001283. DOI: 10.1002/14651858.CD001283. [<a href="http://www.mrw.interscience.wiley.com/cochrane/clsysrev/articles/CD001283/frame.html">Full text</a>] <br />Most recent search May 2006. </p>
<p><br /></p>
<p>Yorke J, Fleming SL, Shuldham CM. Psychological interventions for adults with asthma. <i>Cochrane Database of Systematic Reviews</i> 2006, Issue 1. Art. No.: CD002982. DOI: 10.1002/14651858.CD002982.pub3. [<a href="http://www.mrw.interscience.wiley.com/cochrane/clsysrev/articles/CD002982/frame.html">Full text</a>] <br />Most recent search May 2007.</p>
<p><br />Yorke J, Fleming SL, Shuldham C. Psychological interventions for adults with asthma: a systematic review. Respiratory Medicine. 2007, 101(1):1-14. Epub 2006 Jun 6. [<a href="http://www.ncbi.nlm.nih.gov/pubmed/16757162?ordinalpos=3&amp;itool=EntrezSystem2.PEntrez.Pubmed.Pubmed_ResultsPanel.Pubmed_RVDocSum">PubMed abstract</a>]</p>
<p><br /></p>
<p>Yorke J, Fleming S, Shuldham C. Psychological interventions for children with asthma. <i>Cochrane Database of Systematic Reviews</i> 2005, Issue 4. Art. No.: CD003272. DOI: 10.1002/14651858.CD003272.pub2. [<a href="http://www.mrw.interscience.wiley.com/cochrane/clsysrev/articles/CD003272/frame.html">Full text</a>] <br />Most recent search April 2007. </p>
<p><br />Yorke J, Fleming SL, Shuldham C. A systematic review of psychological interventions for children with asthma. Pediatric Pulmonology. 2007, 42(2):114-24. [<a href="http://www.ncbi.nlm.nih.gov/pubmed/17186533?ordinalpos=3&amp;itool=EntrezSystem2.PEntrez.Pubmed.Pubmed_ResultsPanel.Pubmed_RVDocSum">PubMed abstract</a>]  [Duplicate publication of Cochrane review]</p>
<p><br /><b>Selected qualitative studies and surveys</b></p>
<p><br />Freidin B, Timmermans S. Complementary and alternative medicine for children's asthma: satisfaction, care provider responsiveness, and networks of care. Qualitative Health Research. 2008, 18(1):43-55. [<a href="http://www.ncbi.nlm.nih.gov/pubmed/18174534?ordinalpos=1&amp;itool=EntrezSystem2.PEntrez.Pubmed.Pubmed_ResultsPanel.Pubmed_RVDocSum">PubMed abstract</a>]</p>
<p><br />Shaw A, Noble A, Salisbury C, Sharp D, Thompson E, Peters TJ. Predictors of complementary therapy use among asthma patients: results of a primary care survey. Health &amp; Social Care in the Community. 2008, 16(2):155-64. [<a href="http://www.ncbi.nlm.nih.gov/pubmed/18290981?ordinalpos=1&amp;itool=EntrezSystem2.PEntrez.Pubmed.Pubmed_ResultsPanel.Pubmed_RVDocSum">PubMed abstract</a>]</p>
<p><br />Shaw A, Thompson EA, Sharp DJ. Expectations of patients and parents of children with asthma regarding access to complementary therapy information and services via the NHS: a qualitative study. Health Expectations. 2006, 9(4):343-58. [<a href="http://www.ncbi.nlm.nih.gov/pubmed/17083561?ordinalpos=2&amp;itool=EntrezSystem2.PEntrez.Pubmed.Pubmed_ResultsPanel.Pubmed_RVDocSum">PubMed abstract</a>]</p>
<p><br />Shaw A, Thompson EA, Sharp D. Complementary therapy use by patients and parents of children with asthma and the implications for NHS care: a qualitative study. <em>BMC Health Services Research</em>. 2006, 6:76. [<a href="http://www.biomedcentral.com/1472-6963/6/76">Full text</a>]</p>
<p><br />Slader CA, Reddel HK, Jenkins CR, Armour CL, Bosnic-Anticevich SZ. Complementary and alternative medicine use in asthma: who is using what? Respirology. 2006, 11(4):373-87. [<a href="http://www.ncbi.nlm.nih.gov/pubmed/16771907?ordinalpos=2&amp;itool=EntrezSystem2.PEntrez.Pubmed.Pubmed_ResultsPanel.Pubmed_RVDocSum">PubMed abstract</a>]</p>
<p> </p>
       </html>
    </my:Description>
    <my:ResourceType>Article</my:ResourceType>
    <my:Attachment xsi:nil="true" />
    <my:HasAttachment>false</my:HasAttachment>
    <my:Speciality>Complementary and Alternative Medicine</my:Speciality>
    <my:Keywords>COMPLEMENTARY AND ALTERNATIVE MEDICINE,CONDITIONS A-Z,ASTHMA,CONDITIONS A-B,DATE ADDED,APRIL 2008</my:Keywords>
    <my:PublicationDate>2008-05-01T00:00:00</my:PublicationDate>
  </my:myFields>