<?mso-infoPathSolution name="urn:schemas-microsoft-com:office:infopath:ResourceForm:-myXSD-2010-08-09T08-39-43" solutionVersion="1.0.0.68" productVersion="14.0.0.0" PIVersion="1.0.0.0" href="http://localhost:8081/FormServerTemplates/ARMSResourceForm.xsn"?>
  <?mso-application progid="InfoPath.Document" versionProgid="InfoPath.Document.3"?>
  <?mso-infoPath-file-attachment-present ?>
  <my:myFields xmlns:my="http://schemas.microsoft.com/office/infopath/2003/myXSD/2010-08-09T08:39:43" xmlns:xsi="http://www.w3.org/2001/XMLSchema-instance" xmlns:pc="http://schemas.microsoft.com/office/infopath/2007/PartnerControls" xmlns:ma="http://schemas.microsoft.com/office/2009/metadata/properties/metaAttributes" xmlns:d="http://schemas.microsoft.com/office/infopath/2009/WSSList/dataFields" xmlns:q="http://schemas.microsoft.com/office/infopath/2009/WSSList/queryFields" xmlns:dfs="http://schemas.microsoft.com/office/infopath/2003/dataFormSolution" xmlns:dms="http://schemas.microsoft.com/office/2009/documentManagement/types" xmlns:xd="http://schemas.microsoft.com/office/infopath/2003" xmlns:xhtml="http://www.w3.org/1999/xhtml">
    <my:Title>A federal approach to professionally-led voluntary regulation for complementary healthcare</my:Title>
    <my:URL>http://www.fih.org.uk/information_library/publications/regulation/a_federal_approch_to.html</my:URL>
    <my:Publisher>The Prince’s Foundation for Integrated Health</my:Publisher>
    <my:AdditionalContributors />
    <my:GeographicalAreas />
    <my:PublicationType>Reference Material</my:PublicationType>
    <my:Description>
      <html xmlns="http://www.w3.org/1999/xhtml" xml:space="preserve">
        <p>In 2005 the Prince's Foundation for Integrated Health commissioned a report by Professor Julie Stone which examined three options for the regulation of complementary healthcare.  This report resulted in a consultation exercise, which showed clear support for a federal system of regulation i.e. a single regulator for complementary healthcare rather than a series of single-therapy regulators.   </p>
<p>This document is the final report of the Federal Working Group which worked towards the creation of such a federal body.  The new Complementary and Natural Healthcare Council will launch in the summer of 2008.</p>
<p>The report is available to download <a href="http://fih.org.uk/document.rm?id=51">here</a>.</p> 
       </html>
    </my:Description>
    <my:ResourceType>CARDEX</my:ResourceType>
    <my:Attachment xsi:nil="true" />
    <my:HasAttachment>false</my:HasAttachment>
    <my:Speciality>Complementary and Alternative Medicine</my:Speciality>
    <my:Keywords>COMPLEMENTARY AND ALTERNATIVE MEDICINE,CAM GENERAL,APRIL 2008,2008,DATE ADDED,REGULATION</my:Keywords>
    <my:PublicationDate>2008-02-15T00:00:00</my:PublicationDate>
  </my:myFields>