<?mso-infoPathSolution name="urn:schemas-microsoft-com:office:infopath:ResourceForm:-myXSD-2010-08-09T08-39-43" solutionVersion="1.0.0.68" productVersion="14.0.0.0" PIVersion="1.0.0.0" href="http://localhost:8081/FormServerTemplates/ARMSResourceForm.xsn"?>
  <?mso-application progid="InfoPath.Document" versionProgid="InfoPath.Document.3"?>
  <?mso-infoPath-file-attachment-present ?>
  <my:myFields xmlns:my="http://schemas.microsoft.com/office/infopath/2003/myXSD/2010-08-09T08:39:43" xmlns:xsi="http://www.w3.org/2001/XMLSchema-instance" xmlns:pc="http://schemas.microsoft.com/office/infopath/2007/PartnerControls" xmlns:ma="http://schemas.microsoft.com/office/2009/metadata/properties/metaAttributes" xmlns:d="http://schemas.microsoft.com/office/infopath/2009/WSSList/dataFields" xmlns:q="http://schemas.microsoft.com/office/infopath/2009/WSSList/queryFields" xmlns:dfs="http://schemas.microsoft.com/office/infopath/2003/dataFormSolution" xmlns:dms="http://schemas.microsoft.com/office/2009/documentManagement/types" xmlns:xd="http://schemas.microsoft.com/office/infopath/2003" xmlns:xhtml="http://www.w3.org/1999/xhtml">
    <my:Title>Acupuncture evidence update April 2008</my:Title>
    <my:URL>http://www.library.nhs.uk//cam/ViewResource.aspx?resID=282828</my:URL>
    <my:Publisher>CAM Specialist Library</my:Publisher>
    <my:AdditionalContributors />
    <my:GeographicalAreas />
    <my:PublicationType>Review</my:PublicationType>
    <my:Description>
      <html xmlns="http://www.w3.org/1999/xhtml" xml:space="preserve">
        111-1Acupuncture evidence update April 2008<p><strong>Introduction</strong></p><strong></strong>
<p><br />The CAM Specialist Library Annual Evidence Updates on acupuncture have been introduced to identify, organise and present the most up-to-date evidence on this topic. The Library comprehensively searches a large number of databases and uses strict selection criteria for the identified studies, in order to base the annual updates on the best current evidence available.  </p>
<p>The studies included in this evidence update have met our selection criteria but have not been fully appraised by the CAM SL. Where there is an appraisal available we have linked to it. If there is no appraisal and you wish to appraise the selected studies here is a <a href="http://www.phru.nhs.uk/Pages/PHD/resources.htm">link to a list of appraisal tools</a>.</p>
<p>For more details about the search methods and the selection process for this annual update see the <a href="http://www.library.nhs.uk/cam/viewResource.aspx?resid=283071&amp;code=5a2d2520dad440e0b176a450bc366998">methodology section</a>.</p>
<p>For a brief overview of the topic of Acupuncture, including information on clinical uses and safety, see the <a href="http://www.library.nhs.uk/cam/ViewResource.aspx?resID=125440&amp;tabID=289&amp;catID=9386">introductory article</a>. </p>
<p><strong><br />Contents</strong></p>
<p><br />Systematic reviews, HTA reports and selected large RCTs with a main focus on acupuncture categorised by specialty, condition or symptom</p>
<ul><li><a href="http://www.library.nhs.uk/cam/viewResource.aspx?resid=283069&amp;code=6af945fb66d665a6d657cca59250bfa5">General reviews of acupuncture</a> </li>
<p>
</p><li><a href="http://www.library.nhs.uk/cam/viewResource.aspx?resid=283070&amp;code=312625168c634c068e48edbb3637c06c">Allergies / ENT</a> </li>
<p>
</p><li><a href="http://www.library.nhs.uk/cam/viewResource.aspx?resid=283058&amp;code=5446d166cddb94c5e153f58fde9696d0">Eye diseases</a></li>
<p>
</p><li><a href="http://www.library.nhs.uk/cam/viewResource.aspx?resid=283072&amp;code=323fdb24339670b6eeb3c0b1c4822d02">Gastrointestinal diseases</a></li>
<p>
</p><li><a href="http://www.library.nhs.uk/cam/viewResource.aspx?resid=283079&amp;code=8b8fe752a508fc0c6463984739803135">Mental health</a></li>
<p>
</p><li><a href="http://www.library.nhs.uk/cam/viewResource.aspx?resid=283094&amp;code=1e48cd7109f9b763cb02d2d842fca853">Musculoskeletal diseases</a></li>
<p>
</p><li><a href="http://www.library.nhs.uk/cam/viewResource.aspx?resid=283097&amp;code=150980dfc80cb58fafb1bac4a607a9eb">Pain/ Palliative care</a></li>
<p>
</p><li><a href="http://www.library.nhs.uk/cam/viewResource.aspx?resid=283098&amp;code=8f2e95936c8afe44e5e7d3bd4ff7b9f2">Neurological disorders</a></li>
<p>
</p><li><a href="http://www.library.nhs.uk/cam/viewResource.aspx?resid=283100&amp;code=e954ae2e9315308ae88ff2b1c599e700">Virus infections</a></li>
<p>
</p><li><a href="http://www.library.nhs.uk/cam/viewResource.aspx?resid=283102&amp;code=f722574538602425aec732aee1b963b9">Women’s health/ Pregnancy and childbirth</a></li></ul><br /><p><b><a href="http://www.library.nhs.uk/cam/viewResource.aspx?resid=282592&amp;code=555bbb4d4b8985395170da965404fbf0">List of all references</a></b></p>
<p><br />A list of systematic reviews and guidelines covering a range of CAM therapies including acupuncture can be viewed <a href="http://www.library.nhs.uk/cam/viewResource.aspx?resid=283103&amp;code=8821090274c5d067198d243137e188fc">here</a>. </p>
<p><br />Researchers may be also interested in the full list of large-scale (100 or more participants) randomised controlled trials (RCTs) published since 1 January 2007 which can be viewed <a href="http://www.library.nhs.uk/cam/viewResource.aspx?resid=283104&amp;code=0497b13fff127f1874fde397afc8e952">here</a>.</p><br /><p><b>Acknowledgement</b></p>
<p>The CAM Specialist Library project team would like to thank the topic editor Dr Mike Cummings for his contribution to the development of the 2008 Annual Evidence Update on Acupuncture.  </p>
       </html>
    </my:Description>
    <my:ResourceType>Article</my:ResourceType>
    <my:Attachment xsi:nil="true" />
    <my:HasAttachment>false</my:HasAttachment>
    <my:Speciality>Complementary and Alternative Medicine</my:Speciality>
    <my:Keywords>ACUPUNCTURE,COMPLEMENTARY AND ALTERNATIVE MEDICINE,DATE ADDED,APRIL 2008</my:Keywords>
    <my:PublicationDate>2008-04-18T00:00:00</my:PublicationDate>
  </my:myFields>