<?mso-infoPathSolution name="urn:schemas-microsoft-com:office:infopath:ResourceForm:-myXSD-2010-08-09T08-39-43" solutionVersion="1.0.0.68" productVersion="14.0.0.0" PIVersion="1.0.0.0" href="http://localhost:8081/FormServerTemplates/ARMSResourceForm.xsn"?>
  <?mso-application progid="InfoPath.Document" versionProgid="InfoPath.Document.3"?>
  <?mso-infoPath-file-attachment-present ?>
  <my:myFields xmlns:my="http://schemas.microsoft.com/office/infopath/2003/myXSD/2010-08-09T08:39:43" xmlns:xsi="http://www.w3.org/2001/XMLSchema-instance" xmlns:pc="http://schemas.microsoft.com/office/infopath/2007/PartnerControls" xmlns:ma="http://schemas.microsoft.com/office/2009/metadata/properties/metaAttributes" xmlns:d="http://schemas.microsoft.com/office/infopath/2009/WSSList/dataFields" xmlns:q="http://schemas.microsoft.com/office/infopath/2009/WSSList/queryFields" xmlns:dfs="http://schemas.microsoft.com/office/infopath/2003/dataFormSolution" xmlns:dms="http://schemas.microsoft.com/office/2009/documentManagement/types" xmlns:xd="http://schemas.microsoft.com/office/infopath/2003" xmlns:xhtml="http://www.w3.org/1999/xhtml">
    <my:Title>NCI’s Annual Report on Complementary and Alternative Medicine: Fiscal Year 2006</my:Title>
    <my:URL>http://www.cancer.gov/cam/attachments/CAMAnnualReportFY2006.pdf</my:URL>
    <my:Publisher>Office of Cancer Complementary and Alternative Medicine (OCCAM)</my:Publisher>
    <my:AdditionalContributors />
    <my:GeographicalAreas />
    <my:PublicationType>Reference Material</my:PublicationType>
    <my:Description>
      <html xmlns="http://www.w3.org/1999/xhtml" xml:space="preserve">
        <p> </p>
<p><img src="https://rmsadmin.library.nhs.uk/libraryImages/Complementary%20and%20Alternative%20Medicine/contentID282908/nelhImp_0000_OCCAMreport.jpg" /></p>
<p> </p>
<p>This is the second year for the <a href="http://www.cancer.gov/cam/index.html">National Cancer Institute</a>’s annual report on complementary and alternative medicine (CAM), which was published to showcase the Institute’s various communication, training, and research activities related to the topic. The report covers a variety of CAM categories, cancer types, research types, and grant mechanisms, in addition to a break-down of NCI’s CAM research project portfolio.</p>
<p>The publication is now available to download at <a href="http://www.cancer.gov/cam/attachments/CAMAnnualReportFY2006.pdf">www.cancer.gov/cam/attachments/CAMAnnualReportFY2006.pdf</a>.</p>
<p> </p>
       </html>
    </my:Description>
    <my:ResourceType>CARDEX</my:ResourceType>
    <my:Attachment xsi:nil="true" />
    <my:HasAttachment>false</my:HasAttachment>
    <my:Speciality>Complementary and Alternative Medicine</my:Speciality>
    <my:Keywords>COMPLEMENTARY AND ALTERNATIVE MEDICINE,CAM GENERAL,CONDITIONS A-Z,CONDITIONS C,CANCER,APRIL 2008,2008,DATE ADDED,RESEARCH</my:Keywords>
    <my:PublicationDate>2008-04-07T00:00:00</my:PublicationDate>
  </my:myFields>