<?mso-infoPathSolution name="urn:schemas-microsoft-com:office:infopath:ResourceForm:-myXSD-2010-08-09T08-39-43" solutionVersion="1.0.0.68" productVersion="14.0.0.0" PIVersion="1.0.0.0" href="http://localhost:8081/FormServerTemplates/ARMSResourceForm.xsn"?>
  <?mso-application progid="InfoPath.Document" versionProgid="InfoPath.Document.3"?>
  <?mso-infoPath-file-attachment-present ?>
  <my:myFields xmlns:my="http://schemas.microsoft.com/office/infopath/2003/myXSD/2010-08-09T08:39:43" xmlns:xsi="http://www.w3.org/2001/XMLSchema-instance" xmlns:pc="http://schemas.microsoft.com/office/infopath/2007/PartnerControls" xmlns:ma="http://schemas.microsoft.com/office/2009/metadata/properties/metaAttributes" xmlns:d="http://schemas.microsoft.com/office/infopath/2009/WSSList/dataFields" xmlns:q="http://schemas.microsoft.com/office/infopath/2009/WSSList/queryFields" xmlns:dfs="http://schemas.microsoft.com/office/infopath/2003/dataFormSolution" xmlns:dms="http://schemas.microsoft.com/office/2009/documentManagement/types" xmlns:xd="http://schemas.microsoft.com/office/infopath/2003" xmlns:xhtml="http://www.w3.org/1999/xhtml">
    <my:Title>Acupuncture evidence update 2008: Mental health</my:Title>
    <my:URL>http://www.library.nhs.uk//cam/ViewResource.aspx?resID=283079</my:URL>
    <my:Publisher>CAM Specialist Library</my:Publisher>
    <my:AdditionalContributors />
    <my:GeographicalAreas />
    <my:PublicationType>Review</my:PublicationType>
    <my:Description>
      <html xmlns="http://www.w3.org/1999/xhtml" xml:space="preserve">
        111-1Acupuncture evidence update 2008: Mental health<p>The following relevant studies on this topic have been published since 1 January 2007. </p>
<p><em>These studies have met our selection criteria. Where there is an appraisal available we have linked to it. If there is no appraisal and you wish to appraise the selected studies here is a </em><a href="http://www.phru.nhs.uk/Pages/PHD/resources.htm"><em>link to a list of appraisal tools</em></a><em>.</em></p>
<p><br /><strong>Anxiety/ anxiety disorders</strong> </p>
<p>Pilkington K, Kirkwood G, Rampes H, Cummings M, Richardson J. Acupuncture for anxiety and anxiety disorders--a systematic literature review. Acupuncture in Medicine. 2007, 25(1-2):1-10. [<a href="http://www.acupunctureinmedicine.org.uk/servearticle.php?artid=612">Full text</a>] [<a href="http://www.crd.york.ac.uk/CRDWeb/ShowRecord.asp?View=Full&amp;ID=12007002798">DARE provisional record</a>]<br /></p>
<p><br /><strong>Insomnia</strong></p>
<p>Chen HY, Shi Y, Ng CS, Chan SM, Yung KK, Zhang QL. Auricular acupuncture treatment for insomnia: a systematic review. Journal of Alternative and Complementary Medicine. 2007, 13(6):669-76. [<a href="http://www.ncbi.nlm.nih.gov/pubmed/17718650?ordinalpos=1&amp;itool=EntrezSystem2.PEntrez.Pubmed.Pubmed_ResultsPanel.Pubmed_RVDocSum">PubMed abstract</a>] [<a href="http://www.crd.york.ac.uk/CRDWeb/ShowRecord.asp?View=Full&amp;ID=12007003164">DARE provisional record</a>]</p>
<p><br />Cheuk DKL, Yeung WF, Chung KF, Wong V. Acupuncture for insomnia. <i>Cochrane Database of Systematic Reviews</i> 2007, Issue 3. Art. No.: CD005472. DOI: 10.1002/14651858.CD005472.pub2. [<a href="http://www.mrw.interscience.wiley.com/cochrane/clsysrev/articles/CD005472/frame.html">Full text</a>]</p>
<p><br />Kalavapalli R, Singareddy R. Role of acupuncture in the treatment of insomnia: a comprehensive review. Complementary Therapies in Clinical Practice. 2007, 13(3):184-93. [<a href="http://www.ncbi.nlm.nih.gov/pubmed/17631261?ordinalpos=3&amp;itool=EntrezSystem2.PEntrez.Pubmed.Pubmed_ResultsPanel.Pubmed_RVDocSum">PubMed abstract</a>]<br /></p>
<p> </p>
       </html>
    </my:Description>
    <my:ResourceType>Article</my:ResourceType>
    <my:Attachment xsi:nil="true" />
    <my:HasAttachment>false</my:HasAttachment>
    <my:Speciality>Complementary and Alternative Medicine</my:Speciality>
    <my:Keywords>COMPLEMENTARY AND ALTERNATIVE MEDICINE,SLEEP PROBLEMS,GENERALIZED ANXIETY,MENTAL HEALTH,ADULT CONDITIONS,ACUPUNCTURE,CONDITIONS I-L,ANXIETY DISORDERS,CONDITIONS A-Z,INSOMNIA,CONDITIONS A-B,ANXIETY,DATE ADDED,APRIL 2008</my:Keywords>
    <my:PublicationDate>2008-04-21T00:00:00</my:PublicationDate>
  </my:myFields>