<?mso-infoPathSolution name="urn:schemas-microsoft-com:office:infopath:ResourceForm:-myXSD-2010-08-09T08-39-43" solutionVersion="1.0.0.68" productVersion="14.0.0.0" PIVersion="1.0.0.0" href="http://localhost:8081/FormServerTemplates/ARMSResourceForm.xsn"?>
  <?mso-application progid="InfoPath.Document" versionProgid="InfoPath.Document.3"?>
  <?mso-infoPath-file-attachment-present ?>
  <my:myFields xmlns:my="http://schemas.microsoft.com/office/infopath/2003/myXSD/2010-08-09T08:39:43" xmlns:xsi="http://www.w3.org/2001/XMLSchema-instance" xmlns:pc="http://schemas.microsoft.com/office/infopath/2007/PartnerControls" xmlns:ma="http://schemas.microsoft.com/office/2009/metadata/properties/metaAttributes" xmlns:d="http://schemas.microsoft.com/office/infopath/2009/WSSList/dataFields" xmlns:q="http://schemas.microsoft.com/office/infopath/2009/WSSList/queryFields" xmlns:dfs="http://schemas.microsoft.com/office/infopath/2003/dataFormSolution" xmlns:dms="http://schemas.microsoft.com/office/2009/documentManagement/types" xmlns:xd="http://schemas.microsoft.com/office/infopath/2003" xmlns:xhtml="http://www.w3.org/1999/xhtml">
    <my:Title>Acupuncture evidence update 2008: General reviews</my:Title>
    <my:URL>http://www.library.nhs.uk//cam/ViewResource.aspx?resID=283069</my:URL>
    <my:Publisher>CAM Specialist Library</my:Publisher>
    <my:AdditionalContributors />
    <my:GeographicalAreas />
    <my:PublicationType>Review</my:PublicationType>
    <my:Description>
      <html xmlns="http://www.w3.org/1999/xhtml" xml:space="preserve">
        111-1Acupuncture evidence update 2008: General reviews<p><b>General reviews on acupuncture</b></p>
<p>The following relevant studies on this topic have been published since 1 January 2007. </p>
<p><br /></p>
<p><em>These studies have met our selection criteria. Where there is an appraisal available we have linked to it. If there is no appraisal and you wish to appraise the selected studies here is a </em><a href="http://www.phru.nhs.uk/Pages/PHD/resources.htm"><em>link to a list of appraisal tools</em></a><em>.</em></p>
<p> </p>
<p>Ahn AC, Colbert AP, Anderson BJ, Martinsen OG, Hammerschlag R, Cina S, Wayne PM, Langevin HM. Electrical properties of acupuncture points and meridians: a systematic review. Bioelectromagnetics. 2008, 29(4):245-56. [<a href="http://www.ncbi.nlm.nih.gov/pubmed/18240287?ordinalpos=1&amp;itool=EntrezSystem2.PEntrez.Pubmed.Pubmed_ResultsPanel.Pubmed_RVDocSum">PubMed abstract</a>]</p>
<p><br />Ma HW, Chang ML, Lin CJ. [A systematic review of acupressure for the application on nursing practice]. Hu li za zhi. The journal of Nursing. 2007, 54(4):35-44. [<a href="http://www.ncbi.nlm.nih.gov/pubmed/17654426?ordinalpos=1&amp;itool=EntrezSystem2.PEntrez.Pubmed.Pubmed_ResultsPanel.Pubmed_RVDocSum">PubMed abstract</a>]</p>
<p><br />Roberts J, Moore D. Mapping the evidence base and use of acupuncture within the NHS. Report No. 59. Birmingham: West Midlands Health Technology Assessment Collaboration, Department of Public Health and Epidemiology, University of Birmingham (WMHTAC), 2006. [<a href="http://www.rep.bham.ac.uk/2006/Mapping_Acupunture.pdf">Full text</a>] </p>
<p> </p>
       </html>
    </my:Description>
    <my:ResourceType>Article</my:ResourceType>
    <my:Attachment xsi:nil="true" />
    <my:HasAttachment>false</my:HasAttachment>
    <my:Speciality>Complementary and Alternative Medicine</my:Speciality>
    <my:Keywords>COMPLEMENTARY AND ALTERNATIVE MEDICINE,ACUPUNCTURE,CAM GENERAL,APRIL 2008,DATE ADDED,USE OF CAM</my:Keywords>
    <my:PublicationDate>2008-04-21T00:00:00</my:PublicationDate>
  </my:myFields>