<?mso-infoPathSolution name="urn:schemas-microsoft-com:office:infopath:ResourceForm:-myXSD-2010-08-09T08-39-43" solutionVersion="1.0.0.68" productVersion="14.0.0.0" PIVersion="1.0.0.0" href="http://localhost:8081/FormServerTemplates/ARMSResourceForm.xsn"?>
  <?mso-application progid="InfoPath.Document" versionProgid="InfoPath.Document.3"?>
  <?mso-infoPath-file-attachment-present ?>
  <my:myFields xmlns:my="http://schemas.microsoft.com/office/infopath/2003/myXSD/2010-08-09T08:39:43" xmlns:xsi="http://www.w3.org/2001/XMLSchema-instance" xmlns:pc="http://schemas.microsoft.com/office/infopath/2007/PartnerControls" xmlns:ma="http://schemas.microsoft.com/office/2009/metadata/properties/metaAttributes" xmlns:d="http://schemas.microsoft.com/office/infopath/2009/WSSList/dataFields" xmlns:q="http://schemas.microsoft.com/office/infopath/2009/WSSList/queryFields" xmlns:dfs="http://schemas.microsoft.com/office/infopath/2003/dataFormSolution" xmlns:dms="http://schemas.microsoft.com/office/2009/documentManagement/types" xmlns:xd="http://schemas.microsoft.com/office/infopath/2003" xmlns:xhtml="http://www.w3.org/1999/xhtml">
    <my:Title>Acupuncture evidence update 2008: Musculoskeletal diseases</my:Title>
    <my:URL>http://www.library.nhs.uk//cam/ViewResource.aspx?resID=283094</my:URL>
    <my:Publisher>CAM Specialist Library</my:Publisher>
    <my:AdditionalContributors />
    <my:GeographicalAreas />
    <my:PublicationType>Review</my:PublicationType>
    <my:Description>
      <html xmlns="http://www.w3.org/1999/xhtml" xml:space="preserve">
        111-1Acupuncture evidence update 2008: Musculoskeletal diseases<p>The following relevant studies on this topic have been published since 1 October 2002. </p>
<p><em>These studies have met our selection criteria. Where there is an appraisal available we have linked to it. If there is no appraisal and you wish to appraise the selected studies here is a </em><a href="http://www.phru.nhs.uk/Pages/PHD/resources.htm"><em>link to a list of appraisal tools</em></a><em>.</em> </p>
<p><em></em><strong><br />General reviews</strong></p>
<p>Lee MS, Pittler MH, Shin BC, Kong JC, Ernst E. Bee venom acupuncture for musculoskeletal pain: a review. Journal of Pain. 2008, 9(4):289-97. [<a href="http://www.ncbi.nlm.nih.gov/pubmed/18226968?ordinalpos=1&amp;itool=EntrezSystem2.PEntrez.Pubmed.Pubmed_ResultsPanel.Pubmed_RVDocSum">PubMed abstract</a>]  </p>
<p><br />Schüller BK, Neugebauer EA. [Evidence for laser acupuncture in cases of orthopedic diseases : a systematic review] Schmerz. 2008, 22(1):9-15. [<a href="http://www.ncbi.nlm.nih.gov/pubmed/17530300?ordinalpos=1&amp;itool=EntrezSystem2.PEntrez.Pubmed.Pubmed_ResultsPanel.Pubmed_RVDocSum">PubMed abstract</a>]<br /></p>
<p><strong><br />Low back pain</strong> </p>
<p>Ammendolia C, Furlan AD, Imamura M, Irvin E, van Tulder M. Evidence-informed management of chronic low back pain with needle acupuncture. Spine Journal. 2008, 8(1):160-72. [<a href="http://www.ncbi.nlm.nih.gov/pubmed/18164464?ordinalpos=12&amp;itool=EntrezSystem2.PEntrez.Pubmed.Pubmed_ResultsPanel.Pubmed_RVDocSum">PubMed abstract</a>]<br /></p>
<p><br />***Haake M, Müller HH, Schade-Brittinger C, Basler HD, Schäfer H, Maier C, Endres HG, Trampisch HJ, Molsberger A. German Acupuncture Trials (GERAC) for chronic low back pain: randomized, multicenter, blinded, parallel-group trial with 3 groups. Archives of Internal Medicine. 2007, 167(17):1892-8. [<a href="http://www.ncbi.nlm.nih.gov/pubmed/17893311?ordinalpos=2&amp;itool=EntrezSystem2.PEntrez.Pubmed.Pubmed_ResultsPanel.Pubmed_RVDocSum">PubMed abstract</a>]</p>
<p><br />***Weidenhammer W, Linde K, Streng A, Hoppe A, Melchart D. Acupuncture for chronic low back pain in routine care: a multicenter observational study. Clinical Journal of Pain. 2007, 23(2):128-35.  [<a href="http://www.ncbi.nlm.nih.gov/pubmed/17237661?ordinalpos=1&amp;itool=EntrezSystem2.PEntrez.Pubmed.Pubmed_ResultsPanel.Pubmed_RVDocSum">PubMed abstract</a>]</p>
<p><br /><strong>Osteoarthritis</strong></p>
<p>Manheimer E, Linde K, Lao L, Bouter LM, Berman BM. Meta-analysis: acupuncture for osteoarthritis of the knee. Annals of Internal Medicine. 2007, 146(12):868-77. [<a href="http://www.annals.org/cgi/reprint/146/12/868.pdf">Full text</a>]<br /></p>
<p><br />***Williamson L, Wyatt MR, Yein K, Melton JT. Severe knee osteoarthritis: a randomized controlled trial of acupuncture, physiotherapy (supervised exercise) and standard management for patients awaiting knee replacement. Rheumatology (Oxford). 2007, 46(9):1445-9. [<a href="http://rheumatology.oxfordjournals.org/cgi/content/full/46/9/1445">Full text</a>]<br /></p>
<p><br />***<em>Editor's picks</em>  </p>
       </html>
    </my:Description>
    <my:ResourceType>Article</my:ResourceType>
    <my:Attachment xsi:nil="true" />
    <my:HasAttachment>false</my:HasAttachment>
    <my:Speciality>Complementary and Alternative Medicine</my:Speciality>
    <my:Keywords>ACUPUNCTURE,COMPLEMENTARY AND ALTERNATIVE MEDICINE,OSTEOARTHRITIS,BACK PAIN,CONDITIONS A-B,CONDITIONS M-O,CONDITIONS A-Z,MUSCULOSKELETAL DISEASES,ARTHRITIS,APRIL 2008,DATE ADDED</my:Keywords>
    <my:PublicationDate>2008-04-21T00:00:00</my:PublicationDate>
  </my:myFields>