<?mso-infoPathSolution name="urn:schemas-microsoft-com:office:infopath:ResourceForm:-myXSD-2010-08-09T08-39-43" solutionVersion="1.0.0.68" productVersion="14.0.0.0" PIVersion="1.0.0.0" href="http://localhost:8081/FormServerTemplates/ARMSResourceForm.xsn"?>
  <?mso-application progid="InfoPath.Document" versionProgid="InfoPath.Document.3"?>
  <?mso-infoPath-file-attachment-present ?>
  <my:myFields xmlns:my="http://schemas.microsoft.com/office/infopath/2003/myXSD/2010-08-09T08:39:43" xmlns:xsi="http://www.w3.org/2001/XMLSchema-instance" xmlns:pc="http://schemas.microsoft.com/office/infopath/2007/PartnerControls" xmlns:ma="http://schemas.microsoft.com/office/2009/metadata/properties/metaAttributes" xmlns:d="http://schemas.microsoft.com/office/infopath/2009/WSSList/dataFields" xmlns:q="http://schemas.microsoft.com/office/infopath/2009/WSSList/queryFields" xmlns:dfs="http://schemas.microsoft.com/office/infopath/2003/dataFormSolution" xmlns:dms="http://schemas.microsoft.com/office/2009/documentManagement/types" xmlns:xd="http://schemas.microsoft.com/office/infopath/2003" xmlns:xhtml="http://www.w3.org/1999/xhtml">
    <my:Title>Acupuncture evidence update 2008: CAM reviews and guidelines</my:Title>
    <my:URL>http://www.library.nhs.uk//cam/ViewResource.aspx?resID=283103</my:URL>
    <my:Publisher>CAM Specialist Library</my:Publisher>
    <my:AdditionalContributors />
    <my:GeographicalAreas />
    <my:PublicationType>Review</my:PublicationType>
    <my:Description>
      <html xmlns="http://www.w3.org/1999/xhtml" xml:space="preserve">
        111-1Acupuncture evidence update 2008: CAM reviews and guidelines<p>The following relevant studies on this topic have been published since 1 January 2007. </p>
<p><em>These studies have met our selection criteria. Where there is an appraisal available we have linked to it. If there is no appraisal and you wish to appraise the selected studies here is a </em><a href="http://www.phru.nhs.uk/Pages/PHD/resources.htm"><em>link to a list of appraisal tools</em></a><em>.</em></p>
<p><strong><br />Guidelines</strong></p><br /><p>Cassileth BR, Deng GE, Gomez JE, Johnstone PA, Kumar N, Vickers AJ, American College of Chest Physicians. Complementary therapies and integrative oncology in lung cancer: ACCP evidence-based clinical practice guidelines (2nd edition). Chest. 2007, 132(3 Suppl):340S-354S. [<a href="http://www.ncbi.nlm.nih.gov/pubmed/17873179?ordinalpos=1&amp;itool=EntrezSystem2.PEntrez.Pubmed.Pubmed_ResultsPanel.Pubmed_RVDocSum">PubMed abstract</a>] </p>
<p><br /></p>
<p>Chou R, Qaseem A, Snow V, Casey D, Cross JT Jr, Shekelle P, Owens DK; Clinical Efficacy Assessment Subcommittee of the American College of Physicians; American College of Physicians; American Pain Society Low Back Pain Guidelines Panel. Diagnosis and treatment of low back pain: a joint clinical practice guideline from the American College of Physicians and the American Pain Society. Annals of Internal Medicine. 2007, 147(7):478-91. [<a href="http://www.annals.org/cgi/reprint/147/7/478.pdf">Full text</a>] </p>
<p><br />Deng GE, Cassileth BR, Cohen L, Gubili J, Johnstone PA, Kumar N, Vickers A; Society for Integrative Oncology Executive Committee, Abrams D, Rosenthal D, Sagar S, Tripathy D. Integrative Oncology Practice Guidelines. Journal of the Society for Integrative Oncology. 2007, 5(2):65-84. [<a href="http://www.ncbi.nlm.nih.gov/pubmed/17511932?ordinalpos=2&amp;itool=EntrezSystem2.PEntrez.Pubmed.Pubmed_ResultsPanel.Pubmed_RVDocSum">PubMed link</a>]</p>
<p><br />Ettinger DS, Bierman PJ, Bradbury B, Comish CC, Ellis G, Ignoffo RJ, Kirkegaard S, Kloth DD, Kris MG, Lim D, Markiewicz MA, McNulty R, Nabati L, Todaro B, Urba S, Yowell S; National comprehensive Cancer Network (NCCN). Antiemesis: Clinical practice guidelines in Oncology. Journal of the National Comprehensive Cancer Network. 2007, 5(1):12-33. [<a href="http://www.ncbi.nlm.nih.gov/pubmed/17239323?ordinalpos=2&amp;itool=EntrezSystem2.PEntrez.Pubmed.Pubmed_ResultsPanel.Pubmed_RVDocSum">PubMed link</a>]</p>
<p><br />Zhang W, Moskowitz RW, Nuki G, Abramson S, Altman RD, Arden N, et al. OARSI recommendations for the management of hip and knee osteoarthritis, Part II: OARSI evidence-based, expert consensus guidelines. Osteoarthritis and Cartilage. 2008 Feb;16(2):137-62. [<a href="http://www.ncbi.nlm.nih.gov/pubmed/18279766?ordinalpos=2&amp;itool=EntrezSystem2.PEntrez.Pubmed.Pubmed_ResultsPanel.Pubmed_RVDocSum">PubMed abstract</a>]<br /></p>
<p><strong><br />Systematic reviews</strong></p>
<p><br />***Bjordal JM, Johnson MI, Lopes-Martins RA, Bogen B, Chow R, Ljunggren AE. Short-term efficacy of physical interventions in osteoarthritic knee pain. A systematic review and meta-analysis of randomised placebo-controlled trials.  BMC Musculoskeletal Disorders. 2007, 8:51. [<a href="http://www.biomedcentral.com/1471-2474/8/51">Full text</a>]</p>
<p><br />Chou R, Huffman LH; American Pain Society; American College of Physicians. Nonpharmacologic therapies for acute and chronic low back pain: a review of the evidence for an American Pain Society/American College of Physicians clinical practice guideline. Annals of Internal Medicine. 2007, 147(7):492-504. [<a href="http://www.annals.org/cgi/reprint/147/7/492.pdf">Full text</a>]</p>
<p><br />Hardy PR, Adams N, Sim J, Roe B, Wallymahmed A. The use of complementary and alternative therapies for fibromyalgia.  Physical Therapy Reviews. 2007, (3):249-260. [<a href="http://www.ingentaconnect.com/content/maney/ptr/2007/00000012/00000003/art00009">Abstract</a>]</p>
<p><br />Hurwitz EL, Carragee EJ, van der Velde G, Carroll LJ, Nordin M, Guzman J, et al. Treatment of neck pain: noninvasive interventions: results of the Bone and Joint Decade 2000-2010 Task Force on Neck Pain and Its Associated Disorders. Spine. 2008,  33(4 Suppl):S123-152. [<a href="http://www.ncbi.nlm.nih.gov/pubmed/18204386?dopt=Citation">PubMed abstract</a>]</p>
<p><br />Keller A, Hayden J, Bombardier C, van Tulder M. Effect sizes of non-surgical treatments of non-specific low-back pain. European Spine Journal. 2007, 16(11):1776-88. [<a href="http://www.ncbi.nlm.nih.gov/pubmed/17619914?ordinalpos=2&amp;itool=EntrezSystem2.PEntrez.Pubmed.Pubmed_ResultsPanel.Pubmed_RVDocSum">PubMed abstract</a>]</p>
<p><br />Luijsterburg PA, Verhagen AP, Ostelo RW, van Os TA, Peul WC, Koes BW. Effectiveness of conservative treatments for the lumbosacral radicular syndrome: a systematic review. European Spine Journal. 2007, 16(7):881-99. [<a href="http://www.ncbi.nlm.nih.gov/pubmed/17415595?ordinalpos=1&amp;itool=EntrezSystem2.PEntrez.Pubmed.Pubmed_ResultsPanel.Pubmed_RVDocSum">PubMed abstract</a>]</p>
<p><br />Mannerkorpi K, Henriksson C. Non-pharmacological treatment of chronic widespread musculoskeletal pain. Best practice &amp; research. Clinical rheumatology. 2007, 21(3):513-34. [<a href="http://www.ncbi.nlm.nih.gov/pubmed/17602997?ordinalpos=2&amp;itool=EntrezSystem2.PEntrez.Pubmed.Pubmed_ResultsPanel.Pubmed_RVDocSum">PubMed abstract</a>]</p>
<p><br />Meeks TW, Wetherell JL, Irwin MR, Redwine LS, Jeste DV. Complementary and alternative treatments for late-life depression, anxiety, and sleep disturbance: a review of randomized controlled trials. Journal of Clinical Psychiatry. 2007 Oct;68(10):1461-71. [<a href="http://www.ncbi.nlm.nih.gov/pubmed/17960959?ordinalpos=1&amp;itool=EntrezSystem2.PEntrez.Pubmed.Pubmed_ResultsPanel.Pubmed_RVDocSum">PubMed abstract</a>]</p>
<p><br />Myers CD. Complementary and alternative medicine for persistent facial pain. Dental Clinics of North America. 2007 Jan;51(1):263-74, ix. [<a href="http://www.ncbi.nlm.nih.gov/pubmed/17185070?ordinalpos=3&amp;itool=EntrezSystem2.PEntrez.Pubmed.Pubmed_ResultsPanel.Pubmed_RVDocSum">PubMed abstract</a>]</p>
<p><br />Pennick VE, Young G. Interventions for preventing and treating pelvic and back pain in pregnancy. <i>Cochrane Database of Systematic Reviews</i> 2007, Issue 2. Art. No.: CD001139. DOI: 10.1002/14651858.CD001139.pub2. [<a href="http://www.mrw.interscience.wiley.com/cochrane/clsysrev/articles/CD001139/frame.html">Full text</a>] </p>
<p><br />Pilkington K, Stenhouse E, Kirkwood G, Richardson J. Diabetes and complementary therapies: Mapping the evidence. Practical Diabetes International. 2007, 24(7):371-6. [<a href="http://www3.interscience.wiley.com/cgi-bin/abstract/116312517/ABSTRACT">Abstract</a>]</p>
<p><br />Rheingans JI. A systematic review of nonpharmacologic adjunctive therapies for symptom management in children with cancer. Journal of Pediatric Oncology Nursing. 2007, 24(2):81-94. [<a href="http://www.ncbi.nlm.nih.gov/pubmed/17332422?ordinalpos=5&amp;itool=EntrezSystem2.PEntrez.Pubmed.Pubmed_ResultsPanel.Pubmed_RVDocSum">PubMed abstract</a>]</p>
<p><br />Schellingerhout JM, Thomas S, Verhagen AP. [Aspecific shoulder complaints: literature review to assess the efficacy of current interventions] Nederlands tijdschrift voor geneeskunde. 2007, 151(52):2892-7. [<a href="http://www.ncbi.nlm.nih.gov/pubmed/18257436?ordinalpos=4&amp;itool=EntrezSystem2.PEntrez.Pubmed.Pubmed_ResultsPanel.Pubmed_RVDocSum">PubMed abstract</a>]</p>
<p><br />Sood A, Barton DL, Bauer BA, Loprinzi CL. A critical review of complementary therapies for cancer-related fatigue. Integrative Cancer Therapies. 2007, 6(1):8-13. [<a href="http://www.ncbi.nlm.nih.gov/pubmed/17351022?ordinalpos=4&amp;itool=EntrezSystem2.PEntrez.Pubmed.Pubmed_ResultsPanel.Pubmed_RVDocSum">PubMed abstract</a>]</p>
<p><br />Thomas LH, Cross S, Barrett J, French B, Leathley M, Sutton CJ, Watkins C. Treatment of urinary incontinence after stroke in adults. <i>Cochrane Database of Systematic Reviews</i> 2008, Issue 1. Art. No.: CD004462. DOI: 10.1002/14651858.CD004462.pub3. [<a href="http://www.mrw.interscience.wiley.com/cochrane/clsysrev/articles/CD004462/frame.html">Full text</a>]</p>
<p><br />Tournaire M, Theau-Yonneau A. Complementary and alternative approaches to pain relief during labor. Evidence-based Complementary and Alternative Medicine. 2007, 4(4):409-17. [<a href="http://ecam.oxfordjournals.org/cgi/content/full/4/4/409">Full text</a>]</p>
<p><br />Verhagen AP, Scholten-Peeters GGGM, van Wijngaarden S, de Bie RA, Bierma-Zeinstra SMA. Conservative treatments for whiplash. <i>Cochrane Database of Systematic Reviews</i> 2007, Issue 2. Art. No.: CD003338. DOI: 10.1002/14651858.CD003338.pub3. [<a href="http://www.mrw.interscience.wiley.com/cochrane/clsysrev/articles/CD003338/frame.html">Full text</a>]</p>
<p><br />Visovsky C, Collins M, Abbott L, Aschenbrenner J, Hart C. Putting evidence into practice: evidence-based interventions for chemotherapy-induced peripheral neuropathy. Clinical Journal of Oncology Nursing. 2007, 11(6):901-13. [<a href="http://ons.metapress.com/content/38054849w7731327/fulltext.pdf">Full text</a>]</p><br /><p><strong>Economic evaluation studies </strong>
</p><p><br />Eisenberg DM, Post DE, Davis RB, Connelly MT, Legedza AT, Hrbek AL, Prosser LA, Buring JE, Inui TS, Cherkin DC. Addition of choice of complementary therapies to usual care for acute low back pain: a randomized controlled trial. Spine. 2007, 32(2):151-8. [<a href="http://www.ncbi.nlm.nih.gov/pubmed/17224808?ordinalpos=2&amp;itool=EntrezSystem2.PEntrez.Pubmed.Pubmed_ResultsPanel.Pubmed_RVDocSum">PubMed abstract</a>] [<a href="http://www.crd.york.ac.uk/CRDWeb/ShowRecord.asp?View=Full&amp;ID=22007000245">NHS EED structured abstract</a>] 
</p><p><strong><br /></strong></p>
<p>***<em>Editor's pick</em> </p>
       </html>
    </my:Description>
    <my:ResourceType>Article</my:ResourceType>
    <my:Attachment xsi:nil="true" />
    <my:HasAttachment>false</my:HasAttachment>
    <my:Speciality>Complementary and Alternative Medicine</my:Speciality>
    <my:Keywords>COMPLEMENTARY AND ALTERNATIVE MEDICINE,DATE ADDED,APRIL 2008</my:Keywords>
    <my:PublicationDate>2008-04-21T00:00:00</my:PublicationDate>
  </my:myFields>