<?mso-infoPathSolution name="urn:schemas-microsoft-com:office:infopath:ResourceForm:-myXSD-2010-08-09T08-39-43" solutionVersion="1.0.0.68" productVersion="14.0.0.0" PIVersion="1.0.0.0" href="http://localhost:8081/FormServerTemplates/ARMSResourceForm.xsn"?>
  <?mso-application progid="InfoPath.Document" versionProgid="InfoPath.Document.3"?>
  <?mso-infoPath-file-attachment-present ?>
  <my:myFields xmlns:my="http://schemas.microsoft.com/office/infopath/2003/myXSD/2010-08-09T08:39:43" xmlns:xsi="http://www.w3.org/2001/XMLSchema-instance" xmlns:pc="http://schemas.microsoft.com/office/infopath/2007/PartnerControls" xmlns:ma="http://schemas.microsoft.com/office/2009/metadata/properties/metaAttributes" xmlns:d="http://schemas.microsoft.com/office/infopath/2009/WSSList/dataFields" xmlns:q="http://schemas.microsoft.com/office/infopath/2009/WSSList/queryFields" xmlns:dfs="http://schemas.microsoft.com/office/infopath/2003/dataFormSolution" xmlns:dms="http://schemas.microsoft.com/office/2009/documentManagement/types" xmlns:xd="http://schemas.microsoft.com/office/infopath/2003" xmlns:xhtml="http://www.w3.org/1999/xhtml">
    <my:Title>Annual evidence update on CAM for asthma 2008</my:Title>
    <my:URL>http://www.library.nhs.uk//cam/ViewResource.aspx?resID=283492</my:URL>
    <my:Publisher>CAM Specialist Library</my:Publisher>
    <my:AdditionalContributors />
    <my:GeographicalAreas />
    <my:PublicationType>Review</my:PublicationType>
    <my:Description>
      <html xmlns="http://www.w3.org/1999/xhtml" xml:space="preserve">
        111-1Annual evidence update on CAM for asthma 2008<p><b></b></p><br /><p><img height="102" alt="Asthma ©iStockphoto" src="https://rmsadmin.library.nhs.uk/libraryImages/Complementary%20and%20Alternative%20Medicine/contentID283492/nelhImp_0001_Asthma1155.jpg" width="155" /></p><br /><p><b></b> </p>
<p><b>Introduction</b></p><br /><p>The evidence update on CAM for asthma aims to identify, organise and present the latest information on this topic. We have searched a large number of databases for studies published or updated since January 2006. Previously published studies are addressed in sections 3.4 - 3.6 of the <a href="http://www.sign.ac.uk/guidelines/fulltext/101/index.html">British Guideline on the Management of Asthma</a> or can be found in the <a href="http://www.library.nhs.uk/cam/SearchResults.aspx?catID=10907&amp;searchText=&amp;sort=PUBLICATION_DATE&amp;resultsPerPage=10&amp;summaries=true">Library's collection</a>.  </p>
<p>For more details about our methods, please see the <a href="http://www.library.nhs.uk/cam/viewResource.aspx?resid=283561&amp;code=c84e23d562d675c0070a146b09f8c4ab">methodology section</a> and for further information on asthma see the relevant pages from the <a href="http://www.library.nhs.uk/respiratory/">Respiratory Specialist Library</a>.</p><br /><p><b>Contents</b></p><br /><a href="http://www.library.nhs.uk/cam/viewResource.aspx?resid=284174&amp;code=8138cbc40d378571e68f29bad79c12b3">Complementary and alternative medicine use in asthma in the UK: an insight from recent research</a> <br /><p><br />Recent systematic reviews focusing on specific CAM interventions for the management of asthma:</p>
<ul><li><a href="http://www.library.nhs.uk/cam/viewResource.aspx?resid=283534&amp;code=ad6ffcc55d07703840c9dfa01d66c8d8">Acupuncture</a> 
</li><li><a href="http://www.library.nhs.uk/cam/viewResource.aspx?resid=283535&amp;code=16bf4f7aba5756272c19f1155b5bcfc0">Breathing techniques/ Yoga</a> 
</li><li><a href="http://www.library.nhs.uk/cam/viewResource.aspx?resid=283540&amp;code=cea1abcbbe2476b9eeffd898b38fc75d">Dietary and nutritional therapies</a> 
</li><li><a href="http://www.library.nhs.uk/cam/viewResource.aspx?resid=283547&amp;code=251e1b477f6d4112d1f05055f569c256">Herbal medicine</a> 
</li><li><a href="http://www.library.nhs.uk/cam/viewResource.aspx?resid=283551&amp;code=72221908337839cdfc29f7f8af36b6fe">Homeopathy</a> 
</li><li><a href="http://www.library.nhs.uk/cam/viewResource.aspx?resid=283552&amp;code=07af98075e34440639e9b2fb4ca98224">Relaxation techniques/ Hypnosis</a></li></ul><p><strong><br />Related events</strong></p>
<p>The Children's Complementary Therapy Network will hold its <a title="View more information" href="http://www.library.nhs.uk/cam/ViewResource.aspx?resID=279022">3rd Annual Children’s Complementary Therapy Network (CCTN) Conference</a> on 17th May at the Birmingham Children’s Hospital. The conference theme is "Childhood conditions: asthma, eczema and cerebral palsy".</p>
<p><strong><br /></strong></p><br /><p><b><a href="http://www.library.nhs.uk/cam/viewResource.aspx?resid=282664&amp;code=de19c492a7a2636ffdbb561e2810b312">List of references</a>                     <a href="http://www.library.nhs.uk/cam/viewResource.aspx?resid=283561&amp;code=c84e23d562d675c0070a146b09f8c4ab">Methodology</a></b>                             </p>
<p> </p>
       </html>
    </my:Description>
    <my:ResourceType>Article</my:ResourceType>
    <my:Attachment xsi:nil="true" />
    <my:HasAttachment>false</my:HasAttachment>
    <my:Speciality>Complementary and Alternative Medicine</my:Speciality>
    <my:Keywords>RESPIRATORY,STAFF USE,ASTHMA,COMPLEMENTARY AND ALTERNATIVE MEDICINE,CONDITIONS A-Z,ASTHMA,CONDITIONS A-B,DATE ADDED,KNOWLEDGE UPDATES,APRIL 2008,NKW ASTHMA,2008</my:Keywords>
    <my:PublicationDate>2008-05-05T00:00:00</my:PublicationDate>
  </my:myFields>