<?mso-infoPathSolution name="urn:schemas-microsoft-com:office:infopath:ResourceForm:-myXSD-2010-08-09T08-39-43" solutionVersion="1.0.0.68" productVersion="14.0.0.0" PIVersion="1.0.0.0" href="http://localhost:8081/FormServerTemplates/ARMSResourceForm.xsn"?>
  <?mso-application progid="InfoPath.Document" versionProgid="InfoPath.Document.3"?>
  <?mso-infoPath-file-attachment-present ?>
  <my:myFields xmlns:my="http://schemas.microsoft.com/office/infopath/2003/myXSD/2010-08-09T08:39:43" xmlns:xsi="http://www.w3.org/2001/XMLSchema-instance" xmlns:pc="http://schemas.microsoft.com/office/infopath/2007/PartnerControls" xmlns:ma="http://schemas.microsoft.com/office/2009/metadata/properties/metaAttributes" xmlns:d="http://schemas.microsoft.com/office/infopath/2009/WSSList/dataFields" xmlns:q="http://schemas.microsoft.com/office/infopath/2009/WSSList/queryFields" xmlns:dfs="http://schemas.microsoft.com/office/infopath/2003/dataFormSolution" xmlns:dms="http://schemas.microsoft.com/office/2009/documentManagement/types" xmlns:xd="http://schemas.microsoft.com/office/infopath/2003" xmlns:xhtml="http://www.w3.org/1999/xhtml">
    <my:Title>Evidence-informed management of chronic low back pain with needle acupuncture</my:Title>
    <my:URL>http://www.ncbi.nlm.nih.gov/pubmed/18164464?ordinalpos=12&itool=EntrezSystem2.PEntrez.Pubmed.Pubmed_ResultsPanel.Pubmed_RVDocSum</my:URL>
    <my:Publisher>Elsevier</my:Publisher>
    <my:AdditionalContributors />
    <my:GeographicalAreas />
    <my:PublicationType>Systematic Review</my:PublicationType>
    <my:Description>
      <html xmlns="http://www.w3.org/1999/xhtml" xml:space="preserve">
        <p><em>This <em>study has met our selection criteria <em>but has not been fully appraised by the CAM SL</em>. Where there is an appraisal available we have linked to it. If there is no appraisal and you wish to appraise this systematic review here is a </em><a href="http://www.phru.nhs.uk/Pages/PHD/resources.htm"><em>link to a list of appraisal tools</em></a><em>.</em></em></p>
<p><strong>Citation</strong></p>
<p>Ammendolia C, Furlan AD, Imamura M, Irvin E, van Tulder M. Evidence-informed management of chronic low back pain with needle acupuncture. Spine Journal. 2008, 8(1):160-72. </p>
<p><strong>Authors' objectives</strong></p>
<p>The main objective of this study was to systematically review the literature to determine the effects of acupuncture for CLBP by updating a previous Cochrane review on this topic published in February 2003. In this review, we were specifically interested in comparing the effects of acupuncture to no treatment, sham therapies, other therapies, and the addition of acupuncture to other therapies. Outcomes of interest were measured immediately after treatment (&lt;1 week), short-term follow-up (1 week–3 months), intermediate follow-up (3–12 months), and after long-term follow-up (&gt;1 year). </p>
<p><strong>Authors' conclusions</strong></p>
<p>In this review, there appears to be some evidence for the use of acupuncture for the treatment of CLBP. When compared with no treatment, there is evidence that acupuncture is effective in pain relief and functional improvement immediately after a series of treatment sessions and in the short-term follow-up. Compared with other treatments, evidence suggests that acupuncture is not more effective for pain relief or functional improvement. The most consistent evidence appears to be for the addition of acupuncture to other therapies, which demonstrated more effective benefit in pain relief and functional improvement than the same therapies without acupuncture. However, given the inconclusive evidence for the effectiveness of acupuncture when compared with sham acupuncture, more studies are needed to determine whether the positive demonstrated benefits extend beyond placebo.<br /></p>
<p> </p>
       </html>
    </my:Description>
    <my:ResourceType>CARDEX</my:ResourceType>
    <my:Attachment xsi:nil="true" />
    <my:HasAttachment>false</my:HasAttachment>
    <my:Speciality>Complementary and Alternative Medicine</my:Speciality>
    <my:Keywords>COMPLEMENTARY AND ALTERNATIVE MEDICINE,ACUPUNCTURE,CONDITIONS A-B,BACK PAIN,CONDITIONS A-Z,MAY 2008,2008,DATE ADDED</my:Keywords>
    <my:PublicationDate>2008-01-01T00:00:00</my:PublicationDate>
  </my:myFields>