<?mso-infoPathSolution name="urn:schemas-microsoft-com:office:infopath:ResourceForm:-myXSD-2010-08-09T08-39-43" solutionVersion="1.0.0.68" productVersion="14.0.0.0" PIVersion="1.0.0.0" href="http://localhost:8081/FormServerTemplates/ARMSResourceForm.xsn"?>
  <?mso-application progid="InfoPath.Document" versionProgid="InfoPath.Document.3"?>
  <?mso-infoPath-file-attachment-present ?>
  <my:myFields xmlns:my="http://schemas.microsoft.com/office/infopath/2003/myXSD/2010-08-09T08:39:43" xmlns:xsi="http://www.w3.org/2001/XMLSchema-instance" xmlns:pc="http://schemas.microsoft.com/office/infopath/2007/PartnerControls" xmlns:ma="http://schemas.microsoft.com/office/2009/metadata/properties/metaAttributes" xmlns:d="http://schemas.microsoft.com/office/infopath/2009/WSSList/dataFields" xmlns:q="http://schemas.microsoft.com/office/infopath/2009/WSSList/queryFields" xmlns:dfs="http://schemas.microsoft.com/office/infopath/2003/dataFormSolution" xmlns:dms="http://schemas.microsoft.com/office/2009/documentManagement/types" xmlns:xd="http://schemas.microsoft.com/office/infopath/2003" xmlns:xhtml="http://www.w3.org/1999/xhtml">
    <my:Title>The use of complementary and alternative therapies for fibromyalgia</my:Title>
    <my:URL>http://www.ingentaconnect.com/content/maney/ptr/2007/00000012/00000003/art00009</my:URL>
    <my:Publisher>Maney</my:Publisher>
    <my:AdditionalContributors />
    <my:GeographicalAreas />
    <my:PublicationType>Systematic Review</my:PublicationType>
    <my:Description>
      <html xmlns="http://www.w3.org/1999/xhtml" xml:space="preserve">
        <p><em>This <em>study has met our selection criteria <em>but has not been fully appraised by the CAM SL</em>. Where there is an appraisal available we have linked to it. If there is no appraisal and you wish to appraise this systematic review here is a </em><a href="http://www.phru.nhs.uk/Pages/PHD/resources.htm"><em>link to a list of appraisal tools</em></a><em>.</em></em></p>
<p><strong>Citation</strong></p>
<p>Hardy-Pickering R, Adams N, Sim J, Roe B, Wallymahmed A. The use of complementary and alternative therapies for fibromyalgia.  Physical Therapy Reviews. 2007, (3):249-260.</p>
<p><strong>Authors' objectives</strong></p>
<p>This paper reviews fibromyalgia syndrome (FMS), and examines the evidence for non-pharmacological interventions for the management of the condition. </p>
<p><strong>Authors' conclusions</strong></p>
<p>Best evidence was found to exist for a combined management programme incorporating exercise, education and aspects of CAM therapies. In terms of specific CAM therapies, results were found to be inconclusive due to methodological difficulties, though moderate evidence was found to exist for balneotherapy and acupuncture and some evidence was found for the effectiveness of massage, holistic movement therapies and chiropractic. Implications for service users and practitioners are discussed. <br /></p>
<p><strong>Access</strong></p>
<p>NHS staff: for full text access to this resource contact your <a href="http://www.library.nhs.uk/mylibrary/default.aspx">local NHS library</a>. </p>
       </html>
    </my:Description>
    <my:ResourceType>CARDEX</my:ResourceType>
    <my:Attachment xsi:nil="true" />
    <my:HasAttachment>false</my:HasAttachment>
    <my:Speciality>Complementary and Alternative Medicine</my:Speciality>
    <my:Keywords>COMPLEMENTARY AND ALTERNATIVE MEDICINE,ACUPUNCTURE,MASSAGE,CHIROPRACTIC,CONDITIONS A-Z,CONDITIONS F-H,FIBROMYALGIA,DATE ADDED,MAY 2008</my:Keywords>
    <my:PublicationDate>2007-09-01T00:00:00</my:PublicationDate>
  </my:myFields>