<?mso-infoPathSolution name="urn:schemas-microsoft-com:office:infopath:ResourceForm:-myXSD-2010-08-09T08-39-43" solutionVersion="1.0.0.68" productVersion="14.0.0.0" PIVersion="1.0.0.0" href="http://localhost:8081/FormServerTemplates/ARMSResourceForm.xsn"?>
  <?mso-application progid="InfoPath.Document" versionProgid="InfoPath.Document.3"?>
  <?mso-infoPath-file-attachment-present ?>
  <my:myFields xmlns:my="http://schemas.microsoft.com/office/infopath/2003/myXSD/2010-08-09T08:39:43" xmlns:xsi="http://www.w3.org/2001/XMLSchema-instance" xmlns:pc="http://schemas.microsoft.com/office/infopath/2007/PartnerControls" xmlns:ma="http://schemas.microsoft.com/office/2009/metadata/properties/metaAttributes" xmlns:d="http://schemas.microsoft.com/office/infopath/2009/WSSList/dataFields" xmlns:q="http://schemas.microsoft.com/office/infopath/2009/WSSList/queryFields" xmlns:dfs="http://schemas.microsoft.com/office/infopath/2003/dataFormSolution" xmlns:dms="http://schemas.microsoft.com/office/2009/documentManagement/types" xmlns:xd="http://schemas.microsoft.com/office/infopath/2003" xmlns:xhtml="http://www.w3.org/1999/xhtml">
    <my:Title>Homeopathy Annual Evidence Update 2008: List of references</my:Title>
    <my:URL>http://www.library.nhs.uk//cam/ViewResource.aspx?resID=287521</my:URL>
    <my:Publisher>CAM Specialist Library</my:Publisher>
    <my:AdditionalContributors />
    <my:GeographicalAreas />
    <my:PublicationType>Reference Material</my:PublicationType>
    <my:Description>
      <html xmlns="http://www.w3.org/1999/xhtml" xml:space="preserve">
        111-1Homeopathy Annual Evidence Update 2008: List of references<p>The following relevant studies on this topic have been published since April 2007. </p>
<p><br /></p>
<p><em>These studies have met our selection criteria. Where there is an appraisal available we have linked to it. If there is no appraisal and you wish to appraise the selected studies here is a </em><a href="http://www.phru.nhs.uk/Pages/PHD/resources.htm"><em>link to a list of appraisal tools</em></a><em>.</em></p>
<p><strong><br />Systematic reviews and overviews</strong></p>
<p><br />Coulter MK, Dean ME. Homeopathy for attention deficit/hyperactivity disorder or hyperkinetic disorder. <i>Cochrane Database of Systematic Reviews</i> 2007, Issue 4. Art. No.: CD005648. DOI: 10.1002/14651858.CD005648.pub2. [<a href="http://www.mrw.interscience.wiley.com/cochrane/clsysrev/articles/CD005648/frame.html">Full text</a>]<br /></p>
<p><br />Gagnier JJ. Evidence-informed management of chronic low back pain with herbal, vitamin, mineral, and homeopathic supplements. <em>Spine Journal</em>. 2008, 8(1):70-9. [<a href="http://www.sciencedirect.com/science/journal/15299430">Link to free full text on journal website</a>]</p>
<p><br />Pilkington K, Stenhouse E, Kirkwood G, Richardson J. Diabetes and complementary therapies: Mapping the evidence. <em>Practical Diabetes International</em>. 2007, 24(7):371-6. [<a href="http://www3.interscience.wiley.com/journal/116312517/abstract">Abstract</a>]</p>
<p><strong><br />Randomised controlled trials</strong></p>
<p><br />Friese KH, Zabalotnyi DI. [Homeopathy in acute rhinosinusitis: a double-blind, placebo controlled study shows the efficiency and tolerability of a homeopathic combination remedy]. <em>HNO</em> 2007, 55(4):271-7. [<a href="http://www.ncbi.nlm.nih.gov/pubmed/17180695">PubMed abstract</a>] </p>
<p><br />Paris A, Gonnet N, Chaussard C, Belon P, Rocourt F, Saragaglia D, et al. Effect of homeopathy on analgesic intake following knee ligament reconstruction: a phase III monocentre randomized placebo controlled study. <em>British Journal of Clinical Pharmacology</em>. 2008, 65(2):180-7. [<a href="http://www.ncbi.nlm.nih.gov/pubmed/18251757">PubMed abstract</a>]</p><br /><p>Steinsbekk A, Lewith G, Fønnebø V, Bentzen N. An exploratory study of the contextual effect of homeopathic care. A randomised controlled trial of homeopathic care vs. self-prescribed homeopathic medicine in the prevention of upper respiratory tract infections in children. <em>Preventive Medicine</em>. 2007, 45(4):274-9. [<a href="http://www.ncbi.nlm.nih.gov/pubmed/17368530">PubMed abstract</a>]<br /></p>
<p><br /><strong>Qualitative studies</strong></p>
<p></p><br />Steen M, Calvert J. Self-administered homeopathy part two: a follow-up study. British Journal of Midwifery. 2007,15(6):359-65. [<a href="http://www.intermid.co.uk/cgi-bin/go.pl/library/abstract.html?uid=23680">Abstract</a>] 
<p></p>
<p><br />Thompson EA, Dahr J, Susan M, Barron S. Setting standards in homeopathic practice--a pre-audit exploring motivation and expectation for patients attending the Bristol Homeopathic Hospital. Homeopathy. 2007, 96(4):243-6. [<a href="http://www.ncbi.nlm.nih.gov/pubmed/17954381?ordinalpos=2&amp;itool=EntrezSystem2.PEntrez.Pubmed.Pubmed_ResultsPanel.Pubmed_RVDocSum">PubMed abstract</a>]</p>
<p> </p>
       </html>
    </my:Description>
    <my:ResourceType>Article</my:ResourceType>
    <my:Attachment xsi:nil="true" />
    <my:HasAttachment>false</my:HasAttachment>
    <my:Speciality>Complementary and Alternative Medicine</my:Speciality>
    <my:Keywords>COMPLEMENTARY AND ALTERNATIVE MEDICINE,HOMEOPATHY,MAY 2008,2008,DATE ADDED</my:Keywords>
    <my:PublicationDate>2008-05-30T00:00:00</my:PublicationDate>
  </my:myFields>