<?mso-infoPathSolution name="urn:schemas-microsoft-com:office:infopath:ResourceForm:-myXSD-2010-08-09T08-39-43" solutionVersion="1.0.0.68" productVersion="14.0.0.0" PIVersion="1.0.0.0" href="http://localhost:8081/FormServerTemplates/ARMSResourceForm.xsn"?>
  <?mso-application progid="InfoPath.Document" versionProgid="InfoPath.Document.3"?>
  <?mso-infoPath-file-attachment-present ?>
  <my:myFields xmlns:my="http://schemas.microsoft.com/office/infopath/2003/myXSD/2010-08-09T08:39:43" xmlns:xsi="http://www.w3.org/2001/XMLSchema-instance" xmlns:pc="http://schemas.microsoft.com/office/infopath/2007/PartnerControls" xmlns:ma="http://schemas.microsoft.com/office/2009/metadata/properties/metaAttributes" xmlns:d="http://schemas.microsoft.com/office/infopath/2009/WSSList/dataFields" xmlns:q="http://schemas.microsoft.com/office/infopath/2009/WSSList/queryFields" xmlns:dfs="http://schemas.microsoft.com/office/infopath/2003/dataFormSolution" xmlns:dms="http://schemas.microsoft.com/office/2009/documentManagement/types" xmlns:xd="http://schemas.microsoft.com/office/infopath/2003" xmlns:xhtml="http://www.w3.org/1999/xhtml">
    <my:Title>Homeopathy for allergic, ENT and respiratory conditions</my:Title>
    <my:URL>http://www.library.nhs.uk//cam/ViewResource.aspx?resID=287981</my:URL>
    <my:Publisher>CAM Specialist Library</my:Publisher>
    <my:AdditionalContributors />
    <my:GeographicalAreas />
    <my:PublicationType>Reference Material</my:PublicationType>
    <my:Description>
      <html xmlns="http://www.w3.org/1999/xhtml" xml:space="preserve">
        111-1Homeopathy for allergic, ENT and respiratory conditions<p><b>Homeopathy Annual Evidence Update 2008</b></p>
<p>The following relevant studies on this topic have been published since April 2007. </p>
<p><em>These studies have met our selection criteria. Where there is an appraisal available we have linked to it. If there is no appraisal and you wish to appraise the selected studies here is a </em><a href="http://www.phru.nhs.uk/Pages/PHD/resources.htm"><em>link to a list of appraisal tools</em></a><em>.</em></p>
<p><br /><strong>Friese KH, Zabalotnyi DI. [Homeopathy in acute rhinosinusitis: a double-blind, placebo controlled study shows the efficiency and tolerability of a homeopathic combination remedy]. <em>HNO</em> 2007, 55(4):271-7.</strong> </p>
<p><a></a><em>Background</em><em>:</em> The efficacy and tolerability of a homeopathic combination remedy for the treatment of acute rhinosinusitis was investigated. </p>
<p><a></a><em>Patients and methods</em><em>:</em> A total of 144 patients with acute rhinosinusitis were treated in a randomized, double-blind study either with a homeopathic remedy (n=72) or placebo (n=72). At the control examinations after 7, 14 and 21 days, five sinusitis-typical symptoms were measured with scores from 0 (absent) to 4 (very strong). The change of sum score of the sinusitis-typical symptoms (max. 20 points) during the treatment served as the primary efficacy criterion. </p>
<p><a></a><em>Results</em><em>:</em> In the homeopathic treatment group, the average sum score dropped from initially 12.1+/-1.6 to 5.9+/-2.0 points after 7 days. In the placebo group it decreased from 11.7+/-1.6 to 11.0+/-2.9 points (p&lt;0.0001). The homeopathic treatment resulted in freedom from complaints in 90.3% of the patients and improvement in a further 8.3%, whereas in the placebo group, the complaints remained unchanged or became worse in 88.9% of the patients. Only one adverse event occurred in one patient from the placebo group. <a></a></p>
<p><em>Conclusion:</em> The homeopathic product allows an effective and tolerable treatment of acute rhinosinusitis.</p>
<p><br /><strong>Steinsbekk A, Lewith G, Fønnebø V, Bentzen N. An exploratory study of the contextual effect of homeopathic care. A randomised controlled trial of homeopathic care vs. self-prescribed homeopathic medicine in the prevention of upper respiratory tract infections in children. <em>Preventive Medicine</em>. 2007, 45(4):274-9.</strong> </p>
<p><em>Objectives:</em> The aim of this study was to explore the contextual effect of homeopathic consultation by investigating the effect of homeopathic care compared to self-treatment with self prescribed homeopathic medicine in the prevention of childhood upper respiratory tract infections (URTI). </p>
<p><em>Methods:</em> Randomised parallel group trial with 208 children below the age of 10. The children were randomly assigned to receive either homeopathic care (HC: individual homeopathic consultations with any homeopathic medicine in any potency being prescribed) or one of three self-prescribed homeopathic medicines (SPH) in C-30 administered twice weekly, for 12 weeks. </p>
<p><a></a><em>Results</em><em>:</em> There were no significant differences in clinical effects between SPH and HC for primary outcomes. Mean URTI scores over 12 weeks were 39.0 in the HC group and 43.9 in the SPH group (p=0.782, difference -5.0 points (95% C.I.; -20.5 to +10.5)). The mean number of days where the parents rated their child as 'ill with URTI' was 10.0 in the HC group and 13.7 in the SPH group (p=0.394). There was a trend in favour of HC for other outcomes. <em></em></p>
<p><em>Conclusions:</em> In this innovative and exploratory study, there was no evidence for a clinically relevant effect of homeopathic care vs. a homeopathic medicine given by the child's parents and based on a pre-agreed homeopathic treatment protocol.</p>
<p> </p>
       </html>
    </my:Description>
    <my:ResourceType>Article</my:ResourceType>
    <my:Attachment xsi:nil="true" />
    <my:HasAttachment>false</my:HasAttachment>
    <my:Speciality>Complementary and Alternative Medicine</my:Speciality>
    <my:Keywords>HOMEOPATHY,COMPLEMENTARY AND ALTERNATIVE MEDICINE,2008,JUNE 2008,DATE ADDED</my:Keywords>
    <my:PublicationDate>2008-06-06T00:00:00</my:PublicationDate>
  </my:myFields>