<?mso-infoPathSolution name="urn:schemas-microsoft-com:office:infopath:ResourceForm:-myXSD-2010-08-09T08-39-43" solutionVersion="1.0.0.68" productVersion="14.0.0.0" PIVersion="1.0.0.0" href="http://localhost:8081/FormServerTemplates/ARMSResourceForm.xsn"?>
  <?mso-application progid="InfoPath.Document" versionProgid="InfoPath.Document.3"?>
  <?mso-infoPath-file-attachment-present ?>
  <my:myFields xmlns:my="http://schemas.microsoft.com/office/infopath/2003/myXSD/2010-08-09T08:39:43" xmlns:xsi="http://www.w3.org/2001/XMLSchema-instance" xmlns:pc="http://schemas.microsoft.com/office/infopath/2007/PartnerControls" xmlns:ma="http://schemas.microsoft.com/office/2009/metadata/properties/metaAttributes" xmlns:d="http://schemas.microsoft.com/office/infopath/2009/WSSList/dataFields" xmlns:q="http://schemas.microsoft.com/office/infopath/2009/WSSList/queryFields" xmlns:dfs="http://schemas.microsoft.com/office/infopath/2003/dataFormSolution" xmlns:dms="http://schemas.microsoft.com/office/2009/documentManagement/types" xmlns:xd="http://schemas.microsoft.com/office/infopath/2003" xmlns:xhtml="http://www.w3.org/1999/xhtml">
    <my:Title>Homeopathy for attention deficit/hyperactivity disorder or hyperkinetic disorder</my:Title>
    <my:URL>http://www.library.nhs.uk//cam/ViewResource.aspx?resID=288065</my:URL>
    <my:Publisher>CAM Specialist Library</my:Publisher>
    <my:AdditionalContributors />
    <my:GeographicalAreas />
    <my:PublicationType>Editorial Or Opinion Piece</my:PublicationType>
    <my:Description>
      <html xmlns="http://www.w3.org/1999/xhtml" xml:space="preserve">
        111-1Homeopathy for attention deficit/hyperactivity disorder or hyperkinetic disorder<p><strong>Homeopathy Annual Evidence Update 2008</strong></p>
<p><em>Dr Peter Fisher, Royal London Homoeopathic Hospital</em> </p>
<p><br />The authors of the Cochrane review<sup>1</sup> conclude that: ‘There is currently little evidence for the efficacy of homeopathy for the treatment of ADHD. Development of optimal treatment protocols is recommended prior to further randomised controlled trials being undertaken’.</p>
<p>There are two recent, randomised, double-blind, placebo-controlled trials of good quality of homeopathic treatment of ADHD. <sup>2,3</sup> The former had a positive result, the latter showed no difference between homeopathy and placebo. The  apparent conflict between the outcomes may be explicable in terms of differences of design  between the two studies.  </p>
<p>Both studies used individualised homeopathic prescribing, but only one of the 6 most frequently prescribed homeopathic medicines is common to both studies. Yet this is not the most important difference. The Swiss group led by Frei has extensive documented experience of the treatment of this condition, including a 115 participant observational study.<sup>2</sup> Their RCT was of unusual design, it was a trial not of treatment, but of treatment withdrawal. In an initial open label run-in period the optimal homeopathic treatment was determined, on the basis of a predetermined definition of response (50% improvement in Connor’s Global Index). It took a mean of three attempts to determine the optimal treatment. Responders (84%) were then entered into the double-blind RCT. Jacobs et al.’s trial was of conventional double-blind placebo-controlled design, with randomisation prior to starting homeopathic treatment.<sup>3</sup></p>
<p>In a post-hoc analysis Frei et al.<sup>4</sup> showed that, had they randomised before obtaining a treatment response, as did Jacobs et al., they too would have found no difference between placebo and verum homeopathic treatment.</p>
<p>The results of the two RCTs are thus not necessarily incompatible, they could reflect the fact that homeopathic treatment of this condition is difficult and that, as the Cochrane review concludes, improved treatment protocols are required.</p><br /><p><strong>References</strong><br /></p>
<p><br />1. Coulter MK, Dean ME. Homeopathy for attention deficit/hyperactivity disorder or hyperkinetic disorder. <i>Cochrane Database of Systematic Reviews</i> 2007, Issue 4. Art. No.: CD005648. DOI: 10.1002/14651858.CD005648.pub2. [<a href="http://www.mrw.interscience.wiley.com/cochrane/clsysrev/articles/CD005648/frame.html">Full text</a>]</p>
<p><br />2. Frei H, Everts R, von Ammon K, Kaufmann F, Walther D, Hsu-Schmitz S, Collenberg M, Fuhrer K, Hassink R, Steinlin M, Thurneysen A. Homeopathic treatment of children with attention deficit hyperactivity disorder: a randomised double-blind, placebo-controlled crossover trial. <em>European Journal of Pediatrics</em>. 2005, 164(12):758-767. [<a href="http://www.ncbi.nlm.nih.gov/pubmed/16047154?ordinalpos=10&amp;itool=EntrezSystem2.PEntrez.Pubmed.Pubmed_ResultsPanel.Pubmed_RVDocSum">PubMed abstract</a>]  </p>
<p><br />3. Jacobs J, Williams A, Girard C, Njike VY, Katz D. Homeopathy for attention-deficit/hyperactivity disorder: a pilot randomized controlled trial. <em>Journal of Alternative and Complementary Medicine</em>. 2005;11(5):799-806. [<a href="http://www.ncbi.nlm.nih.gov/pubmed/16296913?ordinalpos=8&amp;itool=EntrezSystem2.PEntrez.Pubmed.Pubmed_ResultsPanel.Pubmed_RVDocSum">PubMed abstract</a>]<br /></p>
<p><br />4. Frei H, Everts R, von Ammon K, Kaufmann F, Walther D, Schmitz SF, Collenberg M, Steinlin M, Lim C, Thurneysen A. Randomised controlled trials of homeopathy in hyperactive children: treatment procedure leads to an unconventional study design. Experience with open-label homeopathic treatment preceding the Swiss ADHD placebo controlled, randomised, double-blind, cross-over trial.<br /><em>Homeopathy</em>. 2007, 96(1):35-41. [<a href="http://www.ncbi.nlm.nih.gov/pubmed/17227746?ordinalpos=1&amp;itool=EntrezSystem2.PEntrez.Pubmed.Pubmed_ResultsPanel.Pubmed_RVDocSum">PubMed abstract</a>]</p>
<p> </p>
       </html>
    </my:Description>
    <my:ResourceType>Article</my:ResourceType>
    <my:Attachment xsi:nil="true" />
    <my:HasAttachment>false</my:HasAttachment>
    <my:Speciality>Complementary and Alternative Medicine</my:Speciality>
    <my:Keywords>HOMEOPATHY,COMPLEMENTARY AND ALTERNATIVE MEDICINE,CONDITIONS A-Z,CONDITIONS A-B,ATTENTION DEFICIT / HYPERACTIVITY DISORDER,JUNE 2008,2008,DATE ADDED</my:Keywords>
    <my:PublicationDate>2008-06-08T00:00:00</my:PublicationDate>
  </my:myFields>