<?mso-infoPathSolution name="urn:schemas-microsoft-com:office:infopath:ResourceForm:-myXSD-2010-08-09T08-39-43" solutionVersion="1.0.0.68" productVersion="14.0.0.0" PIVersion="1.0.0.0" href="http://localhost:8081/FormServerTemplates/ARMSResourceForm.xsn"?>
  <?mso-application progid="InfoPath.Document" versionProgid="InfoPath.Document.3"?>
  <?mso-infoPath-file-attachment-present ?>
  <my:myFields xmlns:my="http://schemas.microsoft.com/office/infopath/2003/myXSD/2010-08-09T08:39:43" xmlns:xsi="http://www.w3.org/2001/XMLSchema-instance" xmlns:pc="http://schemas.microsoft.com/office/infopath/2007/PartnerControls" xmlns:ma="http://schemas.microsoft.com/office/2009/metadata/properties/metaAttributes" xmlns:d="http://schemas.microsoft.com/office/infopath/2009/WSSList/dataFields" xmlns:q="http://schemas.microsoft.com/office/infopath/2009/WSSList/queryFields" xmlns:dfs="http://schemas.microsoft.com/office/infopath/2003/dataFormSolution" xmlns:dms="http://schemas.microsoft.com/office/2009/documentManagement/types" xmlns:xd="http://schemas.microsoft.com/office/infopath/2003" xmlns:xhtml="http://www.w3.org/1999/xhtml">
    <my:Title>Dietary Supplements and Functional Foods</my:Title>
    <my:URL>http://www.myilibrary.com/Browse/open.asp?ID=74356</my:URL>
    <my:Publisher>Blackwell</my:Publisher>
    <my:AdditionalContributors />
    <my:GeographicalAreas />
    <my:PublicationType>Reference Material</my:PublicationType>
    <my:Description>
      <html xmlns="http://www.w3.org/1999/xhtml" xml:space="preserve">
        <p><strong>Description</strong></p><br /><p>The study of nutritional supplements has become increasingly important within orthodox establishments throughout the world, and as the market for these products continues to grow, so does the need for comprehensive scientifically sound information about these products, their properties and potential health effects. Geoffrey P. Webb, in this exciting and most useful new book, not only looks at the accepted uses of dietary supplements, such as the use of fish oils in the prevention of heart disease and arthritis, but also explores the wider picture, identifying common themes and principles or particular categories of supplements. "Dietary Supplements and Functional Foods" provides an excellent introductory text on this fascinating subject. This book is an invaluable source of reference for students and professionals in nutrition, dietetics, nutritional therapy, food science and technology, and other health professions, including nursing, pharmacy and pharmacology, personnel within food and pharmaceutical companies involved with supplement and functional food development and all libraries in institutions where this subject is studied and taught will find this book an important addition to their shelves.</p><br /><p><strong>Citation</strong></p><br /><p>Webb GP. <em>Dietary Supplements and Functional Foods</em> [online]. Blackwell Publishing, 2006. Available from: <a href="http://www.myilibrary.com/Browse/open.asp?ID=74356&amp;loc=Cover">http://www.myilibrary.com/Browse/open.asp?ID=74356&amp;loc=Cover</a> 17 June 2008 </p><br /><p></p>
<p><strong>Access</strong></p>
<p>Full-text online access to this e-book is available to NHS staff <a href="http://www.library.nhs.uk/booksandjournals/Default.aspx">via ATHENS password</a>. </p>
<p> </p>
       </html>
    </my:Description>
    <my:ResourceType>CARDEX</my:ResourceType>
    <my:Attachment xsi:nil="true" />
    <my:HasAttachment>false</my:HasAttachment>
    <my:Speciality>Complementary and Alternative Medicine</my:Speciality>
    <my:Keywords>COMPLEMENTARY AND ALTERNATIVE MEDICINE,CAM GENERAL,DIETARY AND NUTRITIONAL THERAPIES,DATE ADDED,REGULATION,JUNE 2008</my:Keywords>
    <my:PublicationDate>2006-01-31T00:00:00</my:PublicationDate>
  </my:myFields>