<?mso-infoPathSolution name="urn:schemas-microsoft-com:office:infopath:ResourceForm:-myXSD-2010-08-09T08-39-43" solutionVersion="1.0.0.68" productVersion="14.0.0.0" PIVersion="1.0.0.0" href="http://localhost:8081/FormServerTemplates/ARMSResourceForm.xsn"?>
  <?mso-application progid="InfoPath.Document" versionProgid="InfoPath.Document.3"?>
  <?mso-infoPath-file-attachment-present ?>
  <my:myFields xmlns:my="http://schemas.microsoft.com/office/infopath/2003/myXSD/2010-08-09T08:39:43" xmlns:xsi="http://www.w3.org/2001/XMLSchema-instance" xmlns:pc="http://schemas.microsoft.com/office/infopath/2007/PartnerControls" xmlns:ma="http://schemas.microsoft.com/office/2009/metadata/properties/metaAttributes" xmlns:d="http://schemas.microsoft.com/office/infopath/2009/WSSList/dataFields" xmlns:q="http://schemas.microsoft.com/office/infopath/2009/WSSList/queryFields" xmlns:dfs="http://schemas.microsoft.com/office/infopath/2003/dataFormSolution" xmlns:dms="http://schemas.microsoft.com/office/2009/documentManagement/types" xmlns:xd="http://schemas.microsoft.com/office/infopath/2003" xmlns:xhtml="http://www.w3.org/1999/xhtml">
    <my:Title>Integrating complementary medicine into cardiovascular medicine. A report of the American College of Cardiology Foundation Task Force on Clinical Expert Consensus Documents</my:Title>
    <my:URL>http://www.ncbi.nlm.nih.gov/pubmed/15992662?ordinalpos=8&itool=EntrezSystem2.PEntrez.Pubmed.Pubmed_ResultsPanel.Pubmed_RVDocSum</my:URL>
    <my:Publisher>Elsevier</my:Publisher>
    <my:AdditionalContributors />
    <my:GeographicalAreas />
    <my:PublicationType>Consensus Statement</my:PublicationType>
    <my:Description>
      <html xmlns="http://www.w3.org/1999/xhtml" xml:space="preserve">
        <p><strong>Authors' objectives</strong></p>
<p>The purpose of this Clinical Expert Consensus Document (CECD) is to put the emerging area of CAM treatment and investigation into focus in order to enable the physician to provide better patient care in a meaningful and safe manner. The document is concerned with the most recent advances and utilization of CAMs and therapies in a traditional cardiovascular practice.</p><br /><p><strong>Authors' conclusions</strong></p>
<p>This consensus statement covers nutrition and supplements, herbal medicine, acupuncture, mind/body and energy therapies, and spirituality.</p>
<p>"Topics chosen for coverage by CECDs are so designated because the evidence base and experience with technology or clinical practice are not considered sufficiently well developed to be evaluated by the formal American College of Cardiology/American Heart Association (ACC/AHA) Practice Guidelines process.  </p>
<p>The Task Force on CECDs recognizes that considerable debate exists regarding the clinical utility of alternative medicine practices. By their nature, alternative medicine practices differ widely in their scientific support. Despite this varying evidence base, these practices are widely employed by patients, including those with CVD. Many practitioners are not familiar with many alternative medicine techniques. Thus, the reader should view this CECD as the best attempt of the ACCF to inform and guide clinical practice in an area where rigorous evidence is not yet available or the evidence to date is not widely accepted. Where feasible, CECDs include indications or contraindications. The ACC/AHA Practice Guidelines Committee may subsequently address some topics covered by CECDs."</p><br /><p><strong>Citation</strong></p>
<p>Vogel JHK, Bolling SF, Costello RB, Guarneri EM, Krucoff MW, Longhurst JC, Olshansky B, Pelletier KR, Tracy CM, Vogel RA. Integrating complementary medicine into cardiovascular medicine: a report of the American College of Cardiology Foundation Task Force on Clinical Expert Consensus Documents (Writing Committee to Develop an Expert Consensus Document on Complementary and Integrative Medicine). <em>Journal of the American College of Cardiology</em>. 2005, 46(1):184–221.<br /></p>
<p> </p>
       </html>
    </my:Description>
    <my:ResourceType>CARDEX</my:ResourceType>
    <my:Attachment xsi:nil="true" />
    <my:HasAttachment>false</my:HasAttachment>
    <my:Speciality>Complementary and Alternative Medicine</my:Speciality>
    <my:Keywords>COMPLEMENTARY AND ALTERNATIVE MEDICINE,ACUPUNCTURE,CONDITIONS A-Z,MEDITATION,HERBAL MEDICINE,DIETARY AND NUTRITIONAL THERAPIES,CONDITIONS C,CARDIOVASCULAR DISEASES,JULY 2008,DATE ADDED</my:Keywords>
    <my:PublicationDate>2005-07-05T00:00:00</my:PublicationDate>
  </my:myFields>