<?mso-infoPathSolution name="urn:schemas-microsoft-com:office:infopath:ResourceForm:-myXSD-2010-08-09T08-39-43" solutionVersion="1.0.0.68" productVersion="14.0.0.0" PIVersion="1.0.0.0" href="http://localhost:8081/FormServerTemplates/ARMSResourceForm.xsn"?>
  <?mso-application progid="InfoPath.Document" versionProgid="InfoPath.Document.3"?>
  <?mso-infoPath-file-attachment-present ?>
  <my:myFields xmlns:my="http://schemas.microsoft.com/office/infopath/2003/myXSD/2010-08-09T08:39:43" xmlns:xsi="http://www.w3.org/2001/XMLSchema-instance" xmlns:pc="http://schemas.microsoft.com/office/infopath/2007/PartnerControls" xmlns:ma="http://schemas.microsoft.com/office/2009/metadata/properties/metaAttributes" xmlns:d="http://schemas.microsoft.com/office/infopath/2009/WSSList/dataFields" xmlns:q="http://schemas.microsoft.com/office/infopath/2009/WSSList/queryFields" xmlns:dfs="http://schemas.microsoft.com/office/infopath/2003/dataFormSolution" xmlns:dms="http://schemas.microsoft.com/office/2009/documentManagement/types" xmlns:xd="http://schemas.microsoft.com/office/infopath/2003" xmlns:xhtml="http://www.w3.org/1999/xhtml">
    <my:Title>Annual evidence update on CAM for low back pain 2008: Studies found</my:Title>
    <my:URL>http://www.library.nhs.uk//cam/ViewResource.aspx?resID=292658</my:URL>
    <my:Publisher>CAM Specialist Library</my:Publisher>
    <my:AdditionalContributors />
    <my:GeographicalAreas />
    <my:PublicationType>Review</my:PublicationType>
    <my:Description>
      <html xmlns="http://www.w3.org/1999/xhtml" xml:space="preserve">
        111-1Annual evidence update on CAM for low back pain 2008: Studies found<p>The following relevant studies on this topic have been published since June 2007. </p><br /><p><em>These studies have met our selection criteria. Where there is an appraisal available we have linked to it. If there is no appraisal and you wish to appraise the selected studies here is a </em><a href="http://www.phru.nhs.uk/Pages/PHD/resources.htm"><em>link to a list of appraisal tools</em></a><em>.</em></p><b>
<p><br />Guidelines</p>
<p></p></b><br />Chou R, Qaseem A, Snow V, Casey D, Cross JT Jr., Shekelle P, et al. Diagnosis and treatment of low back pain: a joint clinical practice guideline from the American College of Physicians and the American Pain Society. <em>Annals of Internal Medicine</em>. 2007, 147(7):478-91. [<a href="http://www.annals.org/cgi/content/full/147/7/478">Full text</a>]  <br /><strong></strong>
<p><strong><br />Systematic reviews and/or meta-analyses </strong></p>
<p><br />Chou R, Huffman LH. Nonpharmacologic therapies for acute and chronic low back pain: a review of the evidence for an American Pain Society/American College of Physicians clinical practice guideline. <em>Annals of Internal Medicine.</em> 2007, 147(7):492-504. [<a href="http://www.annals.org/cgi/content/full/147/7/492">Full text</a>]</p>
<p><br />Hettinga DM, Hurley DA, Jackson A, May S, Mercer C, Roberts L. Assessing the effect of sample size, methodological quality and statistical rigour on outcomes of randomised controlled trials on mobilisation, manipulation and massage for low back pain of at least 6 weeks duration. <em>Physiotherapy</em>. 2008, 94(2):97-104. [<a href="http://www.sciencedirect.com/science/journal/00319406">Abstract on journal website</a>]</p>
<p><br />Itoh K, Kitakoji H. Acupuncture for chronic pain in Japan: A review. <em>Evidence-based Complementary and Alternative Medicine.</em> 2007, 4:-438. [<a href="http://ecam.oxfordjournals.org/cgi/content/full/4/4/431">Full text</a>] </p>
<p><br />Keller A, Hayden J, Bombardier C, van Tulder M. Effect sizes of non-surgical treatments of non-specific low-back pain. <em>European Spine Journal</em>. 2007, 16(11):1776-88. [<a href="http://www.ncbi.nlm.nih.gov/pubmed/17619914?ordinalpos=1&amp;itool=EntrezSystem2.PEntrez.Pubmed.Pubmed_ResultsPanel.Pubmed_RVDocSum">PubMed abstract</a>]   </p>
<p><br />Johnston BC, da Costa BR, Devereaux PJ, Akl EA, Busse JW. The use of expertise-based randomized controlled trials to assess spinal manipulation and acupuncture for low back pain: a systematic review. <em>Spine</em>. 2008, 33(8):914-8. [<a href="http://www.ncbi.nlm.nih.gov/pubmed/18404113?ordinalpos=4&amp;itool=EntrezSystem2.PEntrez.Pubmed.Pubmed_ResultsPanel.Pubmed_RVDocSum">PubMed abstract</a>]</p>
<p><br />Vlachojannis J, Roufogalis BD, Chrubasik S. Systematic review on the safety of Harpagophytum preparations for osteoarthritic and low back pain. <em>Phytotherapy Research</em>. 2008, 22(2):149-52. [<a href="http://www.ncbi.nlm.nih.gov/pubmed/18236448?ordinalpos=4&amp;itool=EntrezSystem2.PEntrez.Pubmed.Pubmed_ResultsPanel.Pubmed_RVDocSum">PubMed abstract</a>]</p>
<p><br />Williams NH, Hendry M, Lewis R, Russell I, Westmoreland A, Wilkinson C. Psychological response in spinal manipulation (PRISM): a systematic review of psychological outcomes in randomised controlled trials. <em>Complementary Therapies in Medicine</em>. 2007, 15(4):271-83. [<a href="http://www.ncbi.nlm.nih.gov/pubmed/18054729?ordinalpos=1&amp;itool=EntrezSystem2.PEntrez.Pubmed.Pubmed_ResultsPanel.Pubmed_RVDocSum">PubMed abstract</a>]<br /><strong></strong></p>
<p><strong><br />Systematic overviews of primary and secondary research</strong></p>
<p><br />Ammendolia C, Furlan AD, Imamura M, Irvin E, van TM. Evidence-informed management of chronic low back pain with needle acupuncture. <em>Spine Journal</em>. 2008, 8(1):160-72. [<a href="http://www.sciencedirect.com/science/journal/15299430">Full text on journal website</a>] </p>
<p><br />Bronfort G, Haas M, Evans R, Kawchuk G, Dagenais S. Evidence-informed management of chronic low back pain with spinal manipulation and mobilization. <em>Spine Journal.</em> 2008, 8(1):213-25. [<a href="http://www.sciencedirect.com/science/journal/15299430">Full text on journal website</a>] </p>
<p><br />Dagenais S, Mayer J, Wooley JR, Haldeman S. Evidence-informed management of chronic low back pain with medicine-assisted manipulation. <em>Spine Journal.</em> 2008, 8(1):142-9. [<a href="http://www.sciencedirect.com/science/journal/15299430">Full text on journal website</a>] </p>
<p><br />Gagnier JJ. Evidence-informed management of chronic low back pain with herbal, vitamin, mineral, and homeopathic supplements. <em>Spine Journal.</em> 2008, 8(1):70-9. [<a href="http://www.sciencedirect.com/science/journal/15299430">Full text on journal website</a>]</p>
<p><br />Gay RE, Brault JS. Evidence-informed management of chronic low back pain with traction therapy. <em>Spine Journal.</em> 2008, 8(1):234-42. [<a href="http://www.sciencedirect.com/science/journal/15299430">Full text on journal website</a>]</p>
<p><br />Imamura M, Furlan AD, Dryden T, Irvin E. Evidence-informed management of chronic low back pain with massage. <em>Spine Journal.</em> 2008, 8(1):121-33. [<a href="http://www.sciencedirect.com/science/journal/15299430">Full text on journal website</a>]</p>
<p><strong><br />Cost-effectiveness studies </strong></p>
<p><br />Eisenberg DM, Post DE, Davis RB, Connelly MT, Legedza AT, Hrbek AL, et al. Addition of choice of complementary therapies to usual care for acute low back pain: a randomized controlled trial. Spine. 2007, 32:151-8. [<a href="http://www.ncbi.nlm.nih.gov/pubmed/17224808?ordinalpos=2&amp;itool=EntrezSystem2.PEntrez.Pubmed.Pubmed_ResultsPanel.Pubmed_RVDocSum">PubMed abstract</a>] [<a href="http://www.crd.york.ac.uk/CRDWeb/ShowRecord.asp?View=Full&amp;ID=22007000245">EED Structured abstract</a>].  <strong> </strong></p>
<p><br /><strong>Randomized controlled trials</strong></p>
<p><br />Degenhardt BF, Darmani NA, Johnson JC, Towns LC, Rhodes DC, Trinh C, et al. Role of osteopathic manipulative treatment in altering pain biomarkers: a pilot study. <em>The Journal of the American Osteopathic Association.</em> 2007, 107(9):387-400. [<a href="http://www.jaoa.org/cgi/content/full/107/9/387">Full text</a>]</p>
<p><br />Field T, Hernandez RM, Diego M, Fraser M. Lower back pain and sleep disturbance are reduced following massage therapy. <em>Journal of Bodywork &amp; Movement Therapies</em>. 2007; 11:141-5. [<a href="http://www.sciencedirect.com/science/journal/13608592">Full text on journal website</a>]</p>
<p><br />Haake M, Müller HH, Schade-Brittinger C, Basler HD, Schäfer H, Maier C, Endres HG, Trampisch HJ, Molsberger A. German Acupuncture Trials (GERAC) for chronic low back pain: randomized, multicenter, blinded, parallel-group trial with 3 groups. <em>Archives of Internal Medicine</em>. 2007, 167(17):1892-8. [<a href="http://www.ncbi.nlm.nih.gov/pubmed/17893311?ordinalpos=2&amp;itool=EntrezSystem2.PEntrez.Pubmed.Pubmed_ResultsPanel.Pubmed_RVDocSum">PubMed abstract</a>]</p>
<p><br />Hancock MJ, Maher CG, Latimer J, McLachlan AJ, Cooper CW, Day RO, et al. Assessment of diclofenac or spinal manipulative therapy, or both, in addition to recommended first-line treatment for acute low back pain: a randomised controlled trial. <em>Lancet</em>. 2007, 370:1638-43. [<a href="http://www.ncbi.nlm.nih.gov/pubmed/17993364?ordinalpos=2&amp;itool=EntrezSystem2.PEntrez.Pubmed.Pubmed_ResultsPanel.Pubmed_RVDocSum">PubMed abstract</a>]</p>
<p><br />Little P, Lewith G, Webley F et al.  Randomised controlled trial of Alexander technique lessons, exercise, and massage (ATEAM) for chronic and recurrent back pain. <em>BMJ</em>. 2008, 337:a884. [<a href="http://www.bmj.com/cgi/content/full/337/aug19_2/a884">Full text</a>] </p>
<p><br />Morone NE, Greco CM, Weiner DK. Mindfulness meditation for the treatment of chronic low back pain in older adults: a randomized controlled pilot study. <em>Pain.</em> 2008, 134(3):310-9. [<a href="http://www.ncbi.nlm.nih.gov/pubmed/17544212?ordinalpos=9&amp;itool=EntrezSystem2.PEntrez.Pubmed.Pubmed_ResultsPanel.Pubmed_RVDocSum">PubMed abstract</a>]</p>
<p><br />Poole H, Glenn S, Murphy P. A randomised controlled study of reflexology for the management of chronic low back pain. <em>European Journal of Pain</em>. 2007;11(8):878-87. [<a href="http://www.ncbi.nlm.nih.gov/pubmed/17459741?ordinalpos=2&amp;itool=EntrezSystem2.PEntrez.Pubmed.Pubmed_ResultsPanel.Pubmed_RVDocSum">PubMed abstract</a>]</p>
<p><br />Prady SL, Thomas K, Esmonde L, Crouch S, MacPherson H. The natural history of back pain after a randomised controlled trial of acupuncture vs usual care - Long term outcomes. <em>Acupuncture in Medicine.</em> 2007;25:121-9. [<a href="http://www.acupunctureinmedicine.org.uk/servearticle.php?artid=634">Full text</a>] </p>
<p><br />Quinn F, Hughes CM, Baxter GD. Reflexology in the management of low back pain: A pilot randomised controlled trial. <em>Complementary Therapies in Medicine</em>. 2008, 16(1):3-8. [<a href="http://www.ncbi.nlm.nih.gov/pubmed/18346622?ordinalpos=1&amp;itool=EntrezSystem2.PEntrez.Pubmed.Pubmed_ResultsPanel.Pubmed_RVDocSum">PubMed abstract</a>]</p>
<p><br />Ritvanen T, Zaproudina N, Nissen M, Leinonen V, Hanninen O. Dynamic surface electromyographic responses in chronic low back pain treated by traditional bone setting and conventional physical therapy. <em>Journal of Manipulative and Physiological Therapeutics</em>. 2007, 30(1):31-7. [<a href="http://www.ncbi.nlm.nih.gov/pubmed/17224353?ordinalpos=2&amp;itool=EntrezSystem2.PEntrez.Pubmed.Pubmed_ResultsPanel.Pubmed_RVDocSum">PubMed abstract</a>]</p>
<p><br />Suen LK, Wong EM. Longitudinal changes in the disability level of the elders with low back pain after auriculotherapy. <em>Complementary Therapies in Medicine</em>. 2008, 16(1):28-35. [<a href="http://www.ncbi.nlm.nih.gov/pubmed/18346626?ordinalpos=1&amp;itool=EntrezSystem2.PEntrez.Pubmed.Pubmed_ResultsPanel.Pubmed_RVDocSum">PubMed abstract</a>]</p>
<p><br />Underwood MR, Morton V, Farrin A. Do baseline characteristics predict response to treatment for low back pain? Secondary analysis of the UK BEAM dataset [ISRCTN32683578]. Rheumatology (Oxford) 2007, 46(8):1297-302. [<a href="http://www.ncbi.nlm.nih.gov/pubmed/17522096?ordinalpos=3&amp;itool=EntrezSystem2.PEntrez.Pubmed.Pubmed_ResultsPanel.Pubmed_RVDocSum">PubMed abstract</a>]</p>
<p> </p><strong>
<p><strong><a><strong>Link back to 2008 Annual evidence update on CAM for low back pain</strong></a><a></a></strong></p>
<p></p></strong> 
       </html>
    </my:Description>
    <my:ResourceType>Article</my:ResourceType>
    <my:Attachment xsi:nil="true" />
    <my:HasAttachment>false</my:HasAttachment>
    <my:Speciality>Complementary and Alternative Medicine</my:Speciality>
    <my:Keywords>COMPLEMENTARY AND ALTERNATIVE MEDICINE,CONDITIONS A-Z,BACK PAIN,CONDITIONS A-B,AUGUST 2008,DATE ADDED</my:Keywords>
    <my:PublicationDate>2008-09-29T00:00:00</my:PublicationDate>
  </my:myFields>