<?mso-infoPathSolution name="urn:schemas-microsoft-com:office:infopath:ResourceForm:-myXSD-2010-08-09T08-39-43" solutionVersion="1.0.0.68" productVersion="14.0.0.0" PIVersion="1.0.0.0" href="http://localhost:8081/FormServerTemplates/ARMSResourceForm.xsn"?>
  <?mso-application progid="InfoPath.Document" versionProgid="InfoPath.Document.3"?>
  <?mso-infoPath-file-attachment-present ?>
  <my:myFields xmlns:my="http://schemas.microsoft.com/office/infopath/2003/myXSD/2010-08-09T08:39:43" xmlns:xsi="http://www.w3.org/2001/XMLSchema-instance" xmlns:pc="http://schemas.microsoft.com/office/infopath/2007/PartnerControls" xmlns:ma="http://schemas.microsoft.com/office/2009/metadata/properties/metaAttributes" xmlns:d="http://schemas.microsoft.com/office/infopath/2009/WSSList/dataFields" xmlns:q="http://schemas.microsoft.com/office/infopath/2009/WSSList/queryFields" xmlns:dfs="http://schemas.microsoft.com/office/infopath/2003/dataFormSolution" xmlns:dms="http://schemas.microsoft.com/office/2009/documentManagement/types" xmlns:xd="http://schemas.microsoft.com/office/infopath/2003" xmlns:xhtml="http://www.w3.org/1999/xhtml">
    <my:Title>Annual evidence update on CAM for low back pain 2008: Search methodology</my:Title>
    <my:URL>http://www.library.nhs.uk//cam/ViewResource.aspx?resID=292783</my:URL>
    <my:Publisher>CAM Specialist Library</my:Publisher>
    <my:AdditionalContributors />
    <my:GeographicalAreas />
    <my:PublicationType>Reference Material</my:PublicationType>
    <my:Description>
      <html xmlns="http://www.w3.org/1999/xhtml" xml:space="preserve">
        111-1Annual evidence update on CAM for low back pain 2008: Search methodologyThe annual evidence update on CAM for Low Back Pain aims to identify, organise and present the latest information on this topic. The Library has searched comprehensively a large number of databases, covering the period from June 2007 to July/August 2008. Previously published studies have been included in the <a href="http://www.library.nhs.uk/cam/Page.aspx?pagename=NKWLBP">2007 National Knowledge Week (NKW) on CAM for Low Back Pain</a>. 
<p></p><br /><p><strong>Sources searched</strong></p><br />The Cochrane Library (CDSR, CENTRAL, DARE, HTA, NHS EED), PubMed (and MEDLINE), EMBASE, AMED, CINAHL, PsycINFO, the Musculoskeletal Diseases Specialist Library and the Trauma &amp; Orthopaedics Specialist Library.<br /><p><br /><strong>Selection criteria</strong></p><strong>
<p><br />Inclusion criteria:</p>
<p></p></strong>- Explicit description of search process and statement of methodology (at least 2 sources must have been searched and/or there must be a statement that the study is a meta-analysis or a systematic review). <br />- Topic relevance (studies should be focused on low back pain).<br />- Study types: guidance/guidelines, systematic reviews and/or meta-analyses, systematic overviews, HTA reports, cost effectiveness and economic evaluation studies, RCTs.
<p><strong>Exclusion criteria:</strong></p>
<p>- The study is not one of the types specified above.<br />- The main focus is not on low back pain (e.g., a systematic review on specific therapy, which may include a range of conditions).  <br />- The study is published in a language other than English and English abstract is not available.</p><br /><p><b>Search strategy</b></p>
<p>The search strategy included text words and indexing terms for low back pain, for CAM in general and for specific CAM therapies, and methodological filters for systematic reviews and randomised controlled trials (RCTs). </p>
<p>The search strategy for low back pain is based on the <a href="http://www.mrw.interscience.wiley.com/cochrane/clabout/articles/BACK/frame.html">Cochrane Back Group</a> strategy. <br /></p>
<p>Below is an example of the strategy used to search the MEDLINE (DIALOG) database.  </p><br /><blockquote>
<p>1. dorsalgia.TI,AB. <br />2. (back ADJ pain).TI,AB. <br />3. BACK-PAIN#.DE <br />4. backache.TI,AB. <br />5. sciatica.TI,AB. <br />6. SCIATICA#.W..DE. <br />7. (lumbar ADJ pain).TI,AB. <br />8. lumbago.TI,AB. <br />9. OR/1-8</p></blockquote>
<p>More details of the search terms and filters used are available <a href="http://www.library.nhs.uk/cam/ContactUs.aspx">by contacting</a> the Library's information specialist.  </p><br /><p><b>Search results</b><br /></p>
<p>The total number of records retrieved was 230 (excluding RCTs). After removing the duplicates there were 101 citations. Of these, 23 were selected as potential systematic reviews or other relevant study types. The titles and abstracts were further screened for relevance. Studies with a main focus on non-clinical topics, narrative reviews and protocols of on-going systematic reviews were excluded at this stage. </p>
<p>The final selection included 14 systematic reviews, meta-analyses, systematic overviews of primary and secondary research and cost-effectiveness studies. Based on the identified studies several topics were selected for preparing brief commentaries on the evidence about the use of specific therapies in the management of low back pain.</p>
<p>In addition a search for randomised controlled trials (RCTs) was carried out on the Cochrane CENTRAL database. This was to done to identify any recent RCTs that have been published after the completion of the respective systematic reviews. This search found 24 potentially relevant studies of which 12 were included.</p>
<p>A list of all relevant studies is given in the <a href="http://www.library.nhs.uk/cam/viewResource.aspx?resid=292658&amp;code=690ccc5b401ddec61f935731edcfe89d">Studies Found page</a>.</p>
<p> </p>
<p><strong><a><strong>Link back to 2008 Annual evidence update on CAM for low back pain</strong></a></strong></p>
<p> </p>
       </html>
    </my:Description>
    <my:ResourceType>Article</my:ResourceType>
    <my:Attachment xsi:nil="true" />
    <my:HasAttachment>false</my:HasAttachment>
    <my:Speciality>Complementary and Alternative Medicine</my:Speciality>
    <my:Keywords>COMPLEMENTARY AND ALTERNATIVE MEDICINE,AUGUST 2008,DATE ADDED</my:Keywords>
    <my:PublicationDate>2008-09-29T00:00:00</my:PublicationDate>
  </my:myFields>