<?mso-infoPathSolution name="urn:schemas-microsoft-com:office:infopath:ResourceForm:-myXSD-2010-08-09T08-39-43" solutionVersion="1.0.0.68" productVersion="14.0.0.0" PIVersion="1.0.0.0" href="http://localhost:8081/FormServerTemplates/ARMSResourceForm.xsn"?>
  <?mso-application progid="InfoPath.Document" versionProgid="InfoPath.Document.3"?>
  <?mso-infoPath-file-attachment-present ?>
  <my:myFields xmlns:my="http://schemas.microsoft.com/office/infopath/2003/myXSD/2010-08-09T08:39:43" xmlns:xsi="http://www.w3.org/2001/XMLSchema-instance" xmlns:pc="http://schemas.microsoft.com/office/infopath/2007/PartnerControls" xmlns:ma="http://schemas.microsoft.com/office/2009/metadata/properties/metaAttributes" xmlns:d="http://schemas.microsoft.com/office/infopath/2009/WSSList/dataFields" xmlns:q="http://schemas.microsoft.com/office/infopath/2009/WSSList/queryFields" xmlns:dfs="http://schemas.microsoft.com/office/infopath/2003/dataFormSolution" xmlns:dms="http://schemas.microsoft.com/office/2009/documentManagement/types" xmlns:xd="http://schemas.microsoft.com/office/infopath/2003" xmlns:xhtml="http://www.w3.org/1999/xhtml">
    <my:Title>Acupuncture for low back pain: 2008 Annual evidence update</my:Title>
    <my:URL>http://www.library.nhs.uk//cam/ViewResource.aspx?resID=294388</my:URL>
    <my:Publisher>CAM Specialist Library</my:Publisher>
    <my:AdditionalContributors />
    <my:GeographicalAreas />
    <my:PublicationType>Editorial Or Opinion Piece</my:PublicationType>
    <my:Description>
      <html xmlns="http://www.w3.org/1999/xhtml" xml:space="preserve">
        111-1Acupuncture for low back pain: 2008 Annual evidence update<p><em>Mike Cummings, Medical Director of the British Medical Acupuncture Society</em></p>
<p><br />Since the <a href="http://www.library.nhs.uk/cam/viewResource.aspx?resID=269374&amp;code=66a9f0e5934b2605d218ed2c19ec4720">2007 National Knowledge Week on CAM for Low Back Pain</a> several RCTs and three systematic reviews<sup>1-3</sup> have been published. None of the reviews updated the meta-analyses performed by Furlan et al. or Manheimer et al.<sup>4,5</sup> so they do not add much to the literature. Only one of the recently published RCTs deserves comment.</p>
<p><br />Haake et al. is the largest sham controlled RCT of acupuncture for back pain to date (n=1162).<sup>6</sup> Subjects were aged 18 to 86 years (50±15 years) with a history of chronic low back pain for a mean of 8 years. It compared true acupuncture (10 to 15 sessions of manual needling to acupuncture points in the back and legs) with sham acupuncture (minimal needling to ‘non-points’ in the back and legs) and with a third group who received guideline based conventional care (a multimodal treatment program including physiotherapy, physical exercise, back to school program, mud packs, and heat therapy; supported by non-steroidal anti-inflammatory drugs or pain medication). The primary outcome was response after six months, defined as 33% improvement or better on three pain related items on the Von Korff Chronic Pain Grade Scale questionnaire or 12% improvement or better on the back specific Hanover Functional Ability Questionnaire. At 6 months, response rate was 47.6% in the true acupuncture group, 44.2% in the sham acupuncture group, and 27.4% in the conventional therapy group. The differences between groups were as follows: true vs sham acupuncture, 3.4% (95% confidence interval, -3.7% to 10.3%; P=0.39); true acupuncture vs conventional therapy, 20.2% (95% confidence interval, 13.4% to 26.7%; P&lt;0.001); and sham acupuncture vs conventional therapy, 16.8% (95% confidence interval, 10.1% to 23.4%; P&lt;0.001.</p>
<p><br />This is an interesting result. It tells us that there is little difference between classical acupuncture and minimal needling in the chronic low back pain population, but that both these interventions appear to be much better than multimodal conventional care (in a population recruited to an acupuncture trial). Some interpret the results of this trial as indicating that acupuncture is no better than placebo, however, it is hard to imagine that a true placebo (physiologically inactive treatment) would be so much better than conventional care. The effectiveness of sham acupuncture in this trial should certainly tell us that it is inappropriate to draw estimates of the clinical effectiveness and cost utility of acupuncture from the difference between real and sham acupuncture in explanatory RCTs.</p>
<p><br />This reviewer’s interpretation of the data so far on acupuncture for low back pain is that deep needling at classical acupuncture points has demonstrable (from meta-analysis) but small advantage over less specific needling in the same broad area, and that needling in general (true or sham acupuncture) is an effective and cost effective treatment in chronic low back pain.</p>
<p><strong><br />References</strong></p>
<p>1.  Ammendolia C, Furlan AD, Imamura M, Irvin E, van TM. Evidence-informed management of chronic low back pain with needle acupuncture. <em>Spine Journal</em>. 2008, 8(1):160-72. [<a href="http://www.sciencedirect.com/science/journal/15299430">Full text on journal website</a>] </p>
<p><br />2.  Chou R, Huffman LH. Nonpharmacologic therapies for acute and chronic low back pain: a review of the evidence for an American Pain Society/American College of Physicians clinical practice guideline. <em>Annals of Internal Medicine.</em> 2007, 147(7):492-504. [<a href="http://www.annals.org/cgi/content/full/147/7/492">Full text</a>]<br /></p>
<p><br />3.  Itoh K, Kitakoji H. Acupuncture for chronic pain in Japan: A review. <em>Evidence-based Complementary and Alternative Medicine.</em> 2007, 4:-438. [<a href="http://ecam.oxfordjournals.org/cgi/content/full/4/4/431">Full text</a>] </p>
<p><br />4.  Furlan AD, van Tulder MW, Cherkin DC, Tsukayama H, Lao L, Koes BW, Berman BM. Acupuncture and dry-needling for low back pain. <i>Cochrane Database of Systematic Reviews</i> 2005, Issue 1. Art. No.: CD001351. DOI: 10.1002/14651858.CD001351.pub2. [<a href="http://www.mrw.interscience.wiley.com/cochrane/clsysrev/articles/CD001351/frame.html">Full text</a>] </p>
<p><br />5.  Manheimer E, White A, Berman B, Forys K, Ernst E. Meta-analysis: acupuncture for low back pain. <em>Annals of Internal Medicine.</em> 2005, 142:651-63. [<a href="http://www.annals.org/cgi/reprint/142/8/651.pdf">Full text</a>] [<a href="http://www.crd.york.ac.uk/CRDWeb/ShowRecord.asp?View=Full&amp;ID=12005008232">DARE structured abstract</a>].  </p>
<p><br />6.  Haake M, Müller HH, Schade-Brittinger C, Basler HD, Schäfer H, Maier C, Endres HG, Trampisch HJ, Molsberger A. German Acupuncture Trials (GERAC) for chronic low back pain: randomized, multicenter, blinded, parallel-group trial with 3 groups. <em>Archives of Internal Medicine</em>. 2007, 167(17):1892-8. [<a href="http://www.ncbi.nlm.nih.gov/pubmed/17893311?ordinalpos=2&amp;itool=EntrezSystem2.PEntrez.Pubmed.Pubmed_ResultsPanel.Pubmed_RVDocSum">PubMed abstract</a>]<br /></p>
<p><br /> </p><strong>
<p><strong><a><strong>Link back to Annual evidence update on CAM for low back pain 2008</strong> </a><a></a></strong></p>
<p></p></strong> 
       </html>
    </my:Description>
    <my:ResourceType>Article</my:ResourceType>
    <my:Attachment xsi:nil="true" />
    <my:HasAttachment>false</my:HasAttachment>
    <my:Speciality>Complementary and Alternative Medicine</my:Speciality>
    <my:Keywords>MUSCULOSKELETAL,CONDITIONS,DISEASE MANAGEMENT,COMPLEMENTARY/ALTERNATIVE MEDICINE,SPINAL PROBLEMS,MAJOR NON-INFLAMMATORY,COMPLEMENTARY AND ALTERNATIVE MEDICINE,ACUPUNCTURE,CONDITIONS A-B,BACK PAIN,CONDITIONS A-Z,DATE ADDED,SEPTEMBER 2008</my:Keywords>
    <my:PublicationDate>2008-09-29T00:00:00</my:PublicationDate>
  </my:myFields>