<?mso-infoPathSolution name="urn:schemas-microsoft-com:office:infopath:ResourceForm:-myXSD-2010-08-09T08-39-43" solutionVersion="1.0.0.68" productVersion="14.0.0.0" PIVersion="1.0.0.0" href="http://localhost:8081/FormServerTemplates/ARMSResourceForm.xsn"?>
  <?mso-application progid="InfoPath.Document" versionProgid="InfoPath.Document.3"?>
  <?mso-infoPath-file-attachment-present ?>
  <my:myFields xmlns:my="http://schemas.microsoft.com/office/infopath/2003/myXSD/2010-08-09T08:39:43" xmlns:xsi="http://www.w3.org/2001/XMLSchema-instance" xmlns:pc="http://schemas.microsoft.com/office/infopath/2007/PartnerControls" xmlns:ma="http://schemas.microsoft.com/office/2009/metadata/properties/metaAttributes" xmlns:d="http://schemas.microsoft.com/office/infopath/2009/WSSList/dataFields" xmlns:q="http://schemas.microsoft.com/office/infopath/2009/WSSList/queryFields" xmlns:dfs="http://schemas.microsoft.com/office/infopath/2003/dataFormSolution" xmlns:dms="http://schemas.microsoft.com/office/2009/documentManagement/types" xmlns:xd="http://schemas.microsoft.com/office/infopath/2003" xmlns:xhtml="http://www.w3.org/1999/xhtml">
    <my:Title>Reflexology for low back pain: 2008 Annual evidence update</my:Title>
    <my:URL>http://www.library.nhs.uk//cam/ViewResource.aspx?resID=294640</my:URL>
    <my:Publisher>CAM Specialist Library</my:Publisher>
    <my:AdditionalContributors />
    <my:GeographicalAreas />
    <my:PublicationType>Editorial Or Opinion Piece</my:PublicationType>
    <my:Description>
      <html xmlns="http://www.w3.org/1999/xhtml" xml:space="preserve">
        111-1Reflexology for low back pain: 2008 Annual evidence update<p><em><em>Commentary by Dr George Lewith, University of Southampton</em></em></p>
<p><br />Poole H, Glenn S, Murphy P. <a href="http://www.ncbi.nlm.nih.gov/pubmed/17459741?ordinalpos=2&amp;itool=EntrezSystem2.PEntrez.Pubmed.Pubmed_ResultsPanel.Pubmed_RVDocSum">A randomised controlled study of reflexology for the management of chronic low back pain</a>. <em>European Journal of Pain</em>. 2007;11(8):878-87.  </p>
<p>Quinn F, Hughes CM, Baxter GD. <a href="http://www.ncbi.nlm.nih.gov/pubmed/18346622?ordinalpos=1&amp;itool=EntrezSystem2.PEntrez.Pubmed.Pubmed_ResultsPanel.Pubmed_RVDocSum">Reflexology in the management of low back pain: A pilot randomised controlled trial</a>. <em>Complementary Therapies in Medicine</em>. 2008, 16(1):3-8. </p>
<p><br />Both of these studies involved similar groups of patients with chronic low back pain.  Poole presents a large study (n = 243) in which the patients were randomised to reflexology, relaxation (possibly as an attention control) and treatment as usual. The reflexology was provided by a group of 5 professional and trained reflexologists. They made available 6 treatments of one hour duration over a 6-8 week period. Similarly, relaxation was provided by 4 trained therapists over 6 weeks using progressive muscle relaxation. Treatment as usual involved medication (both prescribed and over the counter), osteopathy, acupuncture, physiotherapy, aromatherapy, sports massage, chiropractic and Reiki. The outcomes were the Oswestry Low Back Pain Questionnaire, Beck Depression Inventory, a Visual Analogue Score for pain and the SF36. All groups showed similar improvement over time in all outcome measures, suggesting that no particular treatment was superior to any other. </p>
<p><br />Quinn et al. report a small trial of 19 patients designed as a pilot to evaluate reflexology versus a sham procedure. Seven patients received reflexology and 8 sham and outcome was assessed using a combination of visual analogue scale for pain, Roland Morris Disability Questionnaire and McGill Pain Questionnaire. Real or sham treatment was provided weekly over a 6 week period with follow-up at 12 and 18 weeks. Unfortunately there was no real attempt to assess the credibility of the sham procedure but this tiny pilot study does suggest that reflexology may have a specific effect on low back pain. </p>
<p><br />These two studies, taken together, suggest that there is a possibility that reflexology may have a treatment specific effect but it is unlikely that reflexology offers treatment advantages over other interventions for the management of chronic low back pain. Further work is clearly needed and these conclusions are tentative. </p>
<p> </p><strong>
<p><strong><a><strong>Link back to 2008 Annual evidence update on CAM for low back pain</strong></a><a></a></strong></p>
<p></p></strong> 
       </html>
    </my:Description>
    <my:ResourceType>Article</my:ResourceType>
    <my:Attachment xsi:nil="true" />
    <my:HasAttachment>false</my:HasAttachment>
    <my:Speciality>Complementary and Alternative Medicine</my:Speciality>
    <my:Keywords>COMPLEMENTARY AND ALTERNATIVE MEDICINE,CONDITIONS A-Z,REFLEXOLOGY,CONDITIONS A-B,BACK PAIN,SEPTEMBER 2008,DATE ADDED</my:Keywords>
    <my:PublicationDate>2008-09-29T00:00:00</my:PublicationDate>
  </my:myFields>