<?mso-infoPathSolution name="urn:schemas-microsoft-com:office:infopath:ResourceForm:-myXSD-2010-08-09T08-39-43" solutionVersion="1.0.0.68" productVersion="14.0.0.0" PIVersion="1.0.0.0" href="http://localhost:8081/FormServerTemplates/ARMSResourceForm.xsn"?>
  <?mso-application progid="InfoPath.Document" versionProgid="InfoPath.Document.3"?>
  <?mso-infoPath-file-attachment-present ?>
  <my:myFields xmlns:my="http://schemas.microsoft.com/office/infopath/2003/myXSD/2010-08-09T08:39:43" xmlns:xsi="http://www.w3.org/2001/XMLSchema-instance" xmlns:pc="http://schemas.microsoft.com/office/infopath/2007/PartnerControls" xmlns:ma="http://schemas.microsoft.com/office/2009/metadata/properties/metaAttributes" xmlns:d="http://schemas.microsoft.com/office/infopath/2009/WSSList/dataFields" xmlns:q="http://schemas.microsoft.com/office/infopath/2009/WSSList/queryFields" xmlns:dfs="http://schemas.microsoft.com/office/infopath/2003/dataFormSolution" xmlns:dms="http://schemas.microsoft.com/office/2009/documentManagement/types" xmlns:xd="http://schemas.microsoft.com/office/infopath/2003" xmlns:xhtml="http://www.w3.org/1999/xhtml">
    <my:Title>Mindfulness meditation for low back pain: Annual evidence update 2008</my:Title>
    <my:URL>http://www.library.nhs.uk//cam/ViewResource.aspx?resID=294624</my:URL>
    <my:Publisher>CAM Specialist Library</my:Publisher>
    <my:AdditionalContributors />
    <my:GeographicalAreas />
    <my:PublicationType>Editorial Or Opinion Piece</my:PublicationType>
    <my:Description>
      <html xmlns="http://www.w3.org/1999/xhtml" xml:space="preserve">
        111-1Mindfulness meditation for low back pain: Annual evidence update 2008<p><em>Commentary by Dr George Lewith, University of Southampton</em></p>
<p>Morone NE, Greco CM, Weiner DK. <a href="http://www.ncbi.nlm.nih.gov/pubmed/17544212?ordinalpos=9&amp;itool=EntrezSystem2.PEntrez.Pubmed.Pubmed_ResultsPanel.Pubmed_RVDocSum">Mindfulness meditation for the treatment of chronic low back pain in older adults: a randomized controlled pilot study</a>. <em>Pain.</em> 2008, 134(3):310-9.</p><br /><p>This study is a small pilot study of 37 older adults with chronic persistent daily low back pain who received a mindfulness-based meditation programme (MBSR) designed around the central principles espoused by Kabat Zinn for the management of chronic and persistent pain. The study design involved cross-over where half the group was randomised to an 8 week mindfulness course and half to an initial waiting list control, immediately afterwards the waiting list control were offered mindfulness meditation. The two groups were compared using a range of outcome measures, including the Roland Morris Disability Scale, the SF36 (physical and mental function) and the Chronic Pain Acceptance Questionnaire.   </p><br /><p>This preliminary pilot is clearly underpowered but does demonstrate that 80% of patients (30 out of 37) who were offered the mindfulness intervention were able to complete the full 8 weeks’ assessment. The programme itself seemed both acceptable and feasible and the primary comparison was between those initially randomised to the 8 week MBSR programme and waiting list control. Of the initial 19 randomised for the MBSR programme, 6 declined: 2 were too busy, 1 had a scheduling conflict and 3 encountered unexpected health or family obligations. Interestingly, in the waiting list control, 17 out of 18 were happy to be randomised to the 8 week mindfulness intervention. There was no substantial baseline difference between the two groups. The main effect relates to pain acceptance; this was a powerful effect that appears likely to be valid in spite of the small trial size. No obvious effects occurred with respect to the Roland Morris Disability Questionnaire but the SF36 physical functioning did show a small but significant change between the mindfulness group and the waiting list control.</p><br /><p>Unfortunately in this study there was no control for attention and the major outcome related to the acceptance of chronic pain. It is quite possible that because pain was accepted, physical functioning improved, but fundamental disability did not.</p>
<p><br />Clearly this intervention needs further study, both in terms of long-term follow-up and with respect to the probable underlying psychological mechanisms involved in managing pain with various mindfulness techniques.</p>
<p> </p><strong>
<p><strong><a><strong>Link back to 2008 Annual evidence update on CAM for low back pain</strong></a><a></a></strong></p>
<p></p></strong> 
       </html>
    </my:Description>
    <my:ResourceType>Article</my:ResourceType>
    <my:Attachment xsi:nil="true" />
    <my:HasAttachment>false</my:HasAttachment>
    <my:Speciality>Complementary and Alternative Medicine</my:Speciality>
    <my:Keywords>COMPLEMENTARY AND ALTERNATIVE MEDICINE,CONDITIONS A-Z,OTHER THERAPIES OR MEDICAL SYSTEMS,BACK PAIN,CONDITIONS A-B,MINDFULNESS-BASED STRESS REDUCTION (MBSR),SEPTEMBER 2008,DATE ADDED</my:Keywords>
    <my:PublicationDate>2008-09-29T00:00:00</my:PublicationDate>
  </my:myFields>