<?mso-infoPathSolution name="urn:schemas-microsoft-com:office:infopath:ResourceForm:-myXSD-2010-08-09T08-39-43" solutionVersion="1.0.0.68" productVersion="14.0.0.0" PIVersion="1.0.0.0" href="http://localhost:8081/FormServerTemplates/ARMSResourceForm.xsn"?>
  <?mso-application progid="InfoPath.Document" versionProgid="InfoPath.Document.3"?>
  <?mso-infoPath-file-attachment-present ?>
  <my:myFields xmlns:my="http://schemas.microsoft.com/office/infopath/2003/myXSD/2010-08-09T08:39:43" xmlns:xsi="http://www.w3.org/2001/XMLSchema-instance" xmlns:pc="http://schemas.microsoft.com/office/infopath/2007/PartnerControls" xmlns:ma="http://schemas.microsoft.com/office/2009/metadata/properties/metaAttributes" xmlns:d="http://schemas.microsoft.com/office/infopath/2009/WSSList/dataFields" xmlns:q="http://schemas.microsoft.com/office/infopath/2009/WSSList/queryFields" xmlns:dfs="http://schemas.microsoft.com/office/infopath/2003/dataFormSolution" xmlns:dms="http://schemas.microsoft.com/office/2009/documentManagement/types" xmlns:xd="http://schemas.microsoft.com/office/infopath/2003" xmlns:xhtml="http://www.w3.org/1999/xhtml">
    <my:Title>Psychological outcomes of spinal manipulation for low back pain: 2008 annual evidence update</my:Title>
    <my:URL>http://www.library.nhs.uk//cam/ViewResource.aspx?resID=294706</my:URL>
    <my:Publisher>CAM Specialist Library</my:Publisher>
    <my:AdditionalContributors />
    <my:GeographicalAreas />
    <my:PublicationType>Editorial Or Opinion Piece</my:PublicationType>
    <my:Description>
      <html xmlns="http://www.w3.org/1999/xhtml" xml:space="preserve">
        111-1Psychological outcomes of spinal manipulation for low back pain: 2008 annual evidence update<p><em>Commentary by Carol Fawkes, National Council for Osteopathic Research</em></p><br /><p><strong>Original study</strong></p>
<p>Williams NH, Hendry M, Lewis R, Russell I, Westmoreland A, Wilkinson C. Psychological response in spinal manipulation (PRISM): a systematic review of psychological outcomes in randomised controlled trials. <em>Complementary Therapies in Medicine</em>. 2007, 15(4):271-83. [<a href="http://www.ncbi.nlm.nih.gov/pubmed/18054729?ordinalpos=1&amp;itool=EntrezSystem2.PEntrez.Pubmed.Pubmed_ResultsPanel.Pubmed_RVDocSum">PubMed abstract</a>]</p><br /><p><strong>Commentary</strong><br /></p><p>The systematic review included in the <a href="http://www.library.nhs.uk/cam/viewResource.aspx?resID=269491&amp;code=2615f9396a988dea5834a2f20ecc4d24">2007 evidence summary</a> on osteopathic manipulative treatment for low back pain was focussed exclusively on pain outcomes* (see note below). This recent review examines the effectiveness of spinal manipulation in improving psychological outcomes.</p>
<p>Psychosocial factors have been identified as one of the most important risk factors for back and neck pain. Back and neck pain, along with other forms of spinal pain, is a common cause of disability and time lost from work.</p><br /><p><strong>Inclusion criteria</strong></p>
<p>The authors in this review attempted to assess the effectiveness of spinal manipulation on improving psychological outcome. Inclusion criteria included:</p>
<ul><li>Randomised controlled trials</li>
<li>Adults with back pain, neck pain and perceived cervicogenic headaches</li>
<li>Techniques used included manipulation or mobilisation of the spine</li>
<li>Outcomes included back pain beliefs, fear-avoidance beliefs, self-efficacy, generic outcomes with a psychological component, depression and anxiety</li>
<li>Studies included English and European languages</li></ul><p><strong>Search strategy</strong></p>
<p>An extensive search strategy was devised and Medline, CENTRAL, Embase, CINAHL, AMED and PsycINFO were searched from inception to November 2005. A scoring system was developed based on criteria used by the Cochrane Collaboration “Back Review Group”. Clinical heterogeneity, or the difference between studies, was assessed by consideration of the type of intervention and its delivery, the setting, study population, and the length of the follow up period. The different psychological outcome measures used were assessed for compatibility.</p>
<p>The search strategy identified 2466 relevant studies. Following the review procedure, 254 studies were examined. Further examination identified 13 suitable trials which met the inclusion criteria specified by the review team. The 13 included trials exhibited heterogeneity concerning the area of the spine treated, the professional background of the therapist delivering the manipulation, the psychological outcome reported and the nature of the control group.</p>
<p>Regions of the spine treated in the studies were:<br />Whole of the spine: n = 1<br />The cervical spine: n = 4<br />The lumbar spine: n = 8.</p>
<p>Manipulation was delivered by osteopaths, chiropractors, physiotherapists or physicians; this was delivered using a combination of mobilisation and high velocity thrust techniques. Control interventions could be divided into two groups:</p>
<ul><li>Verbal interventions: primary care, advice, education.</li>
<li>Physical treatment interventions: electrotherapy, sham manipulation, muscle relaxants, cervical collar and surgery.</li></ul><p><strong>Spinal manipulation compared with verbal interventions</strong></p>
<p>Three trials used primary care as a comparator; one looked at back and neck manipulation compared with primary care. This study reported an improvement in a single depression item in favour of manipulation. Two other studies compared manipulation for back pain with optimal primary care: both studies found statistically significant improvements in depression score in favour of manipulation.</p><br /><p><strong>Spinal manipulation compared with physical treatment interventions</strong></p>
<p>Two trials in the UK used an exercise programme as a comparator; one looked at the treatment of neck pain and found no significant difference. Another trial looked at back pain and found a small statistically significant difference in SF-36 mental score in favour of manipulation.</p>
<p>Two trials used electrotherapy as a comparator; one looked at interferential in the treatment of low back pain, and the other trial examined the treatment of neck pain with pulsed short-waved diathermy. No statistically significant difference was found for SF-36 or SF-12 mental health score. </p>
<p>Three low back pain trials used placebo-type interventions as a comparator and did not find statistically significant differences. Four poor quality trials found mixed results in the treatment of neck and back pain but none exhibited statistical significance.</p>
<p>The study authors drew the following conclusions from their findings:</p>
<ul><li>A small outcome was found in psychological outcomes after spinal manipulation when compared with verbal interventions.</li>
<li>A smaller improvement was found when compared with physical interventions.</li>
<li>The study contributed clinically useful information that physical treatments including spinal manipulation have psychological benefits.</li></ul><p><strong>*NOTE</strong></p>
<p>One further pilot study with a focus on pain outcomes has been published since June 2007. To see the commentary on this study <a></a><a href="http://www.library.nhs.uk/cam/viewResource.aspx?resid=294711&amp;code=706ba5ceab0ad9614d029e5b39e111fa">click here</a>.</p>
<p> </p>
<p><strong><a><strong>Link back to 2008 Annual evidence update on CAM for low back pain</strong></a></strong></p>
<p> </p>
       </html>
    </my:Description>
    <my:ResourceType>Article</my:ResourceType>
    <my:Attachment xsi:nil="true" />
    <my:HasAttachment>false</my:HasAttachment>
    <my:Speciality>Complementary and Alternative Medicine</my:Speciality>
    <my:Keywords>COMPLEMENTARY AND ALTERNATIVE MEDICINE,NECK PAIN,CONDITIONS M-O,BACK PAIN,CONDITIONS A-B,CHIROPRACTIC,OSTEOPATHY,CONDITIONS A-Z,DATE ADDED,SEPTEMBER 2008</my:Keywords>
    <my:PublicationDate>2008-09-29T00:00:00</my:PublicationDate>
  </my:myFields>