<?mso-infoPathSolution name="urn:schemas-microsoft-com:office:infopath:ResourceForm:-myXSD-2010-08-09T08-39-43" solutionVersion="1.0.0.68" productVersion="14.0.0.0" PIVersion="1.0.0.0" href="http://localhost:8081/FormServerTemplates/ARMSResourceForm.xsn"?>
  <?mso-application progid="InfoPath.Document" versionProgid="InfoPath.Document.3"?>
  <?mso-infoPath-file-attachment-present ?>
  <my:myFields xmlns:my="http://schemas.microsoft.com/office/infopath/2003/myXSD/2010-08-09T08:39:43" xmlns:xsi="http://www.w3.org/2001/XMLSchema-instance" xmlns:pc="http://schemas.microsoft.com/office/infopath/2007/PartnerControls" xmlns:ma="http://schemas.microsoft.com/office/2009/metadata/properties/metaAttributes" xmlns:d="http://schemas.microsoft.com/office/infopath/2009/WSSList/dataFields" xmlns:q="http://schemas.microsoft.com/office/infopath/2009/WSSList/queryFields" xmlns:dfs="http://schemas.microsoft.com/office/infopath/2003/dataFormSolution" xmlns:dms="http://schemas.microsoft.com/office/2009/documentManagement/types" xmlns:xd="http://schemas.microsoft.com/office/infopath/2003" xmlns:xhtml="http://www.w3.org/1999/xhtml">
    <my:Title>Herbal medicine for low back pain: 2008 Annual evidence update</my:Title>
    <my:URL>http://www.library.nhs.uk//cam/ViewResource.aspx?resID=294776</my:URL>
    <my:Publisher>CAM Specialist Library</my:Publisher>
    <my:AdditionalContributors />
    <my:GeographicalAreas />
    <my:PublicationType>Editorial Or Opinion Piece</my:PublicationType>
    <my:Description>
      <html xmlns="http://www.w3.org/1999/xhtml" xml:space="preserve">
        111-1Herbal medicine for low back pain: 2008 Annual evidence update<p><em>Commentary by Michael McIntyre, European Herbal Practitioners Association</em></p>
<p><em>Update of 2007 evidence summary by Saul Berkovitz, Royal London Homoeopathic Hospital</em></p><br /><p>There are a number of systematic reviews of the use of herbal medicines in the treatment of low back pain.<sup>1-4</sup> Overall, the evidence is promising but certainly not definitive. Methodological problems include the small number of trials admitted for review because of the variable quality of studies. For example, a recent overview of the evidence included only one systematic review and one further RCT on herbal medicines for chronic lower back pain.<sup>1</sup> This clearly says more about the poor quality of research into herbal interventions than the efficacy or otherwise of herbal treatment itself.  </p><br /><p>Further methodological difficulties are posed by the variety of extracts used, which does not allow statistical pooling and by the lack of clarity about plant species used. In two of the reviews<sup>1,2</sup> several herbal medicines are reported as treatments for low back pain but there appears to be confusion with regard to their names. For example <em>Camphora momol</em> would appear to confuse <em>Commiphora molmol,</em> (myrrh) and <em>Cinnamomum camphora</em> (camphor), <em>Maleluca alternifolia</em> should be <em>Melaleuca alternifolia</em> (Ti Tree), <em>Menthe peperita</em> should be <em>Mentha piperita</em> (peppermint) and <em>Tancaetum parthenium</em> should be <em>Tanacetum parthenium</em> (feverfew). In addition, positive evidence from clinical trials using high-quality, high-potency, often standardised products unavailable in the UK is not necessarily generalisable to the extracts available in the UK market.</p><br /><p>There are also important questions unanswered. As mentioned below, studies into the efficacy of Harpogophytum (Devil’s claw) used specific doses of harpagoside, the purported active constituent of <em>H. procumbens</em>, as a marker but there is certainly a possibility that this constituent does not account for the action of the whole plant. In addition, some herbal traditions use mixtures of herbs together rather than individual plants on their own. <em>Angelica sinensis</em>, reported as used in the treatment of low back pain<sup>1,2</sup> is rarely used on its own in the Chinese herbal tradition from which it comes. What herbal practitioners do in practice clearly needs evaluation or the benefits of traditional treatments may be missed.</p><br /><p>Devil’s claw has been examined in two systematic reviews.<sup>3,4 </sup>Overall, the results are tentatively positive, although studies are heterogeneous in terms of the dose and type of extract used (aqueous, ethanolic or dry powder. There are four studies in acute exacerbations of chronic low back pain over 4-6 weeks. The most convincing of these showed benefit in pain reduction from aqueous extracts standardised to 50 or 100mg of harpagoside (a supposed quality marker) over placebo. The other studies, although all reported as positive, can be criticised for lack of sufficient statistical power, lack of double-blinding, or improvement in secondary outcome measures only. Adverse effects were generally mild and consisted largely of gastrointestinal upset; however it is relevant that a contraindication to the use of Devil’s claw is significant gastritis or peptic ulcer disease, which might apply to patients intolerant of non-steroidal inflammatory drugs seeking herbal medicine as an alternative approach. This said, a recent systematic review of the safety of <em>Harpogophytum</em> preparations identified 28 double-blind clinical trials involving 6,892 patients who received this herbal medicine. In none of double-blind trials was the incidence of adverse effects during treatment with <em>Harpogophytum</em> higher than that observed during placebo treatment.<sup>5</sup></p><br /><p>Two studies of <em>Salix alba</em> (willow bark) products, standardised for their salicin content, have been performed in acute exacerbations of low back pain<sup>2</sup>. One study in 210 patients, using two doses (120 or 240mg salicin) or placebo, showed a moderate, dose-dependent effect over 4 weeks for pain relief and analgesic reduction. A second study was reported as showing equivalence of <em>Salix</em> 240mg/day with rofecoxib (‘Vioxx’) 12.5mg daily. Although this was randomised it was not double-blind but an open study and so carries less weight. </p><br /><p>Topical plasters containing extracts of <em>Capsicum frutescens</em> (cayenne pepper) have been tested against ‘placebo’ plasters in two studies of chronic LBP in a total of 484 patients<sup>2</sup>. In both studies there was significantly better pain relief in the <em>Capsicum</em> group. However it is difficult to make a true placebo because of the sensation of warmth caused by initial application of the capsicum plasters (in one study this was experienced by 95% in the <em>Capsicum</em> group and only 48% in the placebo group). Both studies, despite being reported as being of moderate to high quality, may therefore have been subject to a degree of ‘unblinding’. There were also positive results in two short-term (one to two-week) studies of topical capsicum preparations, one of a combined capsicum / salicylate ointment versus placebo in acute LBP and one study showing equivalence of a <em>Capsicum</em> gel with a homeopathic gel in mixed acute and acute-on-chronic LBP. It is debatable whether topical capsaicin products are best described as ‘complementary’ as their use is well-established in other conditions such as neuropathies and osteoarthritis.</p><br /><p>In conclusion, moderately strong evidence exists for Devil’s Claw (<em>Harpagophytum procumbens</em>) in acute exacerbations of low back pain and for capsaicin plasters. There is inconsistent evidence for willow bark products. No other herbal products have been rigorously tested and there are clearly some significant problems with the designs of trials which need addressing before more research is undertaken. </p>
<p><strong><br />References</strong></p>
<p><br />1. Gagnier JJ. Evidence-informed management of chronic low back pain with herbal, vitamin, mineral, and homeopathic supplements. <em>Spine Journal.</em> 2008, 8(1):70-9. [<a href="http://www.sciencedirect.com/science/journal/15299430">Full text on journal website</a>]</p>
<p><br />2. Gagnier JJ, vanTulder M, Berman B, Bombardier C. Herbal medicine for low back pain. <i>Cochrane Database of Systematic Reviews</i> 2006, Issue 2. Art. No.: CD004504. DOI: 10.1002/14651858.CD004504.pub3. [<a href="http://mrw.interscience.wiley.com/cochrane/clsysrev/articles/CD004504/frame.html">Full text</a>]</p>
<p><br />3. Brendler T, Gruenwald J, Ulbricht C, Basch E; Natural Standard Research Collaboration. Devil's Claw (Harpagophytum procumbens DC): an evidence-based systematic review by the Natural Standard Research Collaboration. J Herb Pharmacother. 2006, 6(1):89-126. [<a href="http://www.ncbi.nlm.nih.gov/sites/entrez?Db=pubmed&amp;Cmd=ShowDetailView&amp;TermToSearch=17135164&amp;ordinalpos=2&amp;itool=EntrezSystem2.PEntrez.Pubmed.Pubmed_ResultsPanel.Pubmed_RVDocSum">PubMed abstract</a>]</p>
<p><br />4. Gagnier JJ, Chrubasik S, Manheimer E. Harpgophytum procumbens for osteoarthritis and low back pain: a systematic review. BMC Complement Altern Med 2004 Sep 15;4:13. [<a href="http://www.biomedcentral.com/1472-6882/4/13">Full text</a>] [<a href="http://www.crd.york.ac.uk/crdweb/ShowRecord.asp?View=Full&amp;ID=12005009151">DARE structured abstract</a>]</p>
<p><br />5. Vlachojannis J, Roufogalis BD, Chrubasik S. Systematic review on the safety of Harpagophytum preparations for osteoarthritic and low back pain. <em>Phytotherapy Research</em>. 2008, 22(2):149-52. [<a href="http://www.ncbi.nlm.nih.gov/pubmed/18236448?ordinalpos=4&amp;itool=EntrezSystem2.PEntrez.Pubmed.Pubmed_ResultsPanel.Pubmed_RVDocSum">PubMed abstract</a>]</p>
<p> </p>
<p><a><strong>Link back to 2008 Annual evidence update on CAM for low back pain</strong></a> </p>
       </html>
    </my:Description>
    <my:ResourceType>Article</my:ResourceType>
    <my:Attachment xsi:nil="true" />
    <my:HasAttachment>false</my:HasAttachment>
    <my:Speciality>Complementary and Alternative Medicine</my:Speciality>
    <my:Keywords>COMPLEMENTARY AND ALTERNATIVE MEDICINE,MUSCULOSKELETAL,CONDITIONS,DISEASE MANAGEMENT,COMPLEMENTARY/ALTERNATIVE MEDICINE,SPINAL PROBLEMS,MAJOR NON-INFLAMMATORY,HERBAL MEDICINE,CONDITIONS A-Z,BACK PAIN,CONDITIONS A-B,SEPTEMBER 2008,DATE ADDED</my:Keywords>
    <my:PublicationDate>2008-09-29T00:00:00</my:PublicationDate>
  </my:myFields>