<?mso-infoPathSolution name="urn:schemas-microsoft-com:office:infopath:ResourceForm:-myXSD-2010-08-09T08-39-43" solutionVersion="1.0.0.68" productVersion="14.0.0.0" PIVersion="1.0.0.0" href="http://localhost:8081/FormServerTemplates/ARMSResourceForm.xsn"?>
  <?mso-application progid="InfoPath.Document" versionProgid="InfoPath.Document.3"?>
  <?mso-infoPath-file-attachment-present ?>
  <my:myFields xmlns:my="http://schemas.microsoft.com/office/infopath/2003/myXSD/2010-08-09T08:39:43" xmlns:xsi="http://www.w3.org/2001/XMLSchema-instance" xmlns:pc="http://schemas.microsoft.com/office/infopath/2007/PartnerControls" xmlns:ma="http://schemas.microsoft.com/office/2009/metadata/properties/metaAttributes" xmlns:d="http://schemas.microsoft.com/office/infopath/2009/WSSList/dataFields" xmlns:q="http://schemas.microsoft.com/office/infopath/2009/WSSList/queryFields" xmlns:dfs="http://schemas.microsoft.com/office/infopath/2003/dataFormSolution" xmlns:dms="http://schemas.microsoft.com/office/2009/documentManagement/types" xmlns:xd="http://schemas.microsoft.com/office/infopath/2003" xmlns:xhtml="http://www.w3.org/1999/xhtml">
    <my:Title>Osteopathic manipulative treatment for low back pain: 2008 annual evidence update</my:Title>
    <my:URL>http://www.library.nhs.uk//cam/ViewResource.aspx?resID=294711</my:URL>
    <my:Publisher>CAM Specialist Library</my:Publisher>
    <my:AdditionalContributors />
    <my:GeographicalAreas />
    <my:PublicationType>Editorial Or Opinion Piece</my:PublicationType>
    <my:Description>
      <html xmlns="http://www.w3.org/1999/xhtml" xml:space="preserve">
        111-1Osteopathic manipulative treatment for low back pain: 2008 annual evidence update<p><em>Commentary by Carol Fawkes, National Council for Osteopathic Research</em></p><br /><p><strong>Original study</strong></p><br /><p>Degenhardt BF, Darmani NA, Johnson JC, Towns LC, Rhodes DC, Trinh C, et al. Role of osteopathic manipulative treatment in altering pain biomarkers: a pilot study. <em>The Journal of the American Osteopathic Association.</em> 2007, 107(9):387-400. [<a href="http://www.jaoa.org/cgi/content/full/107/9/387">Full text</a>]</p><br /><p><strong>Commentary</strong></p>
<p>The systematic review included in the <a href="http://www.library.nhs.uk/cam/viewResource.aspx?resID=269491&amp;code=2615f9396a988dea5834a2f20ecc4d24">2007 evidence summary</a> on osteopathic manipulative treatment (OMT) for low back pain was focussed exclusively on pain outcomes. This recent pilot study also aims to determine the role of OMT in pain management.</p><br /><p>One of the goals of osteopathic manipulative treatment (OMT) is to evaluate biomechanical dysfunction and, in combination with other treatment modalities, promote healing in patients experiencing such disorders. Persistent pain experienced by many patients consulting osteopaths is associated with the production and release of multiple nociceptive and inflammatory mediators. The complexity of this process is not fully understood but the research team hypothesised that the concentration of circulatory neurochemical substances could be used as biomarkers whose concentrations would change if they were affected by OMT. Five pain biomarkers were assessed in this study, namely ß-endorphin (ßE), serotonin (5-hydroxytryptamine [5-HT]), 5-hydroxyindoleacetic acid (5-HIAA), anandamide (arachidonyletholamide [AEA]), and N-palmitoylethanolamide (PEA).</p>
<p><br />Twenty white participants, aged between 24 to 35 years, were enrolled in the study; ten subjects had chronic low back pain (CLBP) and ten subjects were age and gender-matched controls. Low back pain was defined as being present for a minimum of five days a week for at least three months. Each subject had blood drawn at the same time each day for five consecutive days. On days 1, 2, 3, and 5 subjects also completed an environmental questionnaire investigating stress levels, perceived pain levels, amount of sleep, diet quality and confounding substance use. On the 4th day of the study, all participants attended the research study centre one hour before blood was due to be drawn and underwent evaluation and osteopathic treatment by the primary investigator. Blood was drawn following this procedure.  </p>
<p><br />Pre-treatment measurements for each biomarker for days 1, 2, and 3 and were averaged to establish a baseline value for each subject. Median baseline values were compared for all continuous measures with the values obtained on day 4 at 30 minutes post treatment and with those on day 5 (24 hours post-treatment). Comparisons were made using the Wilcoxon signed rank test. Comparisons of biomarker concentrations between the CLBP and control group were carried out using the Mann-Whitney test. Correlation of changes in self-reported pain levels and environmental factors with changes in biomarkers was carried out measuring Spearmann rank correlation coefficients.</p>
<p><br />The study results can be summarised:</p>
<ul><li>ß-endorphin. Baseline levels between the two groups were not <br />significantly different. The increase in ß-endorphin levels above baseline was statistically significantly at 24 hours post treatment representing a median increase of 11% (P = 0.01).  The control group did not differ significantly.</li>
<li>Serotonin (5-hydroxytryptamine [5-HT]). Concentrations of 5-HT decreased significantly when measured 24 hours post-treatment in the CLBP group relative to baseline measures and the control group. This represented a median increase of 37% (P=0.02)</li>
<li>5-hydroxyindoleacetic acid (5-HIAA). Concentrations of 5-HIAA declined significantly at 30 minutes post-treatment but no significant change was observed for the CLBP or control group at 24 hours post-treatment.</li>
<li>5-hydroxyindoleacetic acid (5-HIAA)/ (5-hydroxytryptamine [5-HT]) turnover. Turnover increased in CLBP subjects at 30 minutes and 24 hours post-treatment; the differences were not, however, statistically significant.</li>
<li>Anandamide (arachidonyletholamide [AEA]). AEA concentrations did not change significantly at either 30 minutes or 24 hours post-treatment. </li>
<li>N-palmitoylethanolamide (PEA). No significant difference in PEA levels was noted between the control and the CLBP group when measured at 24 hours post-treatment.</li>
<li>Perceived pain, stress, sleep, and substance use. Changes in perceived pain, did not correlate with changes in ßE, 5-HT, AEA or PEA in the CLBP group when measured at 30 minutes or 24 hours post-treatment. Stress levels were significantly decreased at 24 hours post-treatment (P=0-001). There were no changes in sleep pattern or confounding substance use in either group following treatment.</li></ul><p>Even though the sample size in the study was small, the study showed statistically significant biomarker changes in the overall population as well as when the two groups were compared. It is unclear where the biomarkers were formed or the mechanism by which the OMT affected the biomarker concentrations. The results are encouraging despite the fact that a small sample size was used producing tests with low statistical power. Further research including a greater sample size would gather further helpful information.</p>
<p> </p>
<p><strong><a><strong>Link back to 2008 Annual evidence update on CAM for low back pain</strong></a></strong> </p>
       </html>
    </my:Description>
    <my:ResourceType>Article</my:ResourceType>
    <my:Attachment xsi:nil="true" />
    <my:HasAttachment>false</my:HasAttachment>
    <my:Speciality>Complementary and Alternative Medicine</my:Speciality>
    <my:Keywords>COMPLEMENTARY AND ALTERNATIVE MEDICINE,CONDITIONS A-Z,OSTEOPATHY,CONDITIONS A-B,BACK PAIN,SEPTEMBER 2008,DATE ADDED</my:Keywords>
    <my:PublicationDate>2008-09-29T00:00:00</my:PublicationDate>
  </my:myFields>