<?mso-infoPathSolution name="urn:schemas-microsoft-com:office:infopath:ResourceForm:-myXSD-2010-08-09T08-39-43" solutionVersion="1.0.0.68" productVersion="14.0.0.0" PIVersion="1.0.0.0" href="http://localhost:8081/FormServerTemplates/ARMSResourceForm.xsn"?>
  <?mso-application progid="InfoPath.Document" versionProgid="InfoPath.Document.3"?>
  <?mso-infoPath-file-attachment-present ?>
  <my:myFields xmlns:my="http://schemas.microsoft.com/office/infopath/2003/myXSD/2010-08-09T08:39:43" xmlns:xsi="http://www.w3.org/2001/XMLSchema-instance" xmlns:pc="http://schemas.microsoft.com/office/infopath/2007/PartnerControls" xmlns:ma="http://schemas.microsoft.com/office/2009/metadata/properties/metaAttributes" xmlns:d="http://schemas.microsoft.com/office/infopath/2009/WSSList/dataFields" xmlns:q="http://schemas.microsoft.com/office/infopath/2009/WSSList/queryFields" xmlns:dfs="http://schemas.microsoft.com/office/infopath/2003/dataFormSolution" xmlns:dms="http://schemas.microsoft.com/office/2009/documentManagement/types" xmlns:xd="http://schemas.microsoft.com/office/infopath/2003" xmlns:xhtml="http://www.w3.org/1999/xhtml">
    <my:Title>The effectiveness of shiatsu: findings from a cross-European, prospective observational study</my:Title>
    <my:URL>http://www.ncbi.nlm.nih.gov/pubmed/18990043?</my:URL>
    <my:Publisher>Mary Ann Liebert, Inc.</my:Publisher>
    <my:AdditionalContributors />
    <my:GeographicalAreas />
    <my:PublicationType>Research Study</my:PublicationType>
    <my:Description>
      <html xmlns="http://www.w3.org/1999/xhtml" xml:space="preserve">
        <p><strong>Citation </strong></p>
<p>Long AF. The effectiveness of shiatsu: findings from a cross-European, prospective observational study. Journal of Alternative and Complementary Medicine. 2008, 14(8):921-30.</p>
<p><strong>Author's objectives</strong></p>
<p>The objective of this study was to explore client perceptions of the short-term and longer-term effects of shiatsu. </p>
<p><strong>Author's conclusions</strong></p>
<p>Clients receiving shiatsu reported improvements in symptom severity and changes in their health-related behaviour that they attributed to their treatment, suggestive of a role for shiatsu in maintaining and enhancing health.</p>
       </html>
    </my:Description>
    <my:ResourceType>CARDEX</my:ResourceType>
    <my:Attachment xsi:nil="true" />
    <my:HasAttachment>false</my:HasAttachment>
    <my:Speciality>Complementary and Alternative Medicine</my:Speciality>
    <my:Keywords>COMPLEMENTARY AND ALTERNATIVE MEDICINE,OTHER THERAPIES OR MEDICAL SYSTEMS,DATE ADDED,SEPTEMBER 2008,SHIATSU</my:Keywords>
    <my:PublicationDate>2008-10-01T00:00:00</my:PublicationDate>
  </my:myFields>