<?mso-infoPathSolution name="urn:schemas-microsoft-com:office:infopath:ResourceForm:-myXSD-2010-08-09T08-39-43" solutionVersion="1.0.0.68" productVersion="14.0.0.0" PIVersion="1.0.0.0" href="http://localhost:8081/FormServerTemplates/ARMSResourceForm.xsn"?>
  <?mso-application progid="InfoPath.Document" versionProgid="InfoPath.Document.3"?>
  <?mso-infoPath-file-attachment-present ?>
  <my:myFields xmlns:my="http://schemas.microsoft.com/office/infopath/2003/myXSD/2010-08-09T08:39:43" xmlns:xsi="http://www.w3.org/2001/XMLSchema-instance" xmlns:pc="http://schemas.microsoft.com/office/infopath/2007/PartnerControls" xmlns:ma="http://schemas.microsoft.com/office/2009/metadata/properties/metaAttributes" xmlns:d="http://schemas.microsoft.com/office/infopath/2009/WSSList/dataFields" xmlns:q="http://schemas.microsoft.com/office/infopath/2009/WSSList/queryFields" xmlns:dfs="http://schemas.microsoft.com/office/infopath/2003/dataFormSolution" xmlns:dms="http://schemas.microsoft.com/office/2009/documentManagement/types" xmlns:xd="http://schemas.microsoft.com/office/infopath/2003" xmlns:xhtml="http://www.w3.org/1999/xhtml">
    <my:Title>2008 Annual evidence update on CAM in depression: Overviews of the evidence on CAM in depression</my:Title>
    <my:URL>http://www.library.nhs.uk//cam/ViewResource.aspx?resID=295165</my:URL>
    <my:Publisher>CAM Specialist Library</my:Publisher>
    <my:AdditionalContributors />
    <my:GeographicalAreas />
    <my:PublicationType>Review</my:PublicationType>
    <my:Description>
      <html xmlns="http://www.w3.org/1999/xhtml" xml:space="preserve">
        111-12008 Annual evidence update on CAM in depression: Overviews of the evidence on CAM in depression<p>A number of overviews of the evidence on a range of complementary therapies in depression have been published. The following have taken a systematic approach to identifying relevant research evidence:</p>
<p><strong><br />General overviews</strong> <br /></p>
<blockquote>
<p>Morgan AJ, Jorm AF. Self-help interventions for depressive disorders and depressive symptoms: A systematic review. <em>Annals of General Psychiatry</em>. 2008, 7(1):13. [<a href="http://www.pubmedcentral.nih.gov/articlerender.fcgi?tool=pubmed&amp;pubmedid=18710579">Full text</a>]</p>
<p>Pilkington K, Rampes H, Richardson J. Complementary medicine for depression. <em>Expert Review of Neurotherapeutics</em>. 2006, 6(11): 1741-51. [<a href="http://www.expert-reviews.com/doi/abs/10.1586/14737175.6.11.1741">Abstract]</a></p>
<p>Thachil AF, Mohan R, Bhugra D. The evidence base of complementary and alternative therapies in depression. <em>Journal of Affective Disorders</em>. 2007, 97(1-3):23-35. [<a href="http://www.ncbi.nlm.nih.gov/pubmed/16926053?ordinalpos=4&amp;itool=EntrezSystem2.PEntrez.Pubmed.Pubmed_ResultsPanel.Pubmed_DefaultReportPanel.Pubmed_RVDocSum">PubMed abstract</a>] </p>
<p>Werneke U, Turner T, Priebe S. Complementary medicines in psychiatry: Review of effectiveness and safety. <em>British Journal of Psychiatry.</em> 2006, 188(2):109-21. [<a href="http://bjp.rcpsych.org/cgi/content/abstract/188/2/109">Abstract</a>]</p></blockquote>
<p><strong>Overviews focused on special populations</strong> 
</p><blockquote>
<p>Frazer CJ, Christensen H, Griffiths KM. Effectiveness of treatments for depression in older people. Medical Journal of Australia. 2005,  20;182(12):627-32. [<a href="http://www.mja.com.au/public/issues/182_12_200605/fra10160_fm.html">Full text</a>]</p>
<p>Jorm AF, Allen NB, O'Donnell CP, Parslow RA, Purcell R, Morgan AJ.  Effectiveness of complementary and self-help treatments for depression in children and adolescents. <em>Medical Journal of Australia.</em> 2006, 185(7):368-72. [<a href="http://www.mja.com.au/public/issues/185_07_021006/jor10560_fm.pdf">Full text</a>]</p>
<p>Meeks TW, Wetherell JL, Irwin MR, Redwine LS, Jeste DV. Complementary and alternative treatments for late-life depression, anxiety, and sleep disturbance: a review of randomized controlled trials. <em>Journal of Clinical Psychiatry</em>. 2007, 68(10):1461-71.  [<a href="http://www.ncbi.nlm.nih.gov/pubmed/17960959?dopt=Citation">PubMed abstract</a>]</p></blockquote>
<p> </p><strong>
<p><strong><strong><a><strong><strong>Link back to 2008 Annual evidence update on CAM in depression</strong></strong></a></strong></strong></p>
<p></p></strong> 
       </html>
    </my:Description>
    <my:ResourceType>Article</my:ResourceType>
    <my:Attachment xsi:nil="true" />
    <my:HasAttachment>false</my:HasAttachment>
    <my:Speciality>Complementary and Alternative Medicine</my:Speciality>
    <my:Keywords>COMPLEMENTARY AND ALTERNATIVE MEDICINE,DEPRESSION,CONDITIONS A-Z,CONDITIONS D-E,OCTOBER 2008,DATE ADDED</my:Keywords>
    <my:PublicationDate>2008-10-06T00:00:00</my:PublicationDate>
  </my:myFields>