<?mso-infoPathSolution name="urn:schemas-microsoft-com:office:infopath:ResourceForm:-myXSD-2010-08-09T08-39-43" solutionVersion="1.0.0.68" productVersion="14.0.0.0" PIVersion="1.0.0.0" href="http://localhost:8081/FormServerTemplates/ARMSResourceForm.xsn"?>
  <?mso-application progid="InfoPath.Document" versionProgid="InfoPath.Document.3"?>
  <?mso-infoPath-file-attachment-present ?>
  <my:myFields xmlns:my="http://schemas.microsoft.com/office/infopath/2003/myXSD/2010-08-09T08:39:43" xmlns:xsi="http://www.w3.org/2001/XMLSchema-instance" xmlns:pc="http://schemas.microsoft.com/office/infopath/2007/PartnerControls" xmlns:ma="http://schemas.microsoft.com/office/2009/metadata/properties/metaAttributes" xmlns:d="http://schemas.microsoft.com/office/infopath/2009/WSSList/dataFields" xmlns:q="http://schemas.microsoft.com/office/infopath/2009/WSSList/queryFields" xmlns:dfs="http://schemas.microsoft.com/office/infopath/2003/dataFormSolution" xmlns:dms="http://schemas.microsoft.com/office/2009/documentManagement/types" xmlns:xd="http://schemas.microsoft.com/office/infopath/2003" xmlns:xhtml="http://www.w3.org/1999/xhtml">
    <my:Title>2008 Annual evidence update on CAM in depression</my:Title>
    <my:URL>http://www.library.nhs.uk//cam/ViewResource.aspx?resID=295132</my:URL>
    <my:Publisher>CAM Specialist Library</my:Publisher>
    <my:AdditionalContributors />
    <my:GeographicalAreas />
    <my:PublicationType>Review</my:PublicationType>
    <my:Description>
      <html xmlns="http://www.w3.org/1999/xhtml" xml:space="preserve">
        111-12008 Annual evidence update on CAM in depression<p> </p>
<p> </p>
<p><img height="133" alt="Blue evening ©iStockphoto" src="https://rmsadmin.library.nhs.uk/libraryImages/Complementary%20and%20Alternative%20Medicine/contentID295132/nelhImp_0000_200_Blueevening_000007186659Small.jpg" width="200" /></p>
<p> </p>
<p> </p>
<p><strong>Introduction </strong></p>
<p>This annual evidence update on complementary and alternative medicine for depression aims to identify, organise and present the latest information on this topic. We have searched a large number of databases for studies published or updated in the last 5 years in order to update work originally conducted as part of the <a href="http://www.rccm.org.uk/cameol/include/login.aspx?ReturnUrl=%2fcameol%2fDefault.aspx">CAMEOL project</a>.  </p>
<p>For more details about the search methods and the selection process please see the <a>Methodology section</a>. <br /></p>
<p>This update is linked to the <a href="http://www.library.nhs.uk/mentalHealth/Page.aspx?pagename=DEPRESSION">Annual Evidence Update on depression</a> produced by the Mental Health Specialist Library which is focusing on evidence published since January 2007. For a full list of studies published since January 2007 see <a>Studies Found</a>. For further information on depression including information on other treatments, see the relevant pages on the <a href="http://www.library.nhs.uk/mentalHealth/">Mental Health Specialist Library</a>.</p><br /><p><strong>Contents</strong></p>
<ul><li><a>Background information</a></li>
<li><a>Overviews of the evidence on CAM in depression</a></li>
<li>Evidence on specific therapies and approaches</li>
<ul><li><a>Acupuncture</a></li>
<li><a>Diet and nutrition</a> </li>
<li><a>Herbal medicine (excluding St John's wort)</a></li>
<li><a>Massage, aromatherapy and reflexology</a></li>
<li><a>Meditation and mindfulness</a> </li>
<li><a>St John's wort (Hypericum perforatum)</a> <strong>STOP PRESS: New Cochrane review</strong></li>
<li><a>Yoga</a></li>
<li><a>Other therapies</a></li></ul></ul><p> </p>
<p><strong><strong><a><strong><strong>Studies found</strong></strong></a></strong></strong>                            <strong><strong><strong><strong><a><strong><strong><strong><strong>Methodology</strong></strong></strong></strong></a></strong></strong></strong></strong>   </p>
       </html>
    </my:Description>
    <my:ResourceType>Article</my:ResourceType>
    <my:Attachment xsi:nil="true" />
    <my:HasAttachment>false</my:HasAttachment>
    <my:Speciality>Complementary and Alternative Medicine</my:Speciality>
    <my:Keywords>COMPLEMENTARY AND ALTERNATIVE MEDICINE,DEPRESSION,CONDITIONS A-Z,CONDITIONS D-E,SEPTEMBER 2008,DATE ADDED</my:Keywords>
    <my:PublicationDate>2008-10-06T00:00:00</my:PublicationDate>
  </my:myFields>