<?mso-infoPathSolution name="urn:schemas-microsoft-com:office:infopath:ResourceForm:-myXSD-2010-08-09T08-39-43" solutionVersion="1.0.0.68" productVersion="14.0.0.0" PIVersion="1.0.0.0" href="http://localhost:8081/FormServerTemplates/ARMSResourceForm.xsn"?>
  <?mso-application progid="InfoPath.Document" versionProgid="InfoPath.Document.3"?>
  <?mso-infoPath-file-attachment-present ?>
  <my:myFields xmlns:my="http://schemas.microsoft.com/office/infopath/2003/myXSD/2010-08-09T08:39:43" xmlns:xsi="http://www.w3.org/2001/XMLSchema-instance" xmlns:pc="http://schemas.microsoft.com/office/infopath/2007/PartnerControls" xmlns:ma="http://schemas.microsoft.com/office/2009/metadata/properties/metaAttributes" xmlns:d="http://schemas.microsoft.com/office/infopath/2009/WSSList/dataFields" xmlns:q="http://schemas.microsoft.com/office/infopath/2009/WSSList/queryFields" xmlns:dfs="http://schemas.microsoft.com/office/infopath/2003/dataFormSolution" xmlns:dms="http://schemas.microsoft.com/office/2009/documentManagement/types" xmlns:xd="http://schemas.microsoft.com/office/infopath/2003" xmlns:xhtml="http://www.w3.org/1999/xhtml">
    <my:Title>2008 Annual evidence update on CAM in depression: Background information</my:Title>
    <my:URL>http://www.library.nhs.uk//cam/ViewResource.aspx?resID=295162</my:URL>
    <my:Publisher>CAM Specialist Library</my:Publisher>
    <my:AdditionalContributors />
    <my:GeographicalAreas />
    <my:PublicationType>Review</my:PublicationType>
    <my:Description>
      <html xmlns="http://www.w3.org/1999/xhtml" xml:space="preserve">
        111-12008 Annual evidence update on CAM in depression: Background information<p><strong>Complementary therapy use in depression</strong></p>
<p>A series of national surveys have suggested that the use of complementary therapies by individuals suffering with depression is not only significant but increasing over time (1-5). In the US, a large survey demonstrated that depression, along with anxiety and insomnia, was among the most common reasons for individuals to seek treatment with complementary therapies: 22.4% of respondents who met the criteria for major depression had used therapies during the past 12 months.(1) Similar findings were reported from Canada where the prevalence of use in those with major depression was 19.4% in 1994-95 and 23.8% by 1996-97.(5) The situation was similar in Australia: a survey of over 6000 randomly selected adults suggested that self-help strategies including complementary therapies were very commonly used to cope with depression.(4) <br /></p>
<p>A recent qualitative study conducted in the UK with 60 patients from four primary care practices in the West Midlands, revealed that almost two-thirds of participants had attempted to use self-chosen therapies during their recent illness though few had discussed their use with health service practitioners (6). A wide range of different therapies are reported to be used as demonstrated by the topics addressed by studies and reviews that have been published.</p>
<p><strong><br />Why do people choose to use complementary therapies? </strong></p>
<p>The study of patients from four primary care practices indicated that use of self-chosen therapies was linked to a belief that they were natural and the desire to avoid consulting health professionals. Conversely, those that did not use self-chosen therapies reported confidence in health practitioners and concern about the possibility of drug interactions.(6) </p>
<p><br /><strong>Which therapies do they use? </strong></p>
<p>A wide range of different therapies are reported to be used with patterns of use varying by country. In the US, relaxation techniques and forms of healing were most frequently used.(2) A more recent survey indicated that manual therapies (such as massage), medicinal herbs and teas and nutritional supplements were most popular with women with depression.(7) In Australia, for mild depression, the therapies used included massage and meditation, while those for moderate depression included aromatherapy, St John’s wort (Hypericum perforatum), yoga and nutritional supplements. Relaxation therapy was mentioned in relation to moderate to severe episodes but no complementary therapies were reported to be used for severe depression. In the small sample studied in the UK by Badger and Nolan, St John’s wort was the most frequently used therapy.<br /></p>
<p><strong><br />Are complementary therapies covered by national guidelines on depression?</strong></p>
<p>The <a href="http://www.nice.org.uk/CG023">NICE guidelines on depression</a> (8) currently include the following statement on St John’s wort:</p>
<blockquote>
<p><em>Although there is evidence that St John’s wort may be of benefit in mild or moderate depression, healthcare professionals should not prescribe or advise its use by patients because of uncertainty about appropriate doses, variation in the nature of preparations and potential serious interactions with other drugs (including oral contraceptives, anticoagulants and anticonvulsants). (p. 60)</em></p></blockquote>
<p>The guidelines also mention mindfulness as part of mindfulness-based cognitive behavioural therapy:</p>
<blockquote>
<p><em>Mindfulness-based CBT, usually delivered in a group format, should be considered for people who are currently well but have experienced three or more previous episodes of depression, because this may significantly reduce the likelihood of future relapse. (p. 67)</em></p></blockquote>
<p>Guidelines on non-pharmacological management of mild to moderate depression are also being developed by SIGN (Scottish Intercollegiate Guidelines Network). These cover a range of complementary and alternative therapies and are currently in <a href="http://www.sign.ac.uk/pdf/depressiondraft.pdf">draft form (PDF format)</a>.</p>
<p><strong><br />References:</strong></p>
<ol><li>Unützer J, Klap R, Sturm R, Young AS, Marmon T, Shatkin J, Wells KB. Mental disorders and the use of alternative medicine: results from a national survey. <em>American Journal of Psychiatry</em>. 2000, 157(11):1851-7. [<a href="http://ajp.psychiatryonline.org/cgi/content/full/157/11/1851">Full text</a>]</li>
<li>Kessler RC, Soukup J, Davis RB, Foster DF, Wilkey SA, Van Rompay MI MI, Eisenberg DM. The use of complementary and alternative therapies to treat anxiety and depression in the United States. <em>American Journal of Psychiatry</em>. 2001, 158(2):289-94. [<a href="http://ajp.psychiatryonline.org/cgi/content/full/158/2/289">Full text</a>]</li>
<li>Wang JL, Patten SB, Russell ML. Alternative medicine use by individuals with major depression. <em>Canadian Journal of Psychiatry</em>. 2001, 46(6):528-33. [<a href="http://www.ncbi.nlm.nih.gov/pubmed/11526809?ordinalpos=16&amp;itool=EntrezSystem2.PEntrez.Pubmed.Pubmed_ResultsPanel.Pubmed_DefaultReportPanel.Pubmed_RVDocSum">PubMed abstract</a>]</li>
<li>Jorm AF, Griffiths KM, Christensen H, Parslow RA, Rogers B. Actions taken to cope with depression at different levels of severity: a community survey. <em>Psychological Medicine</em>. 2004, 34(2):293-9. [<a href="http://www.ncbi.nlm.nih.gov/pubmed/14982135?ordinalpos=5&amp;itool=EntrezSystem2.PEntrez.Pubmed.Pubmed_ResultsPanel.Pubmed_DefaultReportPanel.Pubmed_RVDocSum">PubMed abstract</a>]</li>
<li>Wang J, Patten SB, Williams JV, Currie S, Beck CA, Maxwell CJ, El-Guebaly N. Help-seeking behaviours of individuals with mood disorders. <em>Canadian Journal of Psychiatry</em>. 2005 Sep;50(10):652-9. [<a href="http://www.ncbi.nlm.nih.gov/pubmed/16276857?ordinalpos=5&amp;itool=EntrezSystem2.PEntrez.Pubmed.Pubmed_ResultsPanel.Pubmed_DefaultReportPanel.Pubmed_RVDocSum">PubMed abstract</a>]</li>
<li>Badger F, Nolan P. Use of self-chosen therapies by depressed people in primary care. <em>Journal of Clinical Nursing</em>. 2007 Jul;16(7):1343-52. [<a href="http://www.ncbi.nlm.nih.gov/pubmed/17584353?ordinalpos=1&amp;itool=EntrezSystem2.PEntrez.Pubmed.Pubmed_ResultsPanel.Pubmed_DefaultReportPanel.Pubmed_RVDocSum">PubMed abstract</a>]</li>
<li>Wu P, Fuller C,  Liu X, Lee HC, Fan B, Hoven CW, Mandell D, Wade C, Kronenberg F. Use of complementary and alternative medicine among women with depression: Results of a national survey. <em>Psychiatric Services</em>. 2007, 58:349-356. [<a href="http://ps.psychiatryonline.org/cgi/content/full/58/3/349">Full text]</a> </li>
<li><em>Depression: Management of Depression in Primary and Secondary Care</em>. London: National Institute for Clinical Excellence, 2004. [Amended April 2007]. Available at: <a href="http://www.nice.org.uk/CG023">http://www.nice.org.uk/CG023</a>. </li></ol><p> </p>
<p><strong><a><strong>Link back to 2008 Annual evidence update on CAM in depression</strong></a></strong><br /></p>
       </html>
    </my:Description>
    <my:ResourceType>Article</my:ResourceType>
    <my:Attachment xsi:nil="true" />
    <my:HasAttachment>false</my:HasAttachment>
    <my:Speciality>Complementary and Alternative Medicine</my:Speciality>
    <my:Keywords>COMPLEMENTARY AND ALTERNATIVE MEDICINE,CONDITIONS D-E,CONDITIONS A-Z,DEPRESSION,DATE ADDED,OCTOBER 2008</my:Keywords>
    <my:PublicationDate>2008-10-06T00:00:00</my:PublicationDate>
  </my:myFields>