<?mso-infoPathSolution name="urn:schemas-microsoft-com:office:infopath:ResourceForm:-myXSD-2010-08-09T08-39-43" solutionVersion="1.0.0.68" productVersion="14.0.0.0" PIVersion="1.0.0.0" href="http://localhost:8081/FormServerTemplates/ARMSResourceForm.xsn"?>
  <?mso-application progid="InfoPath.Document" versionProgid="InfoPath.Document.3"?>
  <?mso-infoPath-file-attachment-present ?>
  <my:myFields xmlns:my="http://schemas.microsoft.com/office/infopath/2003/myXSD/2010-08-09T08:39:43" xmlns:xsi="http://www.w3.org/2001/XMLSchema-instance" xmlns:pc="http://schemas.microsoft.com/office/infopath/2007/PartnerControls" xmlns:ma="http://schemas.microsoft.com/office/2009/metadata/properties/metaAttributes" xmlns:d="http://schemas.microsoft.com/office/infopath/2009/WSSList/dataFields" xmlns:q="http://schemas.microsoft.com/office/infopath/2009/WSSList/queryFields" xmlns:dfs="http://schemas.microsoft.com/office/infopath/2003/dataFormSolution" xmlns:dms="http://schemas.microsoft.com/office/2009/documentManagement/types" xmlns:xd="http://schemas.microsoft.com/office/infopath/2003" xmlns:xhtml="http://www.w3.org/1999/xhtml">
    <my:Title>2008 Annual evidence update on CAM in depression: Methodology</my:Title>
    <my:URL>http://www.library.nhs.uk//cam/ViewResource.aspx?resID=295247</my:URL>
    <my:Publisher>CAM Specialist Library</my:Publisher>
    <my:AdditionalContributors />
    <my:GeographicalAreas />
    <my:PublicationType>Reference Material</my:PublicationType>
    <my:Description>
      <html xmlns="http://www.w3.org/1999/xhtml" xml:space="preserve">
        111-12008 Annual evidence update on CAM in depression: Methodology<p>The aim of the Annual Evidence Update (AEU) on CAM for Depression is to identify, organise and present the most up-to-date evidence for this topic. As this is the first update, we have comprehensively searched a large number of databases, covering the period from January 2004 to September 2008. </p>
<p>This update is linked to the <a href="http://www.library.nhs.uk/mentalHealth/Page.aspx?pagename=DEPRESSION">Annual Evidence Update on Depression</a> hosted by the Mental Health Specialist Library. It also builds on work previously conducted as part of the <a href="http://www.rccm.org.uk/cameol/include/login.aspx?ReturnUrl=%2fcameol%2fDefault.aspx">CAMEOL project</a>. In order to meet the needs of the CAMEOL project, the methods differ to some extent from those used in previous AEU.</p><br /><p><strong>Preparatory work</strong></p>
<p>In order to focus on therapies that are likely to be used by people with depression, the following sources were examined in April 2008 for all therapies mentioned in relation to the treatment of or use in depression:</p>
<ul><li>UK mental health websites</li>
<ul><li><a href="http://www.depressionalliance.org/">Depression Alliance</a></li>
<li><a href="http://www.mind.org.uk/">MIND</a></li>
<li><a href="http://www.mentalhealth.org.uk/">Mental Health Foundation</a> </li>
<li><a href="http://www.rethink.org/">Rethink</a></li>
<li><a href="http://www.rcpsych.ac.uk/">Royal College of Psychiatrists</a></li></ul><li>International CAM websites (NCCAM, USA, <a href="http://nccam.nih.gov/">http://nccam.nih.gov/</a>)</li>
<li>International depression websites (BluePages Depression Information, Australia, <a href="http://bluepages.anu.edu.au/">http://bluepages.anu.edu.au/</a>)</li>
<li>National surveys on the use of complementary therapies in depression (listed under <a>Background information</a>)</li></ul><p><strong><br />Search strategy</strong></p>
<p>Based on the above work, the search strategy included text words and terms for CAM in general and for specific CAM therapies mentioned in any of the sources examined. These were combined with text word and terms for depression. Methodological filters for systematic reviews and randomised controlled trials (RCTs) were also used. </p>
<p>The search strategy can be found <a>here</a>.</p>
<p><strong><br />Sources searched</strong></p>
<p>The Cochrane Library (CDSR, CENTRAL, DARE, HTA, NHS EED), PubMed (and MEDLINE), EMBASE, AMED, CINAHL, PsycINFO</p>
<p>Mental Health SL</p>
<p><strong><br />Search process </strong></p>
<p>The searches for systematic reviews were carried out in May-June 2008 and were limited to articles published since January 2004. To identify relevant systematic reviews the information specialist has searched the sources listed above using the CAM SL systematic reviews filter, which emphasizes specificity (precision) over sensitivity. In addition a search of PubMed using the systematic reviews subset was conducted.</p>
<p>The Cochrane Library CENTRAL database was searched to identify RCTs published since 2004. As some of the searches for the CDAN register had been carried out in mid-2007, additional searches for RCTs were carried out in June-August 2008 in all major databases to identify more recent studies. Further searches of individual therapies not included in the original search strategy were also conducted (e.g. for individual herbs).</p>
<p><strong><br />Selection criteria</strong></p>
<p>Study types: guidance/guidelines, systematic reviews, meta-analyses, HTA reports, cost effectiveness and economic evaluation studies, RCTs.</p>
<p>Systematic reviews must have met the following inclusion criteria:<br />- Explicit description of search process and statement of methodology (at least 2 sources must have been searched and there must be a statement that the study is a meta-analysis or a systematic review). <br />- Focused on depression<br /> <br />Exclusion criteria:<br />- The study is not one of the types specified above<br />- The main focus is not on depression (e.g., a systematic review on specific therapy, which may include a range of conditions)  </p>
<p><em>Note<br />Studies likely to be of particular interest but not meeting the inclusion criteria above (e.g. methodology studies, qualitative research) have been included where relevant and listed under ‘Other studies of Interest’.</em></p>
<p><strong><br />Search results</strong></p>
<p>The total number of records retrieved was 1417 systematic reviews (SRs) and 2103 RCTs. After removing the duplicates there were 867 SRs and 1208 RCTs. Of these, 115 were selected as potential systematic reviews and 216 as potential RCTs. The final selection includes 54 systematic reviews and 103 RCTs (including 12 ongoing trials).<br /></p>
<p>A list of the relevant guidelines, systematic reviews and meta-analyses is given in the <a>Studies Found page</a>.</p>
<p> </p>
<p><strong><a><strong>Link back to 2008 Annual evidence update on CAM in depression</strong></a></strong><br /><br /></p>
       </html>
    </my:Description>
    <my:ResourceType>Article</my:ResourceType>
    <my:Attachment xsi:nil="true" />
    <my:HasAttachment>false</my:HasAttachment>
    <my:Speciality>Complementary and Alternative Medicine</my:Speciality>
    <my:Keywords>COMPLEMENTARY AND ALTERNATIVE MEDICINE,OCTOBER 2008,DATE ADDED</my:Keywords>
    <my:PublicationDate>2008-10-06T00:00:00</my:PublicationDate>
  </my:myFields>