<?mso-infoPathSolution name="urn:schemas-microsoft-com:office:infopath:ResourceForm:-myXSD-2010-08-09T08-39-43" solutionVersion="1.0.0.68" productVersion="14.0.0.0" PIVersion="1.0.0.0" href="http://localhost:8081/FormServerTemplates/ARMSResourceForm.xsn"?>
  <?mso-application progid="InfoPath.Document" versionProgid="InfoPath.Document.3"?>
  <?mso-infoPath-file-attachment-present ?>
  <my:myFields xmlns:my="http://schemas.microsoft.com/office/infopath/2003/myXSD/2010-08-09T08:39:43" xmlns:xsi="http://www.w3.org/2001/XMLSchema-instance" xmlns:pc="http://schemas.microsoft.com/office/infopath/2007/PartnerControls" xmlns:ma="http://schemas.microsoft.com/office/2009/metadata/properties/metaAttributes" xmlns:d="http://schemas.microsoft.com/office/infopath/2009/WSSList/dataFields" xmlns:q="http://schemas.microsoft.com/office/infopath/2009/WSSList/queryFields" xmlns:dfs="http://schemas.microsoft.com/office/infopath/2003/dataFormSolution" xmlns:dms="http://schemas.microsoft.com/office/2009/documentManagement/types" xmlns:xd="http://schemas.microsoft.com/office/infopath/2003" xmlns:xhtml="http://www.w3.org/1999/xhtml">
    <my:Title>2008 Annual evidence update on CAM in depression: Meditation and mindfulness</my:Title>
    <my:URL>http://www.library.nhs.uk//cam/ViewResource.aspx?resID=295217</my:URL>
    <my:Publisher>CAM Specialist Library</my:Publisher>
    <my:AdditionalContributors />
    <my:GeographicalAreas />
    <my:PublicationType>Review</my:PublicationType>
    <my:Description>
      <html xmlns="http://www.w3.org/1999/xhtml" xml:space="preserve">
        111-12008 Annual evidence update on CAM in depression: Meditation and mindfulness<p><strong>Meditation</strong></p>
<p>A review of meditation conducted in 2004 (Kirkwood et al 2005) succeeded in locating only a limited number of studies including two studies in which elderly patients suffering from depressive symptoms were treated with interventions consisting of meditation combined with relaxation. No evidence of a reduction in measures of depression in this group was seen while the sole study located on patients with clinical depression was a preliminary report with insufficient details for evaluation. Thus, there was a lack of evidence from controlled trials and a general lack of research in this area on which to base conclusions on either the effectiveness of meditation in easing depression or on the potential for meditation to exacerbate depression (Kirkwood et al 2005). Several studies have published subsequently in which the intervention is described as yoga but meditative techniques are either incorporated or form the basis of the intervention. For details of relevant trials (Sharma et al. 2005, 2006) see <a>section on yoga</a>.</p>
<p><strong><br />Systematic reviews</strong></p>
<p>Kirkwood G, Rampes H, Richardson J, Pilkington K. Meditation for depression: a systematic review. Complementary and Alternative Medicine Evidence Online (CAMEOL) Database. 2005. Available at: <a href="http://www.rccm.org.uk/cameol/Default.aspx">http://www.rccm.org.uk/cameol/Default.aspx</a> [Accessed Sept 2008].</p><strong>
<p><br />Randomized controlled trials (RCTs)</p>
<p></p></strong><em>See <a>yoga section</a> for more details</em>
<p>Sharma VK, Das S, Mondal S, Goswampi U, Gandhi A. Effect of Sahaj Yoga on depressive disorders. <em>Indian Journal of Physiology and Pharmacololy</em>. 2005, 49(4):462-8. [<a href="http://www.ncbi.nlm.nih.gov/pubmed/16579401?ordinalpos=2&amp;itool=EntrezSystem2.PEntrez.Pubmed.Pubmed_ResultsPanel.Pubmed_DefaultReportPanel.Pubmed_RVDocSum">PubMed abstract</a>]</p>
<p><br />Sharma VK, Das S, Mondal S, Goswami U, Gandhi A. Effect of Sahaj Yoga on neuro-cognitive functions in patients suffering from major depression. <em>Indian Journal of Physiology and Pharmacololy.</em> 2006, 50(4):375-83. [<a href="http://www.ncbi.nlm.nih.gov/pubmed/17402267?ordinalpos=1&amp;itool=EntrezSystem2.PEntrez.Pubmed.Pubmed_ResultsPanel.Pubmed_DefaultReportPanel.Pubmed_RVDocSum">PubMed abstract</a>]</p>
<p><strong><br />Mindfulness-based cognitive therapy (MBCT)</strong></p>
<p>The potential benefits of mindfulness-based cognitive therapy (MBCT) in people with depression have been reported. Two trials published in 2000 plus two of the trials listed below (Ma and Teasdale 2004, Kingston et al 2007) were included in a recent systematic review (Coelho et al 2007). The evidence from these trials suggests that, for patients with 3 or more previous depressive episodes, MBCT has an additive benefit to usual care. However, the review authors suggested that because the control groups received only usual care with no additional intervention, it is unclear if the findings are due to MBCT-specific effects. Further studies are needed to clarify whether this is the case but MBCT is currently recommended in UK guidelines for depression (section 4.6.3.10, p. 67, <a href="http://www.nice.org.uk/Guidance/CG23/Guidance/pdf/English">NICE guidelines</a>).</p>
<p><strong><br />Systematic reviews</strong></p>
<p>Coelho HF, Canter PH, Ernst E. Mindfulness-based cognitive therapy: evaluating current evidence and informing future research. <em>Journal of Consulting and Clinical Psychology</em>. 2007, 75(6):1000-5. [<a href="http://www.ncbi.nlm.nih.gov/pubmed/18085916?ordinalpos=1&amp;itool=EntrezSystem2.PEntrez.Pubmed.Pubmed_ResultsPanel.Pubmed_DefaultReportPanel.Pubmed_RVDocSum">PubMed abstract</a>]  </p>
<p><strong><br />Randomized controlled trials (RCTs)</strong></p>
<p>Barnhofer T, Duggan D, Crane C, Hepburn S, Fennell MJ, Williams JM. Effects of meditation on frontal alpha-asymmetry in previously suicidal individuals. <em>Neuroreport</em>. 2007, 18(7):709-12. [<a href="http://www.ncbi.nlm.nih.gov/pubmed/17426604?ordinalpos=2&amp;itool=EntrezSystem2.PEntrez.Pubmed.Pubmed_ResultsPanel.Pubmed_DefaultReportPanel.Pubmed_RVDocSum">PubMed abstract</a>]</p>
<p><br />Kingston T, Dooley B, Bates A, Lawlor E, Malone K. Mindfulness-based cognitive therapy for residual depressive symptoms. <em>Psychology and Psychotherapy.</em> 2007, 80(Pt 2):193-203. [<a href="http://www.ncbi.nlm.nih.gov/pubmed/17535594?ordinalpos=17&amp;itool=EntrezSystem2.PEntrez.Pubmed.Pubmed_ResultsPanel.Pubmed_DefaultReportPanel.Pubmed_RVDocSum">PubMed abstract</a>]</p>
<p><br />Ma SH, Teasdale JD. Mindfulness-based cognitive therapy for depression: replication and exploration of differential relapse prevention effects. <em>Journal of Consulting and Clinical Psychology</em>. 2004, 72(1):31-40. [<a href="http://www.ncbi.nlm.nih.gov/pubmed/14756612?ordinalpos=38&amp;itool=EntrezSystem2.PEntrez.Pubmed.Pubmed_ResultsPanel.Pubmed_DefaultReportPanel.Pubmed_RVDocSum">PubMed abstract</a>]</p>
<p><strong><br />Ongoing or unpublished studies (from Current Controlled trials) </strong></p>
<p>Butler LD and Spiegel D. Meditation and hypnosis for chronic depressed mood. <a href="http://clinicaltrials.gov/ct2/show/NCT00226863">NCT00226863</a>. Completed.</p>
<p><br />Foley D, Baille A, Renner P. CBT plus mindfulness for depression and anxiety outside model programs: Increased treatment gains? Decreased relapse rates? 29th Australian Association for Cognitive and Behaviour Therapy Annual Conference; 2006 October 18-23; Manly 2006;43.</p>
<p><br />Segal ZV. Preventing Depression Relapse With Mindfulness-Based Cognitive Therapy. <a href="http://clinicaltrials.gov/ct2/show/NCT00183560">NCT00183560</a>. Start date: 2004. Ongoing. </p>
<p><br /><strong>Other studies of interest</strong></p>
<p><strong><em>Qualitative research</em></strong> </p>
<p>Smith A, Graham L, Senthinathan S. Mindfulness-based cognitive therapy for recurring depression in older people: A qualitative study. <em>Aging &amp; Mental Health.</em> May 2007;-357. [<a href="http://www.ncbi.nlm.nih.gov/pubmed/17558586?ordinalpos=3&amp;itool=EntrezSystem2.PEntrez.Pubmed.Pubmed_ResultsPanel.Pubmed_DefaultReportPanel.Pubmed_RVDocSum">PubMed abstract</a>]</p>
<p><br />Finucane A, Mercer SW. An exploratory mixed methods study of the acceptability and effectiveness of Mindfulness-Based Cognitive Therapy for patients with active depression and anxiety in primary care. <em>BMC Psychiatry</em>. 2006 Apr 7;6:14. [<a href="http://www.biomedcentral.com/1471-244X/6/14">Full text</a>]</p>
<p> </p><strong><strong><strong>
<p><strong><strong><a><strong><strong>Link back to 2008 Annual evidence update on CAM in depression</strong></strong></a></strong></strong></p>
<p></p></strong></strong></strong> 
       </html>
    </my:Description>
    <my:ResourceType>Article</my:ResourceType>
    <my:Attachment xsi:nil="true" />
    <my:HasAttachment>false</my:HasAttachment>
    <my:Speciality>Complementary and Alternative Medicine</my:Speciality>
    <my:Keywords>COMPLEMENTARY AND ALTERNATIVE MEDICINE,CONDITIONS D-E,DEPRESSION,MEDITATION,OTHER THERAPIES OR MEDICAL SYSTEMS,CONDITIONS A-Z,MINDFULNESS-BASED STRESS REDUCTION (MBSR),OCTOBER 2008,DATE ADDED</my:Keywords>
    <my:PublicationDate>2008-10-06T00:00:00</my:PublicationDate>
  </my:myFields>