<?mso-infoPathSolution name="urn:schemas-microsoft-com:office:infopath:ResourceForm:-myXSD-2010-08-09T08-39-43" solutionVersion="1.0.0.68" productVersion="14.0.0.0" PIVersion="1.0.0.0" href="http://localhost:8081/FormServerTemplates/ARMSResourceForm.xsn"?>
  <?mso-application progid="InfoPath.Document" versionProgid="InfoPath.Document.3"?>
  <?mso-infoPath-file-attachment-present ?>
  <my:myFields xmlns:my="http://schemas.microsoft.com/office/infopath/2003/myXSD/2010-08-09T08:39:43" xmlns:xsi="http://www.w3.org/2001/XMLSchema-instance" xmlns:pc="http://schemas.microsoft.com/office/infopath/2007/PartnerControls" xmlns:ma="http://schemas.microsoft.com/office/2009/metadata/properties/metaAttributes" xmlns:d="http://schemas.microsoft.com/office/infopath/2009/WSSList/dataFields" xmlns:q="http://schemas.microsoft.com/office/infopath/2009/WSSList/queryFields" xmlns:dfs="http://schemas.microsoft.com/office/infopath/2003/dataFormSolution" xmlns:dms="http://schemas.microsoft.com/office/2009/documentManagement/types" xmlns:xd="http://schemas.microsoft.com/office/infopath/2003" xmlns:xhtml="http://www.w3.org/1999/xhtml">
    <my:Title>Safety of alternative treatments for menopausal symptoms after breast cancer: a qualitative systematic review</my:Title>
    <my:URL>http://www.ncbi.nlm.nih.gov/pubmed/17364601?ordinalpos=11&itool=EntrezSystem2.PEntrez.Pubmed.Pubmed_ResultsPanel.Pubmed_RVDocSum</my:URL>
    <my:Publisher>Parthenon</my:Publisher>
    <my:AdditionalContributors />
    <my:GeographicalAreas />
    <my:PublicationType>Systematic Review</my:PublicationType>
    <my:Description>
      <html xmlns="http://www.w3.org/1999/xhtml" xml:space="preserve">
        <p><em>This <em>study has met our selection criteria <em>but has not been fully appraised by the CAM SL</em>. Where there is an appraisal available we have linked to it. If there is no appraisal and you wish to appraise this systematic review here is a </em><a href="http://www.phru.nhs.uk/Pages/PHD/resources.htm"><em>link to a list of appraisal tools</em></a><em>.</em></em></p>
<p><strong>Citation</strong></p>
<p>Antoine C, Liebens F, Carly B, Pastijn A, Rozenberg S. Safety of alternative treatments for menopausal symptoms after breast cancer: a qualitative systematic review. <em>Climacteric</em>. 2007, 10(1):23-6.</p>
<p><strong>Authors' objectives</strong></p>
<p>This qualitative review analyzes systematically the safety of drugs used to alleviate menopausal symptoms, other than hormone replacement therapy, in breast cancer patients. </p>
<p><strong>Authors' conclusions</strong></p>
<p>There are no valuable data indicating the absence of a harmful effect of drugs used to alleviate climacteric symptoms in breast cancer patients. There is a need for randomized trials to assess the safety of these drugs. In the meantime, patients should be informed about the absence of safety data.<br /></p>
<p><strong>Access</strong></p>
<p>NHS staff: for full text access to this resource contact your <a href="http://www.library.nhs.uk/mylibrary/default.aspx">local NHS library</a>.  </p>
       </html>
    </my:Description>
    <my:ResourceType>CARDEX</my:ResourceType>
    <my:Attachment xsi:nil="true" />
    <my:HasAttachment>false</my:HasAttachment>
    <my:Speciality>Complementary and Alternative Medicine</my:Speciality>
    <my:Keywords>COMPLEMENTARY AND ALTERNATIVE MEDICINE,CANCER,CONDITIONS A-B,CONDITIONS C,CONDITIONS M-O,CONDITIONS A-Z,HERBAL MEDICINE,MENOPAUSAL SYMPTOMS,BREAST CANCER,CAM GENERAL,OCTOBER 2008,DATE ADDED,SAFETY</my:Keywords>
    <my:PublicationDate>2007-02-01T00:00:00</my:PublicationDate>
  </my:myFields>