<?mso-infoPathSolution name="urn:schemas-microsoft-com:office:infopath:ResourceForm:-myXSD-2010-08-09T08-39-43" solutionVersion="1.0.0.68" productVersion="14.0.0.0" PIVersion="1.0.0.0" href="http://localhost:8081/FormServerTemplates/ARMSResourceForm.xsn"?>
  <?mso-application progid="InfoPath.Document" versionProgid="InfoPath.Document.3"?>
  <?mso-infoPath-file-attachment-present ?>
  <my:myFields xmlns:my="http://schemas.microsoft.com/office/infopath/2003/myXSD/2010-08-09T08:39:43" xmlns:xsi="http://www.w3.org/2001/XMLSchema-instance" xmlns:pc="http://schemas.microsoft.com/office/infopath/2007/PartnerControls" xmlns:ma="http://schemas.microsoft.com/office/2009/metadata/properties/metaAttributes" xmlns:d="http://schemas.microsoft.com/office/infopath/2009/WSSList/dataFields" xmlns:q="http://schemas.microsoft.com/office/infopath/2009/WSSList/queryFields" xmlns:dfs="http://schemas.microsoft.com/office/infopath/2003/dataFormSolution" xmlns:dms="http://schemas.microsoft.com/office/2009/documentManagement/types" xmlns:xd="http://schemas.microsoft.com/office/infopath/2003" xmlns:xhtml="http://www.w3.org/1999/xhtml">
    <my:Title>Efficacy of St. John's wort extract WS 5570 in acute treatment of mild depression: a reanalysis of data from controlled clinical trials</my:Title>
    <my:URL>http://www.ncbi.nlm.nih.gov/pubmed/18084790?dopt=Citation</my:URL>
    <my:Publisher>Springer-Verlag</my:Publisher>
    <my:AdditionalContributors />
    <my:GeographicalAreas />
    <my:PublicationType>Research Study</my:PublicationType>
    <my:Description>
      <html xmlns="http://www.w3.org/1999/xhtml" xml:space="preserve">
        <p><em>This <em>study has met our selection criteria <em>but has not been fully appraised by the CAM SL</em>. Where there is an appraisal available we have linked to it. If there is no appraisal and you wish to appraise this systematic review here is a </em><a href="http://www.phru.nhs.uk/Pages/PHD/resources.htm"><em>link to a list of appraisal tools</em></a><em>.</em></em></p>
<p><strong>Citation</strong></p>
<p>Kasper S, Gastpar M, Muller WE, Volz HP, Dienel A, Kieser M, et al. Efficacy of St. John's wort extract WS 5570 in acute treatment of mild depression: a reanalysis of data from controlled clinical trials. <em>European Archives of Psychiatry Clinical Neuroscience</em>. 2008, 258(1):59-63. </p>
<p><strong>Authors' objectives</strong></p>
<p>Based on the original data from two double-blind, randomized, placebo-controlled clinical trials and the acute phase of a long-term study that investigated the antidepressant efficacy of St. John's wort extract WS 5570, the author aimed to present a re-analysis of a subset of patients suffering from an acute episode of mild depression according to DSM criteria.</p>
<p><strong>Authors' conclusions</strong></p>
<p>The analysis showed that St. John's wort extract WS 5570 had a meaningful beneficial effect during acute treatment of patients suffering from mild depression and leads to a substantial increase in the probability of remission.<br /></p>
<p><strong>Access</strong></p>
<p>NHS staff: for full text access to this resource contact your <a href="http://www.library.nhs.uk/mylibrary/default.aspx">local NHS library</a>.  </p>
<p> </p>
       </html>
    </my:Description>
    <my:ResourceType>CARDEX</my:ResourceType>
    <my:Attachment xsi:nil="true" />
    <my:HasAttachment>false</my:HasAttachment>
    <my:Speciality>Complementary and Alternative Medicine</my:Speciality>
    <my:Keywords>COMPLEMENTARY AND ALTERNATIVE MEDICINE,CONDITIONS D-E,CONDITIONS A-Z,DEPRESSION,HERBAL MEDICINE,ST JOHN'S WORT (HYPERICUM PERFORATUM),HERBS R-Z,OCTOBER 2008,DATE ADDED</my:Keywords>
    <my:PublicationDate>2008-02-01T00:00:00</my:PublicationDate>
  </my:myFields>