<?mso-infoPathSolution name="urn:schemas-microsoft-com:office:infopath:ResourceForm:-myXSD-2010-08-09T08-39-43" solutionVersion="1.0.0.68" productVersion="14.0.0.0" PIVersion="1.0.0.0" href="http://localhost:8081/FormServerTemplates/ARMSResourceForm.xsn"?>
  <?mso-application progid="InfoPath.Document" versionProgid="InfoPath.Document.3"?>
  <?mso-infoPath-file-attachment-present ?>
  <my:myFields xmlns:my="http://schemas.microsoft.com/office/infopath/2003/myXSD/2010-08-09T08:39:43" xmlns:xsi="http://www.w3.org/2001/XMLSchema-instance" xmlns:pc="http://schemas.microsoft.com/office/infopath/2007/PartnerControls" xmlns:ma="http://schemas.microsoft.com/office/2009/metadata/properties/metaAttributes" xmlns:d="http://schemas.microsoft.com/office/infopath/2009/WSSList/dataFields" xmlns:q="http://schemas.microsoft.com/office/infopath/2009/WSSList/queryFields" xmlns:dfs="http://schemas.microsoft.com/office/infopath/2003/dataFormSolution" xmlns:dms="http://schemas.microsoft.com/office/2009/documentManagement/types" xmlns:xd="http://schemas.microsoft.com/office/infopath/2003" xmlns:xhtml="http://www.w3.org/1999/xhtml">
    <my:Title>Self-help interventions for depressive disorders and depressive symptoms: A systematic review</my:Title>
    <my:URL>http://www.pubmedcentral.nih.gov/articlerender.fcgi?tool=pubmed&pubmedid=18710579</my:URL>
    <my:Publisher>BioMed Central</my:Publisher>
    <my:AdditionalContributors />
    <my:GeographicalAreas />
    <my:PublicationType>Systematic Review</my:PublicationType>
    <my:Description>
      <html xmlns="http://www.w3.org/1999/xhtml" xml:space="preserve">
        <p><em>This <em>study has met our selection criteria <em>but has not been fully appraised by the CAM SL</em>. Where there is an appraisal available we have linked to it. If there is no appraisal and you wish to appraise this systematic review here is a </em><a href="http://www.phru.nhs.uk/Pages/PHD/resources.htm"><em>link to a list of appraisal tools</em></a><em>.</em></em></p>
<p><strong>Citation</strong></p>
<p>Morgan AJ, Jorm AF. Self-help interventions for depressive disorders and depressive symptoms: A systematic review. <em>Annals of General Psychiatry</em>. 2008, 7(1):13. </p>
<p><strong>Authors' objectives</strong></p>
<p>To review the evidence for self-help interventions for depressive symptoms with the aim of identifying promising interventions that could inform future health promotion campaigns or stimulate further research. </p>
<p><strong>Authors' conclusions</strong></p>
<p>A number of self-help interventions have promising evidence for reducing subthreshold depressive symptoms. Other forms of evidence such as expert consensus may be more appropriate for interventions that are not feasible to evaluate in randomised controlled trials. There needs to be evaluation of whether promotion to the public of effective self-help strategies for subthreshold depressive symptoms could delay or prevent onset of depressive illness, reduce functional impairment, and prevent progression to other undesirable outcomes such as harmful use of substances.<br /></p>
       </html>
    </my:Description>
    <my:ResourceType>CARDEX</my:ResourceType>
    <my:Attachment xsi:nil="true" />
    <my:HasAttachment>false</my:HasAttachment>
    <my:Speciality>Complementary and Alternative Medicine</my:Speciality>
    <my:Keywords>COMPLEMENTARY AND ALTERNATIVE MEDICINE,RELAXATION TECHNIQUES,CONDITIONS D-E,CONDITIONS A-Z,DEPRESSION,OTHER THERAPIES OR MEDICAL SYSTEMS,ST JOHN'S WORT (HYPERICUM PERFORATUM),HERBAL MEDICINE,DIETARY AND NUTRITIONAL THERAPIES,HERBS R-Z,LIGHT THERAPY,OCTOBER 2008,DATE ADDED,SAME (S-ADENOSYL-L-METHIONINE),NUTRITIONAL SUPPLEMENTS,OTHER SUPPLEMENTS</my:Keywords>
    <my:PublicationDate>2008-08-01T00:00:00</my:PublicationDate>
  </my:myFields>