<?mso-infoPathSolution name="urn:schemas-microsoft-com:office:infopath:ResourceForm:-myXSD-2010-08-09T08-39-43" solutionVersion="1.0.0.68" productVersion="14.0.0.0" PIVersion="1.0.0.0" href="http://localhost:8081/FormServerTemplates/ARMSResourceForm.xsn"?>
  <?mso-application progid="InfoPath.Document" versionProgid="InfoPath.Document.3"?>
  <?mso-infoPath-file-attachment-present ?>
  <my:myFields xmlns:my="http://schemas.microsoft.com/office/infopath/2003/myXSD/2010-08-09T08:39:43" xmlns:xsi="http://www.w3.org/2001/XMLSchema-instance" xmlns:pc="http://schemas.microsoft.com/office/infopath/2007/PartnerControls" xmlns:ma="http://schemas.microsoft.com/office/2009/metadata/properties/metaAttributes" xmlns:d="http://schemas.microsoft.com/office/infopath/2009/WSSList/dataFields" xmlns:q="http://schemas.microsoft.com/office/infopath/2009/WSSList/queryFields" xmlns:dfs="http://schemas.microsoft.com/office/infopath/2003/dataFormSolution" xmlns:dms="http://schemas.microsoft.com/office/2009/documentManagement/types" xmlns:xd="http://schemas.microsoft.com/office/infopath/2003" xmlns:xhtml="http://www.w3.org/1999/xhtml">
    <my:Title>An update on clinical drug interactions with the herbal antidepressant St. John's wort</my:Title>
    <my:URL>http://www.ncbi.nlm.nih.gov/pubmed/18537576?ordinalpos=1&itool=EntrezSystem2.PEntrez.Pubmed.Pubmed_ResultsPanel.Pubmed_DefaultReportPanel.Pubmed_RVDocSum</my:URL>
    <my:Publisher>Bentham Science Publishers</my:Publisher>
    <my:AdditionalContributors />
    <my:GeographicalAreas />
    <my:PublicationType>Systematic Review</my:PublicationType>
    <my:Description>
      <html xmlns="http://www.w3.org/1999/xhtml" xml:space="preserve">
        <p><em>This <em>study has met our selection criteria <em>but has not been fully appraised by the CAM SL</em>. Where there is an appraisal available we have linked to it. If there is no appraisal and you wish to appraise this systematic review here is a </em><a href="http://www.phru.nhs.uk/Pages/PHD/resources.htm"><em>link to a list of appraisal tools</em></a><em>.</em></em></p>
<p><strong>Citation</strong></p>
<p>Zhou SF, Lai X. An update on clinical drug interactions with the herbal antidepressant St. John's wort. <em>Current Drug Metabolism</em>. 2008, 9(5):394-409. </p>
<p><strong>Authors' objectives</strong></p>
<p>To update the knowledge regarding drug interactions with SJW by a systematic review of all the available evidence, including worldwide published literature and spontaneous case reports. </p>
<p><strong>Authors' conclusions</strong></p>
<p>Further clinical and mechanistic studies are warranted to explore the interaction of SJW with other important drugs and clinical significance.<br /></p>
<p><strong>Access</strong></p>
<p>NHS staff: for full text access to this resource contact your <a href="http://www.library.nhs.uk/mylibrary/default.aspx">local NHS library</a>.  </p>
       </html>
    </my:Description>
    <my:ResourceType>CARDEX</my:ResourceType>
    <my:Attachment xsi:nil="true" />
    <my:HasAttachment>false</my:HasAttachment>
    <my:Speciality>Complementary and Alternative Medicine</my:Speciality>
    <my:Keywords>COMPLEMENTARY AND ALTERNATIVE MEDICINE,CAM GENERAL,HERBS R-Z,HERBAL MEDICINE,ST JOHN'S WORT (HYPERICUM PERFORATUM),CONDITIONS A-Z,DEPRESSION,CONDITIONS D-E,SAFETY,DATE ADDED,OCTOBER 2008</my:Keywords>
    <my:PublicationDate>2008-06-01T00:00:00</my:PublicationDate>
  </my:myFields>