<?mso-infoPathSolution name="urn:schemas-microsoft-com:office:infopath:ResourceForm:-myXSD-2010-08-09T08-39-43" solutionVersion="1.0.0.68" productVersion="14.0.0.0" PIVersion="1.0.0.0" href="http://localhost:8081/FormServerTemplates/ARMSResourceForm.xsn"?>
  <?mso-application progid="InfoPath.Document" versionProgid="InfoPath.Document.3"?>
  <?mso-infoPath-file-attachment-present ?>
  <my:myFields xmlns:my="http://schemas.microsoft.com/office/infopath/2003/myXSD/2010-08-09T08:39:43" xmlns:xsi="http://www.w3.org/2001/XMLSchema-instance" xmlns:pc="http://schemas.microsoft.com/office/infopath/2007/PartnerControls" xmlns:ma="http://schemas.microsoft.com/office/2009/metadata/properties/metaAttributes" xmlns:d="http://schemas.microsoft.com/office/infopath/2009/WSSList/dataFields" xmlns:q="http://schemas.microsoft.com/office/infopath/2009/WSSList/queryFields" xmlns:dfs="http://schemas.microsoft.com/office/infopath/2003/dataFormSolution" xmlns:dms="http://schemas.microsoft.com/office/2009/documentManagement/types" xmlns:xd="http://schemas.microsoft.com/office/infopath/2003" xmlns:xhtml="http://www.w3.org/1999/xhtml">
    <my:Title>Herb-drug interactions: A review and study based on assessment of clinical case reports in literature</my:Title>
    <my:URL>http://www.ijp-online.com/article.asp?issn=0253-7613;year=2007;volume=39;issue=3;spage=129;epage=139;aulast=Gohil</my:URL>
    <my:Publisher>Indian Pharmacological Society</my:Publisher>
    <my:AdditionalContributors />
    <my:GeographicalAreas />
    <my:PublicationType>Systematic Review</my:PublicationType>
    <my:Description>
      <html xmlns="http://www.w3.org/1999/xhtml" xml:space="preserve">
        <p><em>This <em>study has met our selection criteria <em>but has not been fully appraised by the CAM SL</em>. Where there is an appraisal available we have linked to it. If there is no appraisal and you wish to appraise this systematic review here is a </em><a href="http://www.phru.nhs.uk/Pages/PHD/resources.htm"><em>link to a list of appraisal tools</em></a><em>.</em></em></p>
<p><strong>Citation</strong></p>
<p>Gohil KJ, Patel JA. Herb-drug interactions: A review and study based on assessment of clinical case reports in literature. <em>Indian Journal of Pharmacology</em>. 2007, 39(3):129-39. </p>
<p><strong>Authors' objectives</strong></p>
<p>To conduct a systematic review of literature on interactions between conventional drugs and various herbs. </p>
<p><strong>Authors' conclusions</strong></p>
<p>Herb-drug interactions are a stark reality today. Hence, proper reporting of cases, careful vigilance, evidence-based appraisal and constantly updated reviews of such herb-drug interactions are very important to promote systematic research.</p>
       </html>
    </my:Description>
    <my:ResourceType>CARDEX</my:ResourceType>
    <my:Attachment xsi:nil="true" />
    <my:HasAttachment>false</my:HasAttachment>
    <my:Speciality>Complementary and Alternative Medicine</my:Speciality>
    <my:Keywords>COMPLEMENTARY AND ALTERNATIVE MEDICINE,ST JOHN'S WORT (HYPERICUM PERFORATUM),HERBAL MEDICINE,CAM GENERAL,HERBS R-Z,OCTOBER 2008,DATE ADDED,SAFETY</my:Keywords>
    <my:PublicationDate>2007-06-01T00:00:00</my:PublicationDate>
  </my:myFields>