<?mso-infoPathSolution name="urn:schemas-microsoft-com:office:infopath:ResourceForm:-myXSD-2010-08-09T08-39-43" solutionVersion="1.0.0.68" productVersion="14.0.0.0" PIVersion="1.0.0.0" href="http://localhost:8081/FormServerTemplates/ARMSResourceForm.xsn"?>
  <?mso-application progid="InfoPath.Document" versionProgid="InfoPath.Document.3"?>
  <?mso-infoPath-file-attachment-present ?>
  <my:myFields xmlns:my="http://schemas.microsoft.com/office/infopath/2003/myXSD/2010-08-09T08:39:43" xmlns:xsi="http://www.w3.org/2001/XMLSchema-instance" xmlns:pc="http://schemas.microsoft.com/office/infopath/2007/PartnerControls" xmlns:ma="http://schemas.microsoft.com/office/2009/metadata/properties/metaAttributes" xmlns:d="http://schemas.microsoft.com/office/infopath/2009/WSSList/dataFields" xmlns:q="http://schemas.microsoft.com/office/infopath/2009/WSSList/queryFields" xmlns:dfs="http://schemas.microsoft.com/office/infopath/2003/dataFormSolution" xmlns:dms="http://schemas.microsoft.com/office/2009/documentManagement/types" xmlns:xd="http://schemas.microsoft.com/office/infopath/2003" xmlns:xhtml="http://www.w3.org/1999/xhtml">
    <my:Title>Is low folate a risk factor for depression? A meta-analysis and exploration of heterogeneity</my:Title>
    <my:URL>http://www.ncbi.nlm.nih.gov/pubmed/17568057?dopt=Citation</my:URL>
    <my:Publisher>British Medical Association</my:Publisher>
    <my:AdditionalContributors />
    <my:GeographicalAreas />
    <my:PublicationType>Systematic Review</my:PublicationType>
    <my:Description>
      <html xmlns="http://www.w3.org/1999/xhtml" xml:space="preserve">
        <p><em>This <em>study has met our selection criteria <em>but has not been fully appraised by the CAM SL</em>. Where there is an appraisal available we have linked to it. If there is no appraisal and you wish to appraise this systematic review here is a </em><a href="http://www.phru.nhs.uk/Pages/PHD/resources.htm"><em>link to a list of appraisal tools</em></a><em>.</em></em></p>
<p><strong>Citation</strong></p>
<p>Gilbody S, Lightfoot T, Sheldon T. Is low folate a risk factor for depression? A meta-analysis and exploration of heterogeneity. <em>Journal of Epidemiology and Community Health</em>. 2007, 61(7):631-7.</p>
<p><strong>Authors' objectives</strong></p>
<p>To conduct a systematic review of observational studies which examine the association between depression and folate. </p>
<p><strong>Authors' conclusions</strong></p>
<p>There is accumulating evidence that low folate status is associated with depression. Much of this evidence comes from case-control and cross-sectional studies. Cohort studies and definitive randomised-controlled trials to test the therapeutic benefit of folate are required to confirm or refute a causal relationship.<br /></p>
<p><strong>Access</strong></p>
<p>Full text of this article is <a href="http://jech.bmj.com/cgi/content/full/61/7/631">free for registered users</a>.  </p>
       </html>
    </my:Description>
    <my:ResourceType>CARDEX</my:ResourceType>
    <my:Attachment xsi:nil="true" />
    <my:HasAttachment>false</my:HasAttachment>
    <my:Speciality>Complementary and Alternative Medicine</my:Speciality>
    <my:Keywords>COMPLEMENTARY AND ALTERNATIVE MEDICINE,CONDITIONS D-E,DEPRESSION,DIETARY AND NUTRITIONAL THERAPIES,CONDITIONS A-Z,DATE ADDED,VITAMINS,FOLIC ACID,NUTRITIONAL SUPPLEMENTS,OCTOBER 2008</my:Keywords>
    <my:PublicationDate>2007-07-01T00:00:00</my:PublicationDate>
  </my:myFields>