<?mso-infoPathSolution name="urn:schemas-microsoft-com:office:infopath:ResourceForm:-myXSD-2010-08-09T08-39-43" solutionVersion="1.0.0.68" productVersion="14.0.0.0" PIVersion="1.0.0.0" href="http://localhost:8081/FormServerTemplates/ARMSResourceForm.xsn"?>
  <?mso-application progid="InfoPath.Document" versionProgid="InfoPath.Document.3"?>
  <?mso-infoPath-file-attachment-present ?>
  <my:myFields xmlns:my="http://schemas.microsoft.com/office/infopath/2003/myXSD/2010-08-09T08:39:43" xmlns:xsi="http://www.w3.org/2001/XMLSchema-instance" xmlns:pc="http://schemas.microsoft.com/office/infopath/2007/PartnerControls" xmlns:ma="http://schemas.microsoft.com/office/2009/metadata/properties/metaAttributes" xmlns:d="http://schemas.microsoft.com/office/infopath/2009/WSSList/dataFields" xmlns:q="http://schemas.microsoft.com/office/infopath/2009/WSSList/queryFields" xmlns:dfs="http://schemas.microsoft.com/office/infopath/2003/dataFormSolution" xmlns:dms="http://schemas.microsoft.com/office/2009/documentManagement/types" xmlns:xd="http://schemas.microsoft.com/office/infopath/2003" xmlns:xhtml="http://www.w3.org/1999/xhtml">
    <my:Title>Omega-3 fatty acids: evidence basis for treatment and future research in psychiatry</my:Title>
    <my:URL>http://www.ncbi.nlm.nih.gov/pubmed/17194275?dopt=Citation</my:URL>
    <my:Publisher>Physicians Postgraduate Press</my:Publisher>
    <my:AdditionalContributors />
    <my:GeographicalAreas />
    <my:PublicationType>Systematic Review</my:PublicationType>
    <my:Description>
      <html xmlns="http://www.w3.org/1999/xhtml" xml:space="preserve">
        <p><em>This <em>study has met our selection criteria <em>but has not been fully appraised by the CAM SL</em>. Where there is an appraisal available we have linked to it. If there is no appraisal and you wish to appraise this systematic review here is a </em><a href="http://www.phru.nhs.uk/Pages/PHD/resources.htm"><em>link to a list of appraisal tools</em></a><em>.</em></em></p>
<p><strong>Citation</strong></p>
<p>Freeman MP, Hibbeln JR, Wisner KL, Davis JM, Mischoulon D, Peet M, et al. Omega-3 fatty acids: evidence basis for treatment and future research in psychiatry. <em>Journal of Clinical Psychiatry</em>. 2006, 67(12):1954-67.</p>
<p><strong>Authors' objectives</strong></p>
<p>To determine if the available data support the use of omega-3 essential fatty acids (EFA) for clinical use in the prevention and/or treatment of psychiatric disorders.  </p>
<p><strong>Authors' conclusions</strong></p>
<p>The preponderance of epidemiologic and tissue compositional studies supports a protective effect of omega-3 EFA intake, particularly eicosapentaenoic acid (EPA) and docosahexaenoic acid (DHA), in mood disorders. Meta-analyses of randomized controlled trials demonstrate a statistically significant benefit in unipolar and bipolar depression (p = .02). The results were highly heterogeneous, indicating that it is important to examine the characteristics of each individual study to note the differences in design and execution. There is less evidence of benefit in schizophrenia. EPA and DHA appear to have negligible risks and some potential benefit in major depressive disorder and bipolar disorder, but results remain inconclusive in most areas of interest in psychiatry. Treatment recommendations and directions for future research are described. Health benefits of omega-3 EFA may be especially important in patients with psychiatric disorders, due to high prevalence rates of smoking and obesity and the metabolic side effects of some psychotropic medications.<br /></p>
<p><strong>Access</strong></p>
<p>NHS staff: for full text access to this resource contact your <a href="http://www.library.nhs.uk/mylibrary/default.aspx">local NHS library</a>. </p>
       </html>
    </my:Description>
    <my:ResourceType>CARDEX</my:ResourceType>
    <my:Attachment xsi:nil="true" />
    <my:HasAttachment>false</my:HasAttachment>
    <my:Speciality>Complementary and Alternative Medicine</my:Speciality>
    <my:Keywords>COMPLEMENTARY AND ALTERNATIVE MEDICINE,CONDITIONS D-E,CONDITIONS M-O,DEPRESSION,DIETARY AND NUTRITIONAL THERAPIES,CONDITIONS A-Z,OCTOBER 2008,MENTAL DISORDERS,DATE ADDED,OMEGA-3 FATTY ACIDS,LIPIDS,NUTRITIONAL SUPPLEMENTS</my:Keywords>
    <my:PublicationDate>2006-12-01T00:00:00</my:PublicationDate>
  </my:myFields>