<?mso-infoPathSolution name="urn:schemas-microsoft-com:office:infopath:ResourceForm:-myXSD-2010-08-09T08-39-43" solutionVersion="1.0.0.68" productVersion="14.0.0.0" PIVersion="1.0.0.0" href="http://localhost:8081/FormServerTemplates/ARMSResourceForm.xsn"?>
  <?mso-application progid="InfoPath.Document" versionProgid="InfoPath.Document.3"?>
  <?mso-infoPath-file-attachment-present ?>
  <my:myFields xmlns:my="http://schemas.microsoft.com/office/infopath/2003/myXSD/2010-08-09T08:39:43" xmlns:xsi="http://www.w3.org/2001/XMLSchema-instance" xmlns:pc="http://schemas.microsoft.com/office/infopath/2007/PartnerControls" xmlns:ma="http://schemas.microsoft.com/office/2009/metadata/properties/metaAttributes" xmlns:d="http://schemas.microsoft.com/office/infopath/2009/WSSList/dataFields" xmlns:q="http://schemas.microsoft.com/office/infopath/2009/WSSList/queryFields" xmlns:dfs="http://schemas.microsoft.com/office/infopath/2003/dataFormSolution" xmlns:dms="http://schemas.microsoft.com/office/2009/documentManagement/types" xmlns:xd="http://schemas.microsoft.com/office/infopath/2003" xmlns:xhtml="http://www.w3.org/1999/xhtml">
    <my:Title>Risk management of nutritional supplements in chronic illness: the implications for the care of cancer and depression</my:Title>
    <my:URL>http://www.ncbi.nlm.nih.gov/pubmed/17961269?ordinalpos=4&itool=EntrezSystem2.PEntrez.Pubmed.Pubmed_ResultsPanel.Pubmed_DefaultReportPanel.Pubmed_RVDocSum</my:URL>
    <my:Publisher>CABI Publishing</my:Publisher>
    <my:AdditionalContributors />
    <my:GeographicalAreas />
    <my:PublicationType>Systematic Review</my:PublicationType>
    <my:Description>
      <html xmlns="http://www.w3.org/1999/xhtml" xml:space="preserve">
        <p><em>This <em>study has met our selection criteria <em>but has not been fully appraised by the CAM SL</em>. Where there is an appraisal available we have linked to it. If there is no appraisal and you wish to appraise this systematic review here is a </em><a href="http://www.phru.nhs.uk/Pages/PHD/resources.htm"><em>link to a list of appraisal tools</em></a><em>.</em></em></p>
<p><strong>Citation</strong></p>
<p>Werneke U. Risk management of nutritional supplements in chronic illness: the implications for the care of cancer and depression. <em>Proceedings of the Nutrition Society</em>. 2007, 66(4):483-92. </p>
<p><strong>Authors' objectives</strong></p>
<p>The aim of this review is to systematically explore the main dimensions that clinicians have to consider when advising patients suffering from these conditions.  </p>
<p><strong>Authors' conclusions</strong></p>
<p>Supplements predominantly used by patients with cancer include vitamins A, C and E, beta-carotene and ubiquinone 10. Supplements predominantly used by patients with depression include S-adenosylmethionine, l-tryptophan and 5-hydroxytryptophan and inositol. Supplements potentially used by both groups include n-3 fatty acids, Se and folic acid. Four dimensions are identified and discussed: effectiveness; safety; communication; medico-legal aspects. These dimensions have to be addressed in an illness- and case-specific context. This task can be complex given the emerging clinical evidence, patients' own preferences and expectations and current prescribing guidelines.<br /></p>
<p><strong>Access</strong></p>
<p>NHS staff: for full text access to this resource contact your <a href="http://www.library.nhs.uk/mylibrary/default.aspx">local NHS library</a>. </p>
       </html>
    </my:Description>
    <my:ResourceType>CARDEX</my:ResourceType>
    <my:Attachment xsi:nil="true" />
    <my:HasAttachment>false</my:HasAttachment>
    <my:Speciality>Complementary and Alternative Medicine</my:Speciality>
    <my:Keywords>COMPLEMENTARY AND ALTERNATIVE MEDICINE,CONDITIONS A-Z,DIETARY AND NUTRITIONAL THERAPIES,DEPRESSION,CANCER,CONDITIONS C,CONDITIONS D-E,CAM GENERAL,DATE ADDED,SAFETY,NUTRITIONAL SUPPLEMENTS,OCTOBER 2008</my:Keywords>
    <my:PublicationDate>2008-11-01T00:00:00</my:PublicationDate>
  </my:myFields>