<?mso-infoPathSolution name="urn:schemas-microsoft-com:office:infopath:ResourceForm:-myXSD-2010-08-09T08-39-43" solutionVersion="1.0.0.68" productVersion="14.0.0.0" PIVersion="1.0.0.0" href="http://localhost:8081/FormServerTemplates/ARMSResourceForm.xsn"?>
  <?mso-application progid="InfoPath.Document" versionProgid="InfoPath.Document.3"?>
  <?mso-infoPath-file-attachment-present ?>
  <my:myFields xmlns:my="http://schemas.microsoft.com/office/infopath/2003/myXSD/2010-08-09T08:39:43" xmlns:xsi="http://www.w3.org/2001/XMLSchema-instance" xmlns:pc="http://schemas.microsoft.com/office/infopath/2007/PartnerControls" xmlns:ma="http://schemas.microsoft.com/office/2009/metadata/properties/metaAttributes" xmlns:d="http://schemas.microsoft.com/office/infopath/2009/WSSList/dataFields" xmlns:q="http://schemas.microsoft.com/office/infopath/2009/WSSList/queryFields" xmlns:dfs="http://schemas.microsoft.com/office/infopath/2003/dataFormSolution" xmlns:dms="http://schemas.microsoft.com/office/2009/documentManagement/types" xmlns:xd="http://schemas.microsoft.com/office/infopath/2003" xmlns:xhtml="http://www.w3.org/1999/xhtml">
    <my:Title>Complementary cancer therapy: a systematic review of prospective clinical trials on anthroposophic mistletoe extracts</my:Title>
    <my:URL>http://www.ncbi.nlm.nih.gov/pubmed/17507307?ordinalpos=4&itool=EntrezSystem2.PEntrez.Pubmed.Pubmed_ResultsPanel.Pubmed_DefaultReportPanel.Pubmed_RVDocSum</my:URL>
    <my:Publisher>I. Holzapfel Publishers</my:Publisher>
    <my:AdditionalContributors />
    <my:GeographicalAreas />
    <my:PublicationType>Systematic Review</my:PublicationType>
    <my:Description>
      <html xmlns="http://www.w3.org/1999/xhtml" xml:space="preserve">
        <p><em>This review has been evaluated by a CRD reviewer as potentially meeting the <a href="http://www.york.ac.uk/inst/crd/darefaq.htm">CRD quality criteria</a> and a structured abstract is in the process of being written. This provisional record is for information, please note that the review has not been appraised yet. </em></p>
<p><strong>Citation</strong></p>
<p>Kienle G S, Kiene H. Complementary cancer therapy: a systematic review of prospective clinical trials on anthroposophic mistletoe extracts. <em>European Journal of Medical Research</em>. 2007, 12(3):103-119.</p>
<p><strong>Authors' objectives</strong></p>
<p>To evaluate prospective clinical trials on the effectiveness of anthroposophic mistletoe therapy for cancer.  </p>
<p><strong>Authors' conclusions</strong></p>
<p>Regarding quality of studies and consistency of results, the best evidence for efficacy of mistletoe therapy exists for improvement of QoL and reduction of side effects of cytotoxic therapies (chemotherapy, radiation). Survival benefit has been shown but not beyond critique. Tumour remissions are described in cohort studies that investigate the application of high dose or local mistletoe extracts. As several reasonably well-conducted studies indicate beneficial effects, further properly designed trials should be encouraged to investigate clinical efficacy and its possible dependency on the mode of application.</p>
<p><strong>Access</strong></p>
<p>NHS staff: for full text access to this resource contact your <a href="http://www.library.nhs.uk/mylibrary/default.aspx">local NHS library</a>. </p>
       </html>
    </my:Description>
    <my:ResourceType>CARDEX</my:ResourceType>
    <my:Attachment xsi:nil="true" />
    <my:HasAttachment>false</my:HasAttachment>
    <my:Speciality>Complementary and Alternative Medicine</my:Speciality>
    <my:Keywords>COMPLEMENTARY AND ALTERNATIVE MEDICINE,HERBS H-P,MISTLETOE (VISCUM ALBUM),CANCER,CONDITIONS C,HERBAL MEDICINE,CONDITIONS A-Z,NOVEMBER 2008,DATE ADDED</my:Keywords>
    <my:PublicationDate>2007-03-26T00:00:00</my:PublicationDate>
  </my:myFields>