<?mso-infoPathSolution name="urn:schemas-microsoft-com:office:infopath:ResourceForm:-myXSD-2010-08-09T08-39-43" solutionVersion="1.0.0.68" productVersion="14.0.0.0" PIVersion="1.0.0.0" href="http://localhost:8081/FormServerTemplates/ARMSResourceForm.xsn"?>
  <?mso-application progid="InfoPath.Document" versionProgid="InfoPath.Document.3"?>
  <?mso-infoPath-file-attachment-present ?>
  <my:myFields xmlns:my="http://schemas.microsoft.com/office/infopath/2003/myXSD/2010-08-09T08:39:43" xmlns:xsi="http://www.w3.org/2001/XMLSchema-instance" xmlns:pc="http://schemas.microsoft.com/office/infopath/2007/PartnerControls" xmlns:ma="http://schemas.microsoft.com/office/2009/metadata/properties/metaAttributes" xmlns:d="http://schemas.microsoft.com/office/infopath/2009/WSSList/dataFields" xmlns:q="http://schemas.microsoft.com/office/infopath/2009/WSSList/queryFields" xmlns:dfs="http://schemas.microsoft.com/office/infopath/2003/dataFormSolution" xmlns:dms="http://schemas.microsoft.com/office/2009/documentManagement/types" xmlns:xd="http://schemas.microsoft.com/office/infopath/2003" xmlns:xhtml="http://www.w3.org/1999/xhtml">
    <my:Title>The effectiveness of manual therapy for neck pain: a systematic review of the literature</my:Title>
    <my:URL>http://www.ingentaconnect.com/content/maney/ptr/2007/00000012/00000003/art00010</my:URL>
    <my:Publisher>Maney</my:Publisher>
    <my:AdditionalContributors />
    <my:GeographicalAreas />
    <my:PublicationType>Systematic Review</my:PublicationType>
    <my:Description>
      <html xmlns="http://www.w3.org/1999/xhtml" xml:space="preserve">
        <p><em>This review has been evaluated by a CRD reviewer as potentially meeting the <a href="http://www.york.ac.uk/inst/crd/darefaq.htm">CRD quality criteria</a> and a structured abstract is in the process of being written. This provisional record is for information, please note that the review has not been appraised yet. </em></p>
<p><strong>Citation</strong></p>
Macaulay J, Cameron M, Vaughan B. The effectiveness of manual therapy for neck pain: a systematic review of the literature. <em>Physical Therapy Reviews</em>. 2007, 12(3): 261-267.
<p><strong>Authors' objectives</strong></p>
<p>To determine the effectiveness of manual therapy for mechanical neck disorders in reducing pain and disability in adult populations.  </p>
<p><strong>Authors' conclusions</strong></p>
<p>Strong evidence demonstrated that manual therapy was not significantly superior to other interventions (exercise, physical therapy, medication, short wave diathermy) for relief of neck pain. Patients who received manual therapy reported being significantly more satisfied with their care than patients who received any other single therapy. A trend across three of the studies showed that manual therapy combined with exercise returned moderately larger improvements, although not statistically significant, improvements in pain, disability and patient-perceived recovery than manual therapy alone. Results in favour of combined therapies suggest multinodal care, including manual therapy and exercise, may be a potentially useful intervention in the treatment of mechanical neck disorders. </p>
<p><strong>Access</strong></p>
<p>NHS staff: for full text access to this resource contact your <a href="http://www.library.nhs.uk/mylibrary/default.aspx">local NHS library</a>. <br /></p>
<p> </p>
       </html>
    </my:Description>
    <my:ResourceType>CARDEX</my:ResourceType>
    <my:Attachment xsi:nil="true" />
    <my:HasAttachment>false</my:HasAttachment>
    <my:Speciality>Complementary and Alternative Medicine</my:Speciality>
    <my:Keywords>COMPLEMENTARY AND ALTERNATIVE MEDICINE,NECK PAIN,CONDITIONS P-R,CONDITIONS M-O,CHIROPRACTIC,CONDITIONS A-Z,PAIN,NOVEMBER 2008,DATE ADDED</my:Keywords>
    <my:PublicationDate>2007-09-01T00:00:00</my:PublicationDate>
  </my:myFields>