<?mso-infoPathSolution name="urn:schemas-microsoft-com:office:infopath:ResourceForm:-myXSD-2010-08-09T08-39-43" solutionVersion="1.0.0.68" productVersion="14.0.0.0" PIVersion="1.0.0.0" href="http://localhost:8081/FormServerTemplates/ARMSResourceForm.xsn"?>
  <?mso-application progid="InfoPath.Document" versionProgid="InfoPath.Document.3"?>
  <?mso-infoPath-file-attachment-present ?>
  <my:myFields xmlns:my="http://schemas.microsoft.com/office/infopath/2003/myXSD/2010-08-09T08:39:43" xmlns:xsi="http://www.w3.org/2001/XMLSchema-instance" xmlns:pc="http://schemas.microsoft.com/office/infopath/2007/PartnerControls" xmlns:ma="http://schemas.microsoft.com/office/2009/metadata/properties/metaAttributes" xmlns:d="http://schemas.microsoft.com/office/infopath/2009/WSSList/dataFields" xmlns:q="http://schemas.microsoft.com/office/infopath/2009/WSSList/queryFields" xmlns:dfs="http://schemas.microsoft.com/office/infopath/2003/dataFormSolution" xmlns:dms="http://schemas.microsoft.com/office/2009/documentManagement/types" xmlns:xd="http://schemas.microsoft.com/office/infopath/2003" xmlns:xhtml="http://www.w3.org/1999/xhtml">
    <my:Title>NCCAM Education Grant Program Focus of October 2007 Issue of Academic Medicine</my:Title>
    <my:URL>http://nccam.nih.gov/research/r25/amarticle.htm</my:URL>
    <my:Publisher>National Institutes of Health (NIH)</my:Publisher>
    <my:AdditionalContributors />
    <my:GeographicalAreas />
    <my:PublicationType>Learning Material%2fcourseware</my:PublicationType>
    <my:Description>
      <html xmlns="http://www.w3.org/1999/xhtml" xml:space="preserve">
        <p>The October 2007 issue of the journal <cite>Academic Medicine</cite>, published by the American Association of Medical Colleges, highlights the results of 15 Education Project Grants funded by the US National Center for Complementary and Alternative Medicine (NCCAM), part of the National Institutes of Health. </p>
<p>The NCCAM-funded research papers appear in <a href="http://www.academicmedicine.org/pt/re/acmed/toc.00001888-200710000-00000.htm;jsessionid=HyNGyszKpphSWjygV885BrynjFRSTKzWQJ9tvpnvJCRn2StnnVrn!1821113646!181195629!8091!-1"><cite>Academic Medicine</cite></a>, Volume 82, Number 10, October 2007. </p>
<p><strong>Access</strong></p>
<p>Full-text online access to the articles requires subscription to the journal. NHS staff: for full text access to this resource contact your <a href="http://www.library.nhs.uk/mylibrary/default.aspx">local NHS library</a>. </p>
       </html>
    </my:Description>
    <my:ResourceType>CARDEX</my:ResourceType>
    <my:Attachment xsi:nil="true" />
    <my:HasAttachment>false</my:HasAttachment>
    <my:Speciality>Complementary and Alternative Medicine</my:Speciality>
    <my:Keywords>COMPLEMENTARY AND ALTERNATIVE MEDICINE,CAM GENERAL,NOVEMBER 2008,EDUCATION/CPD,DATE ADDED</my:Keywords>
    <my:PublicationDate>2007-10-25T00:00:00</my:PublicationDate>
  </my:myFields>