<?mso-infoPathSolution name="urn:schemas-microsoft-com:office:infopath:ResourceForm:-myXSD-2010-08-09T08-39-43" solutionVersion="1.0.0.68" productVersion="14.0.0.0" PIVersion="1.0.0.0" href="http://localhost:8081/FormServerTemplates/ARMSResourceForm.xsn"?>
  <?mso-application progid="InfoPath.Document" versionProgid="InfoPath.Document.3"?>
  <?mso-infoPath-file-attachment-present ?>
  <my:myFields xmlns:my="http://schemas.microsoft.com/office/infopath/2003/myXSD/2010-08-09T08:39:43" xmlns:xsi="http://www.w3.org/2001/XMLSchema-instance" xmlns:pc="http://schemas.microsoft.com/office/infopath/2007/PartnerControls" xmlns:ma="http://schemas.microsoft.com/office/2009/metadata/properties/metaAttributes" xmlns:d="http://schemas.microsoft.com/office/infopath/2009/WSSList/dataFields" xmlns:q="http://schemas.microsoft.com/office/infopath/2009/WSSList/queryFields" xmlns:dfs="http://schemas.microsoft.com/office/infopath/2003/dataFormSolution" xmlns:dms="http://schemas.microsoft.com/office/2009/documentManagement/types" xmlns:xd="http://schemas.microsoft.com/office/infopath/2003" xmlns:xhtml="http://www.w3.org/1999/xhtml">
    <my:Title>Complementary medicines in psychiatry: review of effectiveness and safety</my:Title>
    <my:URL>http://www.ncbi.nlm.nih.gov/pubmed/16449696?ordinalpos=7&itool=EntrezSystem2.PEntrez.Pubmed.Pubmed_ResultsPanel.Pubmed_DefaultReportPanel.Pubmed_RVDocSum</my:URL>
    <my:Publisher>Royal College of Psychiatrists</my:Publisher>
    <my:AdditionalContributors />
    <my:GeographicalAreas />
    <my:PublicationType>Systematic Review</my:PublicationType>
    <my:Description>
      <html xmlns="http://www.w3.org/1999/xhtml" xml:space="preserve">
        <p><em>This <em>study has met our selection criteria <em>but has not been fully appraised by the CAM SL</em>. Where there is an appraisal available we have linked to it. If there is no appraisal and you wish to appraise this systematic review here is a </em><a href="http://www.phru.nhs.uk/Pages/PHD/resources.htm"><em>link to a list of appraisal tools</em></a><em>.</em></em></p>
<p><strong>Citation</strong></p>
<p>Werneke U, Turner T, Priebe S. Complementary medicines in psychiatry: Review of effectiveness and safety. <em>British Journal of Psychiatry.</em> 2006, 188(2):109-21. </p>
<p><strong>Authors' objectives</strong></p>
<p>To review the complementary medicines routinely encountered in psychiatric practice, their effectiveness, potential adverse effects and interactions.  </p>
<p><strong>Authors' conclusions</strong></p>
<p>Potentially useful substances include ginkgo and hydergine as cognitive enhancers, passion flower and valerian as sedatives, St John's wort and s-adenosylmethionine as antidepressants, and selenium and folate to complement antidepressants. The evidence is less conclusive for the use of omega-3 fatty acids as augmentation treatment in schizophrenia, melatonin for tardive dyskinesia and 18-methoxycoronaridine, an ibogaine derivative, for the treatment of cocaine and heroin addiction. </p>
<p>Systematic clinical trials are needed to test promising substances. Meanwhile, those wishing to take psychotropic complementary medicines require appropriate advice.</p>
<p><strong>Access</strong></p>
<p>NHS staff: for full text access to this resource contact your <a href="http://www.library.nhs.uk/mylibrary/default.aspx">local NHS library</a>. </p>
       </html>
    </my:Description>
    <my:ResourceType>CARDEX</my:ResourceType>
    <my:Attachment xsi:nil="true" />
    <my:HasAttachment>false</my:HasAttachment>
    <my:Speciality>Complementary and Alternative Medicine</my:Speciality>
    <my:Keywords>COMPLEMENTARY AND ALTERNATIVE MEDICINE,DEPRESSION,CONDITIONS A-Z,HERBAL MEDICINE,DIETARY AND NUTRITIONAL THERAPIES,CONDITIONS D-E,SCHIZOPHRENIA,DRUG USE DISORDERS,CONDITIONS S,DECEMBER 2008,DATE ADDED</my:Keywords>
    <my:PublicationDate>2006-02-01T00:00:00</my:PublicationDate>
  </my:myFields>