<?mso-infoPathSolution name="urn:schemas-microsoft-com:office:infopath:ResourceForm:-myXSD-2010-08-09T08-39-43" solutionVersion="1.0.0.68" productVersion="14.0.0.0" PIVersion="1.0.0.0" href="http://localhost:8081/FormServerTemplates/ARMSResourceForm.xsn"?>
  <?mso-application progid="InfoPath.Document" versionProgid="InfoPath.Document.3"?>
  <?mso-infoPath-file-attachment-present ?>
  <my:myFields xmlns:my="http://schemas.microsoft.com/office/infopath/2003/myXSD/2010-08-09T08:39:43" xmlns:xsi="http://www.w3.org/2001/XMLSchema-instance" xmlns:pc="http://schemas.microsoft.com/office/infopath/2007/PartnerControls" xmlns:ma="http://schemas.microsoft.com/office/2009/metadata/properties/metaAttributes" xmlns:d="http://schemas.microsoft.com/office/infopath/2009/WSSList/dataFields" xmlns:q="http://schemas.microsoft.com/office/infopath/2009/WSSList/queryFields" xmlns:dfs="http://schemas.microsoft.com/office/infopath/2003/dataFormSolution" xmlns:dms="http://schemas.microsoft.com/office/2009/documentManagement/types" xmlns:xd="http://schemas.microsoft.com/office/infopath/2003" xmlns:xhtml="http://www.w3.org/1999/xhtml">
    <my:Title>Effectiveness of treatments for depression in older people</my:Title>
    <my:URL>http://www.mja.com.au/public/issues/182_12_200605/fra10160_fm.pdf</my:URL>
    <my:Publisher>Australasian Medical Publishing Co.</my:Publisher>
    <my:AdditionalContributors />
    <my:GeographicalAreas />
    <my:PublicationType>Systematic Review</my:PublicationType>
    <my:Description>
      <html xmlns="http://www.w3.org/1999/xhtml" xml:space="preserve">
        <p><em>This <em>study has met our selection criteria <em>but has not been fully appraised by the CAM SL</em>. Where there is an appraisal available we have linked to it. If there is no appraisal and you wish to appraise this systematic review here is a </em><a href="http://www.phru.nhs.uk/Pages/PHD/resources.htm"><em>link to a list of appraisal tools</em></a><em>.</em></em></p>
<p><strong>Citation</strong></p>
<p>Frazer CJ, Christensen H, Griffiths KM. Effectiveness of treatments for depression in older people. <em>Medical Journal of Australia</em>. 2005, 182(12):627-32. </p>
<p><strong>Authors' objectives</strong></p>
<p>To conduct a systematic review of the evidence for the effectiveness of a range of possible treatments for depression in older people. </p>
<p><strong>Authors' conclusions</strong></p>
<p>The treatments with the best evidence of effectiveness are antidepressants, electroconvulsive therapy, cognitive behaviour therapy, psychodynamic psychotherapy, reminiscence therapy, problem-solving therapy, bibliotherapy (for mild to moderate depression) and exercise. There is limited evidence to support the effectiveness of transcranial magnetic stimulation, dialectical behaviour therapy, interpersonal therapy, light therapy (for people in nursing homes or hospitals), St John's wort and folate in reducing depressive symptoms.</p>
       </html>
    </my:Description>
    <my:ResourceType>CARDEX</my:ResourceType>
    <my:Attachment xsi:nil="true" />
    <my:HasAttachment>false</my:HasAttachment>
    <my:Speciality>Complementary and Alternative Medicine</my:Speciality>
    <my:Keywords>COMPLEMENTARY AND ALTERNATIVE MEDICINE,DEPRESSION,CONDITIONS A-Z,OTHER THERAPIES OR MEDICAL SYSTEMS,DIETARY AND NUTRITIONAL THERAPIES,HERBAL MEDICINE,CONDITIONS D-E,LIGHT THERAPY,DECEMBER 2008,DATE ADDED</my:Keywords>
    <my:PublicationDate>2005-06-20T00:00:00</my:PublicationDate>
  </my:myFields>