<?mso-infoPathSolution name="urn:schemas-microsoft-com:office:infopath:ResourceForm:-myXSD-2010-08-09T08-39-43" solutionVersion="1.0.0.68" productVersion="14.0.0.0" PIVersion="1.0.0.0" href="http://localhost:8081/FormServerTemplates/ARMSResourceForm.xsn"?>
  <?mso-application progid="InfoPath.Document" versionProgid="InfoPath.Document.3"?>
  <?mso-infoPath-file-attachment-present ?>
  <my:myFields xmlns:my="http://schemas.microsoft.com/office/infopath/2003/myXSD/2010-08-09T08:39:43" xmlns:xsi="http://www.w3.org/2001/XMLSchema-instance" xmlns:pc="http://schemas.microsoft.com/office/infopath/2007/PartnerControls" xmlns:ma="http://schemas.microsoft.com/office/2009/metadata/properties/metaAttributes" xmlns:d="http://schemas.microsoft.com/office/infopath/2009/WSSList/dataFields" xmlns:q="http://schemas.microsoft.com/office/infopath/2009/WSSList/queryFields" xmlns:dfs="http://schemas.microsoft.com/office/infopath/2003/dataFormSolution" xmlns:dms="http://schemas.microsoft.com/office/2009/documentManagement/types" xmlns:xd="http://schemas.microsoft.com/office/infopath/2003" xmlns:xhtml="http://www.w3.org/1999/xhtml">
    <my:Title>The effects of green tea consumption on incidence of breast cancer and recurrence of breast cancer: a systematic review and meta-analysis</my:Title>
    <my:URL>http://www.ncbi.nlm.nih.gov/pubmed/15911927?ordinalpos=4&itool=EntrezSystem2.PEntrez.Pubmed.Pubmed_ResultsPanel.Pubmed_DefaultReportPanel.Pubmed_RVDocSum</my:URL>
    <my:Publisher>Sage</my:Publisher>
    <my:AdditionalContributors />
    <my:GeographicalAreas />
    <my:PublicationType>Systematic Review</my:PublicationType>
    <my:Description>
      <html xmlns="http://www.w3.org/1999/xhtml" xml:space="preserve">
        <p><em>This review has been evaluated by a CRD reviewer as potentially meeting the <a href="http://www.york.ac.uk/inst/crd/darefaq.htm">CRD quality criteria</a> and a structured abstract is in the process of being written. This provisional record is for information, please note that the review has not been appraised yet. </em></p>
<p><strong>Citation</strong></p>
Seely D, Mills E J, Wu P, Verma S, Guyatt G H. The effects of green tea consumption on incidence of breast cancer and recurrence of breast cancer: a systematic review and meta-analysis. <em>Integrative Cancer Therapies.</em> 2005; 4(2): 144-155.
<p><strong>Authors' objectives</strong></p>
<p>To determine the efficacy of green tea ingestion on the risk of breast cancer development and the risk of breast cancer recurrence.  </p>
<p><strong>Authors' conclusions</strong></p>
<p>To date, the epidemiological data indicates that consumption of 5 or more cups of green tea a day shows a non-statistically significant trend towards the prevention of breast cancer development. Evidence indicates that green tea consumption may possibly help prevent breast cancer recurrence in early stage (I and II) cancers. However, conclusions as to the potential therapeutic application of green tea are currently impossible to make due to the small number of studies conducted, the lack of any clinical trial evidence, the lack of a consistent dose-response relationship, and the potential for interaction with standard care.</p>
<p><strong>Access</strong></p>
<p>NHS staff: for full text access to this resource contact your <a href="http://www.library.nhs.uk/mylibrary/default.aspx">local NHS library</a>. <br /></p>
<p> </p>
       </html>
    </my:Description>
    <my:ResourceType>CARDEX</my:ResourceType>
    <my:Attachment xsi:nil="true" />
    <my:HasAttachment>false</my:HasAttachment>
    <my:Speciality>Complementary and Alternative Medicine</my:Speciality>
    <my:Keywords>COMPLEMENTARY AND ALTERNATIVE MEDICINE,CONDITIONS A-Z,DIETARY AND NUTRITIONAL THERAPIES,CONDITIONS C,CONDITIONS A-B,CANCER,BREAST CANCER,DECEMBER 2008,DATE ADDED,FOOD AND BEVERAGES</my:Keywords>
    <my:PublicationDate>2005-06-01T00:00:00</my:PublicationDate>
  </my:myFields>