<?mso-infoPathSolution name="urn:schemas-microsoft-com:office:infopath:ResourceForm:-myXSD-2010-08-09T08-39-43" solutionVersion="1.0.0.68" productVersion="14.0.0.0" PIVersion="1.0.0.0" href="http://localhost:8081/FormServerTemplates/ARMSResourceForm.xsn"?>
  <?mso-application progid="InfoPath.Document" versionProgid="InfoPath.Document.3"?>
  <?mso-infoPath-file-attachment-present ?>
  <my:myFields xmlns:my="http://schemas.microsoft.com/office/infopath/2003/myXSD/2010-08-09T08:39:43" xmlns:xsi="http://www.w3.org/2001/XMLSchema-instance" xmlns:pc="http://schemas.microsoft.com/office/infopath/2007/PartnerControls" xmlns:ma="http://schemas.microsoft.com/office/2009/metadata/properties/metaAttributes" xmlns:d="http://schemas.microsoft.com/office/infopath/2009/WSSList/dataFields" xmlns:q="http://schemas.microsoft.com/office/infopath/2009/WSSList/queryFields" xmlns:dfs="http://schemas.microsoft.com/office/infopath/2003/dataFormSolution" xmlns:dms="http://schemas.microsoft.com/office/2009/documentManagement/types" xmlns:xd="http://schemas.microsoft.com/office/infopath/2003" xmlns:xhtml="http://www.w3.org/1999/xhtml">
    <my:Title>Qingrelishi-category Chinese medicine for chronic prostatitis: a systematic review</my:Title>
    <my:URL>http://www.ncbi.nlm.nih.gov/pubmed/17491276?ordinalpos=14&itool=EntrezSystem2.PEntrez.Pubmed.Pubmed_ResultsPanel.Pubmed_DefaultReportPanel.Pubmed_RVDocSum</my:URL>
    <my:Publisher>Zhonghua Nan Ke Xue</my:Publisher>
    <my:AdditionalContributors />
    <my:GeographicalAreas />
    <my:PublicationType>Systematic Review</my:PublicationType>
    <my:Description>
      <html xmlns="http://www.w3.org/1999/xhtml" xml:space="preserve">
        <p><em>This review has been evaluated by a CRD reviewer as potentially meeting the <a href="http://www.york.ac.uk/inst/crd/darefaq.htm">CRD quality criteria</a> and a structured abstract is in the process of being written. This provisional record is for information, please note that the review has not been appraised yet. </em></p>
<p><strong>Citation</strong></p>
Qiu MX, Xiong GB, Zhou SY, Wang D, Shao JC, Wang JY. Qingrelishi-category Chinese medicine for chronic prostatitis: a systematic review. <em>Zhonghua Nan Ke Xue = National Journal of Andrology</em>. 2007; 13(4): 370-377. [Article in Chinese]
<p><strong>Authors' objectives</strong></p>
<p>To evaluate the efficacy and safety of the Qingrelishi-category Chinese medicine (for dispelling heat and resolving dampness) in the treatment of chronic prostatitis.  </p>
<p><strong>Authors' conclusions</strong></p>
<p>Qingrelishi may be effective in the treatment of chronic prostatitis. However, the evidence is not strong due to the generally low methodological quality and the variations of the herbs. More randomized clinical trials are required.</p>
<p><strong>Access</strong></p>
Article is in Chinese.
       </html>
    </my:Description>
    <my:ResourceType>CARDEX</my:ResourceType>
    <my:Attachment xsi:nil="true" />
    <my:HasAttachment>false</my:HasAttachment>
    <my:Speciality>Complementary and Alternative Medicine</my:Speciality>
    <my:Keywords>COMPLEMENTARY AND ALTERNATIVE MEDICINE,CONDITIONS M-O,TRADITIONAL CHINESE MEDICINE (TCM),HERBAL MEDICINE,OTHER THERAPIES OR MEDICAL SYSTEMS,CONDITIONS A-Z,DATE ADDED,DECEMBER 2008,MALE UROGENITAL DISEASES</my:Keywords>
    <my:PublicationDate>2007-04-01T00:00:00</my:PublicationDate>
  </my:myFields>