<?mso-infoPathSolution name="urn:schemas-microsoft-com:office:infopath:ResourceForm:-myXSD-2010-08-09T08-39-43" solutionVersion="1.0.0.68" productVersion="14.0.0.0" PIVersion="1.0.0.0" href="http://localhost:8081/FormServerTemplates/ARMSResourceForm.xsn"?>
  <?mso-application progid="InfoPath.Document" versionProgid="InfoPath.Document.3"?>
  <?mso-infoPath-file-attachment-present ?>
  <my:myFields xmlns:my="http://schemas.microsoft.com/office/infopath/2003/myXSD/2010-08-09T08:39:43" xmlns:xsi="http://www.w3.org/2001/XMLSchema-instance" xmlns:pc="http://schemas.microsoft.com/office/infopath/2007/PartnerControls" xmlns:ma="http://schemas.microsoft.com/office/2009/metadata/properties/metaAttributes" xmlns:d="http://schemas.microsoft.com/office/infopath/2009/WSSList/dataFields" xmlns:q="http://schemas.microsoft.com/office/infopath/2009/WSSList/queryFields" xmlns:dfs="http://schemas.microsoft.com/office/infopath/2003/dataFormSolution" xmlns:dms="http://schemas.microsoft.com/office/2009/documentManagement/types" xmlns:xd="http://schemas.microsoft.com/office/infopath/2003" xmlns:xhtml="http://www.w3.org/1999/xhtml">
    <my:Title>A systematic review of valerian as a sleep aid: safe but not effective</my:Title>
    <my:URL>http://www.ncbi.nlm.nih.gov/pubmed/17517355?ordinalpos=2&itool=EntrezSystem2.PEntrez.Pubmed.Pubmed_ResultsPanel.Pubmed_DefaultReportPanel.Pubmed_RVDocSum</my:URL>
    <my:Publisher>Elsevier</my:Publisher>
    <my:AdditionalContributors />
    <my:GeographicalAreas />
    <my:PublicationType>Systematic Review</my:PublicationType>
    <my:Description>
      <html xmlns="http://www.w3.org/1999/xhtml" xml:space="preserve">
        <p><em>This review has been evaluated by a CRD reviewer as potentially meeting the <a href="http://www.york.ac.uk/inst/crd/darefaq.htm">CRD quality criteria</a> and a structured abstract is in the process of being written. This provisional record is for information, please note that the review has not been appraised yet. </em></p>
<p><strong>Citation</strong></p>
Taibi D M, Landis C A, Petry H, Vitiello M V. A systematic review of valerian as a sleep aid: safe but not effective. <em>Sleep Medicine Reviews</em>. 2007, 11(3): 209-230.
<p><strong>Authors' objectives</strong></p>
<p>Valerian is an herb that is widely available in a variety of commercial preparations and is commonly used as a sleep aid. A recent systematic review and meta-analysis of valerian concluded that evidence in support of the effectiveness of the herb was inconclusive. Therefore, in an effort to more closely examine this issue, a systematic review was conducted to examine the evidence on the efficacy of valerian as a sleep aid with specific attention to the type of preparations tested and the characteristics of the subjects studied.  </p>
<p><strong>Authors' conclusions</strong></p>
<p>Overall, the evidence, while supporting that valerian is a safe herb associated with only rare adverse events, does not support the clinical efficacy of valerian as a sleep aid for insomnia.</p>
<p><strong>Access</strong></p>
<p>NHS staff: for full text access to this resource contact your <a href="http://www.library.nhs.uk/mylibrary/default.aspx">local NHS library</a>. </p>
       </html>
    </my:Description>
    <my:ResourceType>CARDEX</my:ResourceType>
    <my:Attachment xsi:nil="true" />
    <my:HasAttachment>false</my:HasAttachment>
    <my:Speciality>Complementary and Alternative Medicine</my:Speciality>
    <my:Keywords>COMPLEMENTARY AND ALTERNATIVE MEDICINE,SLEEP DISORDERS,VALERIAN (VALERIANA OFFICINALIS),CONDITIONS S,CONDITIONS I-L,HERBS R-Z,INSOMNIA,HERBAL MEDICINE,CONDITIONS A-Z,DATE ADDED,DECEMBER 2008</my:Keywords>
    <my:PublicationDate>2007-06-01T00:00:00</my:PublicationDate>
  </my:myFields>