<?mso-infoPathSolution name="urn:schemas-microsoft-com:office:infopath:ResourceForm:-myXSD-2010-08-09T08-39-43" solutionVersion="1.0.0.68" productVersion="14.0.0.0" PIVersion="1.0.0.0" href="http://localhost:8081/FormServerTemplates/ARMSResourceForm.xsn"?>
  <?mso-application progid="InfoPath.Document" versionProgid="InfoPath.Document.3"?>
  <?mso-infoPath-file-attachment-present ?>
  <my:myFields xmlns:my="http://schemas.microsoft.com/office/infopath/2003/myXSD/2010-08-09T08:39:43" xmlns:xsi="http://www.w3.org/2001/XMLSchema-instance" xmlns:pc="http://schemas.microsoft.com/office/infopath/2007/PartnerControls" xmlns:ma="http://schemas.microsoft.com/office/2009/metadata/properties/metaAttributes" xmlns:d="http://schemas.microsoft.com/office/infopath/2009/WSSList/dataFields" xmlns:q="http://schemas.microsoft.com/office/infopath/2009/WSSList/queryFields" xmlns:dfs="http://schemas.microsoft.com/office/infopath/2003/dataFormSolution" xmlns:dms="http://schemas.microsoft.com/office/2009/documentManagement/types" xmlns:xd="http://schemas.microsoft.com/office/infopath/2003" xmlns:xhtml="http://www.w3.org/1999/xhtml">
    <my:Title>Heterogeneity and lack of good quality studies limit association between folate, vitamins B-6 and B-12, and cognitive function</my:Title>
    <my:URL>http://jn.nutrition.org/cgi/content/full/137/7/1789</my:URL>
    <my:Publisher>American Society for Nutrition</my:Publisher>
    <my:AdditionalContributors />
    <my:GeographicalAreas />
    <my:PublicationType>Systematic Review</my:PublicationType>
    <my:Description>
      <html xmlns="http://www.w3.org/1999/xhtml" xml:space="preserve">
        <p><em>This review has been evaluated by a CRD reviewer as potentially meeting the <a href="http://www.york.ac.uk/inst/crd/darefaq.htm">CRD quality criteria</a> and a structured abstract is in the process of being written. This provisional record is for information, please note that the review has not been appraised yet. </em></p>
<p><strong>Citation</strong></p>
Raman G, Tatsioni A, Chung M, Rosenberg IH, Lau J, Lichtenstein AH, Balk EM. Heterogeneity and lack of good quality studies limit association between folate, vitamins B-6 and B-12, and cognitive function. <em>Journal of Nutrition</em>. 2007; 137(7): 1789-1794.
<p><strong>Authors' objectives</strong></p>
<p>To conduct a systematic review to evaluate the association between folate, vitamin B-6, vitamin B-12, and cognitive function in the elderly. </p>
<p><strong>Authors' conclusions</strong></p>
<p>Although the majority of studies indicated that low blood folate concentrations predicted poorer cognitive function, data supporting this association were limited because of the heterogeneity in cognition-assessment methodology, and scarcity of good quality studies and standardized threshold levels for categorizing low B-vitamin status. </p>
       </html>
    </my:Description>
    <my:ResourceType>CARDEX</my:ResourceType>
    <my:Attachment xsi:nil="true" />
    <my:HasAttachment>false</my:HasAttachment>
    <my:Speciality>Complementary and Alternative Medicine</my:Speciality>
    <my:Keywords>COMPLEMENTARY AND ALTERNATIVE MEDICINE,CONDITIONS C,DIETARY AND NUTRITIONAL THERAPIES,CONDITIONS A-Z,COGNITION DISORDERS,NUTRITIONAL SUPPLEMENTS,DATE ADDED,VITAMINS,VITAMIN B 12,FOLIC ACID,VITAMIN B 6,DECEMBER 2008</my:Keywords>
    <my:PublicationDate>2007-07-01T00:00:00</my:PublicationDate>
  </my:myFields>