<?mso-infoPathSolution name="urn:schemas-microsoft-com:office:infopath:ResourceForm:-myXSD-2010-08-09T08-39-43" solutionVersion="1.0.0.68" productVersion="14.0.0.0" PIVersion="1.0.0.0" href="http://localhost:8081/FormServerTemplates/ARMSResourceForm.xsn"?>
  <?mso-application progid="InfoPath.Document" versionProgid="InfoPath.Document.3"?>
  <?mso-infoPath-file-attachment-present ?>
  <my:myFields xmlns:my="http://schemas.microsoft.com/office/infopath/2003/myXSD/2010-08-09T08:39:43" xmlns:xsi="http://www.w3.org/2001/XMLSchema-instance" xmlns:pc="http://schemas.microsoft.com/office/infopath/2007/PartnerControls" xmlns:ma="http://schemas.microsoft.com/office/2009/metadata/properties/metaAttributes" xmlns:d="http://schemas.microsoft.com/office/infopath/2009/WSSList/dataFields" xmlns:q="http://schemas.microsoft.com/office/infopath/2009/WSSList/queryFields" xmlns:dfs="http://schemas.microsoft.com/office/infopath/2003/dataFormSolution" xmlns:dms="http://schemas.microsoft.com/office/2009/documentManagement/types" xmlns:xd="http://schemas.microsoft.com/office/infopath/2003" xmlns:xhtml="http://www.w3.org/1999/xhtml">
    <my:Title>Prenatal multivitamin supplementation and rates of pediatric cancers: a meta-analysis</my:Title>
    <my:URL>http://www.ncbi.nlm.nih.gov/pubmed/17314929?ordinalpos=7&itool=EntrezSystem2.PEntrez.Pubmed.Pubmed_ResultsPanel.Pubmed_DefaultReportPanel.Pubmed_RVDocSum</my:URL>
    <my:Publisher>Nature Publishing Group</my:Publisher>
    <my:AdditionalContributors />
    <my:GeographicalAreas />
    <my:PublicationType>Systematic Review</my:PublicationType>
    <my:Description>
      <html xmlns="http://www.w3.org/1999/xhtml" xml:space="preserve">
        <p><em>This review has been evaluated by a CRD reviewer as potentially meeting the <a href="http://www.york.ac.uk/inst/crd/darefaq.htm">CRD quality criteria</a> and a structured abstract is in the process of being written. This provisional record is for information, please note that the review has not been appraised yet. </em></p>
<p><strong>Citation</strong></p>
Goh YI, Bollano E, Einarson TR, Koren G. Prenatal multivitamin supplementation and rates of pediatric cancers: a meta-analysis. <em>Clinical Pharmacology and Therapeutics</em>. 2007; 81(5): 685-691.
<p><strong>Authors' objectives</strong></p>
<p>To conduct a systematic review and meta-analysis to assess the potential protective effect of prenatal multivitamins on several pediatric cancers.  </p>
<p><strong>Authors' conclusions</strong></p>
<p>Maternal ingestion of prenatal multivitamins is associated with a decreased risk for pediatric brain tumors, neuroblastoma, and leukemia. Presently, it is not known which constituent(s) among the multivitamins confer this protective effect.</p>
<p><strong>Access</strong></p>
<p>NHS staff: for full text access to this resource contact your <a href="http://www.library.nhs.uk/mylibrary/default.aspx">local NHS library</a>. </p>
       </html>
    </my:Description>
    <my:ResourceType>CARDEX</my:ResourceType>
    <my:Attachment xsi:nil="true" />
    <my:HasAttachment>false</my:HasAttachment>
    <my:Speciality>Complementary and Alternative Medicine</my:Speciality>
    <my:Keywords>COMPLEMENTARY AND ALTERNATIVE MEDICINE,DIETARY AND NUTRITIONAL THERAPIES,CONDITIONS A-Z,CONDITIONS P-R,CONDITIONS C,CANCER,PREGNANCY,DECEMBER 2008,VITAMINS,DATE ADDED,NUTRITIONAL SUPPLEMENTS</my:Keywords>
    <my:PublicationDate>2007-05-01T00:00:00</my:PublicationDate>
  </my:myFields>