<?mso-infoPathSolution name="urn:schemas-microsoft-com:office:infopath:ResourceForm:-myXSD-2010-08-09T08-39-43" solutionVersion="1.0.0.68" productVersion="14.0.0.0" PIVersion="1.0.0.0" href="http://localhost:8081/FormServerTemplates/ARMSResourceForm.xsn"?>
  <?mso-application progid="InfoPath.Document" versionProgid="InfoPath.Document.3"?>
  <?mso-infoPath-file-attachment-present ?>
  <my:myFields xmlns:my="http://schemas.microsoft.com/office/infopath/2003/myXSD/2010-08-09T08:39:43" xmlns:xsi="http://www.w3.org/2001/XMLSchema-instance" xmlns:pc="http://schemas.microsoft.com/office/infopath/2007/PartnerControls" xmlns:ma="http://schemas.microsoft.com/office/2009/metadata/properties/metaAttributes" xmlns:d="http://schemas.microsoft.com/office/infopath/2009/WSSList/dataFields" xmlns:q="http://schemas.microsoft.com/office/infopath/2009/WSSList/queryFields" xmlns:dfs="http://schemas.microsoft.com/office/infopath/2003/dataFormSolution" xmlns:dms="http://schemas.microsoft.com/office/2009/documentManagement/types" xmlns:xd="http://schemas.microsoft.com/office/infopath/2003" xmlns:xhtml="http://www.w3.org/1999/xhtml">
    <my:Title>Need for additional calcium to reduce the risk of hip fracture with vitamin D supplementation: evidence from a comparative metaanalysis of randomized controlled trials</my:Title>
    <my:URL>http://jcem.endojournals.org/cgi/content/full/92/4/1415</my:URL>
    <my:Publisher>Endocrine Society</my:Publisher>
    <my:AdditionalContributors />
    <my:GeographicalAreas />
    <my:PublicationType>Systematic Review</my:PublicationType>
    <my:Description>
      <html xmlns="http://www.w3.org/1999/xhtml" xml:space="preserve">
        <p><em>This review has been evaluated by a CRD reviewer as potentially meeting the <a href="http://www.york.ac.uk/inst/crd/darefaq.htm">CRD quality criteria</a> and a structured abstract is in the process of being written. This provisional record is for information, please note that the review has not been appraised yet. </em></p>
<p><strong>Citation</strong></p>
Boonen S, Lips P, Bouillon R, Bischoff-Ferrari HA, Vanderschueren D, Haentjens P. Need for additional calcium to reduce the risk of hip fracture with vitamin D supplementation: evidence from a comparative metaanalysis of randomized controlled trials. <em>Journal of Clinical Endocrinology and Metabolism</em>. 2007; 92(4): 1415-1423.
<p><strong>Authors' objectives</strong></p>
<p>The purpose of this study was to extend the <a href="http://www.library.nhs.uk/cam/viewResource.aspx?resid=243590&amp;code=506b13b1c290ec488765bd6f35bd6368">metaanalysis of Bischoff-Ferrari et al.</a>, which found that 700-800 IU/d vitamin D reduced hip fracture risk in elderly individuals by 25%, by defining the need for additional calcium supplementation in individuals receiving vitamin D for the prevention of hip fractures.  </p>
<p><strong>Authors' conclusions</strong></p>
<p>These analyses, designed to extend the findings of Bischoff-Ferrari et al., suggest that oral vitamin D appears to reduce the risk of hip fractures only when calcium supplementation is added.</p>
       </html>
    </my:Description>
    <my:ResourceType>CARDEX</my:ResourceType>
    <my:Attachment xsi:nil="true" />
    <my:HasAttachment>false</my:HasAttachment>
    <my:Speciality>Complementary and Alternative Medicine</my:Speciality>
    <my:Keywords>COMPLEMENTARY AND ALTERNATIVE MEDICINE,CONDITIONS F-H,CONDITIONS M-O,CONDITIONS T-Z,DIETARY AND NUTRITIONAL THERAPIES,CONDITIONS A-Z,OSTEOPOROSIS,WOUNDS AND INJURIES,DATE ADDED,CALCIUM,VITAMINS,VITAMIN D,MINERALS,NUTRITIONAL SUPPLEMENTS,DECEMBER 2008,FRACTURES</my:Keywords>
    <my:PublicationDate>2007-04-01T00:00:00</my:PublicationDate>
  </my:myFields>