<?mso-infoPathSolution name="urn:schemas-microsoft-com:office:infopath:ResourceForm:-myXSD-2010-08-09T08-39-43" solutionVersion="1.0.0.68" productVersion="14.0.0.0" PIVersion="1.0.0.0" href="http://localhost:8081/FormServerTemplates/ARMSResourceForm.xsn"?>
  <?mso-application progid="InfoPath.Document" versionProgid="InfoPath.Document.3"?>
  <?mso-infoPath-file-attachment-present ?>
  <my:myFields xmlns:my="http://schemas.microsoft.com/office/infopath/2003/myXSD/2010-08-09T08:39:43" xmlns:xsi="http://www.w3.org/2001/XMLSchema-instance" xmlns:pc="http://schemas.microsoft.com/office/infopath/2007/PartnerControls" xmlns:ma="http://schemas.microsoft.com/office/2009/metadata/properties/metaAttributes" xmlns:d="http://schemas.microsoft.com/office/infopath/2009/WSSList/dataFields" xmlns:q="http://schemas.microsoft.com/office/infopath/2009/WSSList/queryFields" xmlns:dfs="http://schemas.microsoft.com/office/infopath/2003/dataFormSolution" xmlns:dms="http://schemas.microsoft.com/office/2009/documentManagement/types" xmlns:xd="http://schemas.microsoft.com/office/infopath/2003" xmlns:xhtml="http://www.w3.org/1999/xhtml">
    <my:Title>Soy isoflavones lower serum total and LDL cholesterol in humans: a meta-analysis of 11 randomized controlled trials</my:Title>
    <my:URL>http://www.ajcn.org/cgi/content/full/85/4/1148</my:URL>
    <my:Publisher>American Society for Nutrition</my:Publisher>
    <my:AdditionalContributors />
    <my:GeographicalAreas />
    <my:PublicationType>Systematic Review</my:PublicationType>
    <my:Description>
      <html xmlns="http://www.w3.org/1999/xhtml" xml:space="preserve">
        <p><em>This review has been evaluated by a CRD reviewer as potentially meeting the <a href="http://www.york.ac.uk/inst/crd/darefaq.htm">CRD quality criteria</a> and a structured abstract is in the process of being written. This provisional record is for information, please note that the review has not been appraised yet. </em></p>
<p><strong>Citation</strong></p>Taku K, Umegaki K, Sato Y, Taki Y, Endoh K, Watanabe S. Soy isoflavones lower serum total and LDL cholesterol in humans: a meta-analysis of 11 randomized controlled trials. <em>American Journal of Clinical Nutrition</em>. 2007, 85(4): 1148-1156. 
<p><strong>Authors' objectives</strong></p>
<p>This meta-analysis was primarily conducted to evaluate the precise effects of soy isoflavones on lipid profiles. The effects of soy protein that contains enriched and depleted isoflavones were also examined. </p>
<p><strong>Authors' conclusions</strong></p>
<p>Soy isoflavones significantly reduced serum total and LDL cholesterol but did not change HDL cholesterol and triacylglycerol. Soy protein that contained enriched or depleted isoflavones also significantly improved lipid profiles. Reductions in LDL cholesterol were larger in hypercholesterolemic than in normocholesterolemic subjects. </p>
       </html>
    </my:Description>
    <my:ResourceType>CARDEX</my:ResourceType>
    <my:Attachment xsi:nil="true" />
    <my:HasAttachment>false</my:HasAttachment>
    <my:Speciality>Complementary and Alternative Medicine</my:Speciality>
    <my:Keywords>COMPLEMENTARY AND ALTERNATIVE MEDICINE,HIGH CHOLESTEROL,CONDITIONS F-H,CONDITIONS A-Z,DIETARY AND NUTRITIONAL THERAPIES,SOY,FOOD AND BEVERAGES,DATE ADDED,DECEMBER 2008</my:Keywords>
    <my:PublicationDate>2007-04-01T00:00:00</my:PublicationDate>
  </my:myFields>