<?mso-infoPathSolution name="urn:schemas-microsoft-com:office:infopath:ResourceForm:-myXSD-2010-08-09T08-39-43" solutionVersion="1.0.0.68" productVersion="14.0.0.0" PIVersion="1.0.0.0" href="http://localhost:8081/FormServerTemplates/ARMSResourceForm.xsn"?>
  <?mso-application progid="InfoPath.Document" versionProgid="InfoPath.Document.3"?>
  <?mso-infoPath-file-attachment-present ?>
  <my:myFields xmlns:my="http://schemas.microsoft.com/office/infopath/2003/myXSD/2010-08-09T08:39:43" xmlns:xsi="http://www.w3.org/2001/XMLSchema-instance" xmlns:pc="http://schemas.microsoft.com/office/infopath/2007/PartnerControls" xmlns:ma="http://schemas.microsoft.com/office/2009/metadata/properties/metaAttributes" xmlns:d="http://schemas.microsoft.com/office/infopath/2009/WSSList/dataFields" xmlns:q="http://schemas.microsoft.com/office/infopath/2009/WSSList/queryFields" xmlns:dfs="http://schemas.microsoft.com/office/infopath/2003/dataFormSolution" xmlns:dms="http://schemas.microsoft.com/office/2009/documentManagement/types" xmlns:xd="http://schemas.microsoft.com/office/infopath/2003" xmlns:xhtml="http://www.w3.org/1999/xhtml">
    <my:Title>Petasites hybridus (butterbur) for treating allergic rhinitis</my:Title>
    <my:URL>http://www.medicinescomplete.com/journals/fact/current/fact1202a05t01.htm</my:URL>
    <my:Publisher>Pharmaceutical Press</my:Publisher>
    <my:AdditionalContributors />
    <my:GeographicalAreas />
    <my:PublicationType>Systematic Review</my:PublicationType>
    <my:Description>
      <html xmlns="http://www.w3.org/1999/xhtml" xml:space="preserve">
        <p><em>This review has been evaluated by a CRD reviewer as potentially meeting the <a href="http://www.york.ac.uk/inst/crd/darefaq.htm">CRD quality criteria</a> and a structured abstract is in the process of being written. This provisional record is for information, please note that the review has not been appraised yet. </em></p>
<p><strong>Citation</strong></p>
Guo R, Pittler M H. Petasites hybridus (butterbur) for treating allergic rhinitis. <em>Focus on Alternative and Complementary Therapies.</em> 2007; 12(2): 81-84.
<p><strong>Authors' objectives</strong></p>
<p>The aim of this study was to systematically review the literature to obtain all trials published on this topic and summarise their results.</p>
<p><strong>Authors' conclusions</strong></p>
<p>There is encouraging evidence to suggest that <em>P. hybridus</em> may be an effective herbal treatment for intermittent allergic rhinitis. However, because of the possible financial interests of the sponsor of three large trials of <em>P. hybridus</em> extract, independent replication is required before any firm conclusion can be drawn.</p>
       </html>
    </my:Description>
    <my:ResourceType>CARDEX</my:ResourceType>
    <my:Attachment xsi:nil="true" />
    <my:HasAttachment>false</my:HasAttachment>
    <my:Speciality>Complementary and Alternative Medicine</my:Speciality>
    <my:Keywords>COMPLEMENTARY AND ALTERNATIVE MEDICINE,CONDITIONS,ENT AND AUDIOLOGY,NOSE & SINUS DISORDERS,SINUSITIS,RHINOSINUSITIS,RHINITIS,ALLERGIES,THERAPEUTIC INTERVENTIONS,COMPLEMENTARY THERAPIES,NON-DRUG TREATMENTS,HERBAL REMEDIES,BUTTERBUR (PETASITES VULGARIS),CONDITIONS A-Z,HERBAL MEDICINE,CONDITIONS A-B,DECEMBER 2008,DATE ADDED</my:Keywords>
    <my:PublicationDate>2007-06-01T00:00:00</my:PublicationDate>
  </my:myFields>