<?mso-infoPathSolution name="urn:schemas-microsoft-com:office:infopath:ResourceForm:-myXSD-2010-08-09T08-39-43" solutionVersion="1.0.0.68" productVersion="14.0.0.0" PIVersion="1.0.0.0" href="http://localhost:8081/FormServerTemplates/ARMSResourceForm.xsn"?>
  <?mso-application progid="InfoPath.Document" versionProgid="InfoPath.Document.3"?>
  <?mso-infoPath-file-attachment-present ?>
  <my:myFields xmlns:my="http://schemas.microsoft.com/office/infopath/2003/myXSD/2010-08-09T08:39:43" xmlns:xsi="http://www.w3.org/2001/XMLSchema-instance" xmlns:pc="http://schemas.microsoft.com/office/infopath/2007/PartnerControls" xmlns:ma="http://schemas.microsoft.com/office/2009/metadata/properties/metaAttributes" xmlns:d="http://schemas.microsoft.com/office/infopath/2009/WSSList/dataFields" xmlns:q="http://schemas.microsoft.com/office/infopath/2009/WSSList/queryFields" xmlns:dfs="http://schemas.microsoft.com/office/infopath/2003/dataFormSolution" xmlns:dms="http://schemas.microsoft.com/office/2009/documentManagement/types" xmlns:xd="http://schemas.microsoft.com/office/infopath/2003" xmlns:xhtml="http://www.w3.org/1999/xhtml">
    <my:Title>Systematic review of the efficacy of meditation techniques as treatments for medical illness</my:Title>
    <my:URL>http://www.ncbi.nlm.nih.gov/pubmed/17034289?ordinalpos=8&itool=EntrezSystem2.PEntrez.Pubmed.Pubmed_ResultsPanel.Pubmed_DefaultReportPanel.Pubmed_RVDocSum</my:URL>
    <my:Publisher>Mary Ann Liebert, Inc.</my:Publisher>
    <my:AdditionalContributors />
    <my:GeographicalAreas />
    <my:PublicationType>Systematic Review</my:PublicationType>
    <my:Description>
      <html xmlns="http://www.w3.org/1999/xhtml" xml:space="preserve">
        <p><em>This study has met our selection criteria but has not been fully appraised by the CAM specialist collection. Where there is an appraisal available we have linked to it. If there is no appraisal and you wish to appraise this systematic review here is a <a href="http://www.phru.nhs.uk/Pages/PHD/resources.htm">link to a list of appraisal tools</a></em>.</p>
<p><strong>Citation</strong></p>Arias AJ, Steinberg K, Banga A, Trestman RL. Systematic review of the efficacy of meditation techniques as treatments for medical illness. <em>Journal of Alternative and Complementary Medicine</em>. 2006; 12(8): 817-832. 
<p><strong>Authors' objectives</strong></p>
<p>To systematically review the evidence supporting efficacy and safety of meditative practices in treating illnesses, and examine areas warranting further study. Studies on normal healthy populations are not included. </p>
<p><strong>Authors' conclusions</strong></p>
<p>The results support the safety and potential efficacy of meditative practices for treating certain illnesses, particularly in nonpsychotic mood and anxiety disorders. Clear and reproducible evidence supporting efficacy from large, methodologically sound studies is lacking.</p>
<p><strong>Access</strong></p>
<p>NHS staff: for full text access to this resource contact your <a href="http://www.library.nhs.uk/mylibrary/default.aspx">local NHS library</a>. </p>
       </html>
    </my:Description>
    <my:ResourceType>CARDEX</my:ResourceType>
    <my:Attachment xsi:nil="true" />
    <my:HasAttachment>false</my:HasAttachment>
    <my:Speciality>Complementary and Alternative Medicine</my:Speciality>
    <my:Keywords>COMPLEMENTARY AND ALTERNATIVE MEDICINE,DATE ADDED,MEDITATION,YOGA,CONDITIONS A-Z,DEPRESSION,CONDITIONS A-B,ANXIETY,CONDITIONS D-E,DECEMBER 2008</my:Keywords>
    <my:PublicationDate>2006-10-01T00:00:00</my:PublicationDate>
  </my:myFields>