<?mso-infoPathSolution name="urn:schemas-microsoft-com:office:infopath:ResourceForm:-myXSD-2010-08-09T08-39-43" solutionVersion="1.0.0.68" productVersion="14.0.0.0" PIVersion="1.0.0.0" href="http://localhost:8081/FormServerTemplates/ARMSResourceForm.xsn"?>
  <?mso-application progid="InfoPath.Document" versionProgid="InfoPath.Document.3"?>
  <?mso-infoPath-file-attachment-present ?>
  <my:myFields xmlns:my="http://schemas.microsoft.com/office/infopath/2003/myXSD/2010-08-09T08:39:43" xmlns:xsi="http://www.w3.org/2001/XMLSchema-instance" xmlns:pc="http://schemas.microsoft.com/office/infopath/2007/PartnerControls" xmlns:ma="http://schemas.microsoft.com/office/2009/metadata/properties/metaAttributes" xmlns:d="http://schemas.microsoft.com/office/infopath/2009/WSSList/dataFields" xmlns:q="http://schemas.microsoft.com/office/infopath/2009/WSSList/queryFields" xmlns:dfs="http://schemas.microsoft.com/office/infopath/2003/dataFormSolution" xmlns:dms="http://schemas.microsoft.com/office/2009/documentManagement/types" xmlns:xd="http://schemas.microsoft.com/office/infopath/2003" xmlns:xhtml="http://www.w3.org/1999/xhtml">
    <my:Title>Garlic for the prevention of cardiovascular morbidity and mortality in hypertensive patients (Cochrane protocol)</my:Title>
    <my:URL>http://www.mrw.interscience.wiley.com/cochrane/clsysrev/articles/CD007653/frame.html</my:URL>
    <my:Publisher>John Wiley & Sons, Ltd</my:Publisher>
    <my:AdditionalContributors />
    <my:GeographicalAreas />
    <my:PublicationType>Systematic Review</my:PublicationType>
    <my:Description>
      <html xmlns="http://www.w3.org/1999/xhtml" xml:space="preserve">
        <i>
<p>This is the protocol for a Cochrane systematic review. This record will be updated when the review has been completed.</p></i>
<p><strong>Citation</strong></p>
<p>Huynh F, Fowkes C, Tejani A. Garlic for the prevention of cardiovascular morbidity and mortality in hypertensive patients (Protocol). <i>Cochrane Database of Systematic Reviews</i> 2009, Issue 1. Art. No.: CD007653. DOI: 10.1002/14651858.CD007653.</p>
<p><strong>Authors' objectives</strong></p>
<p>Primary objective 
</p><p>To determine whether garlic monotherapy can provide a therapeutic advantage over placebo for the treatment of adults with hypertension, as determined by a hierarchy of clinically important outcomes: </p>
<p>   - all cause mortality<br />   - cardiovascular events (fatal or non-fatal myocardial infarction)<br />   - cerebrovascular events (fatal or non fatal strokes) </p><br /><p>Secondary objectives </p>
<p>To determine whether garlic monotherapy can provide a therapeutic advantage over placebo in reduction of systolic and diastolic blood pressure in adults with hypertension.</p>
<p>To determine the incidence of withdrawal due to adverse effects associated with garlic monotherapy.</p>
       </html>
    </my:Description>
    <my:ResourceType>CARDEX</my:ResourceType>
    <my:Attachment xsi:nil="true" />
    <my:HasAttachment>false</my:HasAttachment>
    <my:Speciality>Complementary and Alternative Medicine</my:Speciality>
    <my:Keywords>COMPLEMENTARY AND ALTERNATIVE MEDICINE,CARDIOVASCULAR DISEASES,GARLIC (ALLIUM SATIVUM),HERBS D-G,CONDITIONS F-H,HIGH BLOOD PRESSURE,HYPERTENSION,CONDITIONS C,CONDITIONS A-Z,HERBAL MEDICINE,FEBRUARY 2009</my:Keywords>
    <my:PublicationDate>2009-01-21T00:00:00</my:PublicationDate>
  </my:myFields>