<?mso-infoPathSolution name="urn:schemas-microsoft-com:office:infopath:ResourceForm:-myXSD-2010-08-09T08-39-43" solutionVersion="1.0.0.68" productVersion="14.0.0.0" PIVersion="1.0.0.0" href="http://localhost:8081/FormServerTemplates/ARMSResourceForm.xsn"?>
  <?mso-application progid="InfoPath.Document" versionProgid="InfoPath.Document.3"?>
  <?mso-infoPath-file-attachment-present ?>
  <my:myFields xmlns:my="http://schemas.microsoft.com/office/infopath/2003/myXSD/2010-08-09T08:39:43" xmlns:xsi="http://www.w3.org/2001/XMLSchema-instance" xmlns:pc="http://schemas.microsoft.com/office/infopath/2007/PartnerControls" xmlns:ma="http://schemas.microsoft.com/office/2009/metadata/properties/metaAttributes" xmlns:d="http://schemas.microsoft.com/office/infopath/2009/WSSList/dataFields" xmlns:q="http://schemas.microsoft.com/office/infopath/2009/WSSList/queryFields" xmlns:dfs="http://schemas.microsoft.com/office/infopath/2003/dataFormSolution" xmlns:dms="http://schemas.microsoft.com/office/2009/documentManagement/types" xmlns:xd="http://schemas.microsoft.com/office/infopath/2003" xmlns:xhtml="http://www.w3.org/1999/xhtml">
    <my:Title>Intake of fruit, vegetables, and antioxidants and risk of type 2 diabetes: Systematic review and meta-analysis</my:Title>
    <my:URL>http://www.ncbi.nlm.nih.gov/pubmed/17984654</my:URL>
    <my:Publisher>Lippincott Williams & Wilkins</my:Publisher>
    <my:AdditionalContributors />
    <my:GeographicalAreas />
    <my:PublicationType>Systematic Review</my:PublicationType>
    <my:Description>
      <html xmlns="http://www.w3.org/1999/xhtml" xml:space="preserve">
        <p><em>This <em>study has met our selection criteria <em>but has not been fully appraised by the CAM SL</em>. Where there is an appraisal available we have linked to it. If there is no appraisal and you wish to appraise this systematic review here is a </em><a href="http://www.phru.nhs.uk/Pages/PHD/resources.htm"><em>link to a list of appraisal tools</em></a><em>.</em></em></p>
<p><strong>Citation</strong></p>
<p>Hamer M. and Chida Y. Intake of fruit, vegetables, and antioxidants and risk of type 2 diabetes: Systematic review and meta-analysis. <em>Journal of Hypertension</em>. 2007, 25 (12), 2361-2369.</p>
<p><strong>Authors' objectives</strong></p>
<p>The public health recommendation is to consume five or more servings of fruit and vegetables daily, but the association between the intake of fruit and vegetables and the risk of type 2 diabetes is unclear.  </p>
<p><strong>Authors' conclusions</strong></p>
<p>The consumption of three or more daily servings of fruit or vegetables was not associated with a substantial reduction in the risk of type 2 diabetes. The intake of antioxidants was associated with a 13% reduction in risk, mainly attributed to vitamin E. These results are not supported by randomized, controlled trials of vitamin supplements, therefore the findings might not be causal, and the discrepancy remains unclear.<br /></p>
<p><strong>Access</strong></p>
<p>NHS staff: for full text access to this resource contact your <a href="http://www.library.nhs.uk/mylibrary/default.aspx">local NHS library</a>.  </p>
       </html>
    </my:Description>
    <my:ResourceType>CARDEX</my:ResourceType>
    <my:Attachment xsi:nil="true" />
    <my:HasAttachment>false</my:HasAttachment>
    <my:Speciality>Complementary and Alternative Medicine</my:Speciality>
    <my:Keywords>COMPLEMENTARY AND ALTERNATIVE MEDICINE,DIETARY AND NUTRITIONAL THERAPIES,CONDITIONS A-Z,CONDITIONS D-E,DIABETES MELLITUS,DIABETES,ENDOCRINE DISORDERS,NUTRITION,FOOD,OUTCOMES,DETERMINANTS,FOOD & NUTRITION,PUBLIC HEALTH,FEBRUARY 2009,MONTHLY ADDITIONS,AUGUST 2010</my:Keywords>
    <my:PublicationDate>2007-12-01T00:00:00</my:PublicationDate>
  </my:myFields>