<?mso-infoPathSolution name="urn:schemas-microsoft-com:office:infopath:ResourceForm:-myXSD-2010-08-09T08-39-43" solutionVersion="1.0.0.68" productVersion="14.0.0.0" PIVersion="1.0.0.0" href="http://localhost:8081/FormServerTemplates/ARMSResourceForm.xsn"?>
  <?mso-application progid="InfoPath.Document" versionProgid="InfoPath.Document.3"?>
  <?mso-infoPath-file-attachment-present ?>
  <my:myFields xmlns:my="http://schemas.microsoft.com/office/infopath/2003/myXSD/2010-08-09T08:39:43" xmlns:xsi="http://www.w3.org/2001/XMLSchema-instance" xmlns:pc="http://schemas.microsoft.com/office/infopath/2007/PartnerControls" xmlns:ma="http://schemas.microsoft.com/office/2009/metadata/properties/metaAttributes" xmlns:d="http://schemas.microsoft.com/office/infopath/2009/WSSList/dataFields" xmlns:q="http://schemas.microsoft.com/office/infopath/2009/WSSList/queryFields" xmlns:dfs="http://schemas.microsoft.com/office/infopath/2003/dataFormSolution" xmlns:dms="http://schemas.microsoft.com/office/2009/documentManagement/types" xmlns:xd="http://schemas.microsoft.com/office/infopath/2003" xmlns:xhtml="http://www.w3.org/1999/xhtml">
    <my:Title>Meta-analysis of the effects of n-3 polyunsaturated fatty acids on lipoproteins and other emerging lipid cardiovascular risk markers in patients with type 2 diabetes</my:Title>
    <my:URL>http://www.springerlink.com/content/a423601u71802314/</my:URL>
    <my:Publisher>Springer-Verlag</my:Publisher>
    <my:AdditionalContributors />
    <my:GeographicalAreas />
    <my:PublicationType>Systematic Review</my:PublicationType>
    <my:Description>
      <html xmlns="http://www.w3.org/1999/xhtml" xml:space="preserve">
        <p><em>This <em>study has met our selection criteria <em>but has not been fully appraised by the CAM SL</em>. Where there is an appraisal available we have linked to it. If there is no appraisal and you wish to appraise this systematic review here is a </em><a href="http://www.phru.nhs.uk/Pages/PHD/resources.htm"><em>link to a list of appraisal tools</em></a><em>.</em></em></p>
<p><strong>Citation</strong></p>
<p>Hartweg J, Farmer AJ, Perera R, Holman RR, and Neil HA. Meta-analysis of the effects of n-3 polyunsaturated fatty acids on lipoproteins and other emerging lipid cardiovascular risk markers in patients with type 2 diabetes. <em>Diabetologia.</em> 2007, 50(8), 1593-602. </p>
<p><strong>Authors' objectives</strong></p>
<p>To determine the effects of marine-derived <i>n</i>-3 polyunsaturated fatty acids (PUFA) on established and emerging lipid and lipoprotein cardiovascular risk markers in patients with type 2 diabetes.  </p>
<p><strong>Authors' conclusions</strong></p>
<p>In addition to recognised triacylglycerol-lowering effects, <i>n</i>-3 PUFA supplementation decreases VLDL-cholesterol and VLDL-triacylglycerol, but may have an adverse effect on LDL-cholesterol. Larger and longer term clinical trials are required to conclusively establish the effect of <i>n</i>-3 PUFA on cardiovascular risk markers and outcomes in type 2 diabetic patients. <br /></p>
<p><strong>Access</strong></p>
<p>NHS staff: for full text access to this resource contact your <a href="http://www.library.nhs.uk/mylibrary/default.aspx">local NHS library</a>. </p>
       </html>
    </my:Description>
    <my:ResourceType>CARDEX</my:ResourceType>
    <my:Attachment xsi:nil="true" />
    <my:HasAttachment>false</my:HasAttachment>
    <my:Speciality>Complementary and Alternative Medicine</my:Speciality>
    <my:Keywords>COMPLEMENTARY AND ALTERNATIVE MEDICINE,DIABETES MELLITUS,CONDITIONS D-E,CONDITIONS C,CONDITIONS A-Z,DIETARY AND NUTRITIONAL THERAPIES,CARDIOVASCULAR DISEASES,FEBRUARY 2009,NUTRITIONAL SUPPLEMENTS,LIPIDS,OMEGA-3 FATTY ACIDS</my:Keywords>
    <my:PublicationDate>2007-05-31T00:00:00</my:PublicationDate>
  </my:myFields>