<?mso-infoPathSolution name="urn:schemas-microsoft-com:office:infopath:ResourceForm:-myXSD-2010-08-09T08-39-43" solutionVersion="1.0.0.68" productVersion="14.0.0.0" PIVersion="1.0.0.0" href="http://localhost:8081/FormServerTemplates/ARMSResourceForm.xsn"?>
  <?mso-application progid="InfoPath.Document" versionProgid="InfoPath.Document.3"?>
  <?mso-infoPath-file-attachment-present ?>
  <my:myFields xmlns:my="http://schemas.microsoft.com/office/infopath/2003/myXSD/2010-08-09T08:39:43" xmlns:xsi="http://www.w3.org/2001/XMLSchema-instance" xmlns:pc="http://schemas.microsoft.com/office/infopath/2007/PartnerControls" xmlns:ma="http://schemas.microsoft.com/office/2009/metadata/properties/metaAttributes" xmlns:d="http://schemas.microsoft.com/office/infopath/2009/WSSList/dataFields" xmlns:q="http://schemas.microsoft.com/office/infopath/2009/WSSList/queryFields" xmlns:dfs="http://schemas.microsoft.com/office/infopath/2003/dataFormSolution" xmlns:dms="http://schemas.microsoft.com/office/2009/documentManagement/types" xmlns:xd="http://schemas.microsoft.com/office/infopath/2003" xmlns:xhtml="http://www.w3.org/1999/xhtml">
    <my:Title>Public Assessment Reports for herbal medicines</my:Title>
    <my:URL>http://www.mhra.gov.uk/Publications/PublicAssessmentReports/PublicAssessmentReportsforherbalmedicines/index.htm</my:URL>
    <my:Publisher>Medicines and Healthcare products Regulatory Agency (MHRA)</my:Publisher>
    <my:AdditionalContributors />
    <my:GeographicalAreas />
    <my:PublicationType>Report</my:PublicationType>
    <my:Description>
      <html xmlns="http://www.w3.org/1999/xhtml" xml:space="preserve">
        <p>Manufactured herbal medicines placed on the UK market are required to have either a Traditional Herbal Registration (THR) or a Marketing Authorisation (MA). This applies whether the product is marketed to consumers, herbal practitioners, retailers, or wholesalers.</p>
<p>The <a href="http://www.mhra.gov.uk/Publications/PublicAssessmentReports/PublicAssessmentReportsforherbalmedicines/index.htm">Public Assessment Reports provided</a> are compiled and edited in accordance with EC Directive 2004/27/EC.</p>
<p>The compilation and editing of the original assessment reports into the Public Assessment Reports are performed by experienced medical writers. The draft copies of the Public Assessment Reports are then checked by medical, pharmaceutical, and, if necessary, preclinical and statistical assessors. The assessment reports are amended to incorporate any assessors’ comments. Before being made available to the public, all Public Assessment Reports are sent to the Marketing Authorisation/Traditional Herbal Registration holder (or a designated person of their choice) for comment.</p>
<p> </p>
       </html>
    </my:Description>
    <my:ResourceType>CARDEX</my:ResourceType>
    <my:Attachment xsi:nil="true" />
    <my:HasAttachment>false</my:HasAttachment>
    <my:Speciality>Complementary and Alternative Medicine</my:Speciality>
    <my:Keywords>COMPLEMENTARY AND ALTERNATIVE MEDICINE,HERBAL MEDICINE,CAM GENERAL,FEBRUARY 2009,REGULATION</my:Keywords>
    <my:PublicationDate>2009-02-11T00:00:00</my:PublicationDate>
  </my:myFields>