<?mso-infoPathSolution name="urn:schemas-microsoft-com:office:infopath:ResourceForm:-myXSD-2010-08-09T08-39-43" solutionVersion="1.0.0.68" productVersion="14.0.0.0" PIVersion="1.0.0.0" href="http://localhost:8081/FormServerTemplates/ARMSResourceForm.xsn"?>
  <?mso-application progid="InfoPath.Document" versionProgid="InfoPath.Document.3"?>
  <?mso-infoPath-file-attachment-present ?>
  <my:myFields xmlns:my="http://schemas.microsoft.com/office/infopath/2003/myXSD/2010-08-09T08:39:43" xmlns:xsi="http://www.w3.org/2001/XMLSchema-instance" xmlns:pc="http://schemas.microsoft.com/office/infopath/2007/PartnerControls" xmlns:ma="http://schemas.microsoft.com/office/2009/metadata/properties/metaAttributes" xmlns:d="http://schemas.microsoft.com/office/infopath/2009/WSSList/dataFields" xmlns:q="http://schemas.microsoft.com/office/infopath/2009/WSSList/queryFields" xmlns:dfs="http://schemas.microsoft.com/office/infopath/2003/dataFormSolution" xmlns:dms="http://schemas.microsoft.com/office/2009/documentManagement/types" xmlns:xd="http://schemas.microsoft.com/office/infopath/2003" xmlns:xhtml="http://www.w3.org/1999/xhtml">
    <my:Title>Traditional Chinese medicine plus transcatheter arterial chemoembolization for unresectable hepatocellular carcinoma</my:Title>
    <my:URL>http://www.ncbi.nlm.nih.gov/pubmed/18990050?dopt=Citation</my:URL>
    <my:Publisher>Mary Ann Liebert, Inc.</my:Publisher>
    <my:AdditionalContributors />
    <my:GeographicalAreas />
    <my:PublicationType>Systematic Review</my:PublicationType>
    <my:Description>
      <html xmlns="http://www.w3.org/1999/xhtml" xml:space="preserve">
        <p><em>This review has been evaluated by a CRD reviewer as potentially meeting the <a href="http://www.york.ac.uk/inst/crd/darefaq.htm">CRD quality criteria</a> and a structured abstract is in the process of being written. This provisional record is for information, please note that the review has not been appraised yet. </em></p>
<p><strong>Citation</strong></p>

Meng MB, Cui YL, Guan YS, Ying Z, Zheng MH, Yuan CK, Zhang RM. Traditional Chinese medicine plus transcatheter arterial chemoembolization for unresectable hepatocellular carcinoma. Journal of Alternative and Complementary Medicine. 2008, 14(8): 1027-1042.
<p><strong>Authors' objectives</strong></p>
<p>To compare the efficacy and safety of Traditional Chinese Medicine (TCM) plus transcatheter arterial chemoembolization (TACE) with that of TACE alone (therapy I versus therapy II, respectively) in treating unresectable hepatocellular carcinoma (UHCC) through a meta-analysis of all available randomized controlled trials.  </p>
<p><strong>Authors' conclusions</strong></p>
<p>Therapy I benefited patients with UHCC. Subgroup A improved the survival of patients and the amelioration of symptoms more than subgroup B. As in some trials, there were flaws in the methodological quality, and the data therefore have a risk of bias and of being insufficient for determining the effects of therapy I and subgroup A. Hence, further large-scale trials are warranted.</p>
       </html>
    </my:Description>
    <my:ResourceType>CARDEX</my:ResourceType>
    <my:Attachment xsi:nil="true" />
    <my:HasAttachment>false</my:HasAttachment>
    <my:Speciality>Complementary and Alternative Medicine</my:Speciality>
    <my:Keywords>COMPLEMENTARY AND ALTERNATIVE MEDICINE,DATE ADDED,CONDITIONS I-L,LIVER DISEASES,CANCER,CONDITIONS C,TRADITIONAL CHINESE MEDICINE (TCM),CONDITIONS A-Z,OTHER THERAPIES OR MEDICAL SYSTEMS,HERBAL MEDICINE,FEBRUARY 2009</my:Keywords>
    <my:PublicationDate>2008-10-01T00:00:00</my:PublicationDate>
  </my:myFields>