<?mso-infoPathSolution name="urn:schemas-microsoft-com:office:infopath:ResourceForm:-myXSD-2010-08-09T08-39-43" solutionVersion="1.0.0.68" productVersion="14.0.0.0" PIVersion="1.0.0.0" href="http://localhost:8081/FormServerTemplates/ARMSResourceForm.xsn"?>
  <?mso-application progid="InfoPath.Document" versionProgid="InfoPath.Document.3"?>
  <?mso-infoPath-file-attachment-present ?>
  <my:myFields xmlns:my="http://schemas.microsoft.com/office/infopath/2003/myXSD/2010-08-09T08:39:43" xmlns:xsi="http://www.w3.org/2001/XMLSchema-instance" xmlns:pc="http://schemas.microsoft.com/office/infopath/2007/PartnerControls" xmlns:ma="http://schemas.microsoft.com/office/2009/metadata/properties/metaAttributes" xmlns:d="http://schemas.microsoft.com/office/infopath/2009/WSSList/dataFields" xmlns:q="http://schemas.microsoft.com/office/infopath/2009/WSSList/queryFields" xmlns:dfs="http://schemas.microsoft.com/office/infopath/2003/dataFormSolution" xmlns:dms="http://schemas.microsoft.com/office/2009/documentManagement/types" xmlns:xd="http://schemas.microsoft.com/office/infopath/2003" xmlns:xhtml="http://www.w3.org/1999/xhtml">
    <my:Title>Evaluation of a CAM pilot project in Northern Ireland</my:Title>
    <my:URL>http://www.dhsspsni.gov.uk/final_report_from_smr_on_the_cam_pilot_project_-_may_2008.pdf</my:URL>
    <my:Publisher>Department for Health, Social Services and Public Safety (DHSSPS)</my:Publisher>
    <my:AdditionalContributors />
    <my:GeographicalAreas />
    <my:PublicationType>Research Study</my:PublicationType>
    <my:Description>
      <html xmlns="http://www.w3.org/1999/xhtml" xml:space="preserve">
        <p>This report presents the findings from an evaluation of a pilot project aimed at integrating complementary and alternative medicine (CAM) into existing primary care services in Northern Ireland.</p>
<p>Over 713 pateints were referred to the project by their GP. Patients presenting to their health centre with musculoskeletal and mental health conditions, were referred for a range of CAM therapies including acupuncture, chiropractic, osteopathy, homeopathy, reflexology, aromatherapy and massage. The project was commissioned by the Department of Health, Social Services and Public Safety with a view to exploring the potential for CAM within existing primary care services in Northern Ireland. The project was implemented by Get Well UK in two primary care centres in Northern Ireland: Shantallow Health Centre in Londonderry and The Arches Centre in Belfast. The evaluation, conducted independently by Social &amp; Market Research (SMR), is based on an analysis of project monitoring data provided by Get Well UK; and focus groups and surveys of patients, CAM practitioners and GPs from the two participating health centres.</p>
       </html>
    </my:Description>
    <my:ResourceType>CARDEX</my:ResourceType>
    <my:Attachment xsi:nil="true" />
    <my:HasAttachment>false</my:HasAttachment>
    <my:Speciality>Complementary and Alternative Medicine</my:Speciality>
    <my:Keywords>COMPLEMENTARY AND ALTERNATIVE MEDICINE,CONDITIONS A-Z,CONDITIONS M-O,MUSCULOSKELETAL DISEASES,CAM GENERAL,FEBRUARY 2009,MENTAL DISORDERS,USE OF CAM</my:Keywords>
    <my:PublicationDate>2008-05-01T00:00:00</my:PublicationDate>
  </my:myFields>