<?mso-infoPathSolution name="urn:schemas-microsoft-com:office:infopath:ResourceForm:-myXSD-2010-08-09T08-39-43" solutionVersion="1.0.0.68" productVersion="14.0.0.0" PIVersion="1.0.0.0" href="http://localhost:8081/FormServerTemplates/ARMSResourceForm.xsn"?>
  <?mso-application progid="InfoPath.Document" versionProgid="InfoPath.Document.3"?>
  <?mso-infoPath-file-attachment-present ?>
  <my:myFields xmlns:my="http://schemas.microsoft.com/office/infopath/2003/myXSD/2010-08-09T08:39:43" xmlns:xsi="http://www.w3.org/2001/XMLSchema-instance" xmlns:pc="http://schemas.microsoft.com/office/infopath/2007/PartnerControls" xmlns:ma="http://schemas.microsoft.com/office/2009/metadata/properties/metaAttributes" xmlns:d="http://schemas.microsoft.com/office/infopath/2009/WSSList/dataFields" xmlns:q="http://schemas.microsoft.com/office/infopath/2009/WSSList/queryFields" xmlns:dfs="http://schemas.microsoft.com/office/infopath/2003/dataFormSolution" xmlns:dms="http://schemas.microsoft.com/office/2009/documentManagement/types" xmlns:xd="http://schemas.microsoft.com/office/infopath/2003" xmlns:xhtml="http://www.w3.org/1999/xhtml">
    <my:Title>Evolution of medical treatment for endometriosis: back to the roots?</my:Title>
    <my:URL>http://humupd.oxfordjournals.org/cgi/content/full/13/5/487</my:URL>
    <my:Publisher>Oxford University Press</my:Publisher>
    <my:AdditionalContributors />
    <my:GeographicalAreas />
    <my:PublicationType>Systematic Review</my:PublicationType>
    <my:Description>
      <html xmlns="http://www.w3.org/1999/xhtml" xml:space="preserve">
        <p><em>This <em>study has met our selection criteria <em>but has not been fully appraised by the CAM SL</em>. Where there is an appraisal available we have linked to it. If there is no appraisal and you wish to appraise this systematic review here is a </em><a href="http://www.phru.nhs.uk/Pages/PHD/resources.htm"><em>link to a list of appraisal tools</em></a><em>.</em></em></p>
<p><strong>Citation</strong></p>
<p>Wieser F, Cohen M, Gaeddert A, Yu J, Burks-Wicks C, Berga SL, Taylor RN.  Evolution of medical treatment for endometriosis: back to the roots? <em>Human Reproduction Update</em>. 2007, 13(5):487-499.</p>
<p><strong>Authors' objectives</strong></p>
<p>To<sup> </sup>present a systematic review of clinical and experimental data<sup></sup>on the use of medicinal herbs in the treatment of endometriosis.</p>
<p><strong>Authors' conclusions</strong></p>
<p>Although there is a general lack of evidence from clinical studies on the potential efficacy of medicinal herbs for the treatment of endometriosis-associated symptoms, our review highlights the anti-inflammatory and pain-alleviating mechanisms of action of herbal remedies. Medicinal herbs and their active components exhibit cytokine-suppressive, COX-2-inhibiting, antioxidant, sedative and pain-alleviating properties. Each of these mechanisms of action would be predicted to have salutary effects in endometriosis. Better understanding of the mechanisms of action, toxicity and herb-herb and herb-drug interactions permits the optimization of design and execution of complementary alternative medicine trials for endometriosis-associated pain. A potential benefit of herbal therapy is the likelihood of synergistic interactions within individual or combinations of plants. In this sense, phytotherapies may be analogous to nutraceuticals or whole food nutrition. We encourage the development of herbal analogues and establishment of special, simplified registration procedures for certain medicinal products, particularly herbal derivates with a long tradition of safe use. </p>
       </html>
    </my:Description>
    <my:ResourceType>CARDEX</my:ResourceType>
    <my:Attachment xsi:nil="true" />
    <my:HasAttachment>false</my:HasAttachment>
    <my:Speciality>Complementary and Alternative Medicine</my:Speciality>
    <my:Keywords>COMPLEMENTARY AND ALTERNATIVE MEDICINE,CONDITIONS D-E,TRADITIONAL CHINESE MEDICINE (TCM),ENDOMETRIOSIS,CONDITIONS A-Z,HERBAL MEDICINE,OTHER THERAPIES OR MEDICAL SYSTEMS,MARCH 2009</my:Keywords>
    <my:PublicationDate>2007-09-01T00:00:00</my:PublicationDate>
  </my:myFields>