<?mso-infoPathSolution name="urn:schemas-microsoft-com:office:infopath:ResourceForm:-myXSD-2010-08-09T08-39-43" solutionVersion="1.0.0.68" productVersion="14.0.0.0" PIVersion="1.0.0.0" href="http://localhost:8081/FormServerTemplates/ARMSResourceForm.xsn"?>
  <?mso-application progid="InfoPath.Document" versionProgid="InfoPath.Document.3"?>
  <?mso-infoPath-file-attachment-present ?>
  <my:myFields xmlns:my="http://schemas.microsoft.com/office/infopath/2003/myXSD/2010-08-09T08:39:43" xmlns:xsi="http://www.w3.org/2001/XMLSchema-instance" xmlns:pc="http://schemas.microsoft.com/office/infopath/2007/PartnerControls" xmlns:ma="http://schemas.microsoft.com/office/2009/metadata/properties/metaAttributes" xmlns:d="http://schemas.microsoft.com/office/infopath/2009/WSSList/dataFields" xmlns:q="http://schemas.microsoft.com/office/infopath/2009/WSSList/queryFields" xmlns:dfs="http://schemas.microsoft.com/office/infopath/2003/dataFormSolution" xmlns:dms="http://schemas.microsoft.com/office/2009/documentManagement/types" xmlns:xd="http://schemas.microsoft.com/office/infopath/2003" xmlns:xhtml="http://www.w3.org/1999/xhtml">
    <my:Title>Complementary and Alternative Medicine Online Continuing Education Series</my:Title>
    <my:URL>http://nccam.nih.gov/training/videolectures/</my:URL>
    <my:Publisher>National Institutes of Health (NIH)</my:Publisher>
    <my:AdditionalContributors />
    <my:GeographicalAreas />
    <my:PublicationType>Learning Material%2fcourseware</my:PublicationType>
    <my:Description>
      <html xmlns="http://www.w3.org/1999/xhtml" xml:space="preserve">
        <p>The CAM Online Education Series is developed by the National Center for Complementary and Alternative Medicine (<a href="http://nccam.nih.gov/">NCCAM</a>). It contains 10 chapters. Each lecture includes:</p>
<ul><li>A video lecture by one author, including the transcript 
</li><li>A question and answer transcript 
</li><li>An optional online test 
</li><li>Additional resource links 
</li><li>A certificate of completion </li></ul><p>Health professionals must register to receive continuing education credits or can just log in as a Guest and view the material.</p>
<p>Although developed for health care professionals to receive continuing education, members of the public are invited to view the series and learn more about various aspects of CAM and CAM research.</p>
       </html>
    </my:Description>
    <my:ResourceType>CARDEX</my:ResourceType>
    <my:Attachment xsi:nil="true" />
    <my:HasAttachment>false</my:HasAttachment>
    <my:Speciality>Complementary and Alternative Medicine</my:Speciality>
    <my:Keywords>COMPLEMENTARY AND ALTERNATIVE MEDICINE,CAM GENERAL,MARCH 2009,EDUCATION/CPD,RESEARCH</my:Keywords>
    <my:PublicationDate>2009-01-12T00:00:00</my:PublicationDate>
  </my:myFields>