<?mso-infoPathSolution name="urn:schemas-microsoft-com:office:infopath:ResourceForm:-myXSD-2010-08-09T08-39-43" solutionVersion="1.0.0.68" productVersion="14.0.0.0" PIVersion="1.0.0.0" href="http://localhost:8081/FormServerTemplates/ARMSResourceForm.xsn"?>
  <?mso-application progid="InfoPath.Document" versionProgid="InfoPath.Document.3"?>
  <?mso-infoPath-file-attachment-present ?>
  <my:myFields xmlns:my="http://schemas.microsoft.com/office/infopath/2003/myXSD/2010-08-09T08:39:43" xmlns:xsi="http://www.w3.org/2001/XMLSchema-instance" xmlns:pc="http://schemas.microsoft.com/office/infopath/2007/PartnerControls" xmlns:ma="http://schemas.microsoft.com/office/2009/metadata/properties/metaAttributes" xmlns:d="http://schemas.microsoft.com/office/infopath/2009/WSSList/dataFields" xmlns:q="http://schemas.microsoft.com/office/infopath/2009/WSSList/queryFields" xmlns:dfs="http://schemas.microsoft.com/office/infopath/2003/dataFormSolution" xmlns:dms="http://schemas.microsoft.com/office/2009/documentManagement/types" xmlns:xd="http://schemas.microsoft.com/office/infopath/2003" xmlns:xhtml="http://www.w3.org/1999/xhtml">
    <my:Title>Use of complementary and alternative medicine by cancer patients: systematic review</my:Title>
    <my:URL>http://www.scielosp.org/pdf/rsp/v42n1/en_6114.pdf</my:URL>
    <my:Publisher>Universidade De Sao Paulo</my:Publisher>
    <my:AdditionalContributors />
    <my:GeographicalAreas />
    <my:PublicationType>Review</my:PublicationType>
    <my:Description>
      <html xmlns="http://www.w3.org/1999/xhtml" xml:space="preserve">
        <p><strong>Citation</strong></p>
<p>Spadacio C, Barros NF. Use of complementary and alternative medicine by cancer patients: systematic review. Rev Saude Publica. 2008, 42(1):158-64. </p>
<p><strong>Authors' objectives</strong></p>
<p>A systematic literature review of the profile of patients who choose to use this type of medicine, as well as their motivations, was carried out on the PubMed database. </p>
<p><strong>Authors' conclusions</strong></p>
<p>From the 43 articles analyzed, it could be concluded that the use of complementary and alternative medicine is part of these patients' social scope. Moreover, its use plays an important role in the identity construction of cancer patients, helping them to make decisions related to conventional treatment.</p>
       </html>
    </my:Description>
    <my:ResourceType>CARDEX</my:ResourceType>
    <my:Attachment xsi:nil="true" />
    <my:HasAttachment>false</my:HasAttachment>
    <my:Speciality>Complementary and Alternative Medicine</my:Speciality>
    <my:Keywords>COMPLEMENTARY AND ALTERNATIVE MEDICINE,CONDITIONS A-Z,CANCER,CONDITIONS C,CAM GENERAL,MARCH 2009,DATE ADDED,USE OF CAM</my:Keywords>
    <my:PublicationDate>2008-02-01T00:00:00</my:PublicationDate>
  </my:myFields>