<?mso-infoPathSolution name="urn:schemas-microsoft-com:office:infopath:ResourceForm:-myXSD-2010-08-09T08-39-43" solutionVersion="1.0.0.68" productVersion="14.0.0.0" PIVersion="1.0.0.0" href="http://localhost:8081/FormServerTemplates/ARMSResourceForm.xsn"?>
  <?mso-application progid="InfoPath.Document" versionProgid="InfoPath.Document.3"?>
  <?mso-infoPath-file-attachment-present ?>
  <my:myFields xmlns:my="http://schemas.microsoft.com/office/infopath/2003/myXSD/2010-08-09T08:39:43" xmlns:xsi="http://www.w3.org/2001/XMLSchema-instance" xmlns:pc="http://schemas.microsoft.com/office/infopath/2007/PartnerControls" xmlns:ma="http://schemas.microsoft.com/office/2009/metadata/properties/metaAttributes" xmlns:d="http://schemas.microsoft.com/office/infopath/2009/WSSList/dataFields" xmlns:q="http://schemas.microsoft.com/office/infopath/2009/WSSList/queryFields" xmlns:dfs="http://schemas.microsoft.com/office/infopath/2003/dataFormSolution" xmlns:dms="http://schemas.microsoft.com/office/2009/documentManagement/types" xmlns:xd="http://schemas.microsoft.com/office/infopath/2003" xmlns:xhtml="http://www.w3.org/1999/xhtml">
    <my:Title>Vitamin and mineral supplement use among US adults after cancer diagnosis: a systematic review</my:Title>
    <my:URL>http://www.ncbi.nlm.nih.gov/pubmed/18235127?ordinalpos=1&itool=EntrezSystem2.PEntrez.Pubmed.Pubmed_ResultsPanel.Pubmed_RVDocSum</my:URL>
    <my:Publisher>American Society of Clinical Oncology</my:Publisher>
    <my:AdditionalContributors />
    <my:GeographicalAreas />
    <my:PublicationType>Systematic Review</my:PublicationType>
    <my:Description>
      <html xmlns="http://www.w3.org/1999/xhtml" xml:space="preserve">
        <p><em>This <em>study has met our selection criteria <em>but has not been fully appraised by the CAM SL</em>. Where there is an appraisal available we have linked to it. If there is no appraisal and you wish to appraise this systematic review here is a </em><a href="http://www.phru.nhs.uk/Pages/PHD/resources.htm"><em>link to a list of appraisal tools</em></a><em>.</em></em></p>
<p><strong>Citation</strong></p>
<p>Velicer CM, Ulrich CM. Vitamin and mineral supplement use among US adults after cancer diagnosis: a systematic review.  J Clin Oncol. 2008 Feb 1;26(4):665-73.</p>
<p><strong>Authors' objectives</strong></p>
<p>Vitamin and mineral supplement use is thought to be common among the 10 million adults in the United States who have been diagnosed with cancer; however, well-conducted studies of this topic are sparse. Moreover, the biologic effects of supplement use among cancer survivors are not well established and not necessarily beneficial. We present a systematic summary of studies published between 1999 and 2006, 32 in total, addressing vitamin and mineral supplement use among US adult cancer patients and survivors. </p>
<p><strong>Authors' conclusions</strong></p>
<p>Supplement use is widespread among cancer patients and longer-term survivors. In studies combining different cancer sites, 64% to 81% of survivors reported using any vitamin or mineral supplements and 26% to 77% reported using any multivitamins. In contrast, approximately 50% of US adults use dietary supplements and 33% use multivitamin/multimineral supplements. Between 14% and 32% of survivors initiate supplement use after diagnosis, and use differs by cancer site. Breast cancer survivors reported the highest use, whereas prostate cancer survivors reported the least. Higher level of education and female sex emerged as factors most consistently associated with supplement use. Up to 68% of physicians are unaware of supplement use among their cancer patients. </p>
<p>These results highlight the need for further studies of the association between dietary supplement use and cancer treatment toxicity, recurrence, survival, and quality of life to support evidence-based clinical guidelines for dietary supplement use among cancer patients and longer-term survivors.<br /></p>
<p><strong>Access</strong></p>
<p>NHS staff: for full text access to this resource contact your <a href="http://www.library.nhs.uk/mylibrary/default.aspx">local NHS library</a>.  </p>
       </html>
    </my:Description>
    <my:ResourceType>CARDEX</my:ResourceType>
    <my:Attachment xsi:nil="true" />
    <my:HasAttachment>false</my:HasAttachment>
    <my:Speciality>Complementary and Alternative Medicine</my:Speciality>
    <my:Keywords>COMPLEMENTARY AND ALTERNATIVE MEDICINE,DIETARY AND NUTRITIONAL THERAPIES,CONDITIONS A-Z,CONDITIONS C,CANCER,CAM GENERAL,MARCH 2009,USE OF CAM,NUTRITIONAL SUPPLEMENTS</my:Keywords>
    <my:PublicationDate>2008-02-01T00:00:00</my:PublicationDate>
  </my:myFields>