<?mso-infoPathSolution name="urn:schemas-microsoft-com:office:infopath:ResourceForm:-myXSD-2010-08-09T08-39-43" solutionVersion="1.0.0.68" productVersion="14.0.0.0" PIVersion="1.0.0.0" href="http://localhost:8081/FormServerTemplates/ARMSResourceForm.xsn"?>
  <?mso-application progid="InfoPath.Document" versionProgid="InfoPath.Document.3"?>
  <?mso-infoPath-file-attachment-present ?>
  <my:myFields xmlns:my="http://schemas.microsoft.com/office/infopath/2003/myXSD/2010-08-09T08:39:43" xmlns:xsi="http://www.w3.org/2001/XMLSchema-instance" xmlns:pc="http://schemas.microsoft.com/office/infopath/2007/PartnerControls" xmlns:ma="http://schemas.microsoft.com/office/2009/metadata/properties/metaAttributes" xmlns:d="http://schemas.microsoft.com/office/infopath/2009/WSSList/dataFields" xmlns:q="http://schemas.microsoft.com/office/infopath/2009/WSSList/queryFields" xmlns:dfs="http://schemas.microsoft.com/office/infopath/2003/dataFormSolution" xmlns:dms="http://schemas.microsoft.com/office/2009/documentManagement/types" xmlns:xd="http://schemas.microsoft.com/office/infopath/2003" xmlns:xhtml="http://www.w3.org/1999/xhtml">
    <my:Title>Reflexology for symptom relief in patients with cancer</my:Title>
    <my:URL>http://www.ncbi.nlm.nih.gov/pubmed/18772659?ordinalpos=2&itool=EntrezSystem2.PEntrez.Pubmed.Pubmed_ResultsPanel.Pubmed_DefaultReportPanel.Pubmed_RVDocSum</my:URL>
    <my:Publisher>Lippincott Williams & Wilkins</my:Publisher>
    <my:AdditionalContributors />
    <my:GeographicalAreas />
    <my:PublicationType>Systematic Review</my:PublicationType>
    <my:Description>
      <html xmlns="http://www.w3.org/1999/xhtml" xml:space="preserve">
        <p><em>This <em>study has met our selection criteria <em>but has not been fully appraised by the CAM SL</em>. Where there is an appraisal available we have linked to it. If there is no appraisal and you wish to appraise this systematic review here is a </em><a href="http://www.phru.nhs.uk/Pages/PHD/resources.htm"><em>link to a list of appraisal tools</em></a><em>.</em></em></p>
<p><strong>Citation</strong></p>
<p>Wilkinson S, Lockhart K, Gambles M, Storey L. Reflexology for symptom relief in patients with cancer. Cancer Nurs. 2008, 31(5):354-60.</p>
<p><strong>Authors' objectives</strong></p>
<p>Complementary therapies are increasingly being used in hospices and hospitals alongside orthodox treatments in an attempt to improve patients' emotional, spiritual, psychological, and physical well-being. An average of 31% of UK patients with cancer use some form of complementary therapy. Many UK cancer centers, out-patient units, and hospices are providing complementary services. There is strong anecdotal evidence that complementary therapies assist in the palliation of physical and psychological symptoms. This systematic review examines the research evidence base for the effectiveness of reflexology in cancer care.  </p>
<p><strong>Authors' conclusions</strong></p>
<p>The study reports the results of a systematic review following the Cochrane principles of systematic reviewing. No meta-analysis was possible. Studies were retrieved from a comprehensive search of electronic databases from their start dates. An initial search was carried out in 2003 and updated in 2005 to 2006. Eligible studies were randomized controlled trials, controlled before and after studies, and interrupted time-series studies. Participants were adults with a diagnosis of cancer, receiving care in any healthcare setting. Interventions were limited to reflexology carried out by a qualified therapist as distinguished from another healthcare professional carrying out a reflexology intervention. Outcome measures were patient-reported levels of physical and psychological indices of symptom distress and quality of life (measured using validated assessment tools).<br /></p>
<p><strong>Access</strong></p>
<p>NHS staff: for full text access to this resource contact your <a href="http://www.library.nhs.uk/mylibrary/default.aspx">local NHS library</a>. </p>
       </html>
    </my:Description>
    <my:ResourceType>CARDEX</my:ResourceType>
    <my:Attachment xsi:nil="true" />
    <my:HasAttachment>false</my:HasAttachment>
    <my:Speciality>Complementary and Alternative Medicine</my:Speciality>
    <my:Keywords>COMPLEMENTARY AND ALTERNATIVE MEDICINE,REFLEXOLOGY,CONDITIONS A-Z,CONDITIONS C,CANCER,MARCH 2009</my:Keywords>
    <my:PublicationDate>2008-09-01T00:00:00</my:PublicationDate>
  </my:myFields>