<?mso-infoPathSolution name="urn:schemas-microsoft-com:office:infopath:ResourceForm:-myXSD-2010-08-09T08-39-43" solutionVersion="1.0.0.68" productVersion="14.0.0.0" PIVersion="1.0.0.0" href="http://localhost:8081/FormServerTemplates/ARMSResourceForm.xsn"?>
  <?mso-application progid="InfoPath.Document" versionProgid="InfoPath.Document.3"?>
  <?mso-infoPath-file-attachment-present ?>
  <my:myFields xmlns:my="http://schemas.microsoft.com/office/infopath/2003/myXSD/2010-08-09T08:39:43" xmlns:xsi="http://www.w3.org/2001/XMLSchema-instance" xmlns:pc="http://schemas.microsoft.com/office/infopath/2007/PartnerControls" xmlns:ma="http://schemas.microsoft.com/office/2009/metadata/properties/metaAttributes" xmlns:d="http://schemas.microsoft.com/office/infopath/2009/WSSList/dataFields" xmlns:q="http://schemas.microsoft.com/office/infopath/2009/WSSList/queryFields" xmlns:dfs="http://schemas.microsoft.com/office/infopath/2003/dataFormSolution" xmlns:dms="http://schemas.microsoft.com/office/2009/documentManagement/types" xmlns:xd="http://schemas.microsoft.com/office/infopath/2003" xmlns:xhtml="http://www.w3.org/1999/xhtml">
    <my:Title>2009 Annual Evidence Update on Acupuncture - Systematic reviews and meta-analyses</my:Title>
    <my:URL>http://www.library.nhs.uk//cam/ViewResource.aspx?resID=311405</my:URL>
    <my:Publisher>Complementary and Alternative Medicine Specialist Library</my:Publisher>
    <my:AdditionalContributors />
    <my:GeographicalAreas />
    <my:PublicationType>Annual Evidence Update</my:PublicationType>
    <my:Description>
      <html xmlns="http://www.w3.org/1999/xhtml" xml:space="preserve">
        111-12009 Annual Evidence Update on Acupuncture - Systematic reviews and meta-analyses<p>The following relevant studies on this topic have been published between February 2008 and February 2009. </p>
<p><em>These studies have met our <a href="http://www.library.nhs.uk/cam/viewResource.aspx?resid=311545&amp;code=35f065d75bc2229f67fe2299ac6e8c02">selection criteria</a> but have not been fully appraised. Where there is an appraisal available we have linked to it. If there is no appraisal and you wish to appraise the selected studies here is a </em><a href="http://www.phru.nhs.uk/Pages/PHD/resources.htm"><em>link to a list of appraisal tools</em></a><em>.</em></p>
<p> </p>
<p><strong>Systematic reviews and meta-analyses </strong></p>
<p>***<em>Editor's picks</em></p>
<ol><li>Allen TK, Habib AS. P6 stimulation for the prevention of nausea and vomiting associated with cesarean delivery under neuraxial anesthesia: a systematic review of randomized controlled trials. <em>Anesthesia and Analgesia</em>. 2008, 107(4):1308-12. [<a href="http://www.ncbi.nlm.nih.gov/pubmed/18806045?dopt=Citation">PubMed abstract</a>]</li>
<li>Bergqvist D. Vascular injuries caused by acupuncture. <em>European Journal of Vascular and Endovascular Surgery</em>. 2008, 36(2):160-3. [<a href="http://www.ncbi.nlm.nih.gov/pubmed/18538597?dopt=Citation">PubMed abstract</a>]</li>
<li>Cheong YC, Hung Yu Ng E, Ledger WL. Acupuncture and assisted conception. <i>Cochrane Database of Systematic Reviews</i> 2008, Issue 4. Art. No.: CD006920. DOI: 10.1002/14651858.CD006920.pub2. [<a href="http://mrw.interscience.wiley.com/cochrane/clsysrev/articles/CD006920/frame.html">Full text</a>]</li>
<li>Cheuk DKL, Wong V. Acupuncture for epilepsy. <i>Cochrane Database of Systematic Reviews</i> 2008, Issue 4. Art. No.: CD005062. DOI: 10.1002/14651858.CD005062.pub3. [<a href="http://www.mrw.interscience.wiley.com/cochrane/clsysrev/articles/CD005062/frame.html">Full text</a>] (Updated Cochrane review)</li>
<li>Cho SH, Lee JS, Thabane L, Lee J. Acupuncture for obesity: a systematic review and meta-analysis. <em>International Journal of Obesity (Lond)</em>. 2009, 33(2):183-96. [<a href="http://www.ncbi.nlm.nih.gov/pubmed/19139756?dopt=Citation">PubMed abstract</a>]</li>
<li>Colbert AP, Cleaver J, Brown KA, Harling N, Hwang Y, Schiffke HC, Brons J, Qin Y. Magnets applied to acupuncture points as therapy - a literature review. <em>Acupuncture in Medicine</em>. 2008, 26(3):160-70. [<a href="http://www.acupunctureinmedicine.org.uk/servearticle.php?artid=674">Full text</a>]</li>
<li>Cui Y, Wang Y, Liu Z. Acupuncture for restless legs syndrome. <i>Cochrane Database of Systematic Reviews</i> 2008, Issue 4. Art. No.: CD006457. DOI: 10.1002/14651858.CD006457.pub2. [<a href="http://www.mrw.interscience.wiley.com/cochrane/clsysrev/articles/CD006457/frame.html">Full text</a>]</li>
<li>Davis MA, Kononowech RW, Rolin SA, Spierings EL. Acupuncture for tension-type headache: a meta-analysis of randomized, controlled trials. <em>Journal of Pain</em>. 2008 Aug;9(8):667-77. [<a href="http://www.ncbi.nlm.nih.gov/pubmed/18499526?dopt=Citation">PubMed abstract</a>] [<a href="http://www.crd.york.ac.uk/CRDWeb/ShowRecord.asp?ID=12008105798">DARE provisional record</a>]</li>
<li>Ee CC, Manheimer E, Pirotta MV, White AR. Acupuncture for pelvic and back pain in pregnancy: a systematic review. <em>American Journal of Obstetrics and Gynecology</em>. 2008, 198(3):254-9. [<a href="http://www.ncbi.nlm.nih.gov/pubmed/18313444?dopt=Citation">PubMed abstract</a>] [<a href="http://www.crd.york.ac.uk/CRDWeb/ShowRecord.asp?ID=12008102610">DARE appraisal</a>]</li>
<li>El-Toukhy T, Sunkara SK, Khairy M, Dyer R, Khalaf Y, Coomarasamy A. A systematic review and meta-analysis of acupuncture in in vitro fertilisation. <em>BJOG</em>. 2008, 115(10):1203-13. [<a href="http://www.ncbi.nlm.nih.gov/pubmed/18652588?dopt=Citation">PubMed abstract</a>]</li>
<li>Fu LM, Li JT, Wu WS. Randomized controlled trials of acupuncture for neck pain: systematic review and meta-analysis. <em>Journal of Alternative and Complementary Medicine</em>. 2009, 15(2):133-145. [<a href="http://www.ncbi.nlm.nih.gov/pubmed/19216662?dopt=Citation">PubMed abstract</a>]</li>
<li>Geng LL, Lin RS, Sun XY, Wu L, Zhong MM, Zhao B, Zheng J, Liu JP. [Critical appraisal of randomized clinical trials in Chinese Acupuncture and Moxibustion from 2000 to 2006]. <em>Zhongguo Zhen Jiu</em>. 2008, 28(6):439-43. [Article in Chinese] [<a href="http://www.ncbi.nlm.nih.gov/pubmed/18630544?dopt=Citation">PubMed abstract</a>]</li>
<li>Gold JI, Nicolaou CD, Belmont KA, Katz AR, Benaron DM, Yu W. Pediatric acupuncture: a review of clinical research. <em>Evidence-based Complementary and Alternative Medicine</em>. 2008 Jan 10. [<a href="http://ecam.oxfordjournals.org/cgi/reprint/nem181v1">Full text</a>]</li>
<li>Guo XX, Jin HS, Huo L, Zheng J, Zhou XM. [Meta-analysis on acupuncture for treatment of dementia] <em>Zhongguo Zhen Jiu</em>. 2008, 28(2):140-4. [Article in Chinese] [<a href="http://www.ncbi.nlm.nih.gov/pubmed/18405161?dopt=Citation">PubMed abstract</a>]</li>
<li>Harland S, Bleakley C, McDonough SM. Acupuncture in soft tissue injury management: a systematic review. Rehabilitation and Therapy Research Society Third Annual Conference: Collaborative research... making it a reality, held on 26-27 April 2007 at the University of Ulster. <em>Physical Therapy Reviews</em>. 2008;13(2):121-3. [<a href="http://www.ingentaconnect.com/content/maney/ptr/2008/00000013/00000002/art00005">Conference abstract</a>, subscription required to access this publication]  </li>
<li>He J, Zheng M, He CQ, Lan Q, Qu Y, Gao Q, Wang L, Yong YH, Guan M. [Systematic assessment of acupoint stimulating therapy for deglutition disorders after apoplexy] <em>Zhongguo Zhen Jiu</em>. 2009, 29(1):66-71. [Article in Chinese] [<a href="http://www.ncbi.nlm.nih.gov/pubmed/19186727?dopt=Citation">PubMed abstract</a>]</li>
<li>Huang W, Kutner N, Bliwise DL. A systematic review of the effects of acupuncture in treating insomnia. <em>Sleep Medicine Reviews</em>. 2009, 13(1):73-104. [<a href="http://www.ncbi.nlm.nih.gov/pubmed/19097814?dopt=Citation">PubMed abstract</a>]</li>
<li>Jindal V, Ge A, Mansky PJ. Safety and efficacy of acupuncture in children: a review of the evidence. <em>Journal of Pediatric Hematololy/Oncology</em>. 2008, 30(6):431-42. [<a href="http://www.pubmedcentral.nih.gov/articlerender.fcgi?tool=pubmed&amp;pubmedid=18525459">Full text</a>]</li>
<li>Johnston BC, da Costa BR, Devereaux PJ, Akl EA, Busse JW; Expertise-Based RCT Working Group. The use of expertise-based randomized controlled trials to assess spinal manipulation and acupuncture for low back pain: a systematic review. <em>Spine</em>. 2008, 33(8):914-8. [<a href="http://www.ncbi.nlm.nih.gov/pubmed/18404113?dopt=Citation">PubMed abstract</a>]</li>
<li>Kong JC, Lee MS, Shin BC. Randomized clinical trials on acupuncture in Korean literature: a systematic review. <em>Evidence-based Complementary and Alternative Medicine</em>. 2009, 6(1):41-8. [<a href="http://ecam.oxfordjournals.org/cgi/content/full/6/1/41">Full text</a>]</li>
<li>Lam YC, Kum WF, Durairajan SS, Lu JH, Man SC, Xu M, Zhang XF, Huang XZ, Li M. Efficacy and safety of acupuncture for idiopathic Parkinson's disease: a systematic review. <em>Journal of Alternative and Complementary Medicine</em>. 2008, 14(6):663-71. [<a href="http://www.ncbi.nlm.nih.gov/pubmed/18684073?dopt=Citation">PubMed abstract</a>]</li>
<li>Lee H, Kim SY, Park J, Kim YJ, Lee H, Park HJ. Acupuncture for lowering blood pressure: systematic review and meta-analysis. <em>American Journal of Hypertension</em>. 2009, 22(1):122-8. [<a href="http://www.ncbi.nlm.nih.gov/pubmed/19008863?dopt=Citation">PubMed abstract</a>]</li>
<li>Lee MS, Shin BC, Kong JC, Ernst E. Effectiveness of acupuncture for Parkinson's disease: a systematic review. <em>Movement Disorders</em>. 2008, 23(11):1505-15. [<a href="http://www.ncbi.nlm.nih.gov/pubmed/18618661?dopt=Citation">PubMed abstract</a>]</li>
<li>Lee MS, Kim KH, Choi SM, Ernst E. Acupuncture for treating hot flashes in breast cancer patients: a systematic review. <em>Breast Cancer Research and Treatment</em>. 2008 Nov 4. [Epub ahead of print] [<a href="http://www.ncbi.nlm.nih.gov/pubmed/18982444?dopt=Citation">PubMed abstract</a>]</li>
<li>Lee MS, Shin BC, Suen LK, Park TY, Ernst E. Auricular acupuncture for insomnia: a systematic review. <em>International Journal of Clinical Practice</em>. 2008, 62(11):1744-52. [<a href="http://www.ncbi.nlm.nih.gov/pubmed/18754807?dopt=Citation">PubMed abstract</a>]</li>
<li>Lee MS, Shin BC, Ernst E. Acupuncture for rheumatoid arthritis: a systematic review. <em>Rheumatology (Oxford)</em>. 2008, 47(12):1747-53. [<a href="http://www.ncbi.nlm.nih.gov/pubmed/18710899?ordinalpos=10&amp;itool=EntrezSystem2.PEntrez.Pubmed.Pubmed_ResultsPanel.Pubmed_DefaultReportPanel.Pubmed_RVDocSum">PubMed abstract</a>]</li>
<li>Lee MS, Pittler MH, Shin BC, Kong JC, Ernst E. Bee venom acupuncture for musculoskeletal pain: a review. <em>Journal of Pain</em>. 2008, 9(4):289-97. [<a href="http://www.ncbi.nlm.nih.gov/pubmed/18226968?ordinalpos=4&amp;itool=EntrezSystem2.PEntrez.Pubmed.Pubmed_ResultsPanel.Pubmed_DefaultReportPanel.Pubmed_RVDocSum">PubMed abstract</a>] [<a href="http://www.crd.york.ac.uk/CRDWeb/ShowRecord.asp?ID=12008103395">DARE provisional record</a>]</li>
<li>Lee MS, Kim KH, Shin BC, Choi SM, Ernst E. Acupuncture for treating hot flushes in men with prostate cancer: a systematic review. <em>Supportive Care in Cancer</em>. 2009 Feb 18. [Epub ahead of print] [<a href="http://www.ncbi.nlm.nih.gov/pubmed/19224253?dopt=Citation">PubMed abstract</a>]</li>
<li>Lee MS, Shin BC, Ernst E. Acupuncture for treating menopausal hot flushes: a systematic review. <em>Climacteric</em>. 2009 Feb;12(1):16-25. [<a href="http://www.ncbi.nlm.nih.gov/pubmed/19116803?dopt=Citation">PubMed abstract</a>]</li>
<li>Libonate J, Evans S, Tsao JC. Efficacy of acupuncture for health conditions in children: a review. <em>ScientificWorldJournal</em>. 2008, 13;8:670-82. [<a href="http://www.ncbi.nlm.nih.gov/pubmed/18661055?dopt=Citation">PubMed abstract</a>]</li>
<li>*** Linde K, Allais G, Brinkhaus B, Manheimer E, Vickers A, White AR. Acupuncture for tension-type headache. Cochrane Database of Systematic Reviews 2009, Issue 1. Art. No.: CD007587. DOI: 10.1002/14651858.CD007587. [<a href="http://www.mrw.interscience.wiley.com/cochrane/clsysrev/articles/CD007587/frame.html">Full text</a>]</li>
<li>*** Linde K, Allais G, Brinkhaus B, Manheimer E, Vickers A, White AR. Acupuncture for migraine prophylaxis. Cochrane Database of Systematic Reviews 2009, Issue 1. Art. No.: CD001218. DOI: 10.1002/14651858.CD001218.pub2. [<a href="http://www.mrw.interscience.wiley.com/cochrane/clsysrev/articles/CD001218/frame.html">Full text</a>] (Updated Cochrane review)</li>
<li>Liu TT, Shi J, Epstein DH, Bao YP, Lu L. A meta-analysis of acupuncture combined with opioid receptor agonists for treatment of opiate-withdrawal symptoms. <em>Cellular and Molecular Neurobiology</em>. 2008 Dec 25. [Epub ahead of print] [<a href="http://www.ncbi.nlm.nih.gov/pubmed/19109766?dopt=Citation">PubMed abstract</a>]</li>
<li>Madsen MV, Gøtzsche PC, Hróbjartsson A. Acupuncture treatment for pain: systematic review of randomised clinical trials with acupuncture, placebo acupuncture, and no acupuncture groups.  <em>BMJ</em>. 2009, 338:a3115. doi: 10.1136/bmj.a3115. [<a href="http://www.bmj.com/cgi/content/full/338/jan27_2/a3115?view=long&amp;pmid=19174438">Full text</a>] [<a href="http://www.crd.york.ac.uk/CRDWeb/ShowRecord.asp?ID=12009102164">DARE appraisal</a>]</li>
<li>Ng EH, So WS, Gao J, Wong YY, Ho PC. The role of acupuncture in the management of subfertility. <em>Fertility and Sterility</em>. 2008, 90(1):1-13. [<a href="http://www.ncbi.nlm.nih.gov/pubmed/18440533?dopt=Citation">PubMed abstract</a>]</li>
<li>Nunley C, Wakim J, Guinn C. The effects of stimulation of acupressure point P6 on postoperative nausea and vomiting: a review of literature. <em>Journal of PeriAnesthesia Nursing.</em> 2008, 23(4):247-62. [<a href="http://www.jopan.org/article/S1089-9472(08)00195-0/abstract">Abstract</a>]</li>
<li>Pfab F, Behrendt H, Darsow U, Ring J. Acupuncture in dermatology - Current state of clinical research. <em>Deutsche Zeitschrift fur Akupunktur</em>. 2008, 51(4):30-2. [Article in German] [<a href="http://www.sciencedirect.com/science?_ob=ArticleURL&amp;_udi=B8JJH-4V889MJ-7&amp;_user=3010452&amp;_coverDate=12%2F31%2F2008&amp;_rdoc=7&amp;_fmt=high&amp;_orig=browse&amp;_srch=doc-info(%23toc%2343727%232008%23999489995%23796112%23FLA%23display%23Volume)&amp;_cdi=43727&amp;_sort=d&amp;_docanchor=&amp;_ct=31&amp;_acct=C000059419&amp;_version=1&amp;_urlVersion=0&amp;_userid=3010452&amp;md5=7154768a4829b20c3a87d239eb778153">Abstract</a>]</li>
<li>Roberts J, Huissoon A, Dretzke J, Wang D, Hyde C. A systematic review of the clinical effectiveness of acupuncture for allergic rhinitis. <em>BMC Complementary and Alternative Medicine</em>. 2008 Apr 22;8:13. [<a href="http://www.biomedcentral.com/1472-6882/8/13">Full text</a>]</li>
<li>Schuller BK, Neugebauer EA. [Evidence for laser acupuncture in cases of orthopedic diseases : a systematic review]. [German] Evidenz zur Laserakupunktur bei orthopadischen Erkrankungen : Ein systematisches Review. <em>Schmerz.</em> 2008, 22(1):9-15. [<a href="http://www.springerlink.com/content/a6g554p6ug32u126/?p=12ec4b74ae9f4466b31013c7415cc787&amp;pi=1">Abstract]</a></li>
<li>Selfe TK, Taylor AG. Acupuncture and osteoarthritis of the knee: a review of randomized, controlled trials. <em>Family and Community Health</em>. 2008, 31(3):247-54. [<a href="http://www.ncbi.nlm.nih.gov/pubmed/18552606?ordinalpos=2&amp;itool=EntrezSystem2.PEntrez.Pubmed.Pubmed_ResultsPanel.Pubmed_DefaultReportPanel.Pubmed_RVDocSum">PubMed abstract</a>]</li>
<li>Sun Y, Gan TJ. Acupuncture for the management of chronic headache: a systematic review. <em>Anesthesia and Analgesia</em>. 2008 Dec;107(6):2038-47. [<a href="http://www.ncbi.nlm.nih.gov/pubmed/19020156?dopt=Citation">PubMed abstract</a>]</li>
<li>Sun Y, Gan TJ, Dubose JW, Habib AS. Acupuncture and related techniques for postoperative pain: a systematic review of randomized controlled trials. <em>British Journal of Anaesthesia</em>. 2008, 101(2):151-60. [<a href="http://www.ncbi.nlm.nih.gov/pubmed/18522936?dopt=Citation">PubMed abstract</a>] [<a href="http://www.crd.york.ac.uk/CRDWeb/ShowRecord.asp?ID=12008104912">DARE appraisal</a>]</li>
<li>Sun Y-L, Chen S-B, Gao Y, Xiong J. Acupuncture versus western medicine for depression in China: A systematic review. <em>Chinese Journal of Evidence-Based Medicine.</em> 2008, 8(5):340-5. [<a href="http://www.crd.york.ac.uk/CRDWeb/ShowRecord.asp?ID=12008103385">DARE provisional record</a>]</li>
<li>Tough EA, White AR, Cummings TM, Richards SH, Campbell JL. Acupuncture and dry needling in the management of myofascial trigger point pain: a systematic review and meta-analysis of randomised controlled trials. <em>European Journal of Pain</em>. 2009, 13(1):3-10. [<a href="http://www.ncbi.nlm.nih.gov/pubmed/18395479?dopt=Citation">PubMed abstract</a>] </li>
<li>Usichenko TI, Lehmann Ch, Ernst E. Auricular acupuncture for postoperative pain control: a systematic review of randomised clinical trials. <em>Anaesthesia</em>. 2008, 63(12):1343-8. [<a href="http://www.ncbi.nlm.nih.gov/pubmed/19032304?dopt=Citation">PubMed abstract</a>] </li>
<li>van den Berg I, Bosch JL, Jacobs B, Bouman I, Duvekot JJ, Hunink MG. Effectiveness of acupuncture-type interventions versus expectant management to correct breech presentation: a systematic review. <em>Complementary Therapies in Medicine</em>. 2008, 16(2):92-100. [<a href="http://www.ncbi.nlm.nih.gov/pubmed/18514911?dopt=Citation">PubMed abstract</a>]</li>
<li>Wang C, de Pablo P, Chen X, Schmid C, McAlindon T. Acupuncture for pain relief in patients with rheumatoid arthritis: a systematic review. <em>Arthritis and Rheumatism</em>. 2008, 59(9):1249-56. [<a href="http://www.ncbi.nlm.nih.gov/pubmed/18759255?dopt=Citation">PubMed abstract</a>]</li>
<li>Wang CY, Han RF. [Acupuncture for chronic prostatitis: a meta-analysis] <em>Zhonghua Nan Ke Xue</em>. 2008 Sep;14(9):853-6. [Article in Chinese] [<a href="http://www.ncbi.nlm.nih.gov/pubmed/18998473?dopt=Citation">PubMed abstract</a>]</li>
<li>Wang H, Qi H, Wang BS, Cui YY, Zhu L, Rong ZX, Chen HZ. Is acupuncture beneficial in depression: A meta-analysis of 8 randomized controlled trials? <em>Journal of Affective Disorders</em>. 2008 Dec;111(2-3):125-34. [<a href="http://www.ncbi.nlm.nih.gov/pubmed/18550177?ordinalpos=2&amp;itool=EntrezSystem2.PEntrez.Pubmed.Pubmed_ResultsPanel.Pubmed_DefaultReportPanel.Pubmed_RVDocSum">PubMed abstract</a>] </li>
<li>Wang L, Sun DW, Zou W, Zhang JY. [Systematic evaluation of therapeutic effect and safety of acupuncture for treatment of depression] <em>Zhongguo Zhen Jiu</em>. 2008 May;28(5):381-6. [Article in Chinese] [<a href="http://www.ncbi.nlm.nih.gov/pubmed/18652335?dopt=Citation">PubMed abstract</a>] </li>
<li>Wu H, Tang J, Lin X, Lau J, Leung PC, Woo J, et al. Acupuncture for stroke rehabilitation. <em>Stroke</em>. 2008, 39(2):517-8. [<a href="http://stroke.ahajournals.org/cgi/content/full/39/2/517?etoc">Full text</a>] Duplicate publication of a <a href="http://mrw.interscience.wiley.com/cochrane/clsysrev/articles/CD004131/frame.html">Cochrane review published in 2006</a>.   </li>
<li>Xie Y, Wang L, He J, Wu T. Acupuncture for dysphagia in acute stroke. <i>Cochrane Database of Systematic Reviews</i> 2008, Issue 3. Art. No.: CD006076. DOI: 10.1002/14651858.CD006076.pub2. [<a href="http://www.mrw.interscience.wiley.com/cochrane/clsysrev/articles/CD006076/frame.html">Full text</a>]</li>
<li>Yang H, Liu CZ, Chen X, Ma LX, Xie JP, Guo NN, Ma ZB, Zheng YY, Zhu J, Liu JP. Systematic review of clinical trials of acupuncture-related therapies for primary dysmenorrhea. <em>Acta obstetricia et gynecologica Scandinavica</em>. 2008, 87(11):1114-22. [<a href="http://www.ncbi.nlm.nih.gov/pubmed/18951224?dopt=Citation">PubMed abstract</a>] </li>
<li>Yuan J, Purepong N, Kerr DP, Park J, Bradbury I, McDonough S. Effectiveness of acupuncture for low back pain: a systematic review. <em>Spine</em>. 2008, 33(23):E887-900. [<a href="http://www.ncbi.nlm.nih.gov/pubmed/18978583?dopt=Citation">PubMed abstract</a>] </li>
<li>Yuan J, Kerr D, Park J, Liu XH, McDonough S. Treatment regimens of acupuncture for low back pain--a systematic review. <em>Complementary Therapies in Medicine</em>. 2008, 16(5):295-304. [<a href="http://www.ncbi.nlm.nih.gov/pubmed/19186345?dopt=Citation">PubMed abstract</a>]</li>
<li>Zheng H, Li Y, Chen M. Evidence based acupuncture practice recommendations for peripheral facial paralysis. <em>American Journal of Chinese Medicine</em>. 2009, 37(1):35-43. [<a href="http://www.ncbi.nlm.nih.gov/pubmed/19222110?dopt=Citation">PubMed abstract</a>]</li></ol><p><a href="http://www.library.nhs.uk/cam/ViewResource.aspx?resID=311356&amp;pgID=1">Link back to 2009 Annual Evidence Update on Acupuncture</a></p>
       </html>
    </my:Description>
    <my:ResourceType>Article</my:ResourceType>
    <my:Attachment xsi:nil="true" />
    <my:HasAttachment>false</my:HasAttachment>
    <my:Speciality>Complementary and Alternative Medicine</my:Speciality>
    <my:Keywords>COMPLEMENTARY AND ALTERNATIVE MEDICINE,ACUPUNCTURE,APRIL 2009</my:Keywords>
    <my:PublicationDate>2009-04-20T00:00:00</my:PublicationDate>
  </my:myFields>