<?mso-infoPathSolution name="urn:schemas-microsoft-com:office:infopath:ResourceForm:-myXSD-2010-08-09T08-39-43" solutionVersion="1.0.0.68" productVersion="14.0.0.0" PIVersion="1.0.0.0" href="http://localhost:8081/FormServerTemplates/ARMSResourceForm.xsn"?>
  <?mso-application progid="InfoPath.Document" versionProgid="InfoPath.Document.3"?>
  <?mso-infoPath-file-attachment-present ?>
  <my:myFields xmlns:my="http://schemas.microsoft.com/office/infopath/2003/myXSD/2010-08-09T08:39:43" xmlns:xsi="http://www.w3.org/2001/XMLSchema-instance" xmlns:pc="http://schemas.microsoft.com/office/infopath/2007/PartnerControls" xmlns:ma="http://schemas.microsoft.com/office/2009/metadata/properties/metaAttributes" xmlns:d="http://schemas.microsoft.com/office/infopath/2009/WSSList/dataFields" xmlns:q="http://schemas.microsoft.com/office/infopath/2009/WSSList/queryFields" xmlns:dfs="http://schemas.microsoft.com/office/infopath/2003/dataFormSolution" xmlns:dms="http://schemas.microsoft.com/office/2009/documentManagement/types" xmlns:xd="http://schemas.microsoft.com/office/infopath/2003" xmlns:xhtml="http://www.w3.org/1999/xhtml">
    <my:Title>2009 Annual Evidence Update on Acupuncture - Methodology</my:Title>
    <my:URL>http://www.library.nhs.uk//cam/ViewResource.aspx?resID=311545</my:URL>
    <my:Publisher>Complementary and Alternative Medicine Specialist Library</my:Publisher>
    <my:AdditionalContributors />
    <my:GeographicalAreas />
    <my:PublicationType>Reference Material</my:PublicationType>
    <my:Description>
      <html xmlns="http://www.w3.org/1999/xhtml" xml:space="preserve">
        111-12009 Annual Evidence Update on Acupuncture - Methodology<p><strong>Sources searched:</strong></p>
<p>The Cochrane Library (CDSR, CENTRAL, DARE, HTA, NHS EED), CRD databases (DARE, NHS EED, HTA), PubMed (and MEDLINE), EMBASE, AMED, CINAHL, PsycINFO</p>
<p><strong>Selection criteria (at screening stage)</strong> </p>
<p>Inclusion criteria:</p>
<ol><li>Systematic reviews - explicit description of search process and statement of methodology (at least 2 sources must have been searched and there must be a statement of methodology)</li>
<li>HTA reports and cost-effectiveness studies </li>
<li>Large randomised controlled trials (RCTs) – with more than 100 participants. </li>
<li>Topic relevance (studies should focus on acupuncture or include acupuncture as one of the investigated interventions)</li></ol><p>Exclusion criteria:</p>
<ol><li>The study is not a systematic review, meta-analysis, HTA report, cost-effectiveness study or a large RCT. </li>
<li>The study does not focus on acupuncture or include acupuncture as one of the investigated interventions. </li>
<li>The study is published in a language other than English and English abstract is not available.</li></ol><p><strong>Search process</strong></p>
<p>The searches were carried out between 19 and 23 February 2009 and were limited to articles published since 1 January 2008. To identify relevant systematic reviews the information specialist searched the sources listed above using the CAM SL systematic reviews filter, which emphasizes specificity (precision) over sensitivity. The PubMed Clinical Queries systematic review filter was also used.<br />More details of search terms and filters used are available <a href="http://www.library.nhs.uk/cam/ContactUs.aspx">by contacting</a> the information specialist.  </p>
<p><strong>Results</strong> </p>
<p>The totals number of records retrieved was 469. After removing the duplicates there were 202 to screen. Of these 74 were selected as potential systematic reviews. If any uncertainty existed records were still included in the list. The titles and abstracts of the potential systematic reviews were then screened by the topic editor and categorised by medical specialty, condition or symptom. The final selection includes 56 systematic reviews and 2 cost-effectiveness studies with a main focus on acupuncture. There were 9 systematic reviews and guidelines which covered a range of interventions including acupuncture.</p>
<p>In addition a search for relevant, large-scale (100 or more participants) randomised controlled trials (RCTs) was carried out. The totals number of records retrieved was 621. After removing the duplicates there were 392 to screen. The final selection includes 78 RCTs. </p><br /><p><a href="http://www.library.nhs.uk/CAM/ViewResource.aspx?resID=311356&amp;pgID=1">Link back to 2009 Annual Evidence Update on Acupuncture</a></p>
       </html>
    </my:Description>
    <my:ResourceType>Article</my:ResourceType>
    <my:Attachment xsi:nil="true" />
    <my:HasAttachment>false</my:HasAttachment>
    <my:Speciality>Complementary and Alternative Medicine</my:Speciality>
    <my:Keywords>COMPLEMENTARY AND ALTERNATIVE MEDICINE,APRIL 2009</my:Keywords>
    <my:PublicationDate>2009-04-20T00:00:00</my:PublicationDate>
  </my:myFields>