<?mso-infoPathSolution name="urn:schemas-microsoft-com:office:infopath:ResourceForm:-myXSD-2010-08-09T08-39-43" solutionVersion="1.0.0.68" productVersion="14.0.0.0" PIVersion="1.0.0.0" href="http://localhost:8081/FormServerTemplates/ARMSResourceForm.xsn"?>
  <?mso-application progid="InfoPath.Document" versionProgid="InfoPath.Document.3"?>
  <?mso-infoPath-file-attachment-present ?>
  <my:myFields xmlns:my="http://schemas.microsoft.com/office/infopath/2003/myXSD/2010-08-09T08:39:43" xmlns:xsi="http://www.w3.org/2001/XMLSchema-instance" xmlns:pc="http://schemas.microsoft.com/office/infopath/2007/PartnerControls" xmlns:ma="http://schemas.microsoft.com/office/2009/metadata/properties/metaAttributes" xmlns:d="http://schemas.microsoft.com/office/infopath/2009/WSSList/dataFields" xmlns:q="http://schemas.microsoft.com/office/infopath/2009/WSSList/queryFields" xmlns:dfs="http://schemas.microsoft.com/office/infopath/2003/dataFormSolution" xmlns:dms="http://schemas.microsoft.com/office/2009/documentManagement/types" xmlns:xd="http://schemas.microsoft.com/office/infopath/2003" xmlns:xhtml="http://www.w3.org/1999/xhtml">
    <my:Title>2009 Annual Evidence Update on Acupuncture - Skin disorders</my:Title>
    <my:URL>http://www.library.nhs.uk//cam/ViewResource.aspx?resID=311832</my:URL>
    <my:Publisher>Complementary and Alternative Medicine Specialist Library</my:Publisher>
    <my:AdditionalContributors />
    <my:GeographicalAreas />
    <my:PublicationType>Annual Evidence Update</my:PublicationType>
    <my:Description>
      <html xmlns="http://www.w3.org/1999/xhtml" xml:space="preserve">
        111-12009 Annual Evidence Update on Acupuncture - Skin disorders<p>The following relevant studies on this topic have been published between February 2008 and February 2009. </p>
<p><em>These studies have met our <a href="http://www.library.nhs.uk/cam/viewResource.aspx?resid=311545&amp;code=35f065d75bc2229f67fe2299ac6e8c02">selection criteria</a> but have not been fully appraised. Where there is an appraisal available we have linked to it. If there is no appraisal and you wish to appraise the selected studies here is a </em><a href="http://www.phru.nhs.uk/Pages/PHD/resources.htm"><em>link to a list of appraisal tools</em></a><em>.</em></p><br /><p>Pfab F, Behrendt H, Darsow U, Ring J. Acupuncture in dermatology - Current state of clinical research. <em>Deutsche Zeitschrift fur Akupunktur</em>. 2008, 51(4):30-2. [Article in German] [<a href="http://www.sciencedirect.com/science?_ob=ArticleURL&amp;_udi=B8JJH-4V889MJ-7&amp;_user=3010452&amp;_coverDate=12%2F31%2F2008&amp;_rdoc=7&amp;_fmt=high&amp;_orig=browse&amp;_srch=doc-info(%23toc%2343727%232008%23999489995%23796112%23FLA%23display%23Volume)&amp;_cdi=43727&amp;_sort=d&amp;_docanchor=&amp;_ct=31&amp;_acct=C000059419&amp;_version=1&amp;_urlVersion=0&amp;_userid=3010452&amp;md5=7154768a4829b20c3a87d239eb778153">Abstract</a>] </p><br /><p><a href="http://www.library.nhs.uk/cam/ViewResource.aspx?resID=311356&amp;pgID=1">Link back to 2009 Annual Evidence Update on Acupuncture </a><a href="http://www.library.nhs.uk/cam/ViewResource.aspx?resID=311356&amp;pgID=1"></a></p>
       </html>
    </my:Description>
    <my:ResourceType>Article</my:ResourceType>
    <my:Attachment xsi:nil="true" />
    <my:HasAttachment>false</my:HasAttachment>
    <my:Speciality>Complementary and Alternative Medicine</my:Speciality>
    <my:Keywords>ACUPUNCTURE,COMPLEMENTARY AND ALTERNATIVE MEDICINE,CONDITIONS A-Z,SKIN DISEASES,CONDITIONS S,APRIL 2009</my:Keywords>
    <my:PublicationDate>2009-04-20T00:00:00</my:PublicationDate>
  </my:myFields>