<?mso-infoPathSolution name="urn:schemas-microsoft-com:office:infopath:ResourceForm:-myXSD-2010-08-09T08-39-43" solutionVersion="1.0.0.68" productVersion="14.0.0.0" PIVersion="1.0.0.0" href="http://localhost:8081/FormServerTemplates/ARMSResourceForm.xsn"?>
  <?mso-application progid="InfoPath.Document" versionProgid="InfoPath.Document.3"?>
  <?mso-infoPath-file-attachment-present ?>
  <my:myFields xmlns:my="http://schemas.microsoft.com/office/infopath/2003/myXSD/2010-08-09T08:39:43" xmlns:xsi="http://www.w3.org/2001/XMLSchema-instance" xmlns:pc="http://schemas.microsoft.com/office/infopath/2007/PartnerControls" xmlns:ma="http://schemas.microsoft.com/office/2009/metadata/properties/metaAttributes" xmlns:d="http://schemas.microsoft.com/office/infopath/2009/WSSList/dataFields" xmlns:q="http://schemas.microsoft.com/office/infopath/2009/WSSList/queryFields" xmlns:dfs="http://schemas.microsoft.com/office/infopath/2003/dataFormSolution" xmlns:dms="http://schemas.microsoft.com/office/2009/documentManagement/types" xmlns:xd="http://schemas.microsoft.com/office/infopath/2003" xmlns:xhtml="http://www.w3.org/1999/xhtml">
    <my:Title>2009 Annual Evidence Update on Acupuncture - Stroke</my:Title>
    <my:URL>http://www.library.nhs.uk//cam/ViewResource.aspx?resID=311983</my:URL>
    <my:Publisher>Complementary and Alternative Medicine Specialist Library</my:Publisher>
    <my:AdditionalContributors />
    <my:GeographicalAreas />
    <my:PublicationType>Annual Evidence Update</my:PublicationType>
    <my:Description>
      <html xmlns="http://www.w3.org/1999/xhtml" xml:space="preserve">
        111-12009 Annual Evidence Update on Acupuncture - Stroke<p>The following relevant studies on this topic have been published between February 2008 and February 2009. </p>
<p><em>These studies have met our <a href="http://www.library.nhs.uk/cam/viewResource.aspx?resid=311545&amp;code=35f065d75bc2229f67fe2299ac6e8c02">selection criteria</a> but have not been fully appraised. Where there is an appraisal available we have linked to it. If there is no appraisal and you wish to appraise the selected studies here is a </em><a href="http://www.phru.nhs.uk/Pages/PHD/resources.htm"><em>link to a list of appraisal tools</em></a><em>.</em></p>
<ol><li>He J, Zheng M, He CQ, Lan Q, Qu Y, Gao Q, Wang L, Yong YH, Guan M. [Systematic assessment of acupoint stimulating therapy for deglutition disorders after apoplexy] <em>Zhongguo Zhen Jiu</em>. 2009, 29(1):66-71. [Article in Chinese] [<a href="http://www.ncbi.nlm.nih.gov/pubmed/19186727?dopt=Citation">PubMed abstract</a>] </li>
<li>Wu H, Tang J, Lin X, Lau J, Leung PC, Woo J, et al. Acupuncture for stroke rehabilitation. <em>Stroke</em>. 2008, 39(2):517-8. [<a href="http://stroke.ahajournals.org/cgi/content/full/39/2/517?etoc">Full text</a>] Duplicate publication of a <a href="http://mrw.interscience.wiley.com/cochrane/clsysrev/articles/CD004131/frame.html">Cochrane review published in 2006</a>.  </li>
<li>Xie Y, Wang L, He J, Wu T. Acupuncture for dysphagia in acute stroke. <i>Cochrane Database of Systematic Reviews</i> 2008, Issue 3. Art. No.: CD006076. DOI: 10.1002/14651858.CD006076.pub2. [<a href="http://www.mrw.interscience.wiley.com/cochrane/clsysrev/articles/CD006076/frame.html">Full text</a>] </li></ol><p><a href="http://www.library.nhs.uk/cam/ViewResource.aspx?resID=311356&amp;pgID=1"><strong>Link back to 2009 Annual Evidence Update on Acupuncture</strong> </a><a href="http://www.library.nhs.uk/cam/ViewResource.aspx?resID=311356&amp;pgID=1"></a></p>
       </html>
    </my:Description>
    <my:ResourceType>Article</my:ResourceType>
    <my:Attachment xsi:nil="true" />
    <my:HasAttachment>false</my:HasAttachment>
    <my:Speciality>Complementary and Alternative Medicine</my:Speciality>
    <my:Keywords>COMPLEMENTARY AND ALTERNATIVE MEDICINE,ACUPUNCTURE,CONDITIONS S,CONDITIONS A-Z,STROKE,APRIL 2009</my:Keywords>
    <my:PublicationDate>2009-04-20T00:00:00</my:PublicationDate>
  </my:myFields>