<?mso-infoPathSolution name="urn:schemas-microsoft-com:office:infopath:ResourceForm:-myXSD-2010-08-09T08-39-43" solutionVersion="1.0.0.68" productVersion="14.0.0.0" PIVersion="1.0.0.0" href="http://localhost:8081/FormServerTemplates/ARMSResourceForm.xsn"?>
  <?mso-application progid="InfoPath.Document" versionProgid="InfoPath.Document.3"?>
  <?mso-infoPath-file-attachment-present ?>
  <my:myFields xmlns:my="http://schemas.microsoft.com/office/infopath/2003/myXSD/2010-08-09T08:39:43" xmlns:xsi="http://www.w3.org/2001/XMLSchema-instance" xmlns:pc="http://schemas.microsoft.com/office/infopath/2007/PartnerControls" xmlns:ma="http://schemas.microsoft.com/office/2009/metadata/properties/metaAttributes" xmlns:d="http://schemas.microsoft.com/office/infopath/2009/WSSList/dataFields" xmlns:q="http://schemas.microsoft.com/office/infopath/2009/WSSList/queryFields" xmlns:dfs="http://schemas.microsoft.com/office/infopath/2003/dataFormSolution" xmlns:dms="http://schemas.microsoft.com/office/2009/documentManagement/types" xmlns:xd="http://schemas.microsoft.com/office/infopath/2003" xmlns:xhtml="http://www.w3.org/1999/xhtml">
    <my:Title>2009 Annual Evidence Update on Acupuncture - Women’s health/Pregnancy and childbirth</my:Title>
    <my:URL>http://www.library.nhs.uk//cam/ViewResource.aspx?resID=311996</my:URL>
    <my:Publisher>Complementary and Alternative Medicine Specialist Library</my:Publisher>
    <my:AdditionalContributors />
    <my:GeographicalAreas />
    <my:PublicationType>Annual Evidence Update</my:PublicationType>
    <my:Description>
      <html xmlns="http://www.w3.org/1999/xhtml" xml:space="preserve">
        111-12009 Annual Evidence Update on Acupuncture - Women’s health/Pregnancy and childbirth<p>The following relevant studies on this topic have been published between February 2008 and February 2009. </p>
<p><em>These studies have met our <a href="http://www.library.nhs.uk/cam/viewResource.aspx?resid=311545&amp;code=35f065d75bc2229f67fe2299ac6e8c02">selection criteria</a> but have not been fully appraised. Where there is an appraisal available we have linked to it. If there is no appraisal and you wish to appraise the selected studies here is a </em><a href="http://www.phru.nhs.uk/Pages/PHD/resources.htm"><em>link to a list of appraisal tools</em></a><em>.</em></p>
<ol><li>Allen TK, Habib AS. P6 stimulation for the prevention of nausea and vomiting associated with cesarean delivery under neuraxial anesthesia: a systematic review of randomized controlled trials. <em>Anesthesia and Analgesia</em>. 2008, 107(4):1308-12. [<a href="http://www.ncbi.nlm.nih.gov/pubmed/18806045?dopt=Citation">PubMed abstract</a>] </li>
<li>Cheong YC, Hung Yu Ng E, Ledger WL. Acupuncture and assisted conception. <i>Cochrane Database of Systematic Reviews</i> 2008, Issue 4. Art. No.: CD006920. DOI: 10.1002/14651858.CD006920.pub2. [<a href="http://mrw.interscience.wiley.com/cochrane/clsysrev/articles/CD006920/frame.html">Full text</a>] </li>
<li>Ee CC, Manheimer E, Pirotta MV, White AR. Acupuncture for pelvic and back pain in pregnancy: a systematic review. <em>American Journal of Obstetrics and Gynecology</em>. 2008, 198(3):254-9. [<a href="http://www.ncbi.nlm.nih.gov/pubmed/18313444?dopt=Citation">PubMed abstract</a>] [<a href="http://www.crd.york.ac.uk/CRDWeb/ShowRecord.asp?ID=12008102610">DARE appraisal</a>] </li>
<li>El-Toukhy T, Sunkara SK, Khairy M, Dyer R, Khalaf Y, Coomarasamy A. A systematic review and meta-analysis of acupuncture in in vitro fertilisation. <em>BJOG</em>. 2008, 115(10):1203-13. [<a href="http://www.ncbi.nlm.nih.gov/pubmed/18652588?dopt=Citation">PubMed abstract</a>] </li>
<li>Lee MS, Shin BC, Ernst E. Acupuncture for treating menopausal hot flushes: a systematic review. <em>Climacteric</em>. 2009 Feb;12(1):16-25. [<a href="http://www.ncbi.nlm.nih.gov/pubmed/19116803?dopt=Citation">PubMed abstract</a>] </li>
<li>Ng EH, So WS, Gao J, Wong YY, Ho PC. The role of acupuncture in the management of subfertility. <em>Fertility and Sterility</em>. 2008, 90(1):1-13. [<a href="http://www.ncbi.nlm.nih.gov/pubmed/18440533?dopt=Citation">PubMed abstract</a>] </li>
<li>van den Berg I, Bosch JL, Jacobs B, Bouman I, Duvekot JJ, Hunink MG. Effectiveness of acupuncture-type interventions versus expectant management to correct breech presentation: a systematic review. <em>Complementary Therapies in Medicine</em>. 2008, 16(2):92-100. [<a href="http://www.ncbi.nlm.nih.gov/pubmed/18514911?dopt=Citation">PubMed abstract</a>] </li>
<li>Yang H, Liu CZ, Chen X, Ma LX, Xie JP, Guo NN, Ma ZB, Zheng YY, Zhu J, Liu JP. Systematic review of clinical trials of acupuncture-related therapies for primary dysmenorrhea. <em>Acta obstetricia et gynecologica Scandinavica</em>. 2008, 87(11):1114-22. [<a href="http://www.ncbi.nlm.nih.gov/pubmed/18951224?dopt=Citation">PubMed abstract</a>] </li></ol><p><a href="http://www.library.nhs.uk/cam/ViewResource.aspx?resID=311356&amp;pgID=1">Link back to 2009 Annual Evidence Update on Acupuncture</a></p>
       </html>
    </my:Description>
    <my:ResourceType>Article</my:ResourceType>
    <my:Attachment xsi:nil="true" />
    <my:HasAttachment>false</my:HasAttachment>
    <my:Speciality>Complementary and Alternative Medicine</my:Speciality>
    <my:Keywords>COMPLEMENTARY AND ALTERNATIVE MEDICINE,ACUPUNCTURE,CONDITIONS P-R,INFERTILITY,CONDITIONS M-O,CONDITIONS F-H,CONDITIONS D-E,DYSMENORRHOEA,PREGNANCY,CONDITIONS A-Z,LABOUR,PELVIC PAIN,CONDITIONS I-L,MENOPAUSAL SYMPTOMS,HOT FLUSHES,APRIL 2009</my:Keywords>
    <my:PublicationDate>2009-04-20T00:00:00</my:PublicationDate>
  </my:myFields>