<?mso-infoPathSolution name="urn:schemas-microsoft-com:office:infopath:ResourceForm:-myXSD-2010-08-09T08-39-43" solutionVersion="1.0.0.68" productVersion="14.0.0.0" PIVersion="1.0.0.0" href="http://localhost:8081/FormServerTemplates/ARMSResourceForm.xsn"?>
  <?mso-application progid="InfoPath.Document" versionProgid="InfoPath.Document.3"?>
  <?mso-infoPath-file-attachment-present ?>
  <my:myFields xmlns:my="http://schemas.microsoft.com/office/infopath/2003/myXSD/2010-08-09T08:39:43" xmlns:xsi="http://www.w3.org/2001/XMLSchema-instance" xmlns:pc="http://schemas.microsoft.com/office/infopath/2007/PartnerControls" xmlns:ma="http://schemas.microsoft.com/office/2009/metadata/properties/metaAttributes" xmlns:d="http://schemas.microsoft.com/office/infopath/2009/WSSList/dataFields" xmlns:q="http://schemas.microsoft.com/office/infopath/2009/WSSList/queryFields" xmlns:dfs="http://schemas.microsoft.com/office/infopath/2003/dataFormSolution" xmlns:dms="http://schemas.microsoft.com/office/2009/documentManagement/types" xmlns:xd="http://schemas.microsoft.com/office/infopath/2003" xmlns:xhtml="http://www.w3.org/1999/xhtml">
    <my:Title>2009 Annual Evidence Update on CAM for Asthma</my:Title>
    <my:URL>http://www.library.nhs.uk//cam/ViewResource.aspx?resID=313286</my:URL>
    <my:Publisher>NHS Evidence - complementary and alternative medicine</my:Publisher>
    <my:AdditionalContributors />
    <my:GeographicalAreas />
    <my:PublicationType>Annual Evidence Update</my:PublicationType>
    <my:Description>
      <html xmlns="http://www.w3.org/1999/xhtml" xml:space="preserve">
        111-12009 Annual Evidence Update on CAM for Asthma<p>Published: 5 May 2009</p>
<p> </p>
<p><img height="102" alt="Asthma ©iStockphoto" src="https://rmsadmin.library.nhs.uk/libraryImages/Complementary%20and%20Alternative%20Medicine/contentID283492/nelhImp_0001_Asthma1155.jpg" width="155" /></p>
<p> </p>
<p><strong></strong> </p>
<p><strong>Introduction</strong></p>
<p>The 2009 Annual Evidence Update on CAM for Asthma aims to identify, organise and present the latest information on this topic. We have searched a large number of databases for studies published or updated between March 2008 and March 2009. For more details about our methods, please see the <a>methodology section</a>.</p>
<p>Previously published studies have been included in the <a>2008 Annual Evidence Update on CAM for Asthma</a> or can be found by searching this website.</p>
<p>For further information on asthma see the relevant pages from the <a href="http://www.library.nhs.uk/respiratory/">NHS Evidence - respiratory</a> specialist collection.</p>
<p><br /><strong>Contents<br /></strong></p>
<ul><li><a>Methodology</a> </li>
<li><a>Results of the 2009 Annual Evidence Update on CAM for Asthma</a>  </li>
<li><a>Commentary on the results of the 2009 Annual Evidence Update on CAM for Asthma</a> </li>
<li><a>Additional resources – continuing professional development (CPD)/ education</a><br /></li></ul><p> </p>
       </html>
    </my:Description>
    <my:ResourceType>Article</my:ResourceType>
    <my:Attachment xsi:nil="true" />
    <my:HasAttachment>false</my:HasAttachment>
    <my:Speciality>Complementary and Alternative Medicine</my:Speciality>
    <my:Keywords>COMPLEMENTARY AND ALTERNATIVE MEDICINE,ASTHMA,CONDITIONS A-Z,CONDITIONS A-B,CAM GENERAL,EDUCATION/CPD,APRIL 2009</my:Keywords>
    <my:PublicationDate>2009-05-05T00:00:00</my:PublicationDate>
  </my:myFields>