<?mso-infoPathSolution name="urn:schemas-microsoft-com:office:infopath:ResourceForm:-myXSD-2010-08-09T08-39-43" solutionVersion="1.0.0.68" productVersion="14.0.0.0" PIVersion="1.0.0.0" href="http://localhost:8081/FormServerTemplates/ARMSResourceForm.xsn"?>
  <?mso-application progid="InfoPath.Document" versionProgid="InfoPath.Document.3"?>
  <?mso-infoPath-file-attachment-present ?>
  <my:myFields xmlns:my="http://schemas.microsoft.com/office/infopath/2003/myXSD/2010-08-09T08:39:43" xmlns:xsi="http://www.w3.org/2001/XMLSchema-instance" xmlns:pc="http://schemas.microsoft.com/office/infopath/2007/PartnerControls" xmlns:ma="http://schemas.microsoft.com/office/2009/metadata/properties/metaAttributes" xmlns:d="http://schemas.microsoft.com/office/infopath/2009/WSSList/dataFields" xmlns:q="http://schemas.microsoft.com/office/infopath/2009/WSSList/queryFields" xmlns:dfs="http://schemas.microsoft.com/office/infopath/2003/dataFormSolution" xmlns:dms="http://schemas.microsoft.com/office/2009/documentManagement/types" xmlns:xd="http://schemas.microsoft.com/office/infopath/2003" xmlns:xhtml="http://www.w3.org/1999/xhtml">
    <my:Title>2009 Annual Evidence Update on CAM for Asthma - Additional resources</my:Title>
    <my:URL>http://www.library.nhs.uk//cam/ViewResource.aspx?resID=313592</my:URL>
    <my:Publisher>NHS Evidence - complementary and alternative medicine</my:Publisher>
    <my:AdditionalContributors />
    <my:GeographicalAreas />
    <my:PublicationType>Learning Material%2fcourseware</my:PublicationType>
    <my:Description>
      <html xmlns="http://www.w3.org/1999/xhtml" xml:space="preserve">
        111-12009 Annual Evidence Update on CAM for Asthma - Additional resources<p>These reviews have been selected as relevant educational material for the <a href="http://www.library.nhs.uk/cam/viewResource.aspx?resid=313286&amp;code=0bfa1995ec0f0bb8db0e60553daf2bbb">2009 Anual Evidence Update on CAM for Asthma</a>. </p>
<ol><li>Engler RJ, Silvers WS, Bielory L. Complementary and alternative medicine education: Need for expanded educational resources for American Academy of Allergy, Asthma &amp; Immunology members. <em>Journal of Allergy and Clinical Immunology</em>. 2009 Feb;123(2):511-2. [<a>Link to record</a>]</li>
<li>Li XM, Brown L. Efficacy and mechanisms of action of traditional Chinese medicines for treating asthma and allergy. <em>Journal of Allergy and Clinical Immunology</em>. 2009 Feb;123(2):297-306; quiz 307-8. [<a>Link to record</a>]</li>
<li>Mainardi T, Kapoor S, Bielory L. Complementary and alternative medicine: herbs, phytochemicals and vitamins and their immunologic effects. <em>Journal of Allergy and Clinical Immunology</em>. 2009 Feb;123(2):283-94; quiz 295-6. [<a>Link to record</a>]</li></ol><p><a>Link back to 2009 Annual Evidence Update on CAM for Asthma</a> </p>
       </html>
    </my:Description>
    <my:ResourceType>Article</my:ResourceType>
    <my:Attachment xsi:nil="true" />
    <my:HasAttachment>false</my:HasAttachment>
    <my:Speciality>Complementary and Alternative Medicine</my:Speciality>
    <my:Keywords>COMPLEMENTARY AND ALTERNATIVE MEDICINE,ASTHMA,CONDITIONS A-Z,CONDITIONS A-B,CAM GENERAL,APRIL 2009,EDUCATION/CPD</my:Keywords>
    <my:PublicationDate>2009-05-05T00:00:00</my:PublicationDate>
  </my:myFields>