<?mso-infoPathSolution name="urn:schemas-microsoft-com:office:infopath:ResourceForm:-myXSD-2010-08-09T08-39-43" solutionVersion="1.0.0.68" productVersion="14.0.0.0" PIVersion="1.0.0.0" href="http://localhost:8081/FormServerTemplates/ARMSResourceForm.xsn"?>
  <?mso-application progid="InfoPath.Document" versionProgid="InfoPath.Document.3"?>
  <?mso-infoPath-file-attachment-present ?>
  <my:myFields xmlns:my="http://schemas.microsoft.com/office/infopath/2003/myXSD/2010-08-09T08:39:43" xmlns:xsi="http://www.w3.org/2001/XMLSchema-instance" xmlns:pc="http://schemas.microsoft.com/office/infopath/2007/PartnerControls" xmlns:ma="http://schemas.microsoft.com/office/2009/metadata/properties/metaAttributes" xmlns:d="http://schemas.microsoft.com/office/infopath/2009/WSSList/dataFields" xmlns:q="http://schemas.microsoft.com/office/infopath/2009/WSSList/queryFields" xmlns:dfs="http://schemas.microsoft.com/office/infopath/2003/dataFormSolution" xmlns:dms="http://schemas.microsoft.com/office/2009/documentManagement/types" xmlns:xd="http://schemas.microsoft.com/office/infopath/2003" xmlns:xhtml="http://www.w3.org/1999/xhtml">
    <my:Title>Complementary and alternative medicine: herbs, phytochemicals and vitamins and their immunologic effects</my:Title>
    <my:URL>http://www.ncbi.nlm.nih.gov/pubmed/19203652?ordinalpos=3&itool=EntrezSystem2.PEntrez.Pubmed.Pubmed_ResultsPanel.Pubmed_DefaultReportPanel.Pubmed_RVDocSum</my:URL>
    <my:Publisher>Elsevier</my:Publisher>
    <my:AdditionalContributors />
    <my:GeographicalAreas />
    <my:PublicationType>Learning Material%2fcourseware</my:PublicationType>
    <my:Description>
      <html xmlns="http://www.w3.org/1999/xhtml" xml:space="preserve">
        <p>Note: This review has been published in the Continuing Medical Education series <em>Clinical reviews in allergy and immunology</em> of the <em><a href="http://www.sciencedirect.com/science/journal/00916749">Journal of Allergy and Clinical Immunology</a></em>. It has been selected as relevant educational material for the <a href="http://www.library.nhs.uk/cam/viewResource.aspx?resid=313286&amp;code=0bfa1995ec0f0bb8db0e60553daf2bbb">2009 Anual Evidence Update on CAM for Asthma</a>.</p><br /><p><strong>Citation</strong></p>
<p>Mainardi T, Kapoor S, Bielory L. Complementary and alternative medicine: herbs, phytochemicals and vitamins and their immunologic effects. <em>Journal of Allergy and Clinical Immunology</em>. 2009 Feb;123(2):283-94; quiz 295-6.</p>
<p><strong>Abstract</strong></p>
<p>Complementary and alternative medicines (CAMs) are used in more than 80% of the world's population and are becoming an increasing component of the US health care system, with more than 70% of the population using CAM at least once and annual spending reaching as much as $34 billion. Since the inception of the National Center for Complementary and Alternative Medicine, there has been an enormous increase in the number of basic science and therapy-based clinical trials exploring CAM. The subspecialty of allergy and immunology represents a particularly fertile area with a large number of CAM therapies that have been shown to affect the immune system. Recent work has uncovered potential biochemical mechanisms involved in the immunomodulatory pathway of many supplemental vitamins (A, D, and E) that appear to affect the differentiation of CD4(+) cell T(H)1 and T(H)2 subsets. Other research has shown that herbs such as resveratrol, quercetin, and magnolol may affect transcription factors such as nuclear factor-kappaB and the signal transducer and activator of transcription/Janus kinase pathways with resultant changes in cytokines and inflammatory mediators. Clinically, there have been hundreds of trials looking at the effect of CAM on asthma, allergic rhinitis, and atopic dermatitis. This article reviews the history of CAM and its use among patients, paying special attention to new research focusing on herbals, phytochemicals, and vitamins and their potential interaction with the immune system.</p>
       </html>
    </my:Description>
    <my:ResourceType>CARDEX</my:ResourceType>
    <my:Attachment xsi:nil="true" />
    <my:HasAttachment>false</my:HasAttachment>
    <my:Speciality>Complementary and Alternative Medicine</my:Speciality>
    <my:Keywords>COMPLEMENTARY AND ALTERNATIVE MEDICINE,CAM GENERAL,ALLERGIES,ASTHMA,CONDITIONS A-Z,HERBAL MEDICINE,DIETARY AND NUTRITIONAL THERAPIES,CONDITIONS A-B,APRIL 2009,USE OF CAM,EDUCATION/CPD</my:Keywords>
    <my:PublicationDate>2009-02-01T00:00:00</my:PublicationDate>
  </my:myFields>