<?mso-infoPathSolution name="urn:schemas-microsoft-com:office:infopath:ResourceForm:-myXSD-2010-08-09T08-39-43" solutionVersion="1.0.0.68" productVersion="14.0.0.0" PIVersion="1.0.0.0" href="http://localhost:8081/FormServerTemplates/ARMSResourceForm.xsn"?>
  <?mso-application progid="InfoPath.Document" versionProgid="InfoPath.Document.3"?>
  <?mso-infoPath-file-attachment-present ?>
  <my:myFields xmlns:my="http://schemas.microsoft.com/office/infopath/2003/myXSD/2010-08-09T08:39:43" xmlns:xsi="http://www.w3.org/2001/XMLSchema-instance" xmlns:pc="http://schemas.microsoft.com/office/infopath/2007/PartnerControls" xmlns:ma="http://schemas.microsoft.com/office/2009/metadata/properties/metaAttributes" xmlns:d="http://schemas.microsoft.com/office/infopath/2009/WSSList/dataFields" xmlns:q="http://schemas.microsoft.com/office/infopath/2009/WSSList/queryFields" xmlns:dfs="http://schemas.microsoft.com/office/infopath/2003/dataFormSolution" xmlns:dms="http://schemas.microsoft.com/office/2009/documentManagement/types" xmlns:xd="http://schemas.microsoft.com/office/infopath/2003" xmlns:xhtml="http://www.w3.org/1999/xhtml">
    <my:Title>Complementary and alternative medicine education: Need for expanded educational resources for American Academy of Allergy, Asthma & Immunology members</my:Title>
    <my:URL>http://www.ncbi.nlm.nih.gov/pubmed/19203668?ordinalpos=14&itool=EntrezSystem2.PEntrez.Pubmed.Pubmed_ResultsPanel.Pubmed_DefaultReportPanel.Pubmed_RVDocSum</my:URL>
    <my:Publisher>Elsevier</my:Publisher>
    <my:AdditionalContributors />
    <my:GeographicalAreas />
    <my:PublicationType>Learning Material%2fcourseware</my:PublicationType>
    <my:Description>
      <html xmlns="http://www.w3.org/1999/xhtml" xml:space="preserve">
        <p>Note: This review has been selected as relevant educational material for the <a href="http://www.library.nhs.uk/cam/viewResource.aspx?resid=313286&amp;code=0bfa1995ec0f0bb8db0e60553daf2bbb">2009 Anual Evidence Update on CAM for Asthma</a> even though some of the aspects discussed will be more important in the context of the US health care provision.</p><br /><p>This review focuses on considerations for approaching a CAM-related consulation incorparating legal and logistic factors affecting how such an encounter should be approached. A 10-step process is presented that addresses different components of CAM consultations and what should be documented.</p>
<p><strong><br />Citation</strong></p>
<p>Engler RJ, Silvers WS, Bielory L. Complementary and alternative medicine education: Need for expanded educational resources for American Academy of Allergy, Asthma &amp; Immunology members. <em>Journal of Allergy and Clinical Immunology</em>. 2009, 123(2):511-2. </p>
       </html>
    </my:Description>
    <my:ResourceType>CARDEX</my:ResourceType>
    <my:Attachment xsi:nil="true" />
    <my:HasAttachment>false</my:HasAttachment>
    <my:Speciality>Complementary and Alternative Medicine</my:Speciality>
    <my:Keywords>COMPLEMENTARY AND ALTERNATIVE MEDICINE,CAM GENERAL,ALLERGIES,ASTHMA,CONDITIONS A-Z,CONDITIONS A-B,APRIL 2009,EDUCATION/CPD,REGULATION,USE OF CAM</my:Keywords>
    <my:PublicationDate>2009-02-01T00:00:00</my:PublicationDate>
  </my:myFields>