<?mso-infoPathSolution name="urn:schemas-microsoft-com:office:infopath:ResourceForm:-myXSD-2010-08-09T08-39-43" solutionVersion="1.0.0.68" productVersion="14.0.0.0" PIVersion="1.0.0.0" href="http://localhost:8081/FormServerTemplates/ARMSResourceForm.xsn"?>
  <?mso-application progid="InfoPath.Document" versionProgid="InfoPath.Document.3"?>
  <?mso-infoPath-file-attachment-present ?>
  <my:myFields xmlns:my="http://schemas.microsoft.com/office/infopath/2003/myXSD/2010-08-09T08:39:43" xmlns:xsi="http://www.w3.org/2001/XMLSchema-instance" xmlns:pc="http://schemas.microsoft.com/office/infopath/2007/PartnerControls" xmlns:ma="http://schemas.microsoft.com/office/2009/metadata/properties/metaAttributes" xmlns:d="http://schemas.microsoft.com/office/infopath/2009/WSSList/dataFields" xmlns:q="http://schemas.microsoft.com/office/infopath/2009/WSSList/queryFields" xmlns:dfs="http://schemas.microsoft.com/office/infopath/2003/dataFormSolution" xmlns:dms="http://schemas.microsoft.com/office/2009/documentManagement/types" xmlns:xd="http://schemas.microsoft.com/office/infopath/2003" xmlns:xhtml="http://www.w3.org/1999/xhtml">
    <my:Title>Efficacy and mechanisms of action of traditional Chinese medicines for treating asthma and allergy</my:Title>
    <my:URL>http://www.ncbi.nlm.nih.gov/pubmed/19203653?ordinalpos=1&itool=EntrezSystem2.PEntrez.Pubmed.Pubmed_ResultsPanel.Pubmed_DefaultReportPanel.Pubmed_RVDocSum</my:URL>
    <my:Publisher>Elsevier</my:Publisher>
    <my:AdditionalContributors />
    <my:GeographicalAreas />
    <my:PublicationType>Learning Material%2fcourseware</my:PublicationType>
    <my:Description>
      <html xmlns="http://www.w3.org/1999/xhtml" xml:space="preserve">
        <p>Note: This review has been published in the Continuing Medical Education series <em>Clinical reviews in allergy and immunology</em> of the <em><a href="http://www.sciencedirect.com/science/journal/00916749">Journal of Allergy and Clinical Immunology</a></em>. It has been selected as relevant educational material for the 2009 Anual Evidence Update on CAM for Asthma.</p><br /><p><strong>Citation</strong></p>
<p>Li XM, Brown L. Efficacy and mechanisms of action of traditional Chinese medicines for treating asthma and allergy. <em>Journal of Allergy and Clinical Immunology</em>. 2009 Feb;123(2):297-306; quiz 307-8.</p>
<p><strong>Aims</strong></p>
<p>This review article discusses promising traditional Chinese medicine (TCM) interventions for asthma and explores their possible mechanisms of action. </p>
<p><strong>Conclusion</strong></p>
<p>Evidence from clinical studies supports beneficial effects of TCM herbal therapy on asthma. A number of mechanisms may be responsible for efficacy of these agents. Strong preclinical study data suggest the potential efficacy of food allergy herbal formula-2 for food allergy.</p>
       </html>
    </my:Description>
    <my:ResourceType>CARDEX</my:ResourceType>
    <my:Attachment xsi:nil="true" />
    <my:HasAttachment>false</my:HasAttachment>
    <my:Speciality>Complementary and Alternative Medicine</my:Speciality>
    <my:Keywords>COMPLEMENTARY AND ALTERNATIVE MEDICINE,CONDITIONS A-B,TRADITIONAL CHINESE MEDICINE (TCM),HERBAL MEDICINE,OTHER THERAPIES OR MEDICAL SYSTEMS,CONDITIONS A-Z,ASTHMA,ALLERGIES,CAM GENERAL,EDUCATION/CPD,APRIL 2009</my:Keywords>
    <my:PublicationDate>2009-02-01T00:00:00</my:PublicationDate>
  </my:myFields>