<?mso-infoPathSolution name="urn:schemas-microsoft-com:office:infopath:ResourceForm:-myXSD-2010-08-09T08-39-43" solutionVersion="1.0.0.68" productVersion="14.0.0.0" PIVersion="1.0.0.0" href="http://localhost:8081/FormServerTemplates/ARMSResourceForm.xsn"?>
  <?mso-application progid="InfoPath.Document" versionProgid="InfoPath.Document.3"?>
  <?mso-infoPath-file-attachment-present ?>
  <my:myFields xmlns:my="http://schemas.microsoft.com/office/infopath/2003/myXSD/2010-08-09T08:39:43" xmlns:xsi="http://www.w3.org/2001/XMLSchema-instance" xmlns:pc="http://schemas.microsoft.com/office/infopath/2007/PartnerControls" xmlns:ma="http://schemas.microsoft.com/office/2009/metadata/properties/metaAttributes" xmlns:d="http://schemas.microsoft.com/office/infopath/2009/WSSList/dataFields" xmlns:q="http://schemas.microsoft.com/office/infopath/2009/WSSList/queryFields" xmlns:dfs="http://schemas.microsoft.com/office/infopath/2003/dataFormSolution" xmlns:dms="http://schemas.microsoft.com/office/2009/documentManagement/types" xmlns:xd="http://schemas.microsoft.com/office/infopath/2003" xmlns:xhtml="http://www.w3.org/1999/xhtml">
    <my:Title>Vitamin C for preventing complex regional pain syndrome (type I) after wrist fractures in adults (Cochrane protocol)</my:Title>
    <my:URL>http://www.mrw.interscience.wiley.com/cochrane/clsysrev/articles/CD007817/frame.html</my:URL>
    <my:Publisher>John Wiley & Sons, Ltd</my:Publisher>
    <my:AdditionalContributors />
    <my:GeographicalAreas />
    <my:PublicationType>Systematic Review</my:PublicationType>
    <my:Description>
      <html xmlns="http://www.w3.org/1999/xhtml" xml:space="preserve">
        <i>
<p>This is the protocol for a Cochrane systematic review. This record will be updated when the review has been completed.</p></i>
<p><strong>Citation</strong></p>
<p>Ingram M, O'Neill TW, Herrick AL. Vitamin C for preventing complex regional pain syndrome (type I) after wrist fractures in adults (Protocol). <i>Cochrane Database of Systematic Reviews</i> 2009, Issue 2. Art. No.: CD007817. DOI: 10.1002/14651858.CD007817.</p>
<p><strong><strong>Authors'</strong> objectives</strong></p>
<p>The objective of this systematic review is to evaluate the effectiveness of vitamin C for preventing complex regional pain syndrome (type I) in adults with wrist fracture. If data permit we will also look at outcome based on the severity of the underlying fracture, and definitive treatment (primarily, whether there was surgical intervention).</p>
       </html>
    </my:Description>
    <my:ResourceType>CARDEX</my:ResourceType>
    <my:Attachment xsi:nil="true" />
    <my:HasAttachment>false</my:HasAttachment>
    <my:Speciality>Complementary and Alternative Medicine</my:Speciality>
    <my:Keywords>COMPLEMENTARY AND ALTERNATIVE MEDICINE,DIETARY AND NUTRITIONAL THERAPIES,CONDITIONS A-Z,PAIN,CONDITIONS F-H,CONDITIONS T-Z,CONDITIONS P-R,CAM GENERAL,WOUNDS AND INJURIES,MAY 2009,FRACTURES,VITAMINS,VITAMIN C,NUTRITIONAL SUPPLEMENTS,RESEARCH</my:Keywords>
    <my:PublicationDate>2009-04-15T00:00:00</my:PublicationDate>
  </my:myFields>