<?mso-infoPathSolution name="urn:schemas-microsoft-com:office:infopath:ResourceForm:-myXSD-2010-08-09T08-39-43" solutionVersion="1.0.0.68" productVersion="14.0.0.0" PIVersion="1.0.0.0" href="http://localhost:8081/FormServerTemplates/ARMSResourceForm.xsn"?>
  <?mso-application progid="InfoPath.Document" versionProgid="InfoPath.Document.3"?>
  <?mso-infoPath-file-attachment-present ?>
  <my:myFields xmlns:my="http://schemas.microsoft.com/office/infopath/2003/myXSD/2010-08-09T08:39:43" xmlns:xsi="http://www.w3.org/2001/XMLSchema-instance" xmlns:pc="http://schemas.microsoft.com/office/infopath/2007/PartnerControls" xmlns:ma="http://schemas.microsoft.com/office/2009/metadata/properties/metaAttributes" xmlns:d="http://schemas.microsoft.com/office/infopath/2009/WSSList/dataFields" xmlns:q="http://schemas.microsoft.com/office/infopath/2009/WSSList/queryFields" xmlns:dfs="http://schemas.microsoft.com/office/infopath/2003/dataFormSolution" xmlns:dms="http://schemas.microsoft.com/office/2009/documentManagement/types" xmlns:xd="http://schemas.microsoft.com/office/infopath/2003" xmlns:xhtml="http://www.w3.org/1999/xhtml">
    <my:Title>Probiotics for the treatment of allergic rhinitis and asthma: systematic review of randomized controlled trials</my:Title>
    <my:URL>http://www.ncbi.nlm.nih.gov/pubmed/19119700</my:URL>
    <my:Publisher>American College of Allergy, Asthma, and Immunology</my:Publisher>
    <my:AdditionalContributors />
    <my:GeographicalAreas />
    <my:PublicationType>Systematic Review</my:PublicationType>
    <my:Description>
      <html xmlns="http://www.w3.org/1999/xhtml" xml:space="preserve">
        <p><em>This <em>study has met our selection criteria <em>but has not been fully appraised by the CAM SL</em>. Where there is an appraisal available we have linked to it. If there is no appraisal and you wish to appraise this systematic review here is a </em><a href="http://www.phru.nhs.uk/Pages/PHD/resources.htm"><em>link to a list of appraisal tools</em></a><em>.</em></em></p>
<p><strong>Citation</strong></p>
<p>Vliagoftis H, Kouranos VD, Betsi GI, Falagas ME. Probiotics for the treatment of allergic rhinitis and asthma: Systematic review of randomized controlled trials. <em>Annals of Allergy, Asthma and Immunology</em>. 2008, 101:570-579. </p>
<p><strong>Authors' objectives</strong></p>
<p>To evaluate the clinical evidence for the use of probiotics as a therapeutic modality for allergic rhinitis (AR) and asthma.  </p>
<p><strong>Authors' conclusions</strong></p>
<p>Probiotics may have a beneficial effect in AR by reducing symptom severity and medication use. Many more good-quality studies are needed to resolve this issue.<br /></p>
<p><strong>Access</strong></p>
<p>NHS staff: for full text access to this resource contact your <a href="http://www.library.nhs.uk/mylibrary/default.aspx">local NHS library</a>. </p>
       </html>
    </my:Description>
    <my:ResourceType>CARDEX</my:ResourceType>
    <my:Attachment xsi:nil="true" />
    <my:HasAttachment>false</my:HasAttachment>
    <my:Speciality>Complementary and Alternative Medicine</my:Speciality>
    <my:Keywords>COMPLEMENTARY AND ALTERNATIVE MEDICINE,CONDITIONS,ENT AND AUDIOLOGY,NOSE & SINUS DISORDERS,RHINITIS,RHINOSINUSITIS,HAYFEVER,ALLERGIES,THERAPEUTIC INTERVENTIONS,NON-DRUG TREATMENTS,DIETARY SUPPLEMENTS,CONDITIONS P-R,CONDITIONS A-B,ASTHMA,CONDITIONS A-Z,DIETARY AND NUTRITIONAL THERAPIES,FOOD AND BEVERAGES,PROBIOTICS,MAY 2009,RHINITIS</my:Keywords>
    <my:PublicationDate>2008-12-01T00:00:00</my:PublicationDate>
  </my:myFields>