<?mso-infoPathSolution name="urn:schemas-microsoft-com:office:infopath:ResourceForm:-myXSD-2010-08-09T08-39-43" solutionVersion="1.0.0.68" productVersion="14.0.0.0" PIVersion="1.0.0.0" href="http://localhost:8081/FormServerTemplates/ARMSResourceForm.xsn"?>
  <?mso-application progid="InfoPath.Document" versionProgid="InfoPath.Document.3"?>
  <?mso-infoPath-file-attachment-present ?>
  <my:myFields xmlns:my="http://schemas.microsoft.com/office/infopath/2003/myXSD/2010-08-09T08:39:43" xmlns:xsi="http://www.w3.org/2001/XMLSchema-instance" xmlns:pc="http://schemas.microsoft.com/office/infopath/2007/PartnerControls" xmlns:ma="http://schemas.microsoft.com/office/2009/metadata/properties/metaAttributes" xmlns:d="http://schemas.microsoft.com/office/infopath/2009/WSSList/dataFields" xmlns:q="http://schemas.microsoft.com/office/infopath/2009/WSSList/queryFields" xmlns:dfs="http://schemas.microsoft.com/office/infopath/2003/dataFormSolution" xmlns:dms="http://schemas.microsoft.com/office/2009/documentManagement/types" xmlns:xd="http://schemas.microsoft.com/office/infopath/2003" xmlns:xhtml="http://www.w3.org/1999/xhtml">
    <my:Title>Pediatric acupuncture: a review of clinical research</my:Title>
    <my:URL>http://ecam.oxfordjournals.org/cgi/reprint/nem181v1</my:URL>
    <my:Publisher>Oxford University Press</my:Publisher>
    <my:AdditionalContributors />
    <my:GeographicalAreas />
    <my:PublicationType>Systematic Review</my:PublicationType>
    <my:Description>
      <html xmlns="http://www.w3.org/1999/xhtml" xml:space="preserve">
        <p><em>This <em>study has met our selection criteria <em>but has not been fully appraised by the CAM SL</em>. Where there is an appraisal available we have linked to it. If there is no appraisal and you wish to appraise this systematic review here is a </em><a href="http://www.phru.nhs.uk/Pages/PHD/resources.htm"><em>link to a list of appraisal tools</em></a><em>.</em></em></p>
<p><strong>Citation</strong></p>
<p>Gold JI, Nicolaou CD, Belmont KA, Katz AR, Benaron DM, Yu W. Pediatric acupuncture: a review of clinical research. <em>Evidence-based Complementary and Alternative Medicine</em>. 2008 Jan 10.</p>
<p><strong>Authors' objectives</strong></p>
<p>To present a review of the current literature, including a systematic appraisal of the methodological value of each study and a discussion of potential benefits and adverse effects of acupuncture. </p>
<p><strong>Authors' conclusions</strong></p>
<p>While acupuncture holds great promise as a treatment modality for diverse pediatric conditions, a significant amount of additional research is necessary to establish an empirical basis for the incorporation of acupuncture into standard care.</p>
       </html>
    </my:Description>
    <my:ResourceType>CARDEX</my:ResourceType>
    <my:Attachment xsi:nil="true" />
    <my:HasAttachment>false</my:HasAttachment>
    <my:Speciality>Complementary and Alternative Medicine</my:Speciality>
    <my:Keywords>COMPLEMENTARY AND ALTERNATIVE MEDICINE,ACUPUNCTURE,CONDITIONS A-Z,PAIN,CONDITIONS C,CANCER,MIGRAINE,EPILEPSY,VOMITING,CONDITIONS P-R,CONDITIONS T-Z,ENURESIS,CONSTIPATION,CONDITIONS D-E,CONDITIONS M-O,CONDITIONS S,STRESS,MAY 2009,NERVOUS SYSTEM DISEASES</my:Keywords>
    <my:PublicationDate>2008-01-10T00:00:00</my:PublicationDate>
  </my:myFields>