<?mso-infoPathSolution name="urn:schemas-microsoft-com:office:infopath:ResourceForm:-myXSD-2010-08-09T08-39-43" solutionVersion="1.0.0.68" productVersion="14.0.0.0" PIVersion="1.0.0.0" href="http://localhost:8081/FormServerTemplates/ARMSResourceForm.xsn"?>
  <?mso-application progid="InfoPath.Document" versionProgid="InfoPath.Document.3"?>
  <?mso-infoPath-file-attachment-present ?>
  <my:myFields xmlns:my="http://schemas.microsoft.com/office/infopath/2003/myXSD/2010-08-09T08:39:43" xmlns:xsi="http://www.w3.org/2001/XMLSchema-instance" xmlns:pc="http://schemas.microsoft.com/office/infopath/2007/PartnerControls" xmlns:ma="http://schemas.microsoft.com/office/2009/metadata/properties/metaAttributes" xmlns:d="http://schemas.microsoft.com/office/infopath/2009/WSSList/dataFields" xmlns:q="http://schemas.microsoft.com/office/infopath/2009/WSSList/queryFields" xmlns:dfs="http://schemas.microsoft.com/office/infopath/2003/dataFormSolution" xmlns:dms="http://schemas.microsoft.com/office/2009/documentManagement/types" xmlns:xd="http://schemas.microsoft.com/office/infopath/2003" xmlns:xhtml="http://www.w3.org/1999/xhtml">
    <my:Title>Safety and efficacy of acupuncture in children: a review of the evidence</my:Title>
    <my:URL>http://www.pubmedcentral.nih.gov/articlerender.fcgi?tool=pubmed&pubmedid=18525459</my:URL>
    <my:Publisher>Lippincott Williams & Wilkins</my:Publisher>
    <my:AdditionalContributors />
    <my:GeographicalAreas />
    <my:PublicationType>Systematic Review</my:PublicationType>
    <my:Description>
      <html xmlns="http://www.w3.org/1999/xhtml" xml:space="preserve">
        <p><em>This <em>study has met our selection criteria <em>but has not been fully appraised by the CAM SL</em>. Where there is an appraisal available we have linked to it. If there is no appraisal and you wish to appraise this systematic review here is a </em><a href="http://www.phru.nhs.uk/Pages/PHD/resources.htm"><em>link to a list of appraisal tools</em></a><em>.</em></em></p>
<p><strong>Citation</strong></p>
<p>Jindal V, Ge A, Mansky PJ. Safety and efficacy of acupuncture in children: a review of the evidence. <em>Journal of Pediatric Hematololy/Oncology</em>. 2008, 30(6):431-42. </p>
<p><strong>Authors' objectives</strong></p>
<p>To conduct a review of randomized controlled clinical trials and meta-analyses/systematic reviews.  </p>
<p><strong>Authors' conclusions</strong></p>
<p>The following conditions were covered in this review: postoperative and chemotherapy-induced nausea/vomiting; pain; seasonal allergic rhinitis; asthma; gastrointestinal disorders; addiction. </p>
<p>The authors found evidence of some efficacy and low risk associated with acupuncture in pediatrics. </p>
       </html>
    </my:Description>
    <my:ResourceType>CARDEX</my:ResourceType>
    <my:Attachment xsi:nil="true" />
    <my:HasAttachment>false</my:HasAttachment>
    <my:Speciality>Complementary and Alternative Medicine</my:Speciality>
    <my:Keywords>ACUPUNCTURE,COMPLEMENTARY AND ALTERNATIVE MEDICINE,CAM GENERAL,CONDITIONS M-O,CONDITIONS T-Z,VOMITING,NAUSEA,CONDITIONS A-Z,MAY 2009,SAFETY</my:Keywords>
    <my:PublicationDate>2008-06-01T00:00:00</my:PublicationDate>
  </my:myFields>