<?mso-infoPathSolution name="urn:schemas-microsoft-com:office:infopath:ResourceForm:-myXSD-2010-08-09T08-39-43" solutionVersion="1.0.0.68" productVersion="14.0.0.0" PIVersion="1.0.0.0" href="http://localhost:8081/FormServerTemplates/ARMSResourceForm.xsn"?>
  <?mso-application progid="InfoPath.Document" versionProgid="InfoPath.Document.3"?>
  <?mso-infoPath-file-attachment-present ?>
  <my:myFields xmlns:my="http://schemas.microsoft.com/office/infopath/2003/myXSD/2010-08-09T08:39:43" xmlns:xsi="http://www.w3.org/2001/XMLSchema-instance" xmlns:pc="http://schemas.microsoft.com/office/infopath/2007/PartnerControls" xmlns:ma="http://schemas.microsoft.com/office/2009/metadata/properties/metaAttributes" xmlns:d="http://schemas.microsoft.com/office/infopath/2009/WSSList/dataFields" xmlns:q="http://schemas.microsoft.com/office/infopath/2009/WSSList/queryFields" xmlns:dfs="http://schemas.microsoft.com/office/infopath/2003/dataFormSolution" xmlns:dms="http://schemas.microsoft.com/office/2009/documentManagement/types" xmlns:xd="http://schemas.microsoft.com/office/infopath/2003" xmlns:xhtml="http://www.w3.org/1999/xhtml">
    <my:Title>The use of complementary therapy by men with prostate cancer in the UK</my:Title>
    <my:URL>http://www.ncbi.nlm.nih.gov/pubmed/18637112</my:URL>
    <my:Publisher>John Wiley & Sons, Ltd</my:Publisher>
    <my:AdditionalContributors />
    <my:GeographicalAreas />
    <my:PublicationType>Report</my:PublicationType>
    <my:Description>
      <html xmlns="http://www.w3.org/1999/xhtml" xml:space="preserve">
        <p><strong>Citation:</strong></p>
<p>Wilkinson S, Farrelly S, Low J, Chakraborty A, Williams R, Wilkinson S. The use of complementary therapy by men with prostate cancer in the UK. Eur J Cancer Care (Engl). 2008 Sep;17(5):492-9. <br /></p>
<p><strong>Objectives:</strong></p>
<p>The study aims were to determine the use of complementary therapies (CT) by men with prostate cancer, and to explore factors influencing CT use and attitudes toward CT use. </p>
<p><strong>Conclusions:</strong></p>
<p>Clinicians need to be aware of the prevalence of complementary the use amongst patients with prostate cancer, considering the potential harm that could be caused by interactions with conventional treatments.</p>
       </html>
    </my:Description>
    <my:ResourceType>CARDEX</my:ResourceType>
    <my:Attachment xsi:nil="true" />
    <my:HasAttachment>false</my:HasAttachment>
    <my:Speciality>Complementary and Alternative Medicine</my:Speciality>
    <my:Keywords>COMPLEMENTARY AND ALTERNATIVE MEDICINE,CAM GENERAL,CONDITIONS C,CANCER,CONDITIONS A-Z,USE OF CAM,MAY 2009</my:Keywords>
    <my:PublicationDate>2008-09-01T00:00:00</my:PublicationDate>
  </my:myFields>