<?mso-infoPathSolution name="urn:schemas-microsoft-com:office:infopath:ResourceForm:-myXSD-2010-08-09T08-39-43" solutionVersion="1.0.0.68" productVersion="14.0.0.0" PIVersion="1.0.0.0" href="http://localhost:8081/FormServerTemplates/ARMSResourceForm.xsn"?>
  <?mso-application progid="InfoPath.Document" versionProgid="InfoPath.Document.3"?>
  <?mso-infoPath-file-attachment-present ?>
  <my:myFields xmlns:my="http://schemas.microsoft.com/office/infopath/2003/myXSD/2010-08-09T08:39:43" xmlns:xsi="http://www.w3.org/2001/XMLSchema-instance" xmlns:pc="http://schemas.microsoft.com/office/infopath/2007/PartnerControls" xmlns:ma="http://schemas.microsoft.com/office/2009/metadata/properties/metaAttributes" xmlns:d="http://schemas.microsoft.com/office/infopath/2009/WSSList/dataFields" xmlns:q="http://schemas.microsoft.com/office/infopath/2009/WSSList/queryFields" xmlns:dfs="http://schemas.microsoft.com/office/infopath/2003/dataFormSolution" xmlns:dms="http://schemas.microsoft.com/office/2009/documentManagement/types" xmlns:xd="http://schemas.microsoft.com/office/infopath/2003" xmlns:xhtml="http://www.w3.org/1999/xhtml">
    <my:Title>The effects of stimulation of acupressure point P6 on postoperative nausea and vomiting: a review of literature</my:Title>
    <my:URL>http://www.jopan.org/article/S1089-9472(08)00195-0/abstract</my:URL>
    <my:Publisher>Elsevier</my:Publisher>
    <my:AdditionalContributors />
    <my:GeographicalAreas />
    <my:PublicationType>Systematic Review</my:PublicationType>
    <my:Description>
      <html xmlns="http://www.w3.org/1999/xhtml" xml:space="preserve">
        <p><em>This <em>study has met our selection criteria <em>but has not been fully appraised by the CAM SL</em>. Where there is an appraisal available we have linked to it. If there is no appraisal and you wish to appraise this systematic review here is a </em><a href="http://www.phru.nhs.uk/Pages/PHD/resources.htm"><em>link to a list of appraisal tools</em></a><em>.</em></em></p>
<p><strong>Citation</strong></p>
<p>Nunley C, Wakim J, Guinn C. The effects of stimulation of acupressure point P6 on postoperative nausea and vomiting: a review of literature. <em>Journal of PeriAnesthesia Nursing.</em> 2008, 23(4):247-62. </p>
<p><strong>Authors' objectives</strong></p>
<p>This study aims to review research on both pharmacologic and nonpharmacologic prophylaxis and various methods of acupressure. </p>
<p><strong>Authors' conclusions</strong></p>
<p>The study is divided into six categories: pathophysiology of PONV, background studies of PONV, nonpharmacologic prophylaxis, pharmacological prophylaxis, acupressure and related techniques, and benefits of routine antiemetic prophylaxis.<br /></p>
<p><strong>Access</strong></p>
<p>NHS staff: for full text access to this resource contact your <a href="http://www.library.nhs.uk/mylibrary/default.aspx">local NHS library</a>.  </p>
       </html>
    </my:Description>
    <my:ResourceType>CARDEX</my:ResourceType>
    <my:Attachment xsi:nil="true" />
    <my:HasAttachment>false</my:HasAttachment>
    <my:Speciality>Complementary and Alternative Medicine</my:Speciality>
    <my:Keywords>ACUPRESSURE,COMPLEMENTARY AND ALTERNATIVE MEDICINE,CONDITIONS A-Z,OTHER THERAPIES OR MEDICAL SYSTEMS,CONDITIONS T-Z,CONDITIONS M-O,NAUSEA,VOMITING,JUNE 2009</my:Keywords>
    <my:PublicationDate>2008-08-01T00:00:00</my:PublicationDate>
  </my:myFields>