<?mso-infoPathSolution name="urn:schemas-microsoft-com:office:infopath:ResourceForm:-myXSD-2010-08-09T08-39-43" solutionVersion="1.0.0.68" productVersion="14.0.0.0" PIVersion="1.0.0.0" href="http://localhost:8081/FormServerTemplates/ARMSResourceForm.xsn"?>
  <?mso-application progid="InfoPath.Document" versionProgid="InfoPath.Document.3"?>
  <?mso-infoPath-file-attachment-present ?>
  <my:myFields xmlns:my="http://schemas.microsoft.com/office/infopath/2003/myXSD/2010-08-09T08:39:43" xmlns:xsi="http://www.w3.org/2001/XMLSchema-instance" xmlns:pc="http://schemas.microsoft.com/office/infopath/2007/PartnerControls" xmlns:ma="http://schemas.microsoft.com/office/2009/metadata/properties/metaAttributes" xmlns:d="http://schemas.microsoft.com/office/infopath/2009/WSSList/dataFields" xmlns:q="http://schemas.microsoft.com/office/infopath/2009/WSSList/queryFields" xmlns:dfs="http://schemas.microsoft.com/office/infopath/2003/dataFormSolution" xmlns:dms="http://schemas.microsoft.com/office/2009/documentManagement/types" xmlns:xd="http://schemas.microsoft.com/office/infopath/2003" xmlns:xhtml="http://www.w3.org/1999/xhtml">
    <my:Title>Acupuncture in dermatology - Current state of clinical research</my:Title>
    <my:URL>http://www.sciencedirect.com/science?_ob=PublicationURL&_cdi=43727&_pubType=J&_acct=C000059419&_version=1&_urlVersion=0&_userid=3010452&md5=2cdd857dfcdb7ccefde1206efa5ea6b2&jchunk=51#51</my:URL>
    <my:Publisher>Elsevier</my:Publisher>
    <my:AdditionalContributors />
    <my:GeographicalAreas />
    <my:PublicationType>Systematic Review</my:PublicationType>
    <my:Description>
      <html xmlns="http://www.w3.org/1999/xhtml" xml:space="preserve">
        <p><em>This <em>study has met our selection criteria <em>but has not been fully appraised by the CAM SL</em>. Where there is an appraisal available we have linked to it. If there is no appraisal and you wish to appraise this systematic review here is a </em><a href="http://www.phru.nhs.uk/Pages/PHD/resources.htm"><em>link to a list of appraisal tools</em></a><em>.</em></em></p>
<p><strong>Citation</strong></p>
<p>Pfab F, Behrendt H, Darsow U, Ring J. Acupuncture in dermatology - Current state of clinical research. <em>Deutsche Zeitschrift fur Akupunktur</em>. 2008, 51(4):30-2. [Article in German] </p>
<p><strong>Authors' objectives</strong></p>
<p>To review the current state of clinical research regarding the evidence of acupuncture in the treatment of selected dermatological diseases and symptoms. </p>
<p><strong>Authors' conclusions</strong></p>
<p>Due to the limited number of studies so far no recommendation can be given regarding the effectiveness of acupuncture as a means to treat dermatological diseases.</p>
<p>However, using acupuncture to treat such symptoms as nausea, vomiting, postoperative pain and itch has shown beneficial effects. Further studies should be carried out addressing the many open questions.<br /></p>
<p><strong>Access</strong></p>
<p>NHS staff: for full text access to this resource contact your <a href="http://www.library.nhs.uk/mylibrary/default.aspx">local NHS library</a>. </p>
       </html>
    </my:Description>
    <my:ResourceType>CARDEX</my:ResourceType>
    <my:Attachment xsi:nil="true" />
    <my:HasAttachment>false</my:HasAttachment>
    <my:Speciality>Complementary and Alternative Medicine</my:Speciality>
    <my:Keywords>COMPLEMENTARY AND ALTERNATIVE MEDICINE,ACUPUNCTURE,CONDITIONS A-Z,CONDITIONS S,SKIN DISEASES,JUNE 2009</my:Keywords>
    <my:PublicationDate>2008-12-30T00:00:00</my:PublicationDate>
  </my:myFields>