<?mso-infoPathSolution name="urn:schemas-microsoft-com:office:infopath:ResourceForm:-myXSD-2010-08-09T08-39-43" solutionVersion="1.0.0.68" productVersion="14.0.0.0" PIVersion="1.0.0.0" href="http://localhost:8081/FormServerTemplates/ARMSResourceForm.xsn"?>
  <?mso-application progid="InfoPath.Document" versionProgid="InfoPath.Document.3"?>
  <?mso-infoPath-file-attachment-present ?>
  <my:myFields xmlns:my="http://schemas.microsoft.com/office/infopath/2003/myXSD/2010-08-09T08:39:43" xmlns:xsi="http://www.w3.org/2001/XMLSchema-instance" xmlns:pc="http://schemas.microsoft.com/office/infopath/2007/PartnerControls" xmlns:ma="http://schemas.microsoft.com/office/2009/metadata/properties/metaAttributes" xmlns:d="http://schemas.microsoft.com/office/infopath/2009/WSSList/dataFields" xmlns:q="http://schemas.microsoft.com/office/infopath/2009/WSSList/queryFields" xmlns:dfs="http://schemas.microsoft.com/office/infopath/2003/dataFormSolution" xmlns:dms="http://schemas.microsoft.com/office/2009/documentManagement/types" xmlns:xd="http://schemas.microsoft.com/office/infopath/2003" xmlns:xhtml="http://www.w3.org/1999/xhtml">
    <my:Title>Acupuncture versus western medicine for depression in China: A systematic review</my:Title>
    <my:URL>http://www.crd.york.ac.uk/CRDWeb/ShowRecord.asp?ID=12008103385</my:URL>
    <my:Publisher>Chinese Journal of Evidence-Based Medicine</my:Publisher>
    <my:AdditionalContributors />
    <my:GeographicalAreas />
    <my:PublicationType>Systematic Review</my:PublicationType>
    <my:Description>
      <html xmlns="http://www.w3.org/1999/xhtml" xml:space="preserve">
        <p><em>This review has been evaluated by a CRD reviewer as potentially meeting the <a href="http://www.york.ac.uk/inst/crd/darefaq.htm">CRD quality criteria</a> and a structured abstract is in the process of being written. This provisional record is for information, please note that the review has not been appraised yet. </em></p>
<p><strong>Citation</strong></p>
<p>Sun Y-L, Chen S-B, Gao Y, Xiong J. Acupuncture versus western medicine for depression in China: A systematic review. <em>Chinese Journal of Evidence-Based Medicine.</em> 2008, 8(5):340-5. </p>
<p><strong>Authors' objectives</strong></p>
<p>To assess the efficacy of acupuncture versus western medicine in the treatment of depression in China. </p>
<p><strong>Authors' conclusions</strong></p>
<p>Acupuncture is not inferior to western medicine, and it is worth noting that acupuncture is associated with few adverse reactions. Further large-scale trials are required to define the role of acupuncture in the treatment of depression.</p>
       </html>
    </my:Description>
    <my:ResourceType>CARDEX</my:ResourceType>
    <my:Attachment xsi:nil="true" />
    <my:HasAttachment>false</my:HasAttachment>
    <my:Speciality>Complementary and Alternative Medicine</my:Speciality>
    <my:Keywords>COMPLEMENTARY AND ALTERNATIVE MEDICINE,ACUPUNCTURE,CONDITIONS D-E,CONDITIONS A-Z,DEPRESSION,JUNE 2009</my:Keywords>
    <my:PublicationDate>2008-05-01T00:00:00</my:PublicationDate>
  </my:myFields>