<?mso-infoPathSolution name="urn:schemas-microsoft-com:office:infopath:ResourceForm:-myXSD-2010-08-09T08-39-43" solutionVersion="1.0.0.68" productVersion="14.0.0.0" PIVersion="1.0.0.0" href="http://localhost:8081/FormServerTemplates/ARMSResourceForm.xsn"?>
  <?mso-application progid="InfoPath.Document" versionProgid="InfoPath.Document.3"?>
  <?mso-infoPath-file-attachment-present ?>
  <my:myFields xmlns:my="http://schemas.microsoft.com/office/infopath/2003/myXSD/2010-08-09T08:39:43" xmlns:xsi="http://www.w3.org/2001/XMLSchema-instance" xmlns:pc="http://schemas.microsoft.com/office/infopath/2007/PartnerControls" xmlns:ma="http://schemas.microsoft.com/office/2009/metadata/properties/metaAttributes" xmlns:d="http://schemas.microsoft.com/office/infopath/2009/WSSList/dataFields" xmlns:q="http://schemas.microsoft.com/office/infopath/2009/WSSList/queryFields" xmlns:dfs="http://schemas.microsoft.com/office/infopath/2003/dataFormSolution" xmlns:dms="http://schemas.microsoft.com/office/2009/documentManagement/types" xmlns:xd="http://schemas.microsoft.com/office/infopath/2003" xmlns:xhtml="http://www.w3.org/1999/xhtml">
    <my:Title>Evidence based acupuncture practice recommendations for peripheral facial paralysis</my:Title>
    <my:URL>http://www.ncbi.nlm.nih.gov/pubmed/19222110?dopt=Citation</my:URL>
    <my:Publisher>World Scientific Pub.</my:Publisher>
    <my:AdditionalContributors />
    <my:GeographicalAreas />
    <my:PublicationType>Systematic Review</my:PublicationType>
    <my:Description>
      <html xmlns="http://www.w3.org/1999/xhtml" xml:space="preserve">
        <p><em>This <em>study has met our selection criteria <em>but has not been fully appraised by the CAM SL</em>. Where there is an appraisal available we have linked to it. If there is no appraisal and you wish to appraise this systematic review here is a </em><a href="http://www.phru.nhs.uk/Pages/PHD/resources.htm"><em>link to a list of appraisal tools</em></a><em>.</em></em></p>
<p><strong>Citation</strong></p>
<p>Zheng H, Li Y, Chen M. Evidence based acupuncture practice recommendations for peripheral facial paralysis. <em>American Journal of Chinese Medicine</em>. 2009, 37(1):35-43. </p>
<p><strong>Authors' objectives</strong></p>
<p>The objective is to analyze the treatment used in relatively high quality randomized controlled trials to identify any similarities of therapeutic approaches and subsequently present recommendations for a standard acupuncture procedure for the treatment of peripheral facial paralysis (PFP).  </p>
<p><strong>Authors' conclusions</strong></p>
<p>Manual stimulation or electro-acupuncture combined with moxibustion is recommended. Moreover, the suggested duration of acupuncture treatment refers to once a day, 10 times for each course, 2 to 5 days as courses interval, and 20 to 40 treatments in total.<br /></p>
<p><strong>Access</strong></p>
<p>NHS staff: for full text access to this resource contact your <a href="http://www.library.nhs.uk/mylibrary/default.aspx">local NHS library</a>. </p>
       </html>
    </my:Description>
    <my:ResourceType>CARDEX</my:ResourceType>
    <my:Attachment xsi:nil="true" />
    <my:HasAttachment>false</my:HasAttachment>
    <my:Speciality>Complementary and Alternative Medicine</my:Speciality>
    <my:Keywords>COMPLEMENTARY AND ALTERNATIVE MEDICINE,ACUPUNCTURE,CONDITIONS M-O,CONDITIONS A-Z,JUNE 2009,NERVOUS SYSTEM DISEASES</my:Keywords>
    <my:PublicationDate>2009-01-01T00:00:00</my:PublicationDate>
  </my:myFields>