<?mso-infoPathSolution name="urn:schemas-microsoft-com:office:infopath:ResourceForm:-myXSD-2010-08-09T08-39-43" solutionVersion="1.0.0.68" productVersion="14.0.0.0" PIVersion="1.0.0.0" href="http://localhost:8081/FormServerTemplates/ARMSResourceForm.xsn"?>
  <?mso-application progid="InfoPath.Document" versionProgid="InfoPath.Document.3"?>
  <?mso-infoPath-file-attachment-present ?>
  <my:myFields xmlns:my="http://schemas.microsoft.com/office/infopath/2003/myXSD/2010-08-09T08:39:43" xmlns:xsi="http://www.w3.org/2001/XMLSchema-instance" xmlns:pc="http://schemas.microsoft.com/office/infopath/2007/PartnerControls" xmlns:ma="http://schemas.microsoft.com/office/2009/metadata/properties/metaAttributes" xmlns:d="http://schemas.microsoft.com/office/infopath/2009/WSSList/dataFields" xmlns:q="http://schemas.microsoft.com/office/infopath/2009/WSSList/queryFields" xmlns:dfs="http://schemas.microsoft.com/office/infopath/2003/dataFormSolution" xmlns:dms="http://schemas.microsoft.com/office/2009/documentManagement/types" xmlns:xd="http://schemas.microsoft.com/office/infopath/2003" xmlns:xhtml="http://www.w3.org/1999/xhtml">
    <my:Title>2009 Annual Evidence Update on Homeopathy - Results</my:Title>
    <my:URL>http://www.library.nhs.uk//cam/ViewResource.aspx?resID=317090</my:URL>
    <my:Publisher>NHS Evidence - complementary and alternative medicine</my:Publisher>
    <my:AdditionalContributors />
    <my:GeographicalAreas />
    <my:PublicationType>Annual Evidence Update</my:PublicationType>
    <my:Description>
      <html xmlns="http://www.w3.org/1999/xhtml" xml:space="preserve">
        111-12009 Annual Evidence Update on Homeopathy - Results<p>The following relevant studies on this topic have been published between May 2008 and May 2009. </p>
<p><em>These studies have met our <a href="http://www.library.nhs.uk/cam/viewResource.aspx?resid=311545&amp;code=35f065d75bc2229f67fe2299ac6e8c02">selection criteria</a> but have not been fully appraised. Where there is an appraisal available we have linked to it. If there is no appraisal and you wish to appraise the selected studies here is a </em><a href="http://www.phru.nhs.uk/Pages/PHD/resources.htm"><em>link to a list of appraisal tools.</em></a></p><br /><p><strong>Systematic reviews and meta-analyses</strong></p>
<ol><li>Kassab S, Cummings M, Berkovitz S, van Haselen R, Fisher P. Homeopathic medicines for adverse effects of cancer treatments. <i>Cochrane Database of Systematic Reviews</i> 2009, Issue 2. Art. No.: CD004845. DOI: 10.1002/14651858.CD004845.pub2. [<a href="http://mrw.interscience.wiley.com/cochrane/clsysrev/articles/CD004845/frame.html">Full text</a>] </li>
<li>Fritts M, Crawford CC, Quibell D, Gupta A, Jonas WB, Coulter I, et al. Traditional Indian medicine and homeopathy for HIV/AIDS: a review of the literature. <em>AIDS Research and Therapy</em>. 2008, 5:25.  [<a href="http://www.pubmedcentral.nih.gov/articlerender.fcgi?tool=pubmed&amp;pubmedid=19102742">Full text</a>] </li>
<li>Ludtke R, Rutten AL. The conclusions on the effectiveness of homeopathy highly depend on the set of analyzed trials. <em>Journal of Clinical Epidemiology</em>. 2008, 61(12):1197-204. [<a href="http://www.ncbi.nlm.nih.gov/pubmed/18834714">PubMed abstract</a>]</li>
<li>Rutten AL, Stolper CF. The 2005 meta-analysis of homeopathy: the importance of post-publication data. <em>Homeopathy</em>. 2008, 97(4):169-77. [<a href="http://www.ncbi.nlm.nih.gov/pubmed/19371564">PubMed abstract</a>]<br /></li></ol><p><strong>Randomised controlled trials (RCTs)</strong></p>
<ol><li>Ferrara P, Marrone G, Emmanuele V, Nicoletti A, Mastrangelo A, Tiberi E, Ruggiero A, Fasano A, Paolini Paoletti F. Homotoxicological remedies versus desmopressin versus placebo in the treatment of enuresis: a randomised, double-blind, controlled trial. <em>Pediatric Nephrology</em>. 2008, 23(2):269-74. [<a href="http://www.ncbi.nlm.nih.gov/pubmed/17310359">PubMed abstract</a>]</li>
<li>Mousavi F, Sherafati S, Mojaver YN. Ignatia in the treatment of oral lichen planus. <em>Homeopathy</em>. 2009, 98(1):40-4. [<a href="http://www.ncbi.nlm.nih.gov/pubmed/19135958">PubMed abstract</a>]</li>
<li>Paris A, Gonnet N, Chaussard C, Belon P, Rocourt F, Saragaglia D, et al. Effect of homeopathy on analgesic intake following knee ligament reconstruction: a phase III monocentre randomized placebo controlled study. <em>British Journal of Clinical Pharmacology</em>. 2008, 65(2):180-7. [<a href="http://www.pubmedcentral.nih.gov/articlerender.fcgi?tool=pubmed&amp;pubmedid=18251757">Full text</a>]</li>
<li>Relton C, Smith C, Raw J, Walters C, Adebajo AO, Thomas KJ, Young TA. Healthcare provided by a homeopath as an adjunct to usual care for Fibromyalgia (FMS): results of a pilot randomised controlled trial. <em>Homeopathy</em>. 2009, 98(2):77-82. [<a href="http://www.ncbi.nlm.nih.gov/pubmed/19358959">PubMed abstract</a>]</li>
<li>Thompson EA, Shaw A, Montgomery A, Davies E, Sharpe D. A pilot randomised controlled trial of individualised homeopathy in children with severe asthma (Abstract). <em>Complementary Therapies in Medicine</em>. 2008, 16:233-4. </li></ol><p><strong>Other publications of interest</strong></p>
<ol><li>Chanda P, Furnham A. Does homoeopathy work? Part II: A review of recent scientific papers. <em>Focus on Alternative and Complementary Therapies.</em> 2008, 13(3):157-67. [<a href="http://www.medicinescomplete.com/journals/fact/current/fact1303a05t02.htm">Full text</a>] </li>
<li>Heine H. Are homeopathic preparations of Rhus toxicodendron L. (Toxicodendron quercifolium Greene) suitable for adjuvant tumor therapy? A systematic review. <em>Schweizerische Zeitschrift Fur Ganzheitsmedizin</em>. 2008, 20(1):35-40. [<a href="http://www.ganzheitsmedizin.ch/im_abstracts/2008_vol20/1_35_40.html">Abstract</a>] </li></ol><p><br /><a>Link to 2009 Annual Evidence Update on Homeopathy</a></p>
       </html>
    </my:Description>
    <my:ResourceType>Article</my:ResourceType>
    <my:Attachment xsi:nil="true" />
    <my:HasAttachment>false</my:HasAttachment>
    <my:Speciality>Complementary and Alternative Medicine</my:Speciality>
    <my:Keywords>HOMEOPATHY,COMPLEMENTARY AND ALTERNATIVE MEDICINE,JUNE 2009</my:Keywords>
    <my:PublicationDate>2009-06-15T00:00:00</my:PublicationDate>
  </my:myFields>